"","baseMean","log2FoldChange","lfcSE","stat","pvalue","padj"
"LPCHMCBP_00036",14186.2355672615,4.31116011599208,0.0709124962482021,60.7954922486795,0,0
"LPCHMCBP_00047",8441.3539053595,-2.3546940756179,0.0562822593895974,-41.8372343462302,0,0
"LPCHMCBP_00048",4433.98458107941,-3.07723320435334,0.0651570890317113,-47.2279110390534,0,0
"LPCHMCBP_00049",7780.78283477327,-2.48751009680347,0.0556266426844132,-44.7179620549072,0,0
"LPCHMCBP_00050",4429.83499879257,-2.56364371576183,0.0612812533908751,-41.8340613794228,0,0
"LPCHMCBP_00051",6678.41145581244,-2.40498755414027,0.0582128734424,-41.3136719066091,0,0
"LPCHMCBP_00054",9844.73897806751,-2.96041419267982,0.0574357378189562,-51.5430689166277,0,0
"LPCHMCBP_00055",6679.02247075271,-3.68824784133444,0.0643744717866343,-57.293640459823,0,0
"LPCHMCBP_00056",14016.7359357963,-4.86095729997183,0.0743879434452828,-65.3460369360443,0,0
"LPCHMCBP_00057",13825.2349725469,-4.85671738049309,0.0715691230511404,-67.8605126546357,0,0
"LPCHMCBP_00058",27109.2885869083,-5.20611007423685,0.0617735529113216,-84.2773295185146,0,0
"LPCHMCBP_00059",8014.13921396568,-5.34647714548597,0.0955540756304561,-55.9523715781924,0,0
"LPCHMCBP_00060",10101.1291147567,-5.22285656339168,0.0893786140288922,-58.435193028428,0,0
"LPCHMCBP_00061",19385.2915432832,-5.23997178777773,0.0764625290075361,-68.5299303566232,0,0
"LPCHMCBP_00062",17911.6681700395,-5.48473035722751,0.0693750534622589,-79.0591153952953,0,0
"LPCHMCBP_00063",16598.1716178044,-5.63419970938102,0.0751827574931997,-74.9400513793424,0,0
"LPCHMCBP_00064",11760.9042582099,-5.69627287275377,0.0858720915432366,-66.3343907244381,0,0
"LPCHMCBP_00065",18276.7106094776,-4.46889257906462,0.0702907612799185,-63.5772397067684,0,0
"LPCHMCBP_00066",9999.81716108515,-4.46158749278387,0.069061570656987,-64.603041175295,0,0
"LPCHMCBP_00075",22418.5186737905,4.36533918529611,0.075629933604217,57.7197278545899,0,0
"LPCHMCBP_00102",11331.3268820775,-2.25351658664908,0.0545973126406569,-41.2752290846446,0,0
"LPCHMCBP_00121",11780.3477754803,-2.00698017081036,0.0530424516133382,-37.8372437503563,0,0
"LPCHMCBP_00158",946.479875874898,4.55140655371371,0.117902365412453,38.6031827079272,0,0
"LPCHMCBP_00194",2796.23929465986,4.59948800615468,0.0840425179855973,54.7281080624324,0,0
"LPCHMCBP_00195",1368.56552228406,4.52283611078998,0.101645430506437,44.4962069446254,0,0
"LPCHMCBP_00205",3236.30797519584,5.20366840002383,0.0862554921110228,60.3285457269896,0,0
"LPCHMCBP_00207",1332.55106949222,5.46191639091873,0.126449654511945,43.1943955244479,0,0
"LPCHMCBP_00208",1811.8167110438,3.89985513389406,0.0890355596330807,43.8010964379348,0,0
"LPCHMCBP_00248",49821.6858378185,-3.08647950518239,0.0498229875035987,-61.9489047090853,0,0
"LPCHMCBP_00249",108896.313386575,-2.87113973642861,0.0743552663483465,-38.6138047435353,0,0
"LPCHMCBP_00250",25615.2055633713,-2.54493739238369,0.0575008535282228,-44.2591237560426,0,0
"LPCHMCBP_00251",30180.985939144,-2.61512231402532,0.0561052397122248,-46.6110175705301,0,0
"LPCHMCBP_00309",4762.04038478374,-2.41957366196991,0.0618681356856471,-39.1085594410634,0,0
"LPCHMCBP_00310",4062.1487495666,-3.48311170438014,0.0704737606544515,-49.4242349497796,0,0
"LPCHMCBP_00318",2524.22329727114,2.87108270141167,0.0735895001483479,39.0148417318217,0,0
"LPCHMCBP_00381",21506.8715429424,-4.37518803502849,0.0625518737282542,-69.9449556704846,0,0
"LPCHMCBP_00382",15974.3363908709,-4.15290841664635,0.067245176555974,-61.7577145208254,0,0
"LPCHMCBP_00385",24438.8835822334,2.45235515390553,0.0517400918988052,47.3975801724883,0,0
"LPCHMCBP_00441",162984.598034965,2.00935465541261,0.0494808797902332,40.6087091403986,0,0
"LPCHMCBP_00586",18457.3133074495,-2.99879509839373,0.064191897777629,-46.7160997293154,0,0
"LPCHMCBP_00587",29172.3001202321,-4.00881401922991,0.0604020607950202,-66.3688285873918,0,0
"LPCHMCBP_00702",34674.6859118169,-2.30587459359732,0.0519775016912206,-44.3629362429861,0,0
"LPCHMCBP_00706",6270.16606391379,-2.58106093924967,0.0675353944782997,-38.2178998018441,0,0
"LPCHMCBP_00711",15509.2670313343,-2.60725130843553,0.0568027241099158,-45.9001104135496,0,0
"LPCHMCBP_00712",15778.9718197952,-2.44194311922097,0.0618614432252275,-39.4743961974868,0,0
"LPCHMCBP_00716",32026.3631469616,-2.55877837357363,0.060375907387914,-42.3807853873488,0,0
"LPCHMCBP_00717",17768.7071785127,-2.58660299421575,0.0546094256778743,-47.3655044364209,0,0
"LPCHMCBP_00718",37060.5679931273,-2.53216094460536,0.0636122440776737,-39.8061879645917,0,0
"LPCHMCBP_00719",20690.3039018599,-2.60458307474388,0.0571477506940597,-45.5763007836916,0,0
"LPCHMCBP_00720",12600.6376734286,-2.75245947334692,0.0685581365633834,-40.1478163106463,0,0
"LPCHMCBP_00722",25699.2401460744,-2.32979524593358,0.0526566341848841,-44.2450468397463,0,0
"LPCHMCBP_00723",24106.0655030683,-2.6197486588231,0.0581734312863568,-45.0334216307008,0,0
"LPCHMCBP_00724",33496.1415912984,-2.48047255805015,0.0592680604186888,-41.851758612097,0,0
"LPCHMCBP_00725",7114.51909966646,-2.61415481893397,0.0576481740681419,-45.3467063127438,0,0
"LPCHMCBP_00726",25934.2458539995,-2.76296534662931,0.0728459001293226,-37.9289066608312,0,0
"LPCHMCBP_00727",83541.7423339523,-2.7169566585943,0.0566953115651232,-47.9220694549577,0,0
"LPCHMCBP_00728",25892.3784035217,-2.94500211922631,0.0543532492970573,-54.1826322678699,0,0
"LPCHMCBP_00731",16105.7287362302,-2.33812872648777,0.0540877851083527,-43.2284058554784,0,0
"LPCHMCBP_00732",12927.071382224,-2.542410683301,0.0601339940790214,-42.2790922545415,0,0
"LPCHMCBP_00734",56297.9853419042,-2.27184453431592,0.0581775465043544,-39.0501949776428,0,0
"LPCHMCBP_00759",31956.907322472,2.14373601502947,0.0528665721928552,40.5499340341039,0,0
"LPCHMCBP_00766",2516.08053503073,5.94735028516574,0.109714233068174,54.2076457980634,0,0
"LPCHMCBP_00767",4833.76033578684,5.82958112485139,0.095506497904369,61.0385811726504,0,0
"LPCHMCBP_00768",3055.44810926378,5.54024873261941,0.101510961675993,54.5778371236698,0,0
"LPCHMCBP_00769",9922.7722396604,5.9630778232206,0.0845390258695562,70.5363914699187,0,0
"LPCHMCBP_00780",9616.3397039304,-2.27222645236481,0.059708322194702,-38.0554396580654,0,0
"LPCHMCBP_00787",15400.141089005,5.92478454297561,0.0713259363839937,83.0663408480004,0,0
"LPCHMCBP_00806",8102.68297863948,2.54678185432031,0.0575201974716861,44.2763058241228,0,0
"LPCHMCBP_00862",53462.3220533396,5.09748280903483,0.0629214532762787,81.0134309303465,0,0
"LPCHMCBP_00885",12417.4956502847,-2.25943782274238,0.0602026512348305,-37.5305368849797,0,0
"LPCHMCBP_00989",5133.59137517684,-4.76850763202177,0.0722265937463056,-66.0214940880509,0,0
"LPCHMCBP_00990",1780.25237157459,-4.11202559442399,0.0902766356520383,-45.5491674531754,0,0
"LPCHMCBP_01007",1572.70850225889,-3.37898590451214,0.0838208133303143,-40.312015241328,0,0
"LPCHMCBP_01035",2738.96723820593,-2.73585889777473,0.0677812872198749,-40.3630413346962,0,0
"LPCHMCBP_01046",1456.70351654288,3.53231060162581,0.0896119978058911,39.4178311845827,0,0
"LPCHMCBP_01054",3732.08982312362,3.53030099844135,0.075898071532841,46.5137114440885,0,0
"LPCHMCBP_01055",2762.07919995579,3.21648507574707,0.0757321799190046,42.4718406255715,0,0
"LPCHMCBP_01090",5681.74158340819,3.17953565795159,0.0837735442025161,37.9539350784218,0,0
"LPCHMCBP_01091",1981.76533202126,4.21911030606166,0.0957862820488205,44.0471246593667,0,0
"LPCHMCBP_01092",1520.07265216334,4.34474721342348,0.103730051033974,41.8851352150638,0,0
"LPCHMCBP_01132",1445.86707109948,4.83864271412201,0.10744015494497,45.0357011919829,0,0
"LPCHMCBP_01133",1836.67355026691,4.96629934221521,0.104773284886111,47.4004355939931,0,0
"LPCHMCBP_01171",8152.61550194704,-2.60942442475613,0.0616783075505109,-42.3070043324254,0,0
"LPCHMCBP_01190",1841.40021694576,-4.89199975307747,0.106513267523335,-45.9285483097748,0,0
"LPCHMCBP_01191",2606.13272006072,-4.16328421561409,0.0787832472353427,-52.8447907608765,0,0
"LPCHMCBP_01192",3279.18600631809,-3.70484702092076,0.0734005296444806,-50.4743908370332,0,0
"LPCHMCBP_01210",1470.44569568884,4.14540111414086,0.0966414638997614,42.8946432189868,0,0
"LPCHMCBP_01260",2589.35670722376,5.03883863634945,0.100042680147804,50.3668897005262,0,0
"LPCHMCBP_01277",4273.3157657443,-2.31165220190849,0.0613223530691601,-37.6967302494309,0,0
"LPCHMCBP_01321",2651.97663415562,-2.93723751967631,0.075645441351708,-38.8290089553425,0,0
"LPCHMCBP_01323",37311.7470686028,-2.42447520151632,0.0597615961046845,-40.5691172851101,0,0
"LPCHMCBP_01360",7905.50314403404,-2.19036600736828,0.0549862774854693,-39.8347752845628,0,0
"LPCHMCBP_01368",1657.401226865,5.49076344461702,0.130602152374969,42.041906237905,0,0
"LPCHMCBP_01384",1141.31164068483,4.31486382905033,0.105093541154517,41.0573645311492,0,0
"LPCHMCBP_01519",2495.23925896376,3.46552694438662,0.07593672874841,45.6370323229019,0,0
"LPCHMCBP_01521",73642.5491117057,7.32842646073398,0.0828276025515598,88.4780705341805,0,0
"LPCHMCBP_01522",3012.49231370491,6.42348117808318,0.118846076433591,54.048744147414,0,0
"LPCHMCBP_01523",6825.23414055124,6.99345233551405,0.100417162025903,69.6439950544514,0,0
"LPCHMCBP_01524",6003.11017813704,6.38546699862932,0.0926217974735784,68.9412986230467,0,0
"LPCHMCBP_01525",12083.8788541207,6.03132937148164,0.072408997449211,83.295302848408,0,0
"LPCHMCBP_01526",10496.3446712832,5.88841239185973,0.077150536761283,76.323673678117,0,0
"LPCHMCBP_01527",14610.0565051502,5.80497759630676,0.0709123331969752,81.861325591729,0,0
"LPCHMCBP_01536",9897.92861219614,5.66519068375716,0.0883610042032429,64.1141500692592,0,0
"LPCHMCBP_01539",93306.0035835689,3.89763921801261,0.066644753125826,58.4838120812575,0,0
"LPCHMCBP_01583",6320.53453910237,2.48638447648957,0.0629930403823711,39.4707806036521,0,0
"LPCHMCBP_01593",6876.12700760818,2.68686458477509,0.0615809576038392,43.6314193433,0,0
"LPCHMCBP_01758",23610.6691849226,2.46093523327717,0.0591584951464405,41.599016796918,0,0
"LPCHMCBP_01811",1545.39357996426,-3.25899604417111,0.0823073203002923,-39.5954580015592,0,0
"LPCHMCBP_01980",1760.1934632098,4.45232373999152,0.110914029635264,40.1421150654503,0,0
"LPCHMCBP_02080",3913.67999298656,3.83320843578577,0.0673180715044933,56.9417446180096,0,0
"LPCHMCBP_02103",64768.8837381477,3.1034011163208,0.0537120481728338,57.7784914538118,0,0
"LPCHMCBP_02108",28437.5014905771,-2.76964170397346,0.0598971550073286,-46.2399541953968,0,0
"LPCHMCBP_02128",3456.42160028233,2.61305548393128,0.0669052999998705,39.0560311953812,0,0
"LPCHMCBP_02129",2678.04343935986,3.14383006735909,0.0735225509884356,42.760078711817,0,0
"LPCHMCBP_02170",25673.8146893452,-2.10197959220281,0.0502805234189532,-41.8050459556367,0,0
"LPCHMCBP_02174",2907.13675759759,2.99837032588404,0.0727836496601037,41.1956578144445,0,0
"LPCHMCBP_02177",5471.53619479992,-5.4052741246314,0.0841873992251496,-64.2052631911768,0,0
"LPCHMCBP_02178",8870.58555013814,-6.02117257047037,0.10126821103294,-59.4576768864992,0,0
"LPCHMCBP_02179",8190.24388376456,-5.49097294461059,0.0715098242621131,-76.7862737920304,0,0
"LPCHMCBP_02253",5019.67427519751,4.66911549614283,0.073789143518543,63.276456040847,0,0
"LPCHMCBP_02293",1242.04873658422,5.01104257440352,0.120517045008935,41.5795340321528,0,0
"LPCHMCBP_02294",939.63993331093,4.36945017333582,0.114645176280924,38.1128130731728,0,0
"LPCHMCBP_02295",3770.30985139262,7.36712527904924,0.135449725743148,54.39010849693,0,0
"LPCHMCBP_02296",2399.53285078281,7.0321802127188,0.149896708114891,46.913506648384,0,0
"LPCHMCBP_02298",3544.60837486275,6.98897006366007,0.132144270457519,52.8889375185348,0,0
"LPCHMCBP_02300",3077.55212030889,3.5966587859546,0.0878920779880444,40.921307907225,0,0
"LPCHMCBP_02301",15551.9779856032,4.28970034901372,0.0756156417879934,56.7303304922139,0,0
"LPCHMCBP_02302",1576.65183426749,3.58513754157612,0.0876748571897455,40.891284645234,0,0
"LPCHMCBP_02307",7504.38181208718,3.17729107026289,0.0763944105206944,41.5906222537341,0,0
"LPCHMCBP_02309",6314.47305533428,3.15547253066715,0.0704429234442747,44.7947412796312,0,0
"LPCHMCBP_02316",2791.2885860909,-3.01722976468146,0.0721844968539853,-41.7988611984747,0,0
"LPCHMCBP_02329",9487.54964140544,-4.57339990238295,0.0704766148703296,-64.8924456828351,0,0
"LPCHMCBP_02330",2944.38801512266,-4.94221461454396,0.0955782667229692,-51.7085607847318,0,0
"LPCHMCBP_02357",1892.47205578217,-3.07087467414543,0.0776130226168788,-39.5664873059279,0,0
"LPCHMCBP_02358",2954.57128306841,-3.19251562723477,0.0703512448951959,-45.3796607578266,0,0
"LPCHMCBP_02367",3783.87018787437,-2.49000606883681,0.0654814589840377,-38.0261238443662,0,0
"LPCHMCBP_02377",11611.0306045898,5.62057272922365,0.0752559823369225,74.686058897753,0,0
"LPCHMCBP_02393",2341.72835300356,4.80964273727014,0.10473916090839,45.9201954221965,0,0
"LPCHMCBP_02410",4830.86657486882,3.06492110154809,0.0606798717481612,50.5096832483165,0,0
"LPCHMCBP_02432",12607.7944244127,3.67281294851869,0.0648539652187707,56.6320491912755,0,0
"LPCHMCBP_02438",14029.0506346736,-2.08698879311474,0.0518563776428468,-40.2455568240529,0,0
"LPCHMCBP_02469",2028.53686708426,3.5223475338799,0.081643930099297,43.1427973836628,0,0
"LPCHMCBP_02477",16777.2591658445,2.8656162140152,0.0543088300226424,52.765198823478,0,0
"LPCHMCBP_02482",4360.69656818834,-3.25621653497973,0.0688525736542897,-47.2925899811568,0,0
"LPCHMCBP_02483",6966.02684397804,-3.64116109390931,0.0741687107434056,-49.0929538536309,0,0
"LPCHMCBP_02496",3374.05726032145,-2.82959248190908,0.0667467157412047,-42.392984441065,0,0
"LPCHMCBP_02511",14235.9803777009,7.74913915967334,0.09908978537102,78.2032086421257,0,0
"LPCHMCBP_02563",32730.4945492764,5.82757857474642,0.0838941057661452,69.4635042775328,0,0
"LPCHMCBP_02566",7745.39519767218,8.09217854815927,0.211680528702019,38.2282612282709,0,0
"LPCHMCBP_02574",28353.1954823165,3.74583788967822,0.0590467828261668,63.4384755678548,0,0
"LPCHMCBP_02575",9697.62423379985,3.48645103974761,0.0586243104659919,59.4710796943207,0,0
"LPCHMCBP_02576",3110.48113377774,5.65941936619934,0.102885975235431,55.0067135316457,0,0
"LPCHMCBP_02641",6834.03658132066,-2.31244388245143,0.05965682338899,-38.7624374059146,0,0
"LPCHMCBP_02645",1715.05948470378,5.11617009056179,0.104760781125503,48.836692850091,0,0
"LPCHMCBP_02646",4262.58347877718,4.93970939974207,0.0798645609325403,61.8510806553425,0,0
"LPCHMCBP_02695",21276.3243073283,2.91711579859739,0.0724956590508675,40.2384892666546,0,0
"LPCHMCBP_02855",2404.29534991876,-4.41776890958863,0.092698008847276,-47.6576462054012,0,0
"LPCHMCBP_02856",4544.02094883578,-2.83311620611203,0.0628874435857157,-45.0505863265134,0,0
"LPCHMCBP_02949",1642.26386846722,4.07288225096064,0.0940551268613901,43.3031392000872,0,0
"LPCHMCBP_02950",5948.639851826,4.49848294675717,0.0760413033249872,59.1584145728203,0,0
"LPCHMCBP_02951",19418.139325409,5.37872171186158,0.067887550383617,79.2298688267237,0,0
"LPCHMCBP_02964",8946.88220806067,3.09447783155324,0.0609359329369351,50.782480589176,0,0
"LPCHMCBP_03082",88763.8606176564,2.69961740805889,0.062761293221779,43.0140500534187,0,0
"LPCHMCBP_03083",20195.2588275315,2.72634734808621,0.0549481311536337,49.6167438427234,0,0
"LPCHMCBP_01261",914.101916269261,4.74847434715382,0.126590674003457,37.5104594752703,6.22020582438296e-308,1.13132349569535e-306
"LPCHMCBP_00884",6995.21701863209,-2.08708658159246,0.0556558582503574,-37.4998544125236,9.26116547364444e-308,1.67426250520524e-306
"LPCHMCBP_01049",1030.51608474972,3.66558638111275,0.0978381002656899,37.4658376558667,3.31744829833796e-307,5.96147445707318e-306
"LPCHMCBP_00202",1001.19207257133,4.91659144756471,0.131696684292519,37.3326896874958,4.84146228645655e-305,8.64835019146197e-304
"LPCHMCBP_00955",2390.45283130626,-2.6901282044853,0.0720907790641424,-37.3158431550833,9.08343091020081e-305,1.61298083795933e-303
"LPCHMCBP_02515",1072.72033143888,3.47858267823687,0.0933298702662046,37.2719116432382,4.68056857370665e-304,8.26258017040803e-303
"LPCHMCBP_02006",4060.32936024411,3.36329318914301,0.0903443603303256,37.2274835622923,2.4521325559284e-303,4.30342093587201e-302
"LPCHMCBP_02571",3635.674573098,9.38203763104272,0.252069976983104,37.2199725779782,3.24380299010172e-303,5.65968184493911e-302
"LPCHMCBP_02028",3325.20397688873,2.3451697681283,0.0631652263307928,37.127544764057,1.00999790374288e-301,1.75202526539444e-300
"LPCHMCBP_02698",6862.65613319303,2.39876705920956,0.0646319845712304,37.1142411164227,1.65557669390291e-301,2.85539405655324e-300
"LPCHMCBP_00721",19550.5995926237,-2.7108508604737,0.0731043543127494,-37.0819342562872,5.4933689680289e-301,9.42034301317413e-300
"LPCHMCBP_02109",33617.5102768793,-2.15627854502137,0.0584404848963392,-36.8969995517003,5.16246906286531e-298,8.80259639639704e-297
"LPCHMCBP_02368",2266.0366985589,-2.69670496774795,0.0732859704289581,-36.7970151990016,2.06076748710154e-296,3.49399052474109e-295
"LPCHMCBP_00665",6427.94251538851,-2.03258588576524,0.0552672761932437,-36.7773848426734,4.24506511210812e-296,7.15698898957105e-295
"LPCHMCBP_00710",32034.2690737177,-2.19937828546345,0.0598435288586433,-36.7521489359127,1.07427895619175e-295,1.80106768018517e-294
"LPCHMCBP_02124",2422.97276235893,2.58935947073558,0.0706302479460203,36.6607727713843,3.08220702388795e-294,5.13872404371541e-293
"LPCHMCBP_01278",118405.519370543,-2.2268076930884,0.0607989383301291,-36.6257660783017,1.11268322690404e-293,1.84484108504919e-292
"LPCHMCBP_01200",3011.57452358315,2.53341337434557,0.0691958761794888,36.6122016834369,1.82916329431102e-293,3.01610936605899e-292
"LPCHMCBP_02229",6955.39947368722,2.54482522287349,0.0695761987161725,36.576088803799,6.86450539278944e-293,1.12570386250061e-291
"LPCHMCBP_00839",17284.4496872456,-1.89953216125576,0.0520188173382847,-36.51625043497,6.1243765708459e-292,9.98872504842856e-291
"LPCHMCBP_00283",16023.7731926298,2.20753989023783,0.0605899391562541,36.4340998023591,1.22852511141196e-290,1.99286695099854e-289
"LPCHMCBP_00703",34741.304620472,-2.0106072726113,0.0551928714163262,-36.428749239101,1.49315247686804e-290,2.4091132167102e-289
"LPCHMCBP_02347",4129.6117508211,-2.34108523704201,0.0648413449068748,-36.1048223229218,1.90535922741707e-285,3.05774494196718e-284
"LPCHMCBP_00824",6295.13749668581,2.20950724919713,0.0614161880295047,35.9759750659821,1.98729910880497e-283,3.17227905612963e-282
"LPCHMCBP_00196",864.333124631965,4.43703707748928,0.123569703970997,35.9071595617862,2.36183808527033e-282,3.7501989914795e-281
"LPCHMCBP_00225",2203.3122897753,-2.65359917693165,0.0740988701187236,-35.8116010767772,7.28766952291711e-281,1.15106822306707e-279
"LPCHMCBP_00744",775.979889120509,4.99322599944703,0.139898918067196,35.6916698744496,5.32333291714548e-279,8.36404297610136e-278
"LPCHMCBP_00206",2836.388510268,2.35485181480733,0.0660392823066332,35.6583495846199,1.74918278623084e-278,2.73400913618684e-277
"LPCHMCBP_01557",9794.42807755327,2.87895224887488,0.0809917530621619,35.546239462989,9.49803739370502e-277,1.47687099577766e-275
"LPCHMCBP_01848",6698.52846204999,2.72308935424809,0.0767565198363673,35.4769778522174,1.11343911907224e-275,1.72238700842051e-274
"LPCHMCBP_01785",1943.53560141342,-2.66868760178661,0.0753693722175916,-35.408117691124,1.28067562886746e-274,1.97092695499038e-273
"LPCHMCBP_01006",918.731621737144,-4.18978992302817,0.118801997923618,-35.2669988405578,1.88325239416141e-272,2.8834900177951e-271
"LPCHMCBP_03014",4337.05076655978,2.61517168285513,0.0744005371503785,35.1499032536464,1.16637980963177e-270,1.77680497903805e-269
"LPCHMCBP_02299",9950.84061100051,7.28073134678533,0.207748239118883,35.045935299692,4.49666482582841e-269,6.81539956682376e-268
"LPCHMCBP_02175",770.798106785737,5.04244664625556,0.144187225228611,34.97152149409,6.09827359179101e-268,9.19644173314814e-267
"LPCHMCBP_02409",1656.28881722924,2.59597879295927,0.0750092592819541,34.6087778736914,1.86415815500215e-262,2.79716931158073e-261
"LPCHMCBP_01324",13088.2644908053,-2.15369812976402,0.0622943863735376,-34.5729086542363,6.45329813591599e-262,9.6349988586487e-261
"LPCHMCBP_02508",2935.05362885606,2.63058426410414,0.0761202144453738,34.5582876148087,1.07016571256363e-261,1.58988480366508e-260
"LPCHMCBP_02187",2983.13977637019,-2.32139195357285,0.0672218971621714,-34.5332704308024,2.54155115300633e-261,3.75723892126699e-260
"LPCHMCBP_02138",3985.78364536633,-2.15676850923668,0.0624924049719278,-34.5124901210878,5.21099935383159e-261,7.66578875531794e-260
"LPCHMCBP_02215",19741.099119569,-1.83192599453681,0.0532691689318488,-34.3899863893227,3.55927407168135e-259,5.2104299946906e-258
"LPCHMCBP_00306",8223.31319336817,2.37503003549066,0.0692014391452185,34.3205295269465,3.87752962462479e-258,5.64877009878592e-257
"LPCHMCBP_00052",6661.4128584991,-2.63651776518177,0.0775578879112343,-33.9941924179175,2.71454654083012e-253,3.93543679663343e-252
"LPCHMCBP_02573",1174.79669289581,2.99834160808985,0.0883189371295335,33.9490227751757,1.26093377794615e-252,1.81926070558481e-251
"LPCHMCBP_01840",1582.49662347831,3.04505558148242,0.0897663404923251,33.9220198214805,3.15505581869979e-252,4.53029785259238e-251
"LPCHMCBP_00123",3105.43634377377,-2.10056342389243,0.062184850132997,-33.7793436729344,3.9658826814254e-250,5.66743520331316e-249
"LPCHMCBP_01812",7339.01106882586,-2.01186415040207,0.0596630140129602,-33.7204578696787,2.89873690535771e-249,4.1228006886154e-248
"LPCHMCBP_00788",29010.3936245055,-2.26758875120961,0.0674011961859297,-33.6431529338788,3.92650976229915e-248,5.55823386634894e-247
"LPCHMCBP_01056",2013.71234640042,2.78801588956747,0.0829954923285035,33.5923772646863,2.16763796210147e-247,3.05402888463216e-246
"LPCHMCBP_01115",6073.83399209862,-2.4111573493944,0.0719312314122484,-33.5203124158365,2.43861360828936e-246,3.41975674695157e-245
"LPCHMCBP_01262",934.889334385813,3.81353062179757,0.114047717339898,33.4380267378089,3.84261917977802e-245,5.36358146907621e-244
"LPCHMCBP_02731",1886.21995713784,3.02117782770548,0.0903977994816126,33.4209222462324,6.81045631414939e-245,9.46212009201959e-244
"LPCHMCBP_00053",1324.45606956938,-2.76083474498877,0.0829052858877823,-33.3010701962447,3.72571538082359e-243,5.15247551053069e-242
"LPCHMCBP_00708",17907.4456061858,-2.15494669653216,0.0647273707484256,-33.2926653997386,4.93012452714601e-243,6.78683656236935e-242
"LPCHMCBP_02528",2937.45064887154,-2.22168429251324,0.0668155849852489,-33.25098916673,1.97520842776898e-242,2.70666689120307e-241
"LPCHMCBP_02470",4073.35232952081,-2.28700064831649,0.0687846740666006,-33.2486949942091,2.13192147410906e-242,2.90813470172786e-241
"LPCHMCBP_00610",6623.46217029041,-1.91773629473642,0.0578128172765347,-33.17147278195,2.77684612193055e-241,3.77073086511927e-240
"LPCHMCBP_00028",13452.8224935071,-1.9516158666231,0.0588753359793731,-33.1482756600633,5.99681039212875e-241,8.10649909314341e-240
"LPCHMCBP_02567",23135.9343775873,8.40948063887879,0.255686976325821,32.8897496451388,3.08014435751066e-237,4.14507319143027e-236
"LPCHMCBP_00122",4265.22805657534,-2.03241206360465,0.061843519183836,-32.8637841188033,7.23859661820308e-237,9.69778055858368e-236
"LPCHMCBP_01976",1440.57656371294,-2.70106105758567,0.0822681560026467,-32.8324006374808,2.03131506964907e-236,2.70932289956304e-235
"LPCHMCBP_00390",2917.31578052568,-2.18670450690609,0.0667245765904202,-32.772100156272,1.47097389354903e-235,1.95327108607993e-234
"LPCHMCBP_01209",2028.74228063113,2.4252614027067,0.0740281464000936,32.7613417415465,2.09335991923209e-235,2.767477144324e-234
"LPCHMCBP_00714",21699.5275233787,-2.37170871328013,0.0724602367058829,-32.7311753466515,5.62671879490137e-235,7.40604522083289e-234
"LPCHMCBP_01071",838.932044757993,-5.4204603653157,0.166046356786735,-32.6442595321594,9.66658390195213e-234,1.26678682488028e-232
"LPCHMCBP_02460",2782.15150831043,2.53854542917487,0.0778978973895661,32.588112314247,6.04430324873839e-233,7.88650176063648e-232
"LPCHMCBP_02408",2645.93124728553,2.3679403272784,0.0726779749315418,32.5812645372805,7.55688187519924e-233,9.81740368288871e-232
"LPCHMCBP_01286",1638.16807137268,2.75110738492042,0.0844535129861828,32.5754049493538,9.14798645787096e-233,1.1833235931065e-231
"LPCHMCBP_00730",10848.1384623421,-2.46062857520581,0.0756334358376672,-32.5336082904798,3.57119329850778e-232,4.59963566043856e-231
"LPCHMCBP_00244",1459.61992494391,-2.49154089368249,0.0767966890060923,-32.4433374137372,6.72512790877098e-231,8.62483284368449e-230
"LPCHMCBP_01292",6183.77872581691,1.81049362393606,0.0560016143001636,32.329311334348,2.71035733683319e-229,3.46118398631336e-228
"LPCHMCBP_00209",781.826404449929,5.74746721518522,0.17888606279905,32.1292062961975,1.72419313515078e-226,2.19250152482521e-225
"LPCHMCBP_01059",2704.93325934791,2.45679652843718,0.0767825410537174,31.9968119669078,1.20764333085556e-224,1.529171998269e-223
"LPCHMCBP_00733",43531.1539731579,-2.34798698941616,0.0734036813817614,-31.9873192354568,1.6366623763188e-224,2.06370747534988e-223
"LPCHMCBP_01839",3462.86343753051,-2.04588012134275,0.0642141865717891,-31.8602513021875,9.49282205541031e-223,1.19196481122537e-221
"LPCHMCBP_02139",3886.64507914727,-2.11258523119318,0.0664259634941141,-31.8036069041041,5.77089568463354e-222,7.21602414566052e-221
"LPCHMCBP_00663",22625.6361549876,1.70224474068885,0.0536069623158225,31.7541727259263,2.78085381865482e-221,3.46279763891415e-220
"LPCHMCBP_00709",9445.89877195404,-1.95203349349029,0.0614864086123779,-31.7473981249463,3.44895007411035e-221,4.27698312909304e-220
"LPCHMCBP_00713",47382.9093994175,-2.32742327619595,0.0733115234577901,-31.7470319319716,3.48932035779895e-221,4.30923884516652e-220
"LPCHMCBP_00041",10384.2962266082,-1.82280710350021,0.0574801435568642,-31.711944172459,1.06347535874193e-220,1.3079875211412e-219
"LPCHMCBP_02857",1506.35789483384,-2.57742558968694,0.0814977459623319,-31.6257285309244,1.63562197908848e-219,2.00347002418144e-218
"LPCHMCBP_00591",934.92854669275,3.51413588068016,0.111445055989973,31.5324520182964,3.12043781647479e-218,3.80668044196783e-217
"LPCHMCBP_02471",10504.3924472549,-1.88038879469008,0.059772200808516,-31.4592531185864,3.13669405821234e-217,3.81101978489685e-216
"LPCHMCBP_01422",631.398702312647,3.90928203617882,0.124750973172598,31.3366856927855,1.47736972805988e-215,1.78773651367247e-214
"LPCHMCBP_01057",1499.70992879921,2.64612040333373,0.0844942116349174,31.3171796284352,2.72358726525783e-215,3.28252425021636e-214
"LPCHMCBP_02623",627.442628175444,4.00348977468809,0.128045566896824,31.2661333907328,1.3475849877468e-214,1.61764101929126e-213
"LPCHMCBP_02135",958.434003465961,3.38665953236988,0.108364154597562,31.2525811228547,2.05933257099225e-214,2.46217412173217e-213
"LPCHMCBP_02620",1295.94789760348,-2.69338128008687,0.0862957651071608,-31.2110481521575,7.54480384700202e-214,8.98490331144963e-213
"LPCHMCBP_02008",4793.90599702656,2.96778101020513,0.0953208453787702,31.1346484434989,8.18510757247696e-213,9.70889637351911e-212
"LPCHMCBP_00086",2264.35977982835,2.3037147284227,0.0740380406508389,31.1152849018108,1.49636928119469e-212,1.76795441451389e-211
"LPCHMCBP_02495",8828.18177996555,-1.81777022715454,0.0586027037295902,-31.018538590681,3.03185129403247e-211,3.5680728366241e-210
"LPCHMCBP_02079",1148.08934040883,-2.65610095345968,0.0856489608091756,-31.0114790461664,3.77481887976457e-211,4.42509041334902e-210
"LPCHMCBP_00077",4997.23377047535,-1.83324331835999,0.0591503125590778,-30.9929607984572,6.70635292083483e-211,7.83103700989312e-210
"LPCHMCBP_00124",1289.5403033728,-2.90025596616433,0.093634775340586,-30.974132800714,1.20253851108994e-210,1.39876669448873e-209
"LPCHMCBP_02027",1509.61518824655,2.33284120611371,0.075426029353668,30.9288613772198,4.88961075597861e-210,5.66552968289259e-209
"LPCHMCBP_02372",2050.63352878938,2.21626860357162,0.0716794294463392,30.9191719394303,6.59994763252505e-210,7.61786263277218e-209
"LPCHMCBP_01842",5683.51606332037,1.79530237738002,0.0581158338120942,30.8917941913174,1.53953921571239e-209,1.77017516718502e-208
"LPCHMCBP_01504",4656.36468031115,2.17393646785792,0.0704991906039678,30.8363322930912,8.54251888825208e-209,9.78477068078034e-208
"LPCHMCBP_02554",5201.13839079535,-1.86272450319719,0.0604883561355488,-30.7947615409319,3.07973168905854e-208,3.51417292732497e-207
"LPCHMCBP_02118",9069.11363268371,-1.68348516691593,0.0548189305838494,-30.7099235425784,4.19535314772832e-207,4.76903590770177e-206
"LPCHMCBP_02983",560.407442972032,4.16770153311711,0.136507704767796,30.5308886425604,1.01427909487306e-204,1.14862323159021e-203
"LPCHMCBP_02125",1099.92091821696,2.52021314391036,0.0826932986983518,30.4766309190733,5.31757616998922e-204,5.99926544591641e-203
"LPCHMCBP_01101",630.670364607612,3.98943373559063,0.130986761800991,30.4567704456408,9.74496917304048e-204,1.09530533664024e-202
"LPCHMCBP_02117",3476.37251131011,-1.9992506023545,0.0661078990341371,-30.2422347641409,6.60020503762849e-201,7.39075198429967e-200
"LPCHMCBP_02365",1825.58615234229,-2.75257759375469,0.0915371021148394,-30.0706219681435,1.17380750935109e-198,1.30951536638016e-197
"LPCHMCBP_02531",5979.02970170245,-2.40432865218374,0.0800553577964656,-30.0333259180049,3.60496114293019e-198,4.00684755182722e-197
"LPCHMCBP_00890",623.076270909856,3.82659954311702,0.127699786996547,29.9655906491097,2.75660587227804e-197,3.05261041428281e-196
"LPCHMCBP_00704",88922.4193604673,-1.64081592014539,0.0547705943291501,-29.9579717956814,3.4643613755697e-197,3.82226047356054e-196
"LPCHMCBP_00436",48143.800598871,-1.7821908659849,0.0595223107444774,-29.9415604618518,5.66660779099134e-197,6.22911720907144e-196
"LPCHMCBP_00729",10409.1915814509,-2.58444915502202,0.0864691430207008,-29.8886870476247,2.76069876230579e-196,3.02367043272981e-195
"LPCHMCBP_01781",11485.8117445793,1.79138017585067,0.0600626726029751,29.825182567083,1.84240186068543e-195,2.01056290324254e-194
"LPCHMCBP_01047",597.72582034979,3.5501012941606,0.119063143150506,29.8169626655411,2.35483670293975e-195,2.56045831359499e-194
"LPCHMCBP_02023",1102.80197734237,2.88988947154529,0.0969411405984258,29.8107640750435,2.83341517340723e-195,3.06970358678524e-194
"LPCHMCBP_00236",1129.93107268443,2.70982025708469,0.0910904011522666,29.7486916602218,1.80304517397768e-194,1.94638077953489e-193
"LPCHMCBP_00174",533.768408433266,4.39206193217475,0.147731025848431,29.730125455711,3.13380472258351e-194,3.37080572490076e-193
"LPCHMCBP_02790",1183.31881365498,2.33691924648478,0.0788028321891683,29.6552697607993,2.90039107465018e-193,3.10859771965186e-192
"LPCHMCBP_01043",2406.59567110594,-2.06279479371852,0.0696698384041567,-29.6081466667425,1.17372793509667e-192,1.25350801894132e-191
"LPCHMCBP_01201",2156.7546694886,-2.24593151406219,0.0758590540996076,-29.6066374768284,1.22742562473056e-192,1.30620719851646e-191
"LPCHMCBP_01389",636.082600447278,3.17930989492495,0.107555852318914,29.5596178764683,4.94062392285504e-192,5.23915632243391e-191
"LPCHMCBP_01537",1384.98822632337,2.35341974317215,0.0796877067575797,29.5330338759974,1.08465694960537e-191,1.14614630484709e-190
"LPCHMCBP_00797",1536.25154697206,-2.65057430492462,0.0900411222200966,-29.4373752744391,1.82655006703285e-190,1.92332517584757e-189
"LPCHMCBP_02593",503.679144968813,3.98710226067203,0.135720983233763,29.3771984675702,1.07414191711093e-189,1.12709786477269e-188
"LPCHMCBP_01790",2181.04925721522,1.94588777853659,0.0662517777320525,29.3711028616696,1.28503044420588e-189,1.34368514392398e-188
"LPCHMCBP_01570",3138.83404200494,2.46857582337566,0.0844278806703389,29.2388699535712,6.22007989639866e-188,6.48140964204596e-187
"LPCHMCBP_00883",36981.9652588509,-1.50534320786681,0.0514995234581607,-29.2302356756715,8.00844542409308e-188,8.31603623449942e-187
"LPCHMCBP_00384",14097.3680797904,-1.5395221810428,0.0527338425405861,-29.1941968738181,2.29771616725373e-187,2.37774007514774e-186
"LPCHMCBP_02373",2896.15388035123,1.89090242179026,0.0648943735200861,29.1381566570635,1.18025008718033e-186,1.21715825141862e-185
"LPCHMCBP_02690",5066.22400350386,-1.77654321897133,0.0609938054494813,-29.1266171356166,1.65250998649706e-186,1.69835016078003e-185
"LPCHMCBP_02669",2234.617000464,-2.23163887990911,0.076622416956879,-29.1251433789281,1.72507456871881e-186,1.76687671697104e-185
"LPCHMCBP_02548",16148.9204701046,-1.52087250679329,0.05235274574731,-29.0504821682908,1.51736795184763e-185,1.54885075629072e-184
"LPCHMCBP_03137",1494.3095632705,2.71720786621379,0.0936028948999475,29.029100746491,2.82532611721433e-185,2.8741707382238e-184
"LPCHMCBP_02031",1305.92231816173,2.3807131250101,0.0820157363850347,29.0275163028897,2.95846919075354e-185,2.99944798697681e-184
"LPCHMCBP_02359",1098.31155293973,-2.75676968144277,0.0951970587142805,-28.9585594205888,2.1896224809037e-184,2.21247712632727e-183
"LPCHMCBP_00204",532.535883597587,4.9402341900218,0.170723856243547,28.9369880620215,4.09151520365407e-184,4.12034802891472e-183
"LPCHMCBP_01716",1727.85601611965,2.14753829007797,0.0742347113087032,28.9290313415174,5.15208553127721e-184,5.17103969209462e-183
"LPCHMCBP_02564",38756.0689866645,8.28485140368852,0.286503987702639,28.9170544191075,7.28796051934672e-184,7.29038983951983e-183
"LPCHMCBP_00518",1974.50721288332,-2.15504050915077,0.0745699929112754,-28.8995670378414,1.2089748726312e-183,1.20535999759675e-182
"LPCHMCBP_00171",478.065131323767,4.75367858504709,0.164643386803672,28.8725753116072,2.63897321216734e-183,2.62237040056761e-182
"LPCHMCBP_00705",224192.86061044,-1.48387789495858,0.0513984015158934,-28.8701175755385,2.83327413295479e-183,2.80615698778789e-182
"LPCHMCBP_01791",2150.91322877538,1.87201784872106,0.0648578323149163,28.8634044941789,3.43992577789271e-183,3.39579515113685e-182
"LPCHMCBP_02657",3173.29673151465,-2.01825692740732,0.0702098344634577,-28.7460715842845,1.01418676693304e-181,9.97893274611821e-181
"LPCHMCBP_00844",2139.65190799048,2.14839928861816,0.0749163491641658,28.6773089263911,7.32115697832578e-181,7.17999741567179e-180
"LPCHMCBP_00296",4590.07859763977,2.07124091758539,0.0722323457035478,28.6747010277926,7.89037142804597e-181,7.71303083243191e-180
"LPCHMCBP_01060",4275.55281302653,2.28507951435718,0.0799359595836345,28.586377473412,9.92331034763141e-180,9.66878388092268e-179
"LPCHMCBP_01751",3461.52149057143,2.47642563866702,0.0866775233752092,28.5705629583702,1.56019084282607e-179,1.51525330722363e-178
"LPCHMCBP_01061",2253.11625520512,2.30331412213404,0.0806563724578691,28.5571251464003,2.29128550633447e-179,2.21811219500314e-178
"LPCHMCBP_01369",2860.55026649384,5.56936887814592,0.19529978848065,28.5170246290243,7.20565591799856e-179,6.95311042119411e-178
"LPCHMCBP_02653",1693.85941878815,2.21626075267639,0.0778028109701931,28.4856128594821,1.76589464748429e-178,1.69854161445524e-177
"LPCHMCBP_00511",777.600132396814,2.89500215446242,0.101818671754877,28.4329200584347,7.92563848780605e-178,7.59899076738209e-177
"LPCHMCBP_01236",4397.9210877274,-1.67193458635432,0.058829231166957,-28.4201332091079,1.14048341103635e-177,1.08999704347773e-176
"LPCHMCBP_00119",4318.17128741495,-1.70416470262685,0.0602131016882394,-28.3022241812151,3.24479857488523e-176,3.09131445181923e-175
"LPCHMCBP_02043",1251.85892676423,2.28151458389777,0.0807507711098368,28.2537807694055,1.2789762548969e-175,1.21462270283089e-174
"LPCHMCBP_02463",8960.63846524208,1.78815606790785,0.063474475046426,28.1712620167393,1.31581274992564e-174,1.24566374212203e-173
"LPCHMCBP_01116",4278.34289893526,-2.4440465364427,0.0869686270466209,-28.1026229738286,9.09914705865676e-174,8.58696236573237e-173
"LPCHMCBP_02478",1688.89055541144,-2.10700316959245,0.0754541737531186,-27.9242759517377,1.35376698667816e-171,1.27355947555523e-170
"LPCHMCBP_00900",5395.69121972198,1.7730005826874,0.0634946538303741,27.9236199542716,1.37882617398316e-171,1.29308042128859e-170
"LPCHMCBP_01146",1248.35102039023,-2.35026742383144,0.0842845824770778,-27.8849032024407,4.06729782346275e-171,3.80247999009711e-170
"LPCHMCBP_02310",705.26294446777,3.09520815055736,0.111009510834881,27.8823690626046,4.36549042535483e-171,4.06858284673598e-170
"LPCHMCBP_00689",5862.63706035169,-1.99534603117231,0.0716007647195127,-27.8676636903088,6.58088495575101e-171,6.11431447436804e-170
"LPCHMCBP_01281",16094.4717401326,-2.09969151793909,0.0754419573073026,-27.8318802014412,1.7850166145308e-170,1.65334409265646e-169
"LPCHMCBP_02639",1490.26429632613,-2.06972054669519,0.0747056954668109,-27.7049900112997,6.07962159281537e-169,5.61382904616582e-168
"LPCHMCBP_00324",3109.1695154581,1.88105260395901,0.0679166414170129,27.6964903551284,7.69595808696215e-169,7.08453074201638e-168
"LPCHMCBP_00389",3770.43963016602,-1.74721555486779,0.0630891290182708,-27.6943996859078,8.15533711777342e-169,7.48445464539389e-168
"LPCHMCBP_02098",2892.91768306431,-1.86099141954893,0.0673372237977622,-27.6368895922729,4.01169824246406e-168,3.67045927610812e-167
"LPCHMCBP_00507",895.458901433743,-2.54024728669373,0.0919482985358657,-27.6269091124385,5.28754746912201e-168,4.82307901362771e-167
"LPCHMCBP_02565",33037.1394315561,8.32560016731452,0.301958803627306,27.5719736179325,2.41317583452192e-167,2.19452747860615e-166
"LPCHMCBP_02077",1203.84510977223,2.84035603240611,0.103376575809718,27.4758184836211,3.41578330165913e-166,3.09690806292418e-165
"LPCHMCBP_01051",5813.43499446842,-1.87819202595665,0.0685477941549526,-27.3997442092883,2.76183784644941e-165,2.49646848710683e-164
"LPCHMCBP_02568",25065.5011229133,8.79724774405392,0.321113806889924,27.3960432572417,3.05698568284168e-165,2.7549591694318e-164
"LPCHMCBP_02356",454.899125135155,-4.09103230623531,0.149437727114505,-27.3761678876485,5.27227602922811e-165,4.73715579751903e-164
"LPCHMCBP_02517",934.692417337252,2.84275724561273,0.10421750861274,27.2771560503916,7.91811918365553e-164,7.09321661795529e-163
"LPCHMCBP_01903",2064.53799244091,-2.63207238357221,0.0968989602707183,-27.1630611537902,1.77506905282387e-162,1.58541137723942e-161
"LPCHMCBP_02981",505.587912371764,4.04259401957218,0.148928138064675,27.1445951860126,2.93274621625009e-162,2.61162355933725e-161
"LPCHMCBP_00103",6731.26370856018,-1.49429958937351,0.0550803044259913,-27.1294722305197,4.42330515817158e-162,3.9273191655837e-161
"LPCHMCBP_01228",1480.69767677115,-1.96700135367337,0.0725624259705605,-27.1077121163426,7.98680727898722e-162,7.07032703369931e-161
"LPCHMCBP_02375",2981.94202779915,1.74158273800538,0.0644054022356905,27.0409418705605,4.88136535168469e-161,4.30852277070758e-160
"LPCHMCBP_00656",8023.64224108805,-1.69155204811154,0.0627701173474701,-26.9483652348105,5.96157185478345e-160,5.24653288451763e-159
"LPCHMCBP_00502",10636.4992312664,-1.43812062487327,0.0533842758876021,-26.9390302848945,7.66908845522776e-160,6.72951299828611e-159
"LPCHMCBP_02700",5370.4517426726,-1.88558773996835,0.0700181336899436,-26.9299914264806,9.78636079407741e-160,8.56235240321467e-159
"LPCHMCBP_00295",4695.27453288563,-1.83998382197514,0.0684532946753652,-26.879404865772,3.82399530619673e-159,3.33599125403965e-158
"LPCHMCBP_00167",483.550439332882,5.90608192354387,0.220138237590005,26.8289688706585,1.48438609483804e-158,1.29120077408955e-157
"LPCHMCBP_01023",642.182317777619,-2.94525276555476,0.109876617008842,-26.805091435585,2.81851768504444e-158,2.44461606150819e-157
"LPCHMCBP_00620",2832.30675367757,-2.06630860610369,0.0771999158210037,-26.7656847048208,8.11085111652963e-158,7.01460063420905e-157
"LPCHMCBP_01307",1597.71623392327,-2.22846692306083,0.0832965270000702,-26.7534194199831,1.12669472535231e-157,9.71612319190315e-157
"LPCHMCBP_00879",1399.84329063009,-2.21480240307876,0.082837749963362,-26.7366315968063,1.76633192895924e-157,1.51884301398473e-156
"LPCHMCBP_01328",23612.7907649816,1.61024632608579,0.0603725028815112,26.6718497532909,9.98689892022343e-157,8.56305247416872e-156
"LPCHMCBP_02343",579.57661982315,3.96877447948004,0.148809648065106,26.6701422326034,1.04528978518849e-156,8.93707876168282e-156
"LPCHMCBP_01370",3760.75899511057,5.47514986755656,0.205689169017318,26.618561850943,4.1393984272603e-156,3.52907235233186e-155
"LPCHMCBP_00715",7349.35391655592,-2.55560214519515,0.0962490788105853,-26.5519647229505,2.43748205113679e-155,2.07220499588145e-154
"LPCHMCBP_02658",851.902636559446,-2.3778727926799,0.0896337610504414,-26.5287628769896,4.51598235009254e-155,3.82837938774795e-154
"LPCHMCBP_02578",5562.78717864229,1.50820099419111,0.0572824426842305,26.3292018202692,8.8833399519447e-153,7.50955019599607e-152
"LPCHMCBP_02521",5149.39838108063,1.64025019653644,0.0623013882514057,26.3276668878952,9.25022712855944e-153,7.79773359910305e-152
"LPCHMCBP_01388",685.73210648534,2.62213835254157,0.09984532538781,26.2620041785322,5.21293562612786e-152,4.38207837927443e-151
"LPCHMCBP_01140",718.519905338416,-2.66455093063936,0.101470079196338,-26.2594742385451,5.57157240523999e-152,4.6704717285266e-151
"LPCHMCBP_00323",2351.63009519285,1.92134802811791,0.0732456004065955,26.2315827497115,1.15972016114002e-151,9.69448524674431e-151
"LPCHMCBP_01508",1325.85583759284,2.15213327326162,0.082047519167744,26.2303271944353,1.19860799201144e-151,9.99172940007314e-151
"LPCHMCBP_00484",3899.3100524431,-1.59060374567492,0.0606937346471338,-26.2070501168284,2.20855966515558e-151,1.8359799321695e-150
"LPCHMCBP_01325",39324.8729249372,-1.74333376693027,0.0665816505600686,-26.1833966605779,4.10763934025667e-151,3.40525570721278e-150
"LPCHMCBP_02516",407.268163727812,3.62829871001057,0.13875380142352,26.1491841865713,1.00680368262248e-150,8.32346515578531e-150
"LPCHMCBP_01024",1575.0095603948,-2.28229504507738,0.0874717141751259,-26.0918065525505,4.51634539565858e-150,3.72350344295918e-149
"LPCHMCBP_00503",1207.09853107681,2.19795534749254,0.0844072241488917,26.0398961067054,1.75101162003094e-149,1.43966736211311e-148
"LPCHMCBP_02140",24253.0531235331,-1.38116909505412,0.0531418806866568,-25.9902185848102,6.3882555687168e-149,5.23802048134402e-148
"LPCHMCBP_02640",4557.85414508398,-1.4924551774977,0.0578264274967058,-25.8092232583921,6.98655194835209e-147,5.71298157956529e-146
"LPCHMCBP_02251",1299.28519392933,2.05274879942784,0.0796046058616403,25.7868094089391,1.24670134792502e-146,1.01667139813124e-145
"LPCHMCBP_00256",3289.78580329517,-1.59552968865874,0.0619639915652834,-25.7493045291916,3.2817609322972e-146,2.66898768504712e-145
"LPCHMCBP_02494",2799.06722921466,-1.70672124608804,0.0668666924148591,-25.5242361249018,1.06120443629573e-143,8.60722841438781e-143
"LPCHMCBP_02730",528.339289796636,3.08299499409151,0.120899426772838,25.5004930658957,1.94657985651276e-143,1.57457847692582e-142
"LPCHMCBP_02667",7707.29137581672,-1.55571303072602,0.0610201876557177,-25.4950548415799,2.23658278453923e-143,1.80429702591457e-142
"LPCHMCBP_01214",1707.51834090282,1.85179475372051,0.0727447505742663,25.4560602531723,6.04894589980215e-143,4.86672564217326e-142
"LPCHMCBP_02030",1122.83504436039,2.09051390980409,0.0822959908369674,25.4023785186025,2.37379059587992e-142,1.90474480701487e-141
"LPCHMCBP_01062",3644.58615534949,1.94501619466991,0.0768852836062939,25.2976395928998,3.39110105762292e-141,2.7137851397137e-140
"LPCHMCBP_00901",5539.68176296346,-1.44562689332305,0.0572200927783781,-25.2643227777029,7.88332848733873e-141,6.29198638045307e-140
"LPCHMCBP_00169",381.897705453298,3.70385626637074,0.146945979554251,25.205563824244,3.48081060118947e-140,2.77079910190175e-139
"LPCHMCBP_01227",971.753156069327,-2.16506087476439,0.085990615031081,-25.1778740503465,7.00002642713593e-140,5.55742838831612e-139
"LPCHMCBP_02376",884.22782105845,2.13061806949003,0.0847403727431779,25.1428923489313,1.69023544262936e-139,1.33836320932209e-138
"LPCHMCBP_00643",5875.90782793464,-1.38111759929664,0.0549723338857865,-25.1238668921374,2.72862130238149e-139,2.15489277064391e-138
"LPCHMCBP_02016",8879.17346112838,1.40896278199434,0.0562738368110668,25.0376171563488,2.38177684495385e-138,1.87603997682585e-137
"LPCHMCBP_02091",3481.80204088847,2.41725143008871,0.0965480266666363,25.0367771724124,2.43247940712952e-138,1.91096091643866e-137
"LPCHMCBP_01291",4188.15295806493,1.58648023634921,0.0635660615637767,24.957975959506,1.74943335987355e-137,1.37077010782782e-136
"LPCHMCBP_02078",1000.37683611331,-2.89815415957977,0.116354889598955,-24.9078845725259,6.11178963816887e-137,4.77642726670437e-136
"LPCHMCBP_02638",2150.07373373269,-2.13277651913195,0.0856666166671592,-24.8962384894741,8.17186608129411e-137,6.36981041817237e-136
"LPCHMCBP_02262",846.289082613344,-2.44824055083669,0.0983724815994704,-24.8874533917407,1.01728905134104e-136,7.90902705459705e-136
"LPCHMCBP_00707",32782.1282185534,-2.11924765809849,0.0852075872883486,-24.8715839227651,1.51074340974928e-136,1.17150929526036e-135
"LPCHMCBP_02029",963.445531360447,2.21459576958616,0.0891906204429482,24.8299177490614,4.26187338532924e-136,3.29636134777656e-135
"LPCHMCBP_00823",1881.81216013697,1.71851559191301,0.0692424693787627,24.8188085625971,5.61776206374864e-136,4.33390847128784e-135
"LPCHMCBP_00297",2327.67468704055,1.64973323738488,0.0665612726065563,24.7851817247615,1.29526122152514e-135,9.96686904050496e-135
"LPCHMCBP_02624",363.802988387222,3.94911872824547,0.159752565194142,24.7202210709182,6.48362616865305e-135,4.97630745067207e-134
"LPCHMCBP_03073",8270.64016733188,1.58928910084254,0.0643809856470932,24.6856907341289,1.52362066669147e-134,1.16642490325028e-133
"LPCHMCBP_01978",1281.26294046467,-1.88730172046812,0.076676859782632,-24.6137064796127,9.01049902154293e-134,6.880536275738e-133
"LPCHMCBP_02792",531.866755019828,2.64806371781706,0.107638359091765,24.6014872408032,1.21772748185581e-133,9.27512734276465e-133
"LPCHMCBP_00179",385.171925082178,3.36740940628286,0.136936475828426,24.5910330750883,1.57545389594079e-133,1.19694611182742e-132
"LPCHMCBP_00373",505.900492630676,3.99427228873786,0.162973382629003,24.5087401654448,1.19193849191897e-132,9.03284700567888e-132
"LPCHMCBP_02404",3907.92080562507,-1.69792578173515,0.0692843676091972,-24.5066216280187,1.25556737758785e-132,9.4910773303303e-132
"LPCHMCBP_01645",12721.6987816502,1.59302628144873,0.0650689320094916,24.4821335198241,2.28966374662025e-132,1.72645248834356e-131
"LPCHMCBP_00647",4155.89933732663,-1.50308520889309,0.0615160939524247,-24.4340157561946,7.44269980321461e-132,5.59788022793159e-131
"LPCHMCBP_01211",1401.84145611821,1.97746557955114,0.0810203877990676,24.4070120283218,1.44079577338494e-131,1.08095702898205e-130
"LPCHMCBP_00198",330.477929724613,4.83498275727321,0.198775507766351,24.3238355248296,1.09707061842112e-130,8.21024669795955e-130
"LPCHMCBP_00506",674.285491070504,-2.48969569118777,0.102455977486632,-24.3001506819123,1.95314369613556e-130,1.45805577913005e-129
"LPCHMCBP_02319",2343.858188376,-1.66530953206631,0.0687474758782264,-24.2235734591347,1.25596826163017e-129,9.3527562112956e-129
"LPCHMCBP_02087",4219.8404287506,-1.94515243820713,0.0804971397309603,-24.1642429123354,5.28984310117996e-129,3.92941067986165e-128
"LPCHMCBP_02123",615.817836036583,2.41037052257204,0.100001685090401,24.1032990633416,2.30833167038411e-128,1.71044526983277e-127
"LPCHMCBP_03015",5875.1174038929,1.95939525071275,0.0812943641010014,24.1024734295032,2.35480833823915e-128,1.74058616331421e-127
"LPCHMCBP_02553",3353.09587472861,-1.56415343975865,0.064965357036616,-24.076731216563,4.38260792110516e-128,3.23150033691317e-127
"LPCHMCBP_01052",4478.28277405641,-1.78132197827534,0.0742948134012949,-23.9763974996981,4.90323399708071e-127,3.60652088853902e-126
"LPCHMCBP_01588",486.269921957556,2.83882786829967,0.118542574289337,23.9477494505113,9.75278685959111e-127,7.15601793780756e-126
"LPCHMCBP_00101",3097.08940306425,-1.66184958128998,0.0695472873089791,-23.8952466097901,3.43185790325979e-126,2.51195257748357e-125
"LPCHMCBP_01705",3615.52334136552,1.69417885478238,0.0710121858251841,23.8575793026997,8.44888149243845e-126,6.16912247172939e-125
"LPCHMCBP_02097",1159.68852624939,-2.14342839955262,0.0899255113022591,-23.8355986917672,1.4283645290321e-125,1.04041794942362e-124
"LPCHMCBP_01506",1007.52165026178,2.19452374684116,0.0920878768626654,23.8307562472523,1.60342732263848e-125,1.1651054225758e-124
"LPCHMCBP_00125",4395.17001507099,-1.47981918008645,0.0621038338690555,-23.8281453477834,1.70654165534517e-125,1.23703659606059e-124
"LPCHMCBP_01501",1646.82275167269,-1.84207486251617,0.0773780390360322,-23.8061714339696,2.88274933413741e-125,2.08460981969792e-124
"LPCHMCBP_02572",18806.9900834259,9.00240067251733,0.3782912620806,23.7975379685065,3.54167015910153e-125,2.55494042006339e-124
"LPCHMCBP_01290",4873.88459319005,1.44598335638913,0.0607896293660307,23.7866782783372,4.5879264912502e-125,3.30176676264793e-124
"LPCHMCBP_00224",6644.95790760519,-1.85408021761956,0.078137519918884,-23.7284241878207,1.835397422203e-124,1.31770996747158e-123
"LPCHMCBP_00522",1602.56564967536,1.67594073118243,0.070692661815391,23.7074215080348,3.02310175172885e-124,2.16523349807596e-123
"LPCHMCBP_00031",40419.4052938066,-1.39903340632425,0.0590363839102948,-23.6978167302738,3.79750986653864e-124,2.71341121654344e-123
"LPCHMCBP_01058",1613.352083533,2.2952899728738,0.0969799256886114,23.6676812915247,7.7624930524414e-124,5.53331155590894e-123
"LPCHMCBP_02670",4960.28147324981,-1.47262233914749,0.0625493853603498,-23.5433542738053,1.46841726714952e-122,1.044246497326e-121
"LPCHMCBP_02608",962.94318337723,2.01755360847611,0.0857682502491553,23.5233154764747,2.3551709595547e-122,1.67089079187321e-121
"LPCHMCBP_00859",1114.58215606147,-2.04612542741934,0.0870205701805897,-23.5131236576951,2.99438406619619e-122,2.11937419402235e-121
"LPCHMCBP_02702",3469.71090203883,-1.39419603335323,0.059309396866949,-23.5071693020396,3.44518873886597e-122,2.43270856596159e-121
"LPCHMCBP_01202",3349.08020322973,-1.64408364395419,0.070042177136741,-23.4727661412423,7.74128082036315e-122,5.45342341359385e-121
"LPCHMCBP_02466",51520.8489527568,1.48812251090715,0.0634145127898914,23.4665921953493,8.95068260247909e-122,6.29063196488051e-121
"LPCHMCBP_02391",2026.67195918765,-1.75207963174606,0.0748223372930488,-23.4165316820279,2.90016946543513e-121,2.03350667424552e-120
"LPCHMCBP_00305",551.091510141621,2.50808356330639,0.107620696299631,23.304844231109,3.95920565853308e-120,2.76959817744937e-119
"LPCHMCBP_01934",373.264470852204,-3.37311690011632,0.145252614570315,-23.222417786383,2.70344501643591e-119,1.88675313821492e-118
"LPCHMCBP_01717",4580.72951846162,-1.6422790543571,0.0707529419347845,-23.2114596149351,3.48829243074748e-119,2.4288551240541e-118
"LPCHMCBP_01183",2287.12162097306,2.0623422982704,0.0890158827962098,23.1682508052171,9.51885702048355e-119,6.61252081446091e-118
"LPCHMCBP_01784",13956.0193524169,1.18861449754151,0.0513039411472907,23.1680933464559,9.55371021893462e-119,6.62140516559418e-118
"LPCHMCBP_02686",5396.32552277228,-1.33658599840034,0.0579320527101174,-23.0716146912385,8.92694677615651e-118,6.17275743669256e-117
"LPCHMCBP_00459",5203.84201073632,1.38309510882977,0.0600973408889418,23.014248024479,3.35638925096068e-117,2.31552279129494e-116
"LPCHMCBP_02040",905.491042586152,1.95748434312864,0.0853291443916038,22.9403957708177,1.83750699351908e-116,1.26476112099788e-115
"LPCHMCBP_02481",1967.18547926448,-2.03373041241524,0.0888236730617186,-22.8962656273189,5.06177522767973e-116,3.47606120326473e-115
"LPCHMCBP_00109",3044.05022980649,-1.43871440720289,0.0629231416629148,-22.8646308684048,1.04532412769112e-115,7.16214088402068e-115
"LPCHMCBP_01643",4596.27925491105,1.53438573390416,0.0671442724348839,22.8520717890301,1.39368902102856e-115,9.52724544899025e-115
"LPCHMCBP_01087",1792.36812092852,1.63517871925209,0.0717668568021692,22.7845943394119,6.51836145300064e-115,4.44581880010339e-114
"LPCHMCBP_00215",1870.75587342977,-1.71480293588156,0.0753073729482561,-22.7707177763298,8.94688571294957e-115,6.08834558380083e-114
"LPCHMCBP_00113",3008.33501099754,-1.42816594045939,0.0632790101085689,-22.5693470553515,8.67169780845941e-113,5.88772966587934e-112
"LPCHMCBP_00114",2669.24847874522,-1.53549370162965,0.068103328092791,-22.5465295842449,1.45237794946915e-112,9.83879509335645e-112
"LPCHMCBP_02794",1139.88072465094,1.71783716277355,0.07624153171666,22.5315143084694,2.03866544767815e-112,1.3779358127212e-111
"LPCHMCBP_00272",1144.80126799581,-1.74218774766002,0.0773828852015965,-22.5138639263876,3.03621016477511e-112,2.04756555157081e-111
"LPCHMCBP_02216",381.679534085205,-3.01941890696604,0.134284677008852,-22.485208098367,5.79283351017224e-112,3.89782362422128e-111
"LPCHMCBP_00993",1639.95648341393,-1.73239137573507,0.0772540472810935,-22.4246034571063,2.26504883121755e-111,1.52067372315075e-110
"LPCHMCBP_01894",4378.37009206389,1.39507315877243,0.0622153168523385,22.4233071428936,2.33199095856856e-111,1.56212162202327e-110
"LPCHMCBP_02024",798.497337113152,1.91797052005129,0.0855512561514467,22.4189638625061,2.57100434940788e-111,1.71839288476015e-110
"LPCHMCBP_01720",42804.5036742354,-1.42557469776401,0.0636397103143065,-22.4007100397429,3.87355676205399e-111,2.58323196509423e-110
"LPCHMCBP_00203",275.207977820736,4.99129032332739,0.2234178373187,22.3406079981315,1.49001523905943e-110,9.91471337564825e-110
"LPCHMCBP_00961",739.078870669539,2.10158391321181,0.0942686799867614,22.2935540574764,4.26734988513652e-110,2.83325597462272e-109
"LPCHMCBP_00303",563.736969033919,-2.41097609984682,0.108274928794198,-22.2671686483345,7.69098581957019e-110,5.09506588179474e-109
"LPCHMCBP_01902",11734.8106432254,-2.05956659070716,0.0926717036910273,-22.2243307145175,1.99839387155955e-109,1.32096475959256e-108
"LPCHMCBP_01795",571.692805395055,2.24537023055888,0.101118624692161,22.2053082445943,3.05193980437581e-109,2.01293875888611e-108
"LPCHMCBP_01642",2054.11883787336,-1.50681589356707,0.0680701588420123,-22.1362182665728,1.41633642899758e-108,9.32110882329326e-108
"LPCHMCBP_02626",357.595077428177,3.06633247758668,0.138526189849934,22.1353989516961,1.44231090006061e-108,9.47128011177655e-108
"LPCHMCBP_02697",1922.36777124584,-1.73469705061368,0.078407431756248,-22.1241406810324,1.85131507756741e-108,1.21305601479909e-107
"LPCHMCBP_02095",756.009492882183,-2.13347264011953,0.0965343783260046,-22.1006513649947,3.11540533015002e-108,2.03689137162967e-107
"LPCHMCBP_02194",1227.9089917646,-1.67574545007663,0.0758378261663297,-22.0964330702377,3.4204343377898e-108,2.23146161906678e-107
"LPCHMCBP_01029",318.393486557028,3.83534846114042,0.174158921752237,22.0221187783689,1.76801431591513e-107,1.15093513276818e-106
"LPCHMCBP_00827",3591.22299893041,-1.48632425496086,0.0675686772383448,-21.9972377099811,3.06058848153145e-107,1.98805758291686e-106
"LPCHMCBP_00846",3280.82717200507,-1.59146769992631,0.0725636208164415,-21.9320326359144,1.28554691449271e-106,8.33245419091278e-106
"LPCHMCBP_02621",5339.45535173941,1.50694982224653,0.0687882313485295,21.9070877780134,2.22353414333066e-106,1.43810904399468e-105
"LPCHMCBP_02594",270.55002490271,3.66720754979639,0.168340647816448,21.7844447990658,3.25871653590768e-105,2.10309856435676e-104
"LPCHMCBP_00880",1308.97309631248,-1.73595236473129,0.0798041974591624,-21.7526448482815,6.52099382338648e-105,4.19946404806498e-104
"LPCHMCBP_00960",1036.48994696884,1.76375972663145,0.0811237509467824,21.7415948602831,8.29653693465563e-105,5.33145767471125e-104
"LPCHMCBP_00219",3813.5548344886,-1.338877285291,0.0616571129536439,-21.7148877258917,1.48405194813503e-104,9.51632456485734e-104
"LPCHMCBP_01127",1970.44172108015,-1.4353365089335,0.0661762179672778,-21.6896122658934,2.57145080325066e-104,1.64539954382841e-103
"LPCHMCBP_00765",1321.03321009427,1.85443816659471,0.085701551092507,21.6383267625228,7.82931617912434e-104,4.99910167096854e-103
"LPCHMCBP_02147",5519.52395352716,-1.22471143895938,0.0566752624775987,-21.6092768770758,1.46931569941234e-103,9.36181828861238e-103
"LPCHMCBP_01644",8294.84660099815,1.5409837361731,0.0713275607678151,21.6043240450813,1.63564936132159e-103,1.03995418078943e-102
"LPCHMCBP_01569",1151.46161713118,-1.75552666515237,0.0812667168090902,-21.6020375140343,1.71865434229387e-103,1.09041896008962e-102
"LPCHMCBP_01025",4303.86148844639,-1.41837908803437,0.0657041100296854,-21.5873723484503,2.36058100330926e-103,1.4945366225593e-102
"LPCHMCBP_01500",938.845259733126,-1.86295988038766,0.0865154652809064,-21.5332585259621,7.59977055469611e-103,4.80145503887221e-102
"LPCHMCBP_01084",827.794567150988,-1.85476259997713,0.0862835992473128,-21.4961199597257,1.6926180837821e-102,1.06713169525842e-101
"LPCHMCBP_00699",44000.8183961315,-1.62755495789512,0.0757980180819477,-21.4722627197919,2.82903508780662e-102,1.77986043993871e-101
"LPCHMCBP_00878",1005.61831303875,-1.76021100321429,0.0820086587166462,-21.4637214016159,3.399732665536e-102,2.13443467139614e-101
"LPCHMCBP_00786",1885.97509710678,1.52227639605542,0.0710150627701943,21.4359649442475,6.17406164402199e-102,3.8681334016096e-101
"LPCHMCBP_00175",243.573242294594,4.39668177488733,0.205241793164482,21.4219614197378,8.34021163393297e-102,5.21436981529851e-101
"LPCHMCBP_00636",23677.1368463055,1.20303151448765,0.0562716870291468,21.3789843170068,2.09642471298802e-101,1.30797724816571e-100
"LPCHMCBP_00644",2852.14669656436,-1.62180309023839,0.0759211741601661,-21.3616702873558,3.03753562536569e-101,1.89121253355237e-100
"LPCHMCBP_02853",512.780978652056,-2.35402645507839,0.110236858680097,-21.3542592129705,3.55970434096786e-101,2.21173348390156e-100
"LPCHMCBP_01375",961.662490148419,2.56779655409932,0.120271160066114,21.3500605854952,3.89433541721118e-101,2.41464888162206e-100
"LPCHMCBP_00641",2400.33720173703,-1.36958565806135,0.0642999269667703,-21.299956666656,1.13626181685851e-100,7.03076641730391e-100
"LPCHMCBP_02371",3502.32279068542,1.27635787650338,0.0599270961263513,21.2985103401688,1.17188905169027e-100,7.23629432947016e-100
"LPCHMCBP_02234",4413.96400323045,1.35949894234044,0.0640963714137384,21.2102325350831,7.6832412284647e-100,4.7345804777459e-99
"LPCHMCBP_00392",942.771749815763,-1.91207055554971,0.0902443249508756,-21.1877096603088,1.23983207405118e-99,7.62445912751556e-99
"LPCHMCBP_00100",2962.04106871582,-1.34501257849857,0.0635430023311985,-21.1669661355959,1.92561187307746e-99,1.18175076300725e-98
"LPCHMCBP_00376",452.100103209893,-2.42445317880009,0.114573521518841,-21.1606761026491,2.2004476124002e-99,1.3476618948598e-98
"LPCHMCBP_02699",461.340631370862,2.55487699558531,0.121112664806513,21.0950440209281,8.83233040887097e-99,5.39833473666431e-98
"LPCHMCBP_00156",239.367774049274,4.60108708939609,0.218114478939377,21.0948264955621,8.87304339635534e-99,5.41219577895577e-98
"LPCHMCBP_00501",360.152077711029,-2.70662732484743,0.12849308923081,-21.0643805129906,1.68819498448613e-98,1.02764161226022e-97
"LPCHMCBP_00104",507.407735377502,-2.45309590452705,0.11648967638368,-21.0584832981021,1.91198590675965e-98,1.16151208627241e-97
"LPCHMCBP_00775",2621.15175215491,1.35010213016474,0.0641774175707158,21.0370279962899,3.00639956696225e-98,1.82266769706136e-97
"LPCHMCBP_01392",319.154524021433,2.90096838327793,0.137959823958,21.0276318137452,3.66493855138526e-98,2.21743560336838e-97
"LPCHMCBP_00130",5169.35033937039,-1.33077124210316,0.063300714583856,-21.0230050458633,4.04026348675859e-98,2.43960376735665e-97
"LPCHMCBP_02233",5570.74392653163,1.18594544276163,0.056583110992271,20.9593538065382,1.54165741194181e-97,9.29018854063728e-97
"LPCHMCBP_00743",308.034292741607,3.02142342007724,0.144299656914667,20.9385350227409,2.38686056756245e-97,1.43546464193486e-96
"LPCHMCBP_00282",8378.38208219581,1.34553577963249,0.0644952638570062,20.8625517466787,1.17246059460531e-96,7.03710848882105e-96
"LPCHMCBP_01498",1489.95752253521,-1.58672056981158,0.0761851449687274,-20.8271648030978,2.45574541228422e-96,1.4709964036457e-95
"LPCHMCBP_02392",2702.27483218881,-1.36798491350876,0.0657057065106225,-20.8198798271441,2.85901583807933e-96,1.70914472710679e-95
"LPCHMCBP_01088",2525.9962305972,1.46293274552145,0.0703802751200925,20.7861185967972,5.78013933509038e-96,3.44854833888792e-95
"LPCHMCBP_02337",501.416979557516,-2.30387066278629,0.110844453316964,-20.7847176276677,5.95132932754227e-96,3.54363875237189e-95
"LPCHMCBP_00307",1160.63745908651,1.9638788172118,0.0945230083937631,20.776727810341,7.02890906650118e-96,4.17698140763763e-95
"LPCHMCBP_00325",11821.8321397786,1.17896505290849,0.0568507269949513,20.7379063598112,1.57638972538494e-95,9.34929953731269e-95
"LPCHMCBP_01689",4794.60952709075,1.15528661222529,0.0557536689031257,20.7212661508007,2.22750233970273e-95,1.3184880712915e-94
"LPCHMCBP_02101",2372.04637413039,-1.64707321612469,0.0795847216705665,-20.6958469106998,3.77537047799846e-95,2.23029267804594e-94
"LPCHMCBP_02990",764.135735976679,1.93300556508582,0.093555671116221,20.6615541529761,7.68506534258183e-95,4.53101789648096e-94
"LPCHMCBP_02076",11537.9735596795,-1.14612304500615,0.055582430760441,-20.620239693113,1.80661258096501e-94,1.06306752068157e-93
"LPCHMCBP_02102",608.569512174039,-2.24668663755684,0.109111748084949,-20.5906941918636,3.32569817736572e-94,1.95311550494609e-93
"LPCHMCBP_02569",55620.8205747094,8.92583479117464,0.43375490185482,20.578060911833,4.31604167926141e-94,2.52977364833271e-93
"LPCHMCBP_00755",4499.65167543671,1.56318511828812,0.076016231058627,20.5638334934354,5.78748931336727e-94,3.38562484004194e-93
"LPCHMCBP_00259",2889.83849105058,1.40580755183474,0.0684247001503717,20.5453227963776,8.4746087910266e-94,4.94791847896319e-93
"LPCHMCBP_00112",2323.26875892904,-1.43102790588094,0.0696560637501818,-20.5441971428826,8.67335173817562e-94,5.05412205170195e-93
"LPCHMCBP_01327",8285.64831458047,1.27218525672861,0.0621381518262355,20.4734968668874,3.71018769222326e-93,2.15780489619419e-92
"LPCHMCBP_00237",284.66437023201,3.01262318442274,0.147171637803949,20.4701342553239,3.97523835948482e-93,2.30748362027349e-92
"LPCHMCBP_01538",431.398220931856,2.2857019919127,0.111841880614198,20.4369059189669,7.856475206802e-93,4.55159886015691e-92
"LPCHMCBP_02127",968.451875458058,-1.82542388758347,0.0894504444396473,-20.4070969017387,1.44623769724353e-92,8.36254206055461e-92
"LPCHMCBP_02703",3418.55664333234,-1.21300171898022,0.0594660699225303,-20.3982156641673,1.73429252163717e-92,1.00088689566022e-91
"LPCHMCBP_00898",5393.88386824956,1.22502477706634,0.0600902166923188,20.3864263518779,2.20689462400956e-92,1.27118824695829e-91
"LPCHMCBP_00424",26559.989969819,-1.08101595392749,0.0530524095721601,-20.3763780504094,2.70980186917267e-92,1.55787651520827e-91
"LPCHMCBP_02223",9475.06889631837,-1.11477980971422,0.0548135405589988,-20.3376720121614,5.96976524400265e-92,3.42548097461796e-91
"LPCHMCBP_01414",246.647409346359,3.36980339271776,0.165805652640124,20.3238148944886,7.91778451793646e-92,4.53459376685636e-91
"LPCHMCBP_01604",417.056395188553,2.48174096066218,0.122243281896068,20.3016552089315,1.24325863427172e-91,7.10670316466556e-91
"LPCHMCBP_00789",704.2266693633,-1.92281043913572,0.0947379618284673,-20.2960925274829,1.39225503125138e-91,7.9432649216452e-91
"LPCHMCBP_01907",10711.6817455546,-1.81028961367632,0.0892055502889414,-20.2934638911222,1.46873465401673e-91,8.36370530683912e-91
"LPCHMCBP_00189",217.30228084588,3.93082576221223,0.193882868319804,20.2742294679097,2.17166260278607e-91,1.23431050586382e-90
"LPCHMCBP_00139",6359.77112313445,1.13777713632775,0.0561307793956414,20.2701111329322,2.36123034048328e-91,1.33951838408134e-90
"LPCHMCBP_00030",46263.9902569577,-1.3564967903538,0.0669824538109164,-20.2515242899735,3.44416127616268e-91,1.95017509240834e-90
"LPCHMCBP_02230",1710.91775257959,1.38514437425965,0.0684214659571095,20.2442954836416,3.98845495664934e-91,2.25411550374852e-90
"LPCHMCBP_00466",1115.36764999647,-1.70116500098582,0.0840647524147305,-20.2363648511468,4.68474966271889e-91,2.64265671763522e-90
"LPCHMCBP_02591",3414.28704107868,1.29876714487535,0.0641998560197364,20.2300632025729,5.32346832747668e-91,2.99732241102392e-90
"LPCHMCBP_01027",12575.8621360648,1.05654888846747,0.0522270204521807,20.2299284799303,5.33803227951946e-91,2.9998941705689e-90
"LPCHMCBP_02918",711.589845619209,1.81603428852387,0.090074437914532,20.1614834415845,2.13387707326756e-90,1.1969654386684e-89
"LPCHMCBP_00667",2233.25434472845,1.42106018697016,0.0706607214536123,20.1110342172641,5.90791141836314e-90,3.30776906091563e-89
"LPCHMCBP_00799",2118.69069241128,1.31361456278942,0.0653206101324047,20.1102616789207,6.00064428584426e-90,3.35343268190291e-89
"LPCHMCBP_02518",3068.87702684672,1.56838510537333,0.078176549843209,20.0620916185082,1.58283971433346e-89,8.82918584147718e-89
"LPCHMCBP_00261",693.876303595763,-1.84900934851746,0.0922665905543957,-20.0398577362342,2.47473903747106e-89,1.37786490750476e-88
"LPCHMCBP_02846",5099.90620915571,1.18683060293683,0.0598769824340915,19.8211492077645,1.95590880502608e-87,1.08697820812653e-86
"LPCHMCBP_01224",2792.47736456164,-1.26353128992985,0.0637754955824703,-19.8121751683753,2.33763802851361e-87,1.29671935740653e-86
"LPCHMCBP_01469",2719.58772068171,-1.45005578215286,0.0732592198958951,-19.793491989315,3.38738969797859e-87,1.8755639268697e-86
"LPCHMCBP_02910",450.725490129792,2.59538087069412,0.131131728157354,19.7921655358628,3.47773273752834e-87,1.92203976893601e-86
"LPCHMCBP_02240",1429.23626072188,-1.61987186856326,0.0819105830433116,-19.7760998442256,4.7828389673606e-87,2.63847421710462e-86
"LPCHMCBP_01936",598.907646787826,-1.97003105903622,0.0996514652261664,-19.7692131727827,5.48243101604593e-87,3.01885788608327e-86
"LPCHMCBP_02611",769.41416004541,1.84027596861675,0.0932716212659006,19.7302882017078,1.18492908781943e-86,6.51276958341779e-86
"LPCHMCBP_01134",408.431267195647,2.23275969768553,0.113236430474766,19.7176799756426,1.52044547875323e-86,8.34160307447612e-86
"LPCHMCBP_00871",951.33558112292,1.74689259401073,0.0886606328914645,19.7031369734211,2.02665361545577e-86,1.1098517335735e-85
"LPCHMCBP_00642",1337.31400524769,-1.50936896250859,0.0767737008600439,-19.6599739963054,4.74970440294266e-86,2.59633204248286e-85
"LPCHMCBP_01511",4586.10615393884,-1.19919331524513,0.0610257115306568,-19.6506240593803,5.71064202150262e-86,3.1159339466417e-85
"LPCHMCBP_00837",4849.13764119814,-1.16291011966416,0.0593138788348221,-19.6060372801219,1.37323644254418e-85,7.47927870068075e-85
"LPCHMCBP_01528",3515.16388016397,1.2051450756669,0.0614785869982124,19.6026801283176,1.46690610783003e-85,7.97497324202523e-85
"LPCHMCBP_00426",2085.69173571897,-1.47782316250131,0.0758175353675699,-19.4918386008817,1.28770252188156e-84,6.98805654279665e-84
"LPCHMCBP_02119",1731.0835146247,-1.49962261048839,0.0771124643124864,-19.4472141936925,3.07700213694913e-84,1.66680206010548e-83
"LPCHMCBP_01259",5873.6682396847,-1.12451164620443,0.0578403240978894,-19.4416553458674,3.42920630299458e-84,1.85424290365527e-83
"LPCHMCBP_02112",2150.19344155945,-1.24678275629837,0.064131928507824,-19.4409054165004,3.47970247886399e-84,1.87816315450914e-83
"LPCHMCBP_01316",1101.86857253847,-1.53342609058882,0.0796103294791481,-19.2616473342252,1.12734342373613e-82,6.0738915882085e-82
"LPCHMCBP_00138",675.388250225344,1.76024962094464,0.0914322392049396,19.2519579116853,1.35927531451096e-82,7.31036777571217e-82
"LPCHMCBP_01597",1390.68813740829,1.42101687386638,0.0738587354824213,19.2396588512484,1.72338901138328e-82,9.25204011298969e-82
"LPCHMCBP_02090",1164.23358200969,1.49608145873469,0.0778222631329585,19.2243375931981,2.31577294918929e-82,1.24100618223519e-81
"LPCHMCBP_01308",2036.35852278216,-1.46615442914742,0.0762715058974416,-19.2228331130486,2.38391207201483e-82,1.27524422961078e-81
"LPCHMCBP_02982",208.377985710268,5.22293622602275,0.27196787389102,19.2042396452885,3.41081644576856e-82,1.82132742949314e-81
"LPCHMCBP_02727",485.082844742261,2.21862134489387,0.115557721673433,19.1992478976325,3.75489574633821e-82,2.00149949107655e-81
"LPCHMCBP_01601",1731.63051313076,-1.34378042690558,0.0700481885689924,-19.1836570560573,5.06867502956739e-82,2.69700244037797e-81
"LPCHMCBP_02552",8827.04776492644,-1.16372037712145,0.0607118581875557,-19.1679255397915,6.85898658291606e-82,3.64315375846568e-81
"LPCHMCBP_00804",9516.39646131387,1.52397034313286,0.0796103647088105,19.1428634789837,1.10998842872192e-81,5.88529200458388e-81
"LPCHMCBP_02628",5518.83183869072,-1.06552239254208,0.0557112971958469,-19.1257868004106,1.54031657579704e-81,8.15253976008272e-81
"LPCHMCBP_01415",192.110715261864,4.62656158952043,0.24193664016906,19.1230298407363,1.62394206688366e-81,8.58001785689765e-81
"LPCHMCBP_01780",1263.15879412521,1.3740577029949,0.0719044466835543,19.1094955370704,2.10493807527976e-81,1.11017911492347e-80
"LPCHMCBP_01765",2170.45815859789,1.25345546421018,0.065773352444653,19.0571928846859,5.72659703445463e-81,3.01500310533304e-80
"LPCHMCBP_01767",3239.29716843312,1.17302371973364,0.0615723170011619,19.0511544288889,6.42691371929992e-81,3.37778775334835e-80
"LPCHMCBP_00603",47599.9205626208,-1.06837929570606,0.0560933151481906,-19.0464637877714,7.02932351705277e-81,3.68793704102716e-80
"LPCHMCBP_02141",4337.15221617174,-1.61371877747453,0.0848107393672467,-19.0272928819406,1.01355214917531e-80,5.30832460676282e-80
"LPCHMCBP_00157",202.649326284864,3.63368060672391,0.191071313225722,19.0174053099811,1.22392503798563e-80,6.3989530296078e-80
"LPCHMCBP_01004",864.159618788286,1.66144370447918,0.0874668762361151,18.995118792103,1.87163526507245e-80,9.76830857475204e-80
"LPCHMCBP_00483",1138.46780598681,-1.52527955819783,0.0803830925214525,-18.9751291018166,2.73837976865226e-80,1.426714875994e-79
"LPCHMCBP_02110",4675.7228744377,-1.36247366688302,0.0719038613245346,-18.9485465979854,4.53948582324494e-80,2.36100467167384e-79
"LPCHMCBP_02433",2661.77302256061,1.22044551860712,0.0645866321171904,18.8962557513862,1.22439304563749e-79,6.3570995327995e-79
"LPCHMCBP_00816",1005.48241790301,-1.59896981649985,0.0847312803335918,-18.8710687505797,1.97268288202696e-79,1.02245618807649e-78
"LPCHMCBP_02144",20834.5268025628,-1.01715964776248,0.0539480414627729,-18.8544314155385,2.70228445380991e-79,1.39819924929027e-78
"LPCHMCBP_01766",1507.66194029741,1.49248773731651,0.0792868311021969,18.8239045068249,4.81054537299184e-79,2.48475846202212e-78
"LPCHMCBP_02475",6788.18213135014,1.26853877502898,0.0674276649017527,18.8133279845496,5.87323076971636e-79,3.02844768727127e-78
"LPCHMCBP_02200",1522.30210625796,-1.45185866401898,0.0772046217556611,-18.8053335539141,6.82913087602557e-79,3.51530390376548e-78
"LPCHMCBP_00959",1513.26922384464,1.39435787003125,0.0744349007461846,18.7325818406861,2.68569791653434e-78,1.38009922046568e-77
"LPCHMCBP_01846",5110.01413324081,-1.08867585281951,0.0582184583322507,-18.6998399477787,4.96535272588828e-78,2.5471835094685e-77
"LPCHMCBP_00604",49150.6923037319,-1.01855355044834,0.0545754851119115,-18.6632065360429,9.86311591578156e-78,5.05105987427653e-77
"LPCHMCBP_01420",180.546016692878,4.27347109743593,0.229448064783872,18.6250038825183,2.01477748003504e-77,1.03004211543189e-76
"LPCHMCBP_02165",13684.835786771,-1.14163027381951,0.0613285549648476,-18.6149873329622,2.42917514395242e-77,1.23978819846959e-76
"LPCHMCBP_01053",7463.5319376331,-1.15384466905769,0.0622411959219597,-18.5382792211194,1.01414999275663e-76,5.1671716948432e-76
"LPCHMCBP_00107",5112.98459790272,-1.16428921330803,0.0630430573129278,-18.4681591111426,3.72574331284576e-76,1.89507723421188e-75
"LPCHMCBP_01718",109519.983507317,-1.30118834865106,0.070529645832356,-18.4488144424245,5.33016202732924e-76,2.70656789238833e-75
"LPCHMCBP_00535",2075.34314791086,1.2348599741481,0.0670079316139144,18.428564267035,7.75129717321904e-76,3.92933155689702e-75
"LPCHMCBP_00648",1083.2500081394,-1.78527876296829,0.097137354634645,-18.3789106640089,1.93821860283751e-75,9.80875889901412e-75
"LPCHMCBP_01952",1094.01510702416,1.60946478154745,0.0877598152420807,18.339427642456,4.00996611230241e-75,2.02591048872383e-74
"LPCHMCBP_00127",5200.66495330595,-1.0185824832007,0.0556554447796147,-18.3015783493259,8.038598089931e-75,4.05442569208116e-74
"LPCHMCBP_00294",12812.9184992632,-1.0623173473277,0.0580663143106547,-18.294898857267,9.08696097970394e-75,4.57549830538448e-74
"LPCHMCBP_02130",251.250376546161,2.72341054547725,0.148957507336422,18.2831372125904,1.12750099512377e-74,5.66772275773272e-74
"LPCHMCBP_01242",4061.40833425702,-1.24385466498687,0.0680566886068006,-18.2767438506048,1.26772206029095e-74,6.36192960356715e-74
"LPCHMCBP_02577",9527.25335959205,1.16340767536098,0.0636572935012091,18.2761096391709,1.28254611146863e-74,6.42557742991209e-74
"LPCHMCBP_00374",230.888167698931,5.98834688598905,0.32788883695603,18.2633448017997,1.62052782061712e-74,8.10533998278664e-74
"LPCHMCBP_02980",211.409691442182,3.2297878788824,0.176968117847207,18.250676552208,2.04362677686506e-74,1.02045323749951e-73
"LPCHMCBP_02025",763.644605521836,2.25214351599735,0.123439646417453,18.2448960391621,2.27168655651907e-74,1.13244706912188e-73
"LPCHMCBP_02570",15624.2200523143,9.17156407732493,0.502716424907019,18.244011181893,2.30876900078338e-74,1.14902417435338e-73
"LPCHMCBP_01016",466.716742590555,-2.01847550629899,0.110657178742817,-18.2408003640705,2.44846792007018e-74,1.21653182584944e-73
"LPCHMCBP_00089",14003.0828767934,0.995340751105832,0.0545893461434359,18.2332418580455,2.81150275303908e-74,1.39459830774716e-73
"LPCHMCBP_00619",4084.68656821182,-1.24264864750259,0.0682344567073884,-18.2114536770106,4.18681176535791e-74,2.07336998479193e-73
"LPCHMCBP_01245",1370.76919772661,1.39356559299561,0.076551304513356,18.2043350123769,4.7680817000514e-74,2.35733330837796e-73
"LPCHMCBP_00685",37529.9351339547,-0.940544228737747,0.0517035779458924,-18.1910859190832,6.07250351065341e-74,2.99729984136034e-73
"LPCHMCBP_00520",1864.36680180322,-1.30880167058862,0.0720747561390242,-18.1589469142855,1.0909736630032e-73,5.37604591571858e-73
"LPCHMCBP_02791",474.60765977787,2.28540195279582,0.125857727637891,18.1586144584719,1.09759975788066e-73,5.39983093999976e-73
"LPCHMCBP_01306",4097.31383796229,1.09693517966692,0.0604522546825536,18.1454800226581,1.39411793235723e-73,6.84737792963021e-73
"LPCHMCBP_00958",942.189610654048,1.48274792604344,0.0817508724265474,18.1373957492096,1.6150488603244e-73,7.91954514678681e-73
"LPCHMCBP_02614",638.101388575372,1.71318024324921,0.0945745922857716,18.1145929561354,2.44474049699535e-73,1.19684604102497e-72
"LPCHMCBP_02120",2922.81782965639,-1.53218498201294,0.0846089832231338,-18.1090106941979,2.70567160214112e-73,1.32243004528102e-72
"LPCHMCBP_01721",77488.354173156,-0.925390386900871,0.0511733957318352,-18.0834274072843,4.30473749304378e-73,2.10057190514218e-72
"LPCHMCBP_01182",2210.18159372823,1.23952810960043,0.068867252326981,17.9988030263667,1.99075015667795e-72,9.69844353927036e-72
"LPCHMCBP_01318",1798.98037450274,-1.25862970601119,0.0699759842637966,-17.9865952476837,2.48143439163604e-72,1.20693429648294e-71
"LPCHMCBP_01592",385.250706090522,2.12765193086384,0.118310995908386,17.9835518628496,2.62148372199326e-72,1.27298910189349e-71
"LPCHMCBP_01138",1167.59557123122,-1.48396387496979,0.0828635400735978,-17.9085261582086,1.01179366178689e-71,4.90531951376809e-71
"LPCHMCBP_02297",233.213063306595,6.28368850969051,0.351196279649296,17.8922411022275,1.35545552199353e-71,6.56084197016543e-71
"LPCHMCBP_01411",303.539452179863,2.33958316546936,0.130978172562447,17.8623897379077,2.31511493224939e-71,1.11878581508541e-70
"LPCHMCBP_00753",6124.73064538366,-1.31486157593299,0.073709770079362,-17.8383621942831,3.55977647072545e-71,1.71750630042558e-70
"LPCHMCBP_02198",2435.39063215328,-1.32856225717759,0.074693220652262,-17.7869188873616,8.92547001228235e-71,4.29941179885383e-70
"LPCHMCBP_00838",3478.25317547306,-1.16556108422888,0.0656168615674047,-17.7631336883061,1.36401999649294e-70,6.55997437415915e-70
"LPCHMCBP_00201",694.100438615431,5.22556695926198,0.294809524484157,17.725231124759,2.67810356601908e-70,1.28591820825972e-69
"LPCHMCBP_01711",13078.0354462152,-1.15056529895294,0.0650256119458971,-17.6940326207194,4.66166905838995e-70,2.23477138086713e-69
"LPCHMCBP_00670",407.02187229074,-1.98775729788237,0.112481858055296,-17.6718035445785,6.91503247806056e-70,3.30973085592659e-69
"LPCHMCBP_01390",203.385091790337,3.17149591192367,0.179482231161189,17.6702500933111,7.10810794184035e-70,3.39672483016925e-69
"LPCHMCBP_02197",1994.62782053396,-1.1423451560696,0.0646887819295826,-17.6590920712204,8.66218117504392e-70,4.13278310116166e-69
"LPCHMCBP_01882",295.475937865132,2.38258821513773,0.135286525241942,17.6114229475315,2.01319837120076e-69,9.58985446344996e-69
"LPCHMCBP_02366",214.180557951469,-3.09735940553016,0.175929472623668,-17.6056880029178,2.22783976412094e-69,1.05954788147812e-68
"LPCHMCBP_02919",491.464731526749,1.83118338735236,0.104194113881669,17.5747296956908,3.84719483243483e-69,1.82680881204698e-68
"LPCHMCBP_02513",1856.2776542056,1.17102268544147,0.0668015978436956,17.5298604111457,8.4777338415993e-69,4.0192226316966e-68
"LPCHMCBP_01518",2438.57731779487,-1.19638225090727,0.0682977821801043,-17.5171464243503,1.06010988225439e-68,5.01796491584454e-68
"LPCHMCBP_01197",668.584420644686,-1.69099807790178,0.0966693716224929,-17.4925940814569,1.63158467214365e-68,7.71084346630407e-68
"LPCHMCBP_01412",174.824374948031,3.43885465388127,0.196717224997546,17.4812076264505,1.99234531507791e-68,9.40098787822141e-68
"LPCHMCBP_01386",199.996736069323,3.32305819020661,0.19010906164938,17.4797464222687,2.04406013766862e-68,9.62986573491919e-68
"LPCHMCBP_01351",2881.29528368159,-1.13836468480615,0.0651810311929261,-17.4646620952768,2.66273104048964e-68,1.25248524334003e-67
"LPCHMCBP_02148",6004.35528168793,-1.06589099434961,0.0610427723081725,-17.4613791943867,2.82037103073492e-68,1.3245592274234e-67
"LPCHMCBP_00858",11300.7146839738,1.08466659852985,0.0621214835049109,17.4604104302194,2.86864289916157e-68,1.34512458443498e-67
"LPCHMCBP_00453",7698.54352861014,1.14828385387178,0.0658682761619784,17.4330333322829,4.63223147625416e-68,2.16869370674551e-67
"LPCHMCBP_00658",7583.58534905742,-1.55612344715625,0.0892851811959178,-17.4286866679663,4.99807361113393e-68,2.33632693255653e-67
"LPCHMCBP_00621",13653.5554324021,0.940778728647029,0.0540242819360554,17.4139978345397,6.46103447067079e-68,3.01548436181696e-67
"LPCHMCBP_01102",469.247593356156,1.84753758709279,0.106205802707061,17.3958252750908,8.87393699299321e-68,4.13519952111376e-67
"LPCHMCBP_01147",1365.2992489497,-1.48925264596287,0.0858093775706118,-17.3553600798162,1.79670401958834e-67,8.35954846943348e-67
"LPCHMCBP_00899",2118.80972487225,1.24716889715799,0.0719506421691029,17.3336729118667,2.62045908760309e-67,1.21733710865276e-66
"LPCHMCBP_02595",205.623775841065,2.94255939373504,0.17001566461137,17.3075781014725,4.12400450913076e-67,1.91284969581166e-66
"LPCHMCBP_00822",4248.48921718375,1.01728625627702,0.0587965694477201,17.3017961053247,4.5594966213963e-67,2.11158169148307e-66
"LPCHMCBP_01468",2470.14812405269,1.1435425539785,0.0661176827030799,17.2955631115189,5.08041391447545e-67,2.34920218140845e-66
"LPCHMCBP_01813",796.661963697246,-1.4821397610121,0.0858238510975602,-17.2695555146701,7.97542953570418e-67,3.68219446717665e-66
"LPCHMCBP_01031",1289.22857578,-1.23880004866503,0.0717847121153628,-17.2571570207622,9.88598978305215e-67,4.55727424561283e-66
"LPCHMCBP_00126",9576.67932923477,-0.922708782285737,0.0535172599275071,-17.241330806839,1.30009215235064e-66,5.98401311227651e-66
"LPCHMCBP_01817",759.768384710219,-1.53796979450612,0.0894105666660781,-17.2012084460887,2.60050980099786e-66,1.19511943534373e-65
"LPCHMCBP_02086",781.903084620769,-1.87780825319402,0.109194199952236,-17.1969596738235,2.79834420405507e-66,1.28407201167726e-65
"LPCHMCBP_00991",200.25005708096,-3.00568775823241,0.174937593869342,-17.1814856472607,3.6543147714196e-66,1.67428986702752e-65
"LPCHMCBP_01825",775.618326983201,-1.51498219909165,0.0885101086702195,-17.116487843624,1.11821629050421e-65,5.11549860945601e-65
"LPCHMCBP_00756",5140.239935128,1.11370691607112,0.0650738151935721,17.1145169951728,1.15671172084878e-65,5.28354927590137e-65
"LPCHMCBP_02146",5980.36355969385,1.03465585603015,0.0604733889921925,17.1092752245741,1.26564535732632e-65,5.7723430354655e-65
"LPCHMCBP_02489",862.443820091005,-1.5302665760035,0.0894718848901893,-17.103323327564,1.40177975816368e-65,6.38352208535541e-65
"LPCHMCBP_02592",947.295067672693,1.62183182423421,0.0948688930255235,17.0955069940352,1.60295925243979e-65,7.28860714632092e-65
"LPCHMCBP_02533",690.159073636973,1.54328299758442,0.0903027455272458,17.0901005121576,1.75870467861315e-65,7.98467888126788e-65
"LPCHMCBP_01890",544.343798846641,1.75776190572091,0.102859862884859,17.0888999501054,1.79528600566652e-65,8.13844909819521e-65
"LPCHMCBP_01818",1465.98520471669,-1.22208260504146,0.0715229738824196,-17.086574267039,1.86832104469951e-65,8.45675935919039e-65
"LPCHMCBP_00161",195.958964088874,6.02984869012042,0.352943627498471,17.0844526443434,1.93752724438739e-65,8.7568061150701e-65
"LPCHMCBP_01254",333.154671281822,-2.2052936512186,0.129115760916851,-17.0799725421499,2.09217271269212e-65,9.44151926434445e-65
"LPCHMCBP_00757",2612.70981737569,1.11250696056498,0.0651490224594671,17.0763415714661,2.22648601492787e-65,1.00325593555534e-64
"LPCHMCBP_00649",737.297133432731,-2.15355582424741,0.126121808764605,-17.0752056709465,2.27024332465326e-65,1.0214393129362e-64
"LPCHMCBP_01309",819.454445477887,-1.69397283139133,0.0992457027704188,-17.0684753506147,2.54766574959681e-65,1.14454265187725e-64
"LPCHMCBP_02851",193.646011898123,3.11455536002092,0.182528008566499,17.0634380141513,2.77718462361807e-65,1.24578939543764e-64
"LPCHMCBP_00835",1142.21312758605,1.39504932517993,0.0817988538467478,17.05463169195,3.2290170903352e-65,1.44631049076059e-64
"LPCHMCBP_01488",2291.56743698544,-1.12854771842185,0.0662248161086438,-17.041160470275,4.06583292529235e-65,1.81841499386026e-64
"LPCHMCBP_02225",9278.87323807933,0.987930150678674,0.0580551083725074,17.0171097492347,6.13238873268401e-65,2.73858609922392e-64
"LPCHMCBP_02308",2828.44773812481,3.38197957608492,0.199105010327066,16.9859089458844,1.04423306316082e-64,4.65637952829961e-64
"LPCHMCBP_01823",911.962157036397,-1.51548401286537,0.0893416467986586,-16.9627947006695,1.54803201962542e-64,6.89264701913337e-64
"LPCHMCBP_00187",159.547707348014,3.52283008810077,0.208140178078191,16.9252766122712,2.92967460547303e-64,1.30251162829994e-63
"LPCHMCBP_00367",974.618036679355,-1.40470014221592,0.0832664456648552,-16.8699423999649,7.48693428758015e-64,3.3237115084361e-63
"LPCHMCBP_00386",845.115680603813,-1.49166839820442,0.0884469640630313,-16.8651170111547,8.12410765021635e-64,3.60124771909886e-63
"LPCHMCBP_02627",944.721415344036,-1.42233297358474,0.0843672132447403,-16.8588355462057,9.03516109947009e-64,3.99919151320203e-63
"LPCHMCBP_02613",851.662735064268,1.39827989746424,0.0832127017533877,16.803683428141,2.29348456762264e-63,1.01365937959287e-62
"LPCHMCBP_02422",6258.64148159607,1.62541175806,0.0969164510652938,16.7712678311439,3.95969033654834e-63,1.74750451470317e-62
"LPCHMCBP_00273",3473.91213163052,-1.27614182980366,0.0761516564956081,-16.7578998084862,4.9583200381664e-63,2.18501004912443e-62
"LPCHMCBP_02219",1602.23231626564,1.36697125219768,0.0818965012168743,16.6914487418423,1.51255407026007e-62,6.65568147338779e-62
"LPCHMCBP_00980",249.731010427778,-2.45881403062975,0.147534833046501,-16.6659898537641,2.31622094508472e-62,1.01771289256211e-61
"LPCHMCBP_02121",15828.2177704209,-0.953498376082992,0.0572512478255696,-16.6546304630436,2.80068750364201e-62,1.22878116936106e-61
"LPCHMCBP_00137",3595.10108360281,-1.10900937379742,0.0667472951766199,-16.6150459110421,5.42333133308049e-62,2.37597333293059e-61
"LPCHMCBP_00163",184.080313518908,6.01657404163286,0.36217025743626,16.6125569896963,5.65313044572392e-62,2.47303855213083e-61
"LPCHMCBP_01334",15003.8581690228,1.00805319692193,0.0607612561085561,16.5903942986455,8.17816907142064e-62,3.5724432872392e-61
"LPCHMCBP_00328",1109.65398179812,1.29155507452748,0.0779348458492142,16.5722413440882,1.10624353419882e-61,4.82534425309689e-61
"LPCHMCBP_02167",3818.51465557391,1.0970001738019,0.0662041261178088,16.5699668303122,1.14889148674399e-61,5.00409775285734e-61
"LPCHMCBP_00472",2212.38936367656,-1.0713014829524,0.0646947006300494,-16.5593390574374,1.37091708649883e-61,5.96249590809129e-61
"LPCHMCBP_01598",1495.16957429199,1.38411312685945,0.0835870619664511,16.5589397963884,1.38004385817553e-61,5.99350451285785e-61
"LPCHMCBP_00115",990.53479391951,-1.31663985455528,0.0799843106040822,-16.4612265156922,6.96742305962523e-61,3.02156598293863e-60
"LPCHMCBP_00191",149.835818623454,3.74095213486431,0.227590435822791,16.4372115257828,1.03576214065056e-60,4.48531339695864e-60
"LPCHMCBP_00479",4592.29516569462,1.0241434309688,0.0623283411663034,16.431424482102,1.13950414900963e-60,4.92745237921885e-60
"LPCHMCBP_01030",2256.15606880771,1.4655252260458,0.0893195091118476,16.4076721941076,1.68544748839261e-60,7.2777380038363e-60
"LPCHMCBP_01860",6198.79980360327,-1.13389181177891,0.0691902427434722,-16.3880305490891,2.32867851618278e-60,1.00407531998054e-59
"LPCHMCBP_00790",1085.40078858997,-1.43334650406137,0.0877555985031318,-16.33339101448,5.71193446748946e-60,2.45932788191332e-59
"LPCHMCBP_02612",485.557321518959,1.67427862385181,0.102798830269531,16.2869423656083,1.22187269998318e-59,5.25335239634603e-59
"LPCHMCBP_03086",500.346090854785,1.95521872099436,0.12009537639828,16.2805495068365,1.35645415288987e-59,5.82363220718525e-59
"LPCHMCBP_00951",930.728695743013,-1.48449626012489,0.0913423318946454,-16.2520074683129,2.16168596829225e-59,9.26745655835007e-59
"LPCHMCBP_02341",420.52188125466,1.85649010622336,0.114536560219425,16.2087118965925,4.37645418313886e-59,1.8735718978031e-58
"LPCHMCBP_02390",317.739213178177,-2.24749231401224,0.138779701489594,-16.1946760937568,5.49864924651564e-59,2.35063338871701e-58
"LPCHMCBP_01499",4501.98326368699,-0.99995410602207,0.0617761222342761,-16.1867412497972,6.25549097447555e-59,2.67037388540557e-58
"LPCHMCBP_00855",9166.18297058335,-0.890641766507759,0.0550314139235818,-16.1842428352746,6.51463319321571e-59,2.77704747341482e-58
"LPCHMCBP_02527",990.621700480659,-1.62517997181339,0.100543450184135,-16.1639566658697,9.05580747688117e-59,3.85481960824403e-58
"LPCHMCBP_00979",416.305117613571,1.88293752618921,0.116618313019605,16.1461564434796,1.20861891870611e-58,5.13748636690798e-58
"LPCHMCBP_03023",427.940441259486,1.73509807317731,0.107525928443883,16.1365551387249,1.41205591753563e-58,5.9937479611378e-58
"LPCHMCBP_02096",468.186672839111,-1.80018985855036,0.111751174107786,-16.1089122590699,2.20875080905963e-58,9.36223330224288e-58
"LPCHMCBP_00366",1937.76419531486,-1.13180808790728,0.0706350139868662,-16.0233292813919,8.78196338896091e-58,3.7171610903063e-57
"LPCHMCBP_01616",3028.68540852018,-0.981906794157734,0.0613241743365097,-16.0117409615599,1.05807283620185e-57,4.4722205372419e-57
"LPCHMCBP_00110",698.65140325479,-1.51484033491498,0.0946571306443717,-16.0034465930122,1.20893068964648e-57,5.10267369849378e-57
"LPCHMCBP_02421",770.615264650111,1.75703323837813,0.109846308662408,15.9953780857402,1.37620271560988e-57,5.80053981677702e-57
"LPCHMCBP_02158",144.870148511755,3.31802788345538,0.207570522269224,15.9850630387287,1.6240256933604e-57,6.83548542184371e-57
"LPCHMCBP_02196",2230.68811478099,-1.20276654686307,0.0752834639623926,-15.9765037839372,1.86306529953557e-57,7.83061479538688e-57
"LPCHMCBP_01824",416.468840745006,-1.83047628229021,0.114713574595557,-15.9569282776156,2.54975245291346e-57,1.07018281275431e-56
"LPCHMCBP_02231",5261.05158374291,0.995432677512613,0.0624993181517845,15.9270965980001,4.11002907546295e-57,1.72265324796988e-56
"LPCHMCBP_01578",796.169741843224,1.37012025029292,0.0860987338228261,15.9133612012501,5.11898844083641e-57,2.14255011310322e-56
"LPCHMCBP_02352",718.557314337667,1.76038461280027,0.110882811075118,15.876082106249,9.27965950656207e-57,3.87858749013827e-56
"LPCHMCBP_02895",2979.82853493936,-1.12102652485474,0.0706207297567194,-15.8739017384351,9.60779216952878e-57,4.01015080678107e-56
"LPCHMCBP_01302",1586.12749657143,1.13248039099978,0.0713645269858332,15.8689539303552,1.03959109210694e-56,4.33307342696239e-56
"LPCHMCBP_02351",1252.45966069841,1.43378216931089,0.0903959442434403,15.8611338297397,1.1774873072055e-56,4.90102553248779e-56
"LPCHMCBP_01895",1356.0375932847,1.16782482716202,0.0736989443571497,15.8458826968086,1.50098449957044e-56,6.23885662494584e-56
"LPCHMCBP_00673",828.902501410983,-1.36274195264248,0.0860663455629962,-15.8336216523219,1.82412632978668e-56,7.57151191658343e-56
"LPCHMCBP_02584",2925.83502761542,1.05281587093962,0.0665151099777193,15.8282211559492,1.98761305507616e-56,8.23871101972868e-56
"LPCHMCBP_02035",617.393066058145,1.56113979433226,0.0986369575629569,15.827128420256,2.0224272788481e-56,8.37145415699745e-56
"LPCHMCBP_00176",126.99508983117,4.03440273909716,0.254984793572571,15.822130734039,2.18955491919754e-56,9.05076351585649e-56
"LPCHMCBP_01050",6530.80818076472,-0.863858759176881,0.0546052308124604,-15.8200733945026,2.26228799321081e-56,9.33855057445069e-56
"LPCHMCBP_02896",4408.495016733,-1.11523806627074,0.0706766497933555,-15.7794415769773,4.30984104402726e-56,1.7766254083964e-55
"LPCHMCBP_00032",6055.03610168006,0.95006784339845,0.0602645346306407,15.7649577686343,5.42085533331164e-56,2.23154826546889e-55
"LPCHMCBP_00099",1990.5465699424,-1.17829370982457,0.0747683980945453,-15.7592477551092,5.93350343155752e-56,2.43923887645262e-55
"LPCHMCBP_02712",1899.29073725988,1.36901872453402,0.0868872077263672,15.7562748344434,6.21924542246086e-56,2.55320868848222e-55
"LPCHMCBP_02632",8946.12638917999,-1.04443196278816,0.0664153088040861,-15.7257713860679,1.00716703558582e-55,4.1291096636517e-55
"LPCHMCBP_00108",4450.85061088107,-1.12663796005953,0.0718805646896273,-15.6737494331637,2.28681693896781e-55,9.36253428900735e-55
"LPCHMCBP_01605",13824.9917750497,-0.883749455276647,0.0563988902293603,-15.6696249107501,2.44015161557547e-55,9.97669618302724e-55
"LPCHMCBP_02452",621.809010613051,-1.52404423487865,0.0973452864532493,-15.6560660552433,3.0200977125429e-55,1.23310384154303e-54
"LPCHMCBP_01762",4763.09140743953,1.06711141238641,0.0682005847769327,15.6466607416442,3.50114929364838e-55,1.42757459649984e-54
"LPCHMCBP_00690",5704.55217955953,-1.07992292226116,0.0690272713125958,-15.6448734206895,3.60084526393069e-55,1.46623292225997e-54
"LPCHMCBP_00284",427.92604728767,-1.76844131826015,0.113138152119354,-15.630813170738,4.49035834607405e-55,1.8259573708087e-54
"LPCHMCBP_02706",3531.93764146394,-0.994062208890565,0.0636174292699035,-15.6256268179771,4.87107749926281e-55,1.97809250003893e-54
"LPCHMCBP_00877",2027.170686283,-1.21542307469663,0.0778054676297409,-15.6213067246194,5.21262877879732e-55,2.11393229259064e-54
"LPCHMCBP_02504",318.479481252112,-2.25409646080903,0.14430078859813,-15.6208187266846,5.25267950192648e-55,2.1272997550987e-54
"LPCHMCBP_00170",125.521670991352,3.89068072000585,0.249688253599168,15.582153601233,9.62563727988165e-55,3.89306434998987e-54
"LPCHMCBP_00084",2536.33730940728,-0.987367741887712,0.0633667889868804,-15.5817859429825,9.6811658516532e-55,3.91025285609842e-54
"LPCHMCBP_02363",572.755114944996,-1.56683722054893,0.100591404891483,-15.5762534804958,1.05563220847427e-54,4.25800034627863e-54
"LPCHMCBP_02464",587.949200608227,-1.6045886693115,0.103298358537219,-15.5335350148217,2.05719851483792e-54,8.28678220540751e-54
"LPCHMCBP_01015",1340.39158995729,1.11288010732634,0.0717373218980729,15.5132653112916,2.82157422440234e-54,1.13505955059402e-53
"LPCHMCBP_01130",536.012274100024,1.58277944689558,0.102190816838099,15.4884704503651,4.15047739158748e-54,1.66741400965917e-53
"LPCHMCBP_00497",221.934103109212,-2.52352367993509,0.163195797633851,-15.4631658199736,6.15001763975082e-54,2.46740680974495e-53
"LPCHMCBP_01151",2948.85257605198,1.0153919861525,0.0657694334893448,15.438660974889,8.99483166702197e-54,3.60393722733417e-53
"LPCHMCBP_00526",548.118195929611,1.55479989488179,0.100735258631284,15.4345153425648,9.5918225971576e-54,3.83800794854266e-53
"LPCHMCBP_02637",6723.36971309334,-1.07533101140313,0.0697203544163802,-15.4234874507535,1.13789954227683e-53,4.54705263165482e-53
"LPCHMCBP_00794",5838.02160940041,-0.883537721233214,0.0573944010978833,-15.3941448004028,1.79177746498926e-53,7.15043108036271e-53
"LPCHMCBP_02176",132.134455866122,3.90654909249006,0.253889538563475,15.3868060676844,2.00697297072866e-53,7.99857355266494e-53
"LPCHMCBP_01475",3773.10991213019,0.904581349333349,0.0589785440082059,15.3374649127909,4.29648960921948e-53,1.710048450566e-52
"LPCHMCBP_01333",8392.04914470203,0.87328876056734,0.056963208608903,15.3307508810319,4.76446955032311e-53,1.89379776430724e-52
"LPCHMCBP_02013",349.958490715675,1.76555112992438,0.115292320554697,15.3136923728304,6.1945166038756e-53,2.4589608899776e-52
"LPCHMCBP_00165",147.334738397886,5.77611633714653,0.377609737547749,15.2965237990351,8.06508083835532e-53,3.19726652521854e-52
"LPCHMCBP_00131",2783.20550059305,-0.951062320745792,0.0622152168984876,-15.2866512110305,9.38536435916929e-53,3.71576232742309e-52
"LPCHMCBP_02145",3370.02466049432,0.929791988517482,0.0608513983940728,15.2797144035403,1.04397232041351e-52,4.1277482655612e-52
"LPCHMCBP_01779",6880.05663373083,0.877588118996556,0.0575296850793406,15.2545267332205,1.53604681475743e-52,6.0653638040619e-52
"LPCHMCBP_00496",1303.32789450257,1.1031996506643,0.0724244397826579,15.2324222869373,2.15458590111164e-52,8.49659959163735e-52
"LPCHMCBP_01622",218.688769250205,2.4015429165815,0.15767539573467,15.2309300090341,2.20433436195162e-52,8.68137456721368e-52
"LPCHMCBP_02902",368.428476269936,-1.7676369809344,0.116145167853011,-15.2192038085601,2.63720978235168e-52,1.03725642946755e-51
"LPCHMCBP_00274",3339.73645714169,-0.932076571753408,0.0613319416390942,-15.1972454620495,3.68805990012717e-52,1.44867379061278e-51
"LPCHMCBP_03070",915.865235564516,1.46952876491259,0.0968233311434554,15.1774241554993,4.98995757875844e-52,1.95749839135347e-51
"LPCHMCBP_00974",1413.3579272303,1.12393910983525,0.0741168081511027,15.1644294711648,6.0825138872068e-52,2.38297965737697e-51
"LPCHMCBP_01362",1122.25410107137,-1.40377760384907,0.09265307133558,-15.1509020004823,7.47338321537722e-52,2.9240707991326e-51
"LPCHMCBP_02453",8335.98172715827,-0.912086400630001,0.0603766367091278,-15.1066116024994,1.46480758966345e-51,5.7238119486719e-51
"LPCHMCBP_02131",269.15610124695,2.05883117540609,0.136345760453084,15.1000747552728,1.61749917370334e-51,6.31224319932865e-51
"LPCHMCBP_00562",628.429618877709,-1.43296353227094,0.0949080226872019,-15.0984447014949,1.6579814539784e-51,6.46182122518073e-51
"LPCHMCBP_00674",835.364954703458,-1.40317041235843,0.0930434675725837,-15.0808052297041,2.16610974757971e-51,8.43125207845227e-51
"LPCHMCBP_03148",1001.03415353756,1.15145406114272,0.0763856503141215,15.0742195216979,2.39327312836238e-51,9.30338427229988e-51
"LPCHMCBP_00992",162.606976875996,-3.13167930639664,0.207766893620226,-15.0730429272384,2.43628630522806e-51,9.45833790684269e-51
"LPCHMCBP_02318",335.739044477209,-2.13586566007967,0.142085339695593,-15.0322733130356,4.51249858322238e-51,1.7496134687662e-50
"LPCHMCBP_01117",6348.05693437261,0.877758695917869,0.0584659017537196,15.0131729707226,6.01977912693436e-51,2.33101382708774e-50
"LPCHMCBP_01633",226.055671839515,2.31321165776036,0.154111234041921,15.0100132033926,6.31351371786298e-51,2.44160498290036e-50
"LPCHMCBP_02195",1459.26973628274,-1.17258204627518,0.0781290575763442,-15.0082707081086,6.48155737281165e-51,2.50336598144244e-50
"LPCHMCBP_00854",1120.52277117834,1.1228610195054,0.0748418328382783,15.0031202727455,7.00473907332337e-51,2.70195655000558e-50
"LPCHMCBP_00185",131.288271953951,3.23799169253754,0.215917537504239,14.9964274785876,7.74788297487986e-51,2.9847749432111e-50
"LPCHMCBP_00433",1622.85059560787,-1.12420929841085,0.0749785090482387,-14.9937537126481,8.06625864146125e-51,3.10344130551605e-50
"LPCHMCBP_00088",13347.0466630338,1.02819758490912,0.0686483380589349,14.9777491193802,1.02634526533997e-50,3.9437415381373e-50
"LPCHMCBP_01814",2258.29868110398,-1.03841401171541,0.0693427527752509,-14.975090693054,1.06822017304943e-50,4.09939736486105e-50
"LPCHMCBP_02642",297.563496723425,-1.97574718476989,0.132011868052311,-14.9664360782092,1.2166888585476e-50,4.6631970172431e-50
"LPCHMCBP_00387",3446.39725079788,-1.15621472905428,0.0773191724997151,-14.9537907827266,1.47129953936164e-50,5.63184938472484e-50
"LPCHMCBP_00485",1477.77832571399,-1.1364193539306,0.0760179186686096,-14.9493615957138,1.57249419857262e-50,6.01153514639035e-50
"LPCHMCBP_00073",16373.208355408,-1.07562225570818,0.072015949573755,-14.9358893699872,1.92488675991858e-50,7.34934499556698e-50
"LPCHMCBP_01725",1829.18861048392,1.00189322211364,0.0672561816106536,14.896671177582,3.46413441059478e-50,1.32094883941486e-49
"LPCHMCBP_02551",7309.97214523948,-1.06539431586525,0.0715515529784491,-14.8898838881406,3.83434830285044e-50,1.46026386508302e-49
"LPCHMCBP_01139",1321.66867192062,1.17537080870029,0.0790943143011356,14.8603704208788,5.9594762846647e-50,2.26671588469946e-49
"LPCHMCBP_00692",46883.5740915119,0.953494531946602,0.0641846883243794,14.8554827769481,6.41044636368493e-50,2.43515816929348e-49
"LPCHMCBP_02199",512.302696229386,-1.4685406428345,0.0994134190270985,-14.7720565010867,2.21839272143431e-49,8.4164305398538e-49
"LPCHMCBP_02476",8484.46248497832,-1.23548842432344,0.0838994081048387,-14.7258300413705,4.40033385868487e-49,1.66734872599915e-48
"LPCHMCBP_00460",1205.01173725433,1.39504885237217,0.0948173173969774,14.7130175232805,5.31820527710842e-49,2.01260202227016e-48
"LPCHMCBP_00891",591.451242832315,1.61366471404825,0.109827926807738,14.6926629769958,7.1834330465705e-49,2.71504818296701e-48
"LPCHMCBP_00954",1030.83701032108,-1.20134845081148,0.0818080189153523,-14.6849718003137,8.04676833365903e-49,3.0375285244416e-48
"LPCHMCBP_00116",659.894113366946,-1.40551660716641,0.0957120508296611,-14.6848447503001,8.06186446274674e-49,3.03940392621897e-48
"LPCHMCBP_01505",4321.9887653712,0.861391164806747,0.0587751621673391,14.6557003510135,1.23872747644683e-48,4.66426744895474e-48
"LPCHMCBP_02143",14255.6854995084,-0.83082270161721,0.05671964350017,-14.6478829969148,1.38978846416326e-48,5.22651025182197e-48
"LPCHMCBP_02636",3893.29124529495,-1.08609073104099,0.0742738090262412,-14.6227956433104,2.00975334941129e-48,7.54852290561111e-48
"LPCHMCBP_02644",1519.61831142474,-1.02933861097253,0.0705076306771167,-14.5989675314193,2.85130743594724e-48,1.06959670190971e-47
"LPCHMCBP_02440",9043.82131602545,-0.789855872164354,0.0541065505920203,-14.5981561108951,2.88544254594849e-48,1.08105032214624e-47
"LPCHMCBP_01385",113.995132669462,3.93560749387648,0.269770992899366,14.5886978120906,3.31464141896615e-48,1.24030410203459e-47
"LPCHMCBP_01596",1320.72730614322,-1.14029362391704,0.07818118544584,-14.5852690441356,3.48545197511484e-48,1.3025954392677e-47
"LPCHMCBP_03095",595.014579042406,1.76966663268019,0.121382663221963,14.5792371472699,3.80747491874489e-48,1.42117316307878e-47
"LPCHMCBP_00320",1904.19275008282,-1.00893733318619,0.0693936751407375,-14.5393269795836,6.82604574827965e-48,2.54471593671891e-47
"LPCHMCBP_00129",2924.54001760088,-0.905474676933924,0.0623619800833959,-14.5196588646327,9.09617892587722e-48,3.38680309634709e-47
"LPCHMCBP_01367",2961.19338788247,0.932671392739651,0.0642373001984892,14.5191561578359,9.16312918173517e-48,3.40750318146062e-47
"LPCHMCBP_01768",2678.84565938594,0.937208505133862,0.064556507071532,14.5176458214411,9.36723974142081e-48,3.47909485940642e-47
"LPCHMCBP_01093",814.986049525401,-1.25812370377053,0.0867553650612469,-14.5019700266644,1.17722088396921e-47,4.36692196884004e-47
"LPCHMCBP_01153",7979.30065227845,0.907671801831864,0.0626279287841464,14.4930835084815,1.33990173872215e-47,4.9642532319817e-47
"LPCHMCBP_02947",181.744396960239,2.33540850609189,0.161174560059419,14.4899325627501,1.4028047819949e-47,5.19089661006992e-47
"LPCHMCBP_00792",908.087280765478,-1.21574105574908,0.0839897510787276,-14.474873899906,1.74645737562014e-47,6.45457953723648e-47
"LPCHMCBP_00618",5688.89130745065,-0.823191597643037,0.0568722464536576,-14.474399183683,1.75855634639231e-47,6.49130085550223e-47
"LPCHMCBP_02424",1420.22624845505,1.65572604770642,0.1145816729772,14.4501821686255,2.50023712639158e-47,9.21770468833064e-47
"LPCHMCBP_02485",705.713626962914,-1.35010878661539,0.0934908418566644,-14.4410806428004,2.85333081905743e-47,1.05065592490692e-46
"LPCHMCBP_01017",121.963032795611,-3.41034172629606,0.236412525450925,-14.4253851177779,3.58264533274161e-47,1.31758806906343e-46
"LPCHMCBP_01923",592.738201666092,1.38737804130584,0.0962422012309879,14.415485343857,4.13522010455413e-47,1.5189468217585e-46
"LPCHMCBP_01491",2699.17024699739,0.903810136583351,0.0628110174144964,14.3893567368765,6.03546470305538e-47,2.21423344423829e-46
"LPCHMCBP_00554",1794.66355898902,-1.00459086116367,0.0698728659440094,-14.3774102806757,7.17287137727208e-47,2.62830122139115e-46
"LPCHMCBP_02157",128.289508125604,3.2147786378866,0.223741707336458,14.3682582749415,8.18642294595295e-47,2.99603112936644e-46
"LPCHMCBP_00160",141.594019510525,6.10774074263312,0.425095557819097,14.3679241767855,8.22600460229572e-47,3.00685015974293e-46
"LPCHMCBP_01095",201.369183086132,2.37412297789119,0.165379922625366,14.3555695286499,9.83145420961151e-47,3.58931801496887e-46
"LPCHMCBP_00278",4751.36989763711,-0.977366061054044,0.0680897443010634,-14.3540862296759,1.0044062984722e-46,3.66248274813498e-46
"LPCHMCBP_01935",277.261322510566,-1.86630056637076,0.130057239792829,-14.3498398808373,1.06783488620024e-46,3.88904428821227e-46
"LPCHMCBP_02799",380.784358075059,1.72187882208104,0.119996593936972,14.3493974752772,1.07466825804019e-46,3.90918720288317e-46
"LPCHMCBP_02503",3262.6636378705,-0.954176993823475,0.0667629924866393,-14.2920045714611,2.45441431056908e-46,8.91730913561478e-46
"LPCHMCBP_01329",6821.40847051121,0.793295812040105,0.0555253123129937,14.2871022060773,2.63341258820439e-46,9.55607155647084e-46
"LPCHMCBP_01778",5631.27175786558,0.829123669622334,0.0581784656756539,14.2513842534919,4.39482564693619e-46,1.59285890899221e-45
"LPCHMCBP_01063",4135.33824751112,0.867900000452911,0.0609143551922874,14.2478730623221,4.62143409155089e-46,1.67297029056022e-45
"LPCHMCBP_02427",1028.0617066147,1.7041553664305,0.11979984030734,14.2250220205518,6.40841756371909e-46,2.31706760346036e-45
"LPCHMCBP_00162",123.280993509106,5.69625126427195,0.4014799032767,14.1881354901744,1.08505426927103e-45,3.91846914811354e-45
"LPCHMCBP_00481",1850.16063370582,-1.16071468412678,0.0818622322602922,-14.1788789784785,1.23808532868463e-45,4.46573806656561e-45
"LPCHMCBP_00657",23750.7747675829,-1.02588648076019,0.0723715297301268,-14.175276998921,1.30327880226158e-45,4.69524572099278e-45
"LPCHMCBP_00807",1351.55951223597,1.14350901956735,0.0808466908147958,14.1441660511116,2.02907770518782e-45,7.30127361303197e-45
"LPCHMCBP_02168",1461.5555143995,1.06422201119802,0.0752554649473849,14.1414581910042,2.10869170741965e-45,7.57866325025911e-45
"LPCHMCBP_02364",698.072148884343,-1.30201320198558,0.0921661104720327,-14.1268107693518,2.59639132715107e-45,9.32029948897174e-45
"LPCHMCBP_01248",2561.60299998679,0.901083132680875,0.0639526141682858,14.0898561286291,4.38453945077596e-45,1.57204335624596e-44
"LPCHMCBP_00078",7439.59885989471,-0.812054558497854,0.0576486536322391,-14.0862710112578,4.61284097349126e-45,1.65192550852593e-44
"LPCHMCBP_01336",2345.51842689028,0.882125691199882,0.0626623339194512,14.0774471045685,5.22639312828495e-45,1.8694166600695e-44
"LPCHMCBP_00395",5891.69901241785,-0.880683585607083,0.0625723893060779,-14.0746357199043,5.43844034259908e-45,1.94294755573093e-44
"LPCHMCBP_02242",725.806996338107,-1.23522632870508,0.0878834973092834,-14.0552705174899,7.15081433010479e-45,2.55167583884001e-44
"LPCHMCBP_01326",9742.18282281924,0.752652355501293,0.0535915798464959,14.0442277995375,8.35743752121995e-45,2.9787019003778e-44
"LPCHMCBP_02629",1219.69111239523,-1.12820396286144,0.0803664455772525,-14.0382463695866,9.09350401514011e-45,3.23720113279187e-44
"LPCHMCBP_00637",5043.6664626267,-0.785218633104998,0.0560590794781931,-14.0069840677717,1.41278332987332e-44,5.02341560776045e-44
"LPCHMCBP_01922",1394.92719738463,1.02892271424393,0.0734667850950903,14.0052775266015,1.44713309162482e-44,5.13946320469358e-44
"LPCHMCBP_00892",853.060888198093,1.33724869621619,0.0956194520390101,13.9851114778469,1.9217548850543e-44,6.81700521282263e-44
"LPCHMCBP_00218",748.848025731672,1.29071141345597,0.092663698604957,13.9289865706582,4.22305099509844e-44,1.49626635611457e-43
"LPCHMCBP_02362",405.413093496012,-1.57213884589285,0.113050916909024,-13.9064670051107,5.78680757397828e-44,2.04790206715906e-43
"LPCHMCBP_01361",3890.31209342956,-0.826864178580871,0.0595150588336633,-13.8933606852653,6.94964706811615e-44,2.45652424633882e-43
"LPCHMCBP_00434",7536.79879701482,-0.804535048236865,0.0579267911509971,-13.8888247087551,7.40402510477066e-44,2.61405639287256e-43
"LPCHMCBP_01796",560.191169278859,1.35328500357903,0.0975346150820003,13.8749202264374,8.98930492419933e-44,3.17002398090743e-43
"LPCHMCBP_02380",119.718828532454,-3.27725082791636,0.236318027302931,-13.8679679469198,9.9043078627402e-44,3.48859482348396e-43
"LPCHMCBP_00949",287.448737656071,-1.78051564081787,0.128707790304207,-13.8337829948719,1.59411577585566e-43,5.6083721492882e-43
"LPCHMCBP_01150",5727.80575661187,0.887138630753009,0.064131837471407,13.8330455781582,1.61054553742881e-43,5.65953999745182e-43
"LPCHMCBP_02530",569.685526203709,-1.36019833658399,0.0984140795852639,-13.8211762210868,1.89940663438287e-43,6.66680621027252e-43
"LPCHMCBP_01154",1305.65636491634,1.05975592620685,0.0767245285635233,13.8124788258481,2.14327492865665e-43,7.51398137955445e-43
"LPCHMCBP_00662",3035.91833275225,-0.845678648476217,0.0612607659985098,-13.8045718934822,2.39189235681798e-43,8.37580975823891e-43
"LPCHMCBP_00043",965.032720535073,-1.12330517662781,0.081382490183811,-13.8027869888315,2.45187017197257e-43,8.57583028681783e-43
"LPCHMCBP_00045",781.865414369437,1.23277666472912,0.0894469906694887,13.7822039120835,3.26160729082986e-43,1.13947421184871e-42
"LPCHMCBP_00216",2409.78742850417,1.08324499727556,0.0786552948986234,13.7720543629227,3.75384589820193e-43,1.30991762098884e-42
"LPCHMCBP_01977",273.134664254969,-2.28431714862884,0.165916572604213,-13.7678660592753,3.97790260781023e-43,1.38649079280354e-42
"LPCHMCBP_02032",193.344913085959,2.25470322439593,0.163923219916499,13.7546299148128,4.77718999125673e-43,1.66314932294216e-42
"LPCHMCBP_00999",3186.77225204991,0.856227063318048,0.0623166940022486,13.73993080068,5.85317096415519e-43,2.03538424836961e-42
"LPCHMCBP_00950",228.421115343563,-1.94967922475195,0.142030662420503,-13.7271712426408,6.98061540529109e-43,2.42463273510169e-42
"LPCHMCBP_02786",285.849790287949,1.88358512995928,0.137240095664832,13.7247436387641,7.21839984377283e-43,2.5043257723887e-42
"LPCHMCBP_00090",647.779831031164,-1.23955845326746,0.0904190406791187,-13.7090422985844,8.96331125509807e-43,3.10610820745373e-42
"LPCHMCBP_00774",3661.81858743642,0.975731949019345,0.0713124643536543,13.682488157757,1.29194988998075e-42,4.47190498250545e-42
"LPCHMCBP_01337",3541.20085462089,0.857864147853327,0.0628235797983624,13.655129978373,1.88153320984919e-42,6.50516262990486e-42
"LPCHMCBP_01076",2565.32996020393,0.917418181690578,0.0672246040441314,13.6470596552464,2.10189797020445e-42,7.25868332403171e-42
"LPCHMCBP_02589",594.673168985292,1.27189835466404,0.0932995853110295,13.6324116599656,2.56946624332382e-42,8.86318183472965e-42
"LPCHMCBP_01729",1245.3309947268,1.14442912691176,0.0841724317264326,13.5962464602573,4.2151771032582e-42,1.45232451054855e-41
"LPCHMCBP_02350",3118.68802933968,1.13930292136478,0.0838153231518971,13.5930147199939,4.40553250778646e-42,1.51617007521412e-41
"LPCHMCBP_02419",889.154378457412,1.31987487313333,0.0972565576781723,13.5710630176823,5.94534867094795e-42,2.04375616970387e-41
"LPCHMCBP_02783",279.685700969849,1.81248574111308,0.133913194380734,13.534780866775,9.74726784546177e-42,3.3468593597518e-41
"LPCHMCBP_02162",4178.65334475232,1.08931103325941,0.0805064484357505,13.5307302014292,1.0299546123803e-41,3.53245004771804e-41
"LPCHMCBP_01893",577.129642716228,-1.31766610692496,0.0973982552232287,-13.5286418006665,1.05963324919285e-41,3.63009061738326e-41
"LPCHMCBP_01999",5810.71484511204,0.799215820821421,0.0590990302512087,13.5233322344587,1.13897455862451e-41,3.89744886024192e-41
"LPCHMCBP_02189",973.290987596954,-1.13582888467641,0.0840060640980369,-13.5207963481169,1.1789265314557e-41,4.02956551355188e-41
"LPCHMCBP_01579",818.403575739738,1.11972329759894,0.0828690740705774,13.5119561809669,1.32941419865961e-41,4.53876224138509e-41
"LPCHMCBP_02754",1113.55998286586,-1.03328307790075,0.0765101398395945,-13.5051782687505,1.45760498969484e-41,4.97076428872069e-41
"LPCHMCBP_01599",1247.36265621877,0.991836259033986,0.0734440663977557,13.5046479270692,1.46813918747358e-41,5.0010053366722e-41
"LPCHMCBP_03039",125.819741729231,2.76248082265843,0.204587268887441,13.5027015008362,1.50745417024581e-41,5.1291042686028e-41
"LPCHMCBP_02899",1086.02390595864,-1.06143490333159,0.0786247388483206,-13.5000118140839,1.5635107227519e-41,5.31381164097221e-41
"LPCHMCBP_01305",888.023170299015,1.12637904502588,0.0835402341213967,13.4830726400536,1.96739719228392e-41,6.67891286656567e-41
"LPCHMCBP_00843",319.882769137694,1.71418911385326,0.127202841698011,13.476028451651,2.1644816797404e-41,7.33967177502931e-41
"LPCHMCBP_02160",1954.58075105897,0.955026373578205,0.0709724110886537,13.4563044840798,2.8270566969124e-41,9.57561754789404e-41
"LPCHMCBP_02403",481.565434794414,-1.77365037949069,0.131862619723502,-13.4507442913677,3.04788883487541e-41,1.03119666217149e-40
"LPCHMCBP_00981",350.432600891939,1.53488377746284,0.114227460014509,13.437082267853,3.6660892797927e-41,1.23895652349751e-40
"LPCHMCBP_01994",11331.5060473211,0.704496809640473,0.0525019826445628,13.4184801059781,4.71279737277322e-41,1.59090044046034e-40
"LPCHMCBP_00500",230.23881854761,-1.90918104717372,0.1422885960084,-13.4176673375919,4.76476090082086e-41,1.60663454644533e-40
"LPCHMCBP_00220",2765.69625237332,-0.898230286999637,0.0669556365331233,-13.4153050214865,4.9190504331312e-41,1.65679801906024e-40
"LPCHMCBP_01085",219.183755471058,-2.26481849950847,0.169014876255813,-13.4001133490791,6.0370882770142e-41,2.03108765911655e-40
"LPCHMCBP_00975",1511.41709337937,0.937320831618821,0.0699886229049977,13.3924742724419,6.69138709106531e-41,2.24869570663908e-40
"LPCHMCBP_02696",1823.45751608373,0.93841621072293,0.0701337754237319,13.3803749342344,7.87491273450794e-41,2.64346902866424e-40
"LPCHMCBP_00516",279.619414826986,-2.05717338874184,0.15382590960986,-13.3733867978375,8.65102917217734e-41,2.90075291013455e-40
"LPCHMCBP_02505",705.89500769227,1.15994909154011,0.0867429915122289,13.3722514213334,8.78411920803454e-41,2.94209171242318e-40
"LPCHMCBP_02374",2786.39112038459,1.02681500917931,0.0768644202185765,13.3587816867595,1.05273036944796e-40,3.52201096846526e-40
"LPCHMCBP_00446",4983.68365418117,0.826894231012994,0.061918904878482,13.3544711851058,1.11547475614018e-40,3.72777254251299e-40
"LPCHMCBP_02622",990.966429987127,1.02520276785259,0.0768605282394659,13.3384819404113,1.38246081196832e-40,4.6148664034671e-40
"LPCHMCBP_02497",4447.32733479811,0.790366792543999,0.0593291466971859,13.3217286366515,1.73053645482197e-40,5.77037766768969e-40
"LPCHMCBP_02417",1627.22583878643,1.31081602377599,0.0985601699428474,13.2996526338794,2.3254616905503e-40,7.74551668517364e-40
"LPCHMCBP_02214",1011.19202022346,-1.0542464888118,0.079360587220574,-13.2842576615725,2.85677492462916e-40,9.50463586342804e-40
"LPCHMCBP_00978",922.031701003925,1.16153467937743,0.0874493968197674,13.2823635338658,2.92997722131065e-40,9.73738830692497e-40
"LPCHMCBP_00111",547.0283046099,-1.36105720840933,0.102499571113516,-13.2786624726652,3.07843776621971e-40,1.02194598854263e-39
"LPCHMCBP_00454",13776.2095575221,0.897675596809751,0.0676691246947312,13.2656599425416,3.66182914824776e-40,1.21427063799906e-39
"LPCHMCBP_02652",7440.03868554692,-0.727493833063444,0.054935240183226,-13.2427532971009,4.96931159554013e-40,1.64601590488035e-39
"LPCHMCBP_00217",317.16762646247,1.56945438224148,0.118577834869188,13.2356471508596,5.4624193990298e-40,1.80735618704393e-39
"LPCHMCBP_02266",503.464086293152,1.31574834673516,0.0994467154434753,13.2306868142169,5.83517026695315e-40,1.92856233162185e-39
"LPCHMCBP_00164",118.516399602201,6.09369744915365,0.461394101488711,13.2071420711536,7.97969910238906e-40,2.63444191488114e-39
"LPCHMCBP_02324",69983.1502768936,0.705775124785177,0.0534840183096692,13.1960003584395,9.25184849087968e-40,3.0510766286956e-39
"LPCHMCBP_00549",633.505631493739,-1.24188296147587,0.0943791334099131,-13.1584484473072,1.52178818185546e-39,5.01304756723188e-39
"LPCHMCBP_02610",3480.44215121664,0.866651971929875,0.0658783638647425,13.1553353952328,1.58578272863971e-39,5.21812935158747e-39
"LPCHMCBP_01075",2942.24113992465,0.929820619098526,0.0707175205901449,13.1483769699373,1.73866480377841e-39,5.71493217539869e-39
"LPCHMCBP_00635",3766.22532389725,-0.850382059246835,0.0647071570325214,-13.1420092961191,1.89136866128156e-39,6.21006274891244e-39
"LPCHMCBP_02870",1532.67831023193,0.986031418305771,0.0751421899010074,13.1222076386751,2.4567248963796e-39,8.05752067107668e-39
"LPCHMCBP_01620",2193.57529527282,0.88931277622979,0.0678105769110423,13.1146617053036,2.71390530998643e-39,8.89129894680052e-39
"LPCHMCBP_00872",693.308029577663,1.38391841242585,0.105532564684403,13.1136622763266,2.74991690043077e-39,8.9994554178765e-39
"LPCHMCBP_01748",361.059491583219,-1.62693035074345,0.124225395028107,-13.0966003398527,3.44339120535816e-39,1.12566634066229e-38
"LPCHMCBP_01119",1316.03480162757,-1.22893340296825,0.0938653218765566,-13.0925178585595,3.63359795064894e-39,1.18655358540778e-38
"LPCHMCBP_00299",36886.2076773427,0.689116623343219,0.0526539707390179,13.0876477817572,3.87420646780261e-39,1.26374930542127e-38
"LPCHMCBP_02268",135.940145175993,-2.62006732209552,0.200279225205541,-13.0820723887194,4.16916324155003e-39,1.35848630704578e-38
"LPCHMCBP_00515",323.597067582885,-1.83119840455801,0.140190921349063,-13.0621754029171,5.41577502604265e-39,1.76277015760889e-38
"LPCHMCBP_01371",102.195066007814,5.5223575851344,0.423497127766043,13.0398938341446,7.25580112406259e-39,2.35911800360908e-38
"LPCHMCBP_00327",5223.68761825482,0.873187104944308,0.0670880051392477,13.0155473118022,9.98244867672373e-39,3.24213511675843e-38
"LPCHMCBP_01769",3952.84331266337,0.978210901309153,0.075390403954171,12.97527072416,1.6899816812972e-38,5.48284867629503e-38
"LPCHMCBP_00168",129.596610350773,6.51728496790074,0.503359023799053,12.947587427185,2.42454505445764e-38,7.85751588383087e-38
"LPCHMCBP_01350",3704.69348075003,-0.781251799729907,0.0603888255034972,-12.9370259019968,2.78191900708317e-38,9.00597512433288e-38
"LPCHMCBP_01683",912.050802146061,-1.13975787826995,0.0881170176712577,-12.9345943427421,2.87134613828824e-38,9.28546310452911e-38
"LPCHMCBP_02334",226.583596461547,-1.92702405447235,0.149026443271116,-12.9307525038803,3.01849939532113e-38,9.75082528025696e-38
"LPCHMCBP_02798",465.24627967238,1.32822074284261,0.102785080400788,12.9223106861765,3.36870605599867e-38,1.08704159936043e-37
"LPCHMCBP_00943",1638.54765029295,0.897182132853515,0.0694427028892018,12.9197467196085,3.48286043875341e-38,1.12267069567121e-37
"LPCHMCBP_02009",1683.58279098608,-0.866625639822697,0.0671337453129558,-12.9089422284243,4.00768482810767e-38,1.2904573142866e-37
"LPCHMCBP_00482",2911.58334087917,-1.07402756400815,0.0832601316860561,-12.8996620862662,4.52075152038965e-38,1.45410239149939e-37
"LPCHMCBP_00354",891.237200244039,-1.11654198290629,0.0865851709903742,-12.8953026267098,4.783815069915e-38,1.53706948873822e-37
"LPCHMCBP_03004",1778.32136036641,-0.924966243082433,0.071761762194101,-12.8894025843539,5.16423034195512e-38,1.65752462633233e-37
"LPCHMCBP_02173",3373.27955652762,-0.798399831896976,0.0620144873034756,-12.8744083296199,6.27178500294001e-38,2.01085756344262e-37
"LPCHMCBP_01719",49894.9605701493,-0.677995063300529,0.0526764703834188,-12.8709281082345,6.56090091042752e-38,2.10130881880395e-37
"LPCHMCBP_01022",1608.03851174635,0.910920454944537,0.0708434007457033,12.8582259653844,7.73311231248579e-38,2.47410128462365e-37
"LPCHMCBP_01005",507.30053689225,-1.38747394546735,0.108410372858909,-12.7983504611047,1.67470818805117e-37,5.35228889493244e-37
"LPCHMCBP_01083",751.108276484411,1.14697824662359,0.0896294543518967,12.7968897603729,1.70650123396762e-37,5.44809596078385e-37
"LPCHMCBP_00072",77606.2241909105,-0.619898309885468,0.0484583806397952,-12.7923859960023,1.80835406631834e-37,5.76713129970386e-37
"LPCHMCBP_01623",576.523916510458,1.18464817406907,0.0926348444867104,12.7883646875342,1.90439008224363e-37,6.06695821317742e-37
"LPCHMCBP_01471",311.88445293536,-1.60925720684029,0.12600097067243,-12.7717842033452,2.3568914342935e-37,7.50056330256076e-37
"LPCHMCBP_01301",945.241452004796,-1.01008587946758,0.0791485076833584,-12.7619068133101,2.67570028523389e-37,8.50611923303698e-37
"LPCHMCBP_00758",2536.52652582292,0.915961472308704,0.0718340064610113,12.7510843044214,3.07439057030299e-37,9.76322338780875e-37
"LPCHMCBP_02630",4525.5774986164,-0.946368129455203,0.0743088371337979,-12.7356067724651,3.74919920358268e-37,1.18936012790186e-36
"LPCHMCBP_02169",640.689368793952,-1.14746821251116,0.0901921606718933,-12.7224827963208,4.43539478217556e-37,1.40555646687528e-36
"LPCHMCBP_01313",3045.1571184375,0.869130991162894,0.068335455688386,12.7185950895855,4.66166327493305e-37,1.47570163376309e-36
"LPCHMCBP_01038",567.548574646405,-1.61956455835599,0.127433587731105,-12.7090870404857,5.26454649690113e-37,1.6647949459642e-36
"LPCHMCBP_01287",254.945013038505,-1.95437010662515,0.153938215108331,-12.6958085440305,6.23823438168383e-37,1.97062540836139e-36
"LPCHMCBP_01419",82.0219039008702,4.6637521936113,0.367473046236746,12.691412993068,6.59844960886974e-37,2.08222368835101e-36
"LPCHMCBP_00285",7411.83174956831,-0.834473513272271,0.0658694703098955,-12.6685930423659,8.82836397823092e-37,2.78297482128897e-36
"LPCHMCBP_00288",572.009110591776,-1.19717171765528,0.094529628282206,-12.6645131204926,9.29955426921319e-37,2.92843256683198e-36
"LPCHMCBP_02461",7186.10674860409,0.790303003723816,0.0624614424427777,12.6526537463145,1.08158739851223e-36,3.40235197372663e-36
"LPCHMCBP_02400",5585.60971096663,0.75529798910329,0.0597594836707526,12.6389644406005,1.2873830386913e-36,4.04548324514408e-36
"LPCHMCBP_01889",331.471851052793,-1.66109735239299,0.1316575497425,-12.616802877175,1.706080731815e-36,5.3555944311473e-36
"LPCHMCBP_01966",555.021058014073,-1.18882877354976,0.0943866949215738,-12.595300370858,2.24105196400718e-36,7.027583013569e-36
"LPCHMCBP_00425",2243.2359047465,-0.854162574554507,0.0679347558864271,-12.5732780431638,2.96183579060456e-36,9.27815157369966e-36
"LPCHMCBP_03084",1700.54639989741,0.876683799031653,0.0697627362886326,12.566648696297,3.22090006882822e-36,1.00791669515678e-35
"LPCHMCBP_01241",886.594319603251,1.04341757199748,0.0830454070868274,12.5644223877011,3.31285582436537e-36,1.03561253426255e-35
"LPCHMCBP_00700",4926.24169084573,-0.757190202897518,0.0603279904552514,-12.55122534637,3.91405805984619e-36,1.22227765219546e-35
"LPCHMCBP_01827",773.734375067681,-1.14539707878217,0.0913064686612454,-12.5445337616953,4.25913725268743e-36,1.32865601822401e-35
"LPCHMCBP_01398",104.970052629897,2.88166170515911,0.229723640264932,12.5440363988477,4.28596117399366e-36,1.33563546034839e-35
"LPCHMCBP_01444",378.479734268021,1.39067218328244,0.111019188587217,12.5264127848487,5.35295837057129e-36,1.66641370021623e-35
"LPCHMCBP_01188",825.888654668253,1.05793371919726,0.084523523456654,12.5164412926988,6.06960295169976e-36,1.88755217181875e-35
"LPCHMCBP_01503",7090.24963057561,0.778368219889514,0.0623456806583787,12.4847176527683,9.04636808559533e-36,2.81036755951052e-35
"LPCHMCBP_00435",487.351512574318,-1.23604155092189,0.0995981295986145,-12.4102887865786,2.29822354355436e-35,7.13233594023437e-35
"LPCHMCBP_03085",446.32557968841,1.36082971447584,0.109671914279622,12.4081878520533,2.35932278577318e-35,7.31438809928235e-35
"LPCHMCBP_00976",1485.15766211949,0.970562876793088,0.0782355143162602,12.4056559898063,2.43510222998763e-35,7.54152919730947e-35
"LPCHMCBP_02823",613.375707185886,1.1453888183462,0.0923557755196624,12.4019186878285,2.55140183221605e-35,7.89356381286637e-35
"LPCHMCBP_02826",546.642878446591,1.37063522627502,0.110755846781826,12.3752855140459,3.55627414692626e-35,1.09911212306135e-34
"LPCHMCBP_00971",1886.57050521559,0.818580446487961,0.0661687598549901,12.3711015331388,3.74647906673243e-35,1.15670613984198e-34
"LPCHMCBP_02634",1992.40192864851,-0.798090923224441,0.0645817066437601,-12.3578481384334,4.41826045725382e-35,1.36271322016636e-34
"LPCHMCBP_02789",143.811830963249,2.18332690365489,0.17677188500406,12.3510981602349,4.80510024612192e-35,1.48050367952894e-34
"LPCHMCBP_01413",102.40383739021,6.01545940679524,0.487645861476404,12.3357130286777,5.81716715495658e-35,1.7904942186692e-34
"LPCHMCBP_00388",3234.17093175986,-0.978760490825693,0.0793619896121061,-12.3328623136786,6.02672121283753e-35,1.85309327456203e-34
"LPCHMCBP_02099",455.142444685755,-1.28896694417407,0.104588090094962,-12.3242229875671,6.70870035283187e-35,2.06067653621786e-34
"LPCHMCBP_02512",925.424123741592,1.35104520721213,0.109717932380822,12.3138048438861,7.63376677028886e-35,2.34242679730438e-34
"LPCHMCBP_01081",5054.05436936731,0.781381531447399,0.0634686263789639,12.3113036475984,7.87409347400817e-35,2.41370321915205e-34
"LPCHMCBP_01393",96.8360793604883,3.23565697867738,0.26292597507003,12.3063420334015,8.37329633528945e-35,2.56410839818404e-34
"LPCHMCBP_01239",955.441863164144,0.95994528978191,0.0780053915442694,12.3061402651524,8.39424900400995e-35,2.56790430795452e-34
"LPCHMCBP_00221",3875.09341698571,-0.724395947500556,0.0589267392731395,-12.293161923364,9.85735201737743e-35,3.01241480693988e-34
"LPCHMCBP_02824",1043.69406089469,0.959473783449048,0.0780810174578788,12.2881823865403,1.04836760133232e-34,3.2005607035588e-34
"LPCHMCBP_01143",6217.77213366828,-0.886811733718009,0.0721710342665508,-12.2876406404643,1.05541572249604e-34,3.21880343822217e-34
"LPCHMCBP_02019",2546.28853810431,0.863124000553469,0.070268904097832,12.2831572746856,1.11558053415655e-34,3.39883977969928e-34
"LPCHMCBP_01815",1510.11547479054,-0.840667050973177,0.0684735117561834,-12.2772591825957,1.19994875420574e-34,3.65217668496088e-34
"LPCHMCBP_02948",131.224455099279,2.3840090369026,0.194576193088015,12.252316170171,1.63265435667695e-34,4.96412940667428e-34
"LPCHMCBP_01298",2571.6989832922,-0.799396378553981,0.0654165254514237,-12.2200984084303,2.42790629103807e-34,7.37464248927656e-34
"LPCHMCBP_02413",8214.51261642731,0.70359793409072,0.0575792037511873,12.2196537682446,2.44122177184005e-34,7.40759002759553e-34
"LPCHMCBP_03088",2416.50368692623,0.794211310867697,0.0650664021269992,12.2061660842646,2.88150450069882e-34,8.73474243090621e-34
"LPCHMCBP_00069",4098.49257156128,0.773992469018557,0.0634278907673009,12.2027149201306,3.00630330177395e-34,9.10385086642143e-34
"LPCHMCBP_01121",2134.1573109584,-0.892247714633197,0.0731387151626366,-12.1993900583177,3.13160909652245e-34,9.47374888978213e-34
"LPCHMCBP_02488",3134.45443415039,-0.758906141118959,0.0622146712760117,-12.1981861441028,3.17824978301062e-34,9.60516374503008e-34
"LPCHMCBP_02675",10725.3001623854,0.659072255206303,0.0540773084105795,12.1875935503729,3.61952365544734e-34,1.09277570321906e-33
"LPCHMCBP_00135",2593.17973842835,-0.84292233717611,0.0693396904707925,-12.156419093494,5.30328169380564e-34,1.59951239830259e-33
"LPCHMCBP_00200",75.7885291753434,4.27157865702533,0.35158365716151,12.1495370163439,5.7691364967488e-34,1.73827094646016e-33
"LPCHMCBP_01396",105.869002686668,2.66261241662288,0.219167274601261,12.1487682021281,5.82363890712677e-34,1.75293283453234e-33
"LPCHMCBP_02317",219.277159345071,-1.73498613571114,0.143066926815586,-12.1270944608151,7.58947073412328e-34,2.282164496303e-33
"LPCHMCBP_00212",318.901841419433,1.42867154507365,0.117872750780859,12.1204564719944,8.22994764167643e-34,2.47227956683393e-33
"LPCHMCBP_02586",5001.29430106183,0.774673604224248,0.0639776658293064,12.1085005866124,9.52188530720583e-34,2.85751778069247e-33
"LPCHMCBP_00893",19759.8683782772,0.748959504203252,0.0618911377104244,12.1012398852236,1.04027959296635e-33,3.11876029819383e-33
"LPCHMCBP_00117",1807.63613789369,-0.855088919779998,0.0707204924422677,-12.0911052829284,1.17692625446346e-33,3.52490587788907e-33
"LPCHMCBP_01866",2647.74831752092,0.795015789292521,0.0657680002443908,12.0881855361008,1.21950274019414e-33,3.64878137918507e-33
"LPCHMCBP_00026",16454.0956694876,-0.707327120869629,0.058730259793639,-12.0436572791431,2.09459247996218e-33,6.26082871749652e-33
"LPCHMCBP_02707",1367.7755201427,-0.909885939776099,0.075627523777391,-12.0311481102348,2.43747395087002e-33,7.27846699160292e-33
"LPCHMCBP_01173",1710.38204835248,0.993759181285315,0.0827844825327326,12.0041721694931,3.37827274588183e-33,1.00777301296137e-32
"LPCHMCBP_01826",476.950413129372,-1.28150010367679,0.106862752724686,-11.9920184629566,3.91253400774582e-33,1.16598952902137e-32
"LPCHMCBP_00319",594.309127515398,-1.28646884462997,0.107362479193545,-11.9824807911786,4.38987452324334e-33,1.30694577819973e-32
"LPCHMCBP_01189",260.41642414148,1.54638471261832,0.12918208073413,11.9705821723134,5.06718242887631e-33,1.5070975687867e-32
"LPCHMCBP_00470",25515.935414692,0.654511854941686,0.0546806125936015,11.9697242568616,5.11984933883782e-33,1.52125424414379e-32
"LPCHMCBP_00128",14802.9948405915,-0.696139354508737,0.0582483428152275,-11.9512302129692,6.39712050337357e-33,1.8988880940281e-32
"LPCHMCBP_02755",410.665286512988,1.25595937800099,0.105158931655457,11.9434398793249,7.02563019213501e-33,2.08339092950565e-32
"LPCHMCBP_00260",969.993943186805,-1.11678577092931,0.0936561199716648,-11.9243224176614,8.84003324267511e-33,2.618848939908e-32
"LPCHMCBP_00027",1596.87176972697,-0.924061263929548,0.0776401603625155,-11.9018464106069,1.15757243410181e-32,3.42591210526581e-32
"LPCHMCBP_02154",254.875135497946,1.58681008899716,0.133409158917505,11.8943114691127,1.26693558043626e-32,3.74588539594996e-32
"LPCHMCBP_00817",17880.0660365502,-1.0830635912585,0.0911375300142385,-11.883837438751,1.43619393863725e-32,4.24214371048265e-32
"LPCHMCBP_01426",306.662996216604,1.53782510213302,0.129506857281716,11.8744685371199,1.60651785713341e-32,4.74057039258345e-32
"LPCHMCBP_01310",1416.02656329444,-0.985747578177144,0.0830555466615528,-11.8685339847803,1.72463270789985e-32,5.08410879804269e-32
"LPCHMCBP_01037",216.887745481819,-1.79506804443461,0.151414292850248,-11.855340804649,2.01901089310781e-32,5.94607624162565e-32
"LPCHMCBP_02126",588.887168564821,-1.29488920757333,0.109342201826451,-11.8425382509545,2.35224461952611e-32,6.92067265019396e-32
"LPCHMCBP_03071",330.751490570548,1.43195154687647,0.121074643065265,11.8270143989157,2.83030637694077e-32,8.31904939980337e-32
"LPCHMCBP_02979",115.834699602846,2.33680742513382,0.197628861107271,11.8242214828401,2.92602789729062e-32,8.59198602717139e-32
"LPCHMCBP_00811",2227.74144152456,0.755412207856737,0.0638932116461247,11.8230432998206,2.96736546127156e-32,8.70485214982985e-32
"LPCHMCBP_01344",778.984708245816,1.0446958333933,0.0884719506479486,11.8082152110605,3.5399595404816e-32,1.03744322079934e-31
"LPCHMCBP_00833",1006.9162186501,-0.914558502623991,0.0774817401961417,-11.8035359080582,3.74248349438889e-32,1.09572614308888e-31
"LPCHMCBP_00876",3624.84243698555,-0.759973126071074,0.0644427525816839,-11.7929960410641,4.24177801358372e-32,1.24069939754042e-31
"LPCHMCBP_00097",2276.33210111528,0.769993145069512,0.0653690435479398,11.7791710460751,4.9982195178396e-32,1.46053133135702e-31
"LPCHMCBP_02819",267.649892239014,1.52098209261346,0.129667348698677,11.7298773197557,8.95884252742746e-32,2.61531969112936e-31
"LPCHMCBP_01425",174.023228875939,1.92294792155758,0.164092525888223,11.7186807330119,1.02251924178555e-31,2.98209936306943e-31
"LPCHMCBP_01311",787.208522220431,-1.07340929025852,0.0916134081686922,-11.7167269695064,1.0463704279792e-31,3.04869675181124e-31
"LPCHMCBP_01631",3856.48446136871,0.720340423891932,0.0615527693989909,11.7028109527066,1.23300275590719e-31,3.5889828035669e-31
"LPCHMCBP_01293",6263.18666497091,-0.684124373991722,0.0585010378881629,-11.6942262682514,1.36424890532904e-31,3.96716178768648e-31
"LPCHMCBP_03090",476.135742194729,1.30073250797968,0.111277391383184,11.6890995719032,1.44914819064043e-31,4.20996487910157e-31
"LPCHMCBP_00654",13204.4889749246,-0.698099989726726,0.0597336916072576,-11.6868716957367,1.48765823990176e-31,4.31766187422163e-31
"LPCHMCBP_01348",1425.48965746582,0.92812165845198,0.0794306504324327,11.6846790678301,1.52655073599649e-31,4.42625967026614e-31
"LPCHMCBP_01957",944.107745966656,0.895129184100646,0.0766510971667798,11.6779696206174,1.65194312509481e-31,4.78521362780842e-31
"LPCHMCBP_00640",3146.0009110239,-0.848988030295968,0.0727489749405936,-11.6701029944305,1.8120373830718e-31,5.24389989064462e-31
"LPCHMCBP_00270",790.256422367084,-1.41075918908177,0.120958427210244,-11.6631740476391,1.96575195091367e-31,5.68325780798836e-31
"LPCHMCBP_03141",489.486003160645,1.16432934440159,0.0998941157775894,11.6556349224205,2.14773540487024e-31,6.20342054861943e-31
"LPCHMCBP_01229",341.320997298734,-1.3463630797669,0.115587469433475,-11.6480020400635,2.34901646389074e-31,6.77826770013089e-31
"LPCHMCBP_01082",6782.84681848892,-0.941602083831883,0.0808530678539175,-11.6458423758655,2.40929204015127e-31,6.94551912823628e-31
"LPCHMCBP_00186",72.9854300853083,3.50818129111742,0.302066331486015,11.613943446987,3.50089194459816e-31,1.00827031916882e-30
"LPCHMCBP_01303",1019.32515828816,-1.0598014142093,0.0912710236747578,-11.6115868053138,3.5987441422923e-31,1.0354584056586e-30
"LPCHMCBP_01387",69.2732998078576,3.84043863505739,0.330995329165118,11.6026973696102,3.99291191827755e-31,1.14777094509109e-30
"LPCHMCBP_02163",10264.4060073525,0.868058694670837,0.0749214356229353,11.5862528187474,4.83840275660562e-31,1.3894781504855e-30
"LPCHMCBP_01608",208.744454641703,-1.67252810243652,0.144449529341086,-11.5786331050425,5.28825309343791e-31,1.5172129573047e-30
"LPCHMCBP_00238",4998.21790826266,0.767357833833621,0.0663140777899517,11.5715675978215,5.74237871562167e-31,1.64592918104877e-30
"LPCHMCBP_02246",1937.88243007619,0.794079013021259,0.0686343431412644,11.5697036888205,5.86849912314656e-31,1.68047384242012e-30
"LPCHMCBP_02585",2735.0513774533,0.821167232122667,0.0710701054287296,11.5543269166267,7.01952911316101e-31,2.00816080730183e-30
"LPCHMCBP_00550",438.212458241311,-1.2484977197671,0.108147381932845,-11.5444100213389,7.87801722769538e-31,2.25161235241084e-30
"LPCHMCBP_02865",185.338097115807,-1.87314577165645,0.163016411236299,-11.490534955657,1.47197557720419e-30,4.2030434892386e-30
"LPCHMCBP_00463",2949.45124788422,-0.73225427207086,0.0641348650308417,-11.4174134726677,3.42269126741691e-30,9.76377993680433e-30
"LPCHMCBP_00269",1321.25650177761,-0.811550722832599,0.0712639965591649,-11.3879485015808,4.80161618825607e-30,1.36843781395598e-29
"LPCHMCBP_01535",2001.40528435519,-0.741209157138663,0.0651043092575668,-11.3849477183803,4.96980424636435e-30,1.41502680676844e-29
"LPCHMCBP_02875",701.29350910806,1.00567438416189,0.0883996539201178,11.3764515986756,5.47837032113422e-30,1.55834969987903e-29
"LPCHMCBP_02917",254.538940902594,1.4548250436175,0.128070623376836,11.3595530751561,6.64838828070449e-30,1.88937625287824e-29
"LPCHMCBP_03097",531.733623410696,1.11156987247055,0.0979400044474122,11.3494978761961,7.45898099023461e-30,2.11772960753965e-29
"LPCHMCBP_01028",93.4105709228442,2.85739308338976,0.251860521991403,11.3451407977599,7.83999501195669e-30,2.22380198779603e-29
"LPCHMCBP_02499",6110.71213088523,0.638030276340977,0.0564653846500742,11.2994940226647,1.31976195797255e-29,3.73994866466063e-29
"LPCHMCBP_02320",158.229131191921,-2.07616194725614,0.184173334905186,-11.2728693777792,1.78651241809955e-29,5.05785261011014e-29
"LPCHMCBP_02693",336.301255932422,-1.31243332039941,0.116647574582855,-11.2512696907143,2.28281955726816e-29,6.45687228215055e-29
"LPCHMCBP_01272",1349.30537085658,-0.791803601991444,0.0704186807220391,-11.2442265869322,2.4725426500929e-29,6.98691195191036e-29
"LPCHMCBP_00929",1444.68984500135,1.06797153396685,0.0951574384670913,11.2232059959894,3.13688117645795e-29,8.85586115762024e-29
"LPCHMCBP_02042",1189.7339382432,0.926140470627116,0.0827086090414289,11.1976308314315,4.18783452542525e-29,1.18117400477455e-28
"LPCHMCBP_00499",254.293616304412,-1.57005406539914,0.140305380818917,-11.1902626701503,4.550834865802e-29,1.28235262274853e-28
"LPCHMCBP_01315",4905.52272708902,0.672330399729416,0.0601743513055193,11.1730394286402,5.52570910899553e-29,1.55559596961497e-28
"LPCHMCBP_00268",3295.17192328478,-0.786456476775093,0.0704163214304388,-11.1686674452598,5.80451294679119e-29,1.63255326647801e-28
"LPCHMCBP_02615",2303.11202408636,0.754627702964704,0.0677215875543711,11.1430893783883,7.73873978021973e-29,2.1745279101535e-28
"LPCHMCBP_02332",170.546353663888,-1.91584602644649,0.172039199692496,-11.1361017132775,8.37035397810366e-29,2.34980657514397e-28
"LPCHMCBP_00255",990.032228508283,0.940842805885476,0.0844918034228026,11.1353145248591,8.44463787651268e-29,2.36844469788921e-28
"LPCHMCBP_00383",726.910825772736,-0.977534966899434,0.0878300164655918,-11.129850661959,8.97858012772845e-29,2.515846775286e-28
"LPCHMCBP_00638",8185.77996835606,-0.654261160450736,0.0589278992398502,-11.1027402790611,1.21655673820846e-28,3.40567795836154e-28
"LPCHMCBP_02701",5984.058385277,-0.743967025802513,0.0670504751354573,-11.0956264560323,1.31733805356926e-28,3.68437231944207e-28
"LPCHMCBP_00462",10582.5179331736,-0.604834873920999,0.0547132137753793,-11.0546398609319,2.08170617233143e-28,5.81675998432646e-28
"LPCHMCBP_02303",91.5649468302068,-2.7649195265303,0.250603128714044,-11.0330606833136,2.64700336031003e-28,7.38944845050269e-28
"LPCHMCBP_02665",994.886398969752,0.972253194501529,0.0881902950207873,11.0244919157188,2.91157997452294e-28,8.12049396240087e-28
"LPCHMCBP_01354",21299.4649077035,-0.620779237045017,0.0564039770585769,-11.0059479742062,3.57733563811482e-28,9.96804480035522e-28
"LPCHMCBP_01349",9622.86126300725,-0.750423858420936,0.0683620892490993,-10.9771931587188,4.91972844598276e-28,1.36958303027776e-27
"LPCHMCBP_00957",377.826096159982,-1.48218754803756,0.135085134891855,-10.9722476068455,5.19643506156553e-28,1.4452735514141e-27
"LPCHMCBP_02782",622.279989991486,-1.06067828398601,0.0966821437455492,-10.9707774661838,5.28162781838443e-28,1.46760787805293e-27
"LPCHMCBP_00440",3054.85505341241,0.665857799018837,0.0607457216646545,10.9613941652499,5.85897354341789e-28,1.62652910303396e-27
"LPCHMCBP_00613",594.816237005306,-1.00288075956664,0.091498895693847,-10.9605777420774,5.91207293961936e-28,1.63975331717169e-27
"LPCHMCBP_00614",4750.80626823319,-0.908379932541112,0.0829120659045291,-10.9559437776775,6.22263107016015e-28,1.72429509155592e-27
"LPCHMCBP_00432",693.394198898524,-1.12681201862721,0.102919345946934,-10.9484957202138,6.75602526020664e-28,1.87037193781182e-27
"LPCHMCBP_00192",64.5003182556049,3.35200649663755,0.307396312890617,10.9045110694946,1.09681312172108e-27,3.03367389703683e-27
"LPCHMCBP_02547",2540.29272597343,-0.682936975732508,0.0626723076081935,-10.8969495746352,1.191862351867e-27,3.29353491524206e-27
"LPCHMCBP_00445",1446.29095401502,0.76968229500791,0.0706569368402181,10.8932304374934,1.24156571320729e-27,3.42772649984828e-27
"LPCHMCBP_01103",146.101324832943,1.87286492911032,0.172164669052139,10.8783349070484,1.46209294522295e-27,4.03285011821146e-27
"LPCHMCBP_00664",4022.01268403988,-0.889809913069131,0.0818415989485868,-10.8723427266874,1.56139236801184e-27,4.30279017116944e-27
"LPCHMCBP_01472",689.890456140305,-1.02257805567547,0.0941432425275077,-10.8619379173889,1.74995553177498e-27,4.81799683564837e-27
"LPCHMCBP_00617",163.765551358699,-1.8352311811999,0.169433725523699,-10.8315577405114,2.43969161810179e-27,6.71082909800503e-27
"LPCHMCBP_01881",171.757337728862,-1.71103247197162,0.158675708009401,-10.7832036386455,4.13237989714847e-27,1.13564762558082e-26
"LPCHMCBP_01801",405.911474041166,-1.27449036907903,0.118199990407144,-10.7824913072243,4.16451332281056e-27,1.1434313341038e-26
"LPCHMCBP_01230",850.9408831569,-0.980783427953997,0.0909663638956852,-10.7818251269085,4.19478902491235e-27,1.15069121240969e-26
"LPCHMCBP_02190",444.075136018728,1.21439145570737,0.112692662945507,10.7761359432476,4.4623955138069e-27,1.22298163807621e-26
"LPCHMCBP_00271",432.019059623915,-1.13412476961973,0.105471145561229,-10.752938764293,5.74030251097384e-27,1.57177443753946e-26
"LPCHMCBP_01515",647.865086418899,-0.945984660678113,0.0882866716201416,-10.7149204213776,8.66317291867328e-27,2.36993454229157e-26
"LPCHMCBP_00655",29754.9033073644,-0.652840809138659,0.0609300806099152,-10.714589618193,8.69419773531879e-27,2.37625568339633e-26
"LPCHMCBP_02474",1567.53016100394,-0.751985884930982,0.0702327440510321,-10.707055449586,9.43140119928835e-27,2.57539899900494e-26
"LPCHMCBP_02526",1011.64098563651,0.844259919861218,0.0790231748502306,10.6837003380503,1.21336607882098e-26,3.31028327503798e-26
"LPCHMCBP_01667",493.992402359218,1.16833380064506,0.109384850655721,10.6809470748586,1.24989936263126e-26,3.4068555742565e-26
"LPCHMCBP_02164",12048.5372300938,0.774445368102674,0.072605836793454,10.6664340265891,1.4612725162768e-26,3.97938187055052e-26
"LPCHMCBP_01219",1028.45067747672,-0.920835854954902,0.0863361650116965,-10.6657025457426,1.47281729174219e-26,4.00718467136747e-26
"LPCHMCBP_01759",17326.1052619535,0.599535162518799,0.0563333216496546,10.6426382283544,1.88709104130972e-26,5.1296741077631e-26
"LPCHMCBP_02245",1268.90381319359,0.902185951339431,0.0849606933985496,10.6188628558772,2.43509337868141e-26,6.613316949704e-26
"LPCHMCBP_02815",192.546343161409,1.56977275161809,0.147931295236005,10.6114987306352,2.63488242512272e-26,7.14944137232666e-26
"LPCHMCBP_01530",15686.8759903098,-0.578124808240854,0.0545886922937567,-10.5905597651947,3.29614843558061e-26,8.93562913746831e-26
"LPCHMCBP_02472",1450.30756025038,0.929089964617247,0.0881374150543216,10.5413797766207,5.5675973847341e-26,1.50797470682193e-25
"LPCHMCBP_01822",1137.60101926685,-0.838938108063057,0.0797247075299919,-10.5229374187099,6.77285198727848e-26,1.83276184074145e-25
"LPCHMCBP_00848",953.361421970246,0.931547536633658,0.0886112838528991,10.5127416749778,7.54671264665274e-26,2.04033195068512e-25
"LPCHMCBP_01181",725.590344167939,0.891054672893906,0.0849800008916869,10.48546320951,1.00750744650459e-25,2.72144900716495e-25
"LPCHMCBP_00609",2142.86405215597,0.827167998231578,0.0789413298901496,10.4782627729051,1.08722477052786e-25,2.93413807226089e-25
"LPCHMCBP_00691",2311.89760406045,-1.10899678943332,0.105961345370237,-10.466050478676,1.23696801382324e-25,3.33355971209237e-25
"LPCHMCBP_02227",2363.32784044362,0.767598810864936,0.0733420419237507,10.4660136359847,1.23744935663809e-25,3.33355971209237e-25
"LPCHMCBP_00834",411.865029174129,-1.1622188101123,0.111213602554684,-10.4503296666505,1.46016781706345e-25,3.93001221435641e-25
"LPCHMCBP_00177",57.3768691824747,4.89700980318844,0.469708344266763,10.4256393631518,1.89381299341526e-25,5.09259210863728e-25
"LPCHMCBP_02486",1443.83449435056,-0.747273697060902,0.0718797503389627,-10.3961643374802,2.58115001146507e-25,6.93467429221726e-25
"LPCHMCBP_01312",4016.57111860518,0.590298729375949,0.0568149700463462,10.3898449456969,2.75801103716608e-25,7.40321209529106e-25
"LPCHMCBP_01187",730.962604593175,0.952522913510764,0.0918190340988163,10.373915635898,3.25891094356553e-25,8.73993900057207e-25
"LPCHMCBP_02898",592.137124828811,-0.973468709450166,0.0938704813724597,-10.3703389523234,3.38322567104079e-25,9.06523235606554e-25
"LPCHMCBP_02113",739.414587311867,-0.952925971901909,0.0919954451609206,-10.3584038343967,3.83304925656135e-25,1.02613566627481e-24
"LPCHMCBP_00106",9131.06298043331,-0.608622211059654,0.0587725738229314,-10.3555480298225,3.94918392701239e-25,1.05628350846383e-24
"LPCHMCBP_00286",1555.30435805902,-0.754459969206396,0.0730116158471918,-10.3334238045824,4.97523803307555e-25,1.32953600509882e-24
"LPCHMCBP_01821",2003.80529394057,-0.742672117843235,0.0719436816642988,-10.322965139714,5.54827361893597e-25,1.48134956676395e-24
"LPCHMCBP_00972",765.767850910004,1.03739356792788,0.100593308073886,10.3127493050126,6.17102328453201e-25,1.64615474461161e-24
"LPCHMCBP_01196",498.484345684498,-0.998428538932424,0.0968167173725169,-10.3125634294212,6.18297312295528e-25,1.64787765026543e-24
"LPCHMCBP_00091",413.297317424214,1.09225232758764,0.105922608343382,10.3117959864315,6.23255484755442e-25,1.6596181985369e-24
"LPCHMCBP_02263",1607.0834227919,2.45931356688299,0.239130618669865,10.2843942802583,8.28614299086201e-25,2.20449602088448e-24
"LPCHMCBP_00302",388.58980841901,-1.26026965958586,0.122661309090095,-10.2743861852982,9.19277371616999e-25,2.443535334121e-24
"LPCHMCBP_02625",730.136775571959,0.932024468472978,0.0908862790692692,10.2548424032481,1.1255946348061e-24,2.98930044163991e-24
"LPCHMCBP_00465",626.835198311197,-0.927974665103561,0.0908315222019391,-10.2164385513706,1.67377747133133e-24,4.44120795001354e-24
"LPCHMCBP_00701",2422.07133118595,-0.732530778833458,0.0717544231787102,-10.2088588602967,1.80980724593965e-24,4.79790772532235e-24
"LPCHMCBP_02402",436.959113065,1.05524183434584,0.103472324527369,10.1983002620833,2.01772704037025e-24,5.34439439377858e-24
"LPCHMCBP_02241",338.587784005098,-1.16425315559964,0.114185832085779,-10.1961262122697,2.06338984027058e-24,5.46052284889948e-24
"LPCHMCBP_01128",1460.20261853198,-0.763494213373639,0.0750091256300069,-10.1786843528837,2.46876510175709e-24,6.527545436452e-24
"LPCHMCBP_00280",10421.0238547361,0.571257023089375,0.0561369536610208,10.176131511141,2.53437127356705e-24,6.69511284504816e-24
"LPCHMCBP_02529",501.994017200584,-1.02761189070102,0.10108560400985,-10.1657590194632,2.81917594187355e-24,7.44093843585093e-24
"LPCHMCBP_00188",55.1406122322824,3.54914470809906,0.34925855558226,10.161940635018,2.93181840798859e-24,7.73144731315796e-24
"LPCHMCBP_01195",435.922839946031,-1.12337271719445,0.110664488723358,-10.1511580648304,3.27454372868375e-24,8.62766086899029e-24
"LPCHMCBP_01594",514.232652232856,1.02413852271263,0.101154139179279,10.1245340133587,4.30022134408004e-24,1.13201440820914e-23
"LPCHMCBP_00738",869.668208762893,-0.874686579932994,0.086427150027506,-10.1205070357477,4.48088276457291e-24,1.17853892870143e-23
"LPCHMCBP_02502",1614.25742554005,-0.804216915143428,0.0795223680259767,-10.1130906323202,4.83349467293115e-24,1.27016790835958e-23
"LPCHMCBP_01986",1171.88332466093,-0.755218835416961,0.074688782990951,-10.1115429275164,4.91047567913041e-24,1.28926837384692e-23
"LPCHMCBP_02635",2594.73017716744,-0.74399910066032,0.073731716992929,-10.0906249169767,6.07813271650658e-24,1.5944472274682e-23
"LPCHMCBP_01572",745.786085321246,-0.899363501665081,0.0891915033612104,-10.0835109598143,6.53484434058933e-24,1.71275701887411e-23
"LPCHMCBP_02394",73.3852116532414,2.87086334208231,0.284737030606177,10.0825078352841,6.60192095759215e-24,1.72882764343229e-23
"LPCHMCBP_01859",1313.6447060783,0.745964245555272,0.0740011292984536,10.0804440773698,6.74207169798284e-24,1.76398929081487e-23
"LPCHMCBP_02711",136.488139208293,-1.91932547470046,0.190592676541121,-10.0703002315326,7.4749553454948e-24,1.95403667176219e-23
"LPCHMCBP_01120",376.45714854406,-1.08715584237089,0.108005441204129,-10.0657506719146,7.82877935067119e-24,2.04474907148514e-23
"LPCHMCBP_02264",118.556897700663,1.88181616327288,0.187024500053225,10.0618697696683,8.14367565573396e-24,2.12514527329197e-23
"LPCHMCBP_00653",5306.2776137695,-0.621257618490617,0.0617831577703084,-10.0554526655997,8.6921041728338e-24,2.26629058407248e-23
"LPCHMCBP_01416",58.8631120229157,5.53632698667906,0.550793655819167,10.0515445815097,9.04386255554692e-24,2.35595759802051e-23
"LPCHMCBP_01089",168.980760125188,1.57087023749762,0.156731163209773,10.0227051552928,1.21141011214261e-23,3.15302840116216e-23
"LPCHMCBP_00997",655.877230029904,0.916240962046456,0.0916818064844586,9.99370537274233,1.62395296334678e-23,4.22312204766351e-23
"LPCHMCBP_01533",938.39598384117,-0.879167150467149,0.0879937837590441,-9.99124157309335,1.66483261667538e-23,4.32568197631412e-23
"LPCHMCBP_00798",921.627375437234,-0.798438650427574,0.0799442578399048,-9.98744215033574,1.72987889159436e-23,4.49080151701962e-23
"LPCHMCBP_02036",160.669606419964,1.58554076851694,0.158811552045456,9.98378737626792,1.79482149796583e-23,4.6553667375933e-23
"LPCHMCBP_00287",3450.13483187703,-0.60734877450205,0.0608471876080464,-9.98154225983871,1.83590659496205e-23,4.75782011354154e-23
"LPCHMCBP_01213",720.526903142542,0.85305763476336,0.0855755944735302,9.96846869731327,2.09432812203654e-23,5.42284615550619e-23
"LPCHMCBP_02978",322.309607342573,1.17422773895135,0.118188492019919,9.93521212499653,2.92552613998417e-23,7.56853788456248e-23
"LPCHMCBP_00033",871.974037871268,0.837106588214662,0.0842905631642703,9.93120174773611,3.04562515557261e-23,7.87245572082119e-23
"LPCHMCBP_01144",798.67323547422,-0.929887318143616,0.0936621842832147,-9.92809771905204,3.14192184078178e-23,8.1143781791619e-23
"LPCHMCBP_01097",557.281083252674,-0.977220245613061,0.0987448184951528,-9.89642049583625,4.31441311082637e-23,1.11328923005932e-22
"LPCHMCBP_01670",313.040380523792,1.19011869340658,0.120437817321543,9.88160297051235,5.002617038644e-23,1.28976406640641e-22
"LPCHMCBP_00298",3396.80056960802,0.603360323392026,0.0610721117506045,9.87947372535474,5.11005703811382e-23,1.3163331477579e-22
"LPCHMCBP_01908",160.790828709293,-1.64248272474486,0.166319913847622,-9.87544237336281,5.31977093744408e-23,1.36917946683273e-22
"LPCHMCBP_02671",530.566348169255,0.996389565564637,0.101175376727428,9.84814287619568,6.98221521219823e-23,1.79551224094318e-22
"LPCHMCBP_02704",332.348993027785,-1.11452915589373,0.113683151220309,-9.80382003779842,1.08406555400114e-22,2.78534308866218e-22
"LPCHMCBP_00444",4032.68301378979,0.701927109643902,0.0716092901286399,9.80217941530981,1.10182229601072e-22,2.8285446623851e-22
"LPCHMCBP_01357",11003.1892649524,0.559971766769385,0.0571287680414975,9.80192267340037,1.10462699066162e-22,2.8333210247654e-22
"LPCHMCBP_02920",147.203116119912,1.60674248015381,0.164367287601602,9.77531784821002,1.43705545893619e-22,3.68283811466056e-22
"LPCHMCBP_00791",1628.02988147467,-0.667432612602748,0.0682804186635523,-9.77487580870706,1.44334234843107e-22,3.6957938461106e-22
"LPCHMCBP_01249",1174.54959792122,0.750174693047396,0.0767771308487581,9.7708091557257,1.50247250288433e-22,3.84392155256256e-22
"LPCHMCBP_01145",2010.58993714411,-0.741520353515255,0.0759177167882752,-9.76742168871147,1.55355287044389e-22,3.97121990136466e-22
"LPCHMCBP_01728",1253.14013539784,0.726979344352989,0.0744314089395302,9.76710443495169,1.55842394182159e-22,3.98028106332475e-22
"LPCHMCBP_00965",1603.81933690592,-0.704827159232192,0.0721825519772412,-9.764508734111,1.59885000142889e-22,4.0800585495647e-22
"LPCHMCBP_00796",1843.92512373768,-0.770796803123489,0.0789497411078534,-9.76313275138549,1.6206990761107e-22,4.13230070298064e-22
"LPCHMCBP_01263",218.306152208722,1.39442153855279,0.143403855721642,9.72373812081784,2.38848390524509e-22,6.08475398950807e-22
"LPCHMCBP_03007",254.385560750668,-1.31384804705223,0.135209632139799,-9.71711871602304,2.54891948689873e-22,6.4879621545234e-22
"LPCHMCBP_02522",915.507618118598,-0.845260272377649,0.0871064257665492,-9.70376484787703,2.90574256143214e-22,7.38994358208293e-22
"LPCHMCBP_01320",127.4387050403,-1.7879680024595,0.184278534201846,-9.70252997834831,2.94113566799274e-22,7.47362247218137e-22
"LPCHMCBP_01118",2958.33904411236,0.59341766945567,0.0611826870525503,9.69911094205423,3.04137152388405e-22,7.72179013805078e-22
"LPCHMCBP_01732",8314.49861507236,0.596146239480778,0.0614705936322362,9.69807194391805,3.07249628900485e-22,7.79421924201484e-22
"LPCHMCBP_02684",1435.53069122253,-0.855323917982218,0.0883545368879056,-9.68058854824125,3.64610913120328e-22,9.24153167461238e-22
"LPCHMCBP_00166",49.6313155971759,4.95278126612821,0.51174476094277,9.67822563928913,3.73135459294735e-22,9.44961614635865e-22
"LPCHMCBP_01688",2411.50045023242,0.631285855469903,0.0653106140905439,9.66589985809526,4.20904396228821e-22,1.06503717797866e-21
"LPCHMCBP_02418",1344.30607525479,0.975027536909312,0.10104473216821,9.64946431137224,4.94131729289366e-22,1.24927491120252e-21
"LPCHMCBP_00448",5522.42420080377,-0.55332767949144,0.0573640842328091,-9.64589057581377,5.11651254663795e-22,1.29247930576267e-21
"LPCHMCBP_02429",1510.39444614292,0.688995271432808,0.0716714660304144,9.61324372994445,7.02987459524271e-22,1.77431906310541e-21
"LPCHMCBP_01225",3609.56495170441,-0.576857757120985,0.0600159994635621,-9.61173290917561,7.13381072752861e-22,1.79903915910196e-21
"LPCHMCBP_02643",1300.50686729495,-0.743660156965183,0.0775051991665185,-9.59497124015439,8.39405077750287e-22,2.11507526308028e-21
"LPCHMCBP_02100",5397.17726233648,-0.69751645265248,0.0727010363265941,-9.5943123770483,8.44785043638813e-22,2.1268455670806e-21
"LPCHMCBP_00552",127.582180738389,-1.78270481127738,0.186195538092372,-9.57436912582175,1.02481042417009e-21,2.57791792366676e-21
"LPCHMCBP_03149",349.453641812953,-1.11717326431728,0.116705817529067,-9.57255848911754,1.04292255454779e-21,2.6212818979882e-21
"LPCHMCBP_01265",152.584136608272,-1.62967314084697,0.170273842876609,-9.5708954077458,1.05983753734741e-21,2.66156690341387e-21
"LPCHMCBP_02743",105.384110147579,1.91821762764022,0.200539005120335,9.56530938452184,1.11866384817144e-21,2.80694833475124e-21
"LPCHMCBP_00464",456.029169530154,-1.07830464512702,0.11283032926768,-9.5568687260394,1.21373374204609e-21,3.0429531828574e-21
"LPCHMCBP_02820",175.135048829717,1.47205381510964,0.154041792772369,9.55619763063217,1.22162685132327e-21,3.06018545978392e-21
"LPCHMCBP_02841",546.016652641364,-1.04747568097136,0.109616797192463,-9.55579535070912,1.22638260239528e-21,3.06953643852231e-21
"LPCHMCBP_01356",5042.44038875116,0.591626041511497,0.0619559688552023,9.54913711210279,1.30780999426669e-21,3.27061482732862e-21
"LPCHMCBP_01026",443.944165049415,-0.959708693925833,0.100505396148277,-9.54882753270243,1.31172346089862e-21,3.27767036316133e-21
"LPCHMCBP_01554",54.2110359715757,-3.24858484264783,0.34027839639279,-9.54684422251104,1.3370712792958e-21,3.33822870978926e-21
"LPCHMCBP_02420",430.283095471141,1.38990457046221,0.145597828476759,9.54619024887497,1.34553520672148e-21,3.35656787645151e-21
"LPCHMCBP_00493",677.147588161595,1.06120810980475,0.111256511123022,9.53839104869396,1.45065384567619e-21,3.61579085620785e-21
"LPCHMCBP_00292",16995.4441306843,0.48105916046759,0.0505922748087897,9.50854972000611,1.93339065233843e-21,4.81502518478641e-21
"LPCHMCBP_00132",1619.40443687959,-0.718600080439503,0.0758752166080277,-9.47081422056163,2.77670749504155e-21,6.90953498558847e-21
"LPCHMCBP_01761",4076.10208085433,0.612617507719175,0.0647691943469737,9.45847040241591,3.12480625812277e-21,7.76929874119836e-21
"LPCHMCBP_02018",368.701145965793,-1.04883611619667,0.111165835453565,-9.43487818822517,3.91448817931204e-21,9.72465151168495e-21
"LPCHMCBP_00666",2535.34910706267,0.724877769859969,0.0769642598537852,9.41836861989024,4.5815074456406e-21,1.13722943295016e-20
"LPCHMCBP_01467",1083.34221914543,0.808907425947881,0.0859834630273872,9.40770931371105,5.0706687689095e-21,1.25760966739648e-20
"LPCHMCBP_01820",725.509060380862,-0.854322156439654,0.0908843745043184,-9.40009942412114,5.45115368536923e-21,1.35085980262535e-20
"LPCHMCBP_02498",10191.9210657329,0.50832988607816,0.0541881703015608,9.38082764650052,6.545687007491e-21,1.61942347151529e-20
"LPCHMCBP_02784",177.449921638753,1.40657890308278,0.149941412371251,9.38085670155039,6.54388332089483e-21,1.61942347151529e-20
"LPCHMCBP_02710",541.343119647972,-0.947549262543386,0.101110277061769,-9.37144363638251,7.15471356657428e-21,1.76864047885415e-20
"LPCHMCBP_02247",5987.69484802621,-0.522512537500158,0.0557788446967064,-9.36757547312576,7.4217739645318e-21,1.83314762695967e-20
"LPCHMCBP_00841",3190.23045374052,0.557878397266507,0.0595820240270678,9.36319983042311,7.73576839609441e-21,1.90913165762166e-20
"LPCHMCBP_01703",85.4553910789149,-2.1790825130652,0.232757954042539,-9.36201094406831,7.82332871527058e-21,1.92915443504741e-20
"LPCHMCBP_00612",584.126562925755,-0.901763645600371,0.0964101594323541,-9.35340892401584,8.48673787974299e-21,2.0910263035393e-20
"LPCHMCBP_00326",3744.93386145298,0.581878453940762,0.062222429824079,9.35158680858177,8.63424811207427e-21,2.1256258067543e-20
"LPCHMCBP_02901",305.505869912635,-1.13126818261605,0.121316541783701,-9.32492936233733,1.11057544358047e-20,2.73183352965983e-20
"LPCHMCBP_00092",527.09063477089,-0.941433796907006,0.10098041709861,-9.32293432683754,1.13166407462266e-20,2.78142824565324e-20
"LPCHMCBP_02694",2181.83605433831,-0.607685968083217,0.0652244842257235,-9.31683822872692,1.19858771339062e-20,2.94350386897321e-20
"LPCHMCBP_02837",122.275877150247,-1.89547651854829,0.20394898522938,-9.29387570336013,1.4877012784488e-20,3.65052455979137e-20
"LPCHMCBP_01829",392.003250484107,-1.11725683005181,0.120332638056638,-9.28473644470368,1.62107870823007e-20,3.97455653872421e-20
"LPCHMCBP_00450",3085.6832858431,-0.607029355942164,0.065392194598058,-9.28290233526115,1.64923667317596e-20,4.04029327036821e-20
"LPCHMCBP_01042",466.832930336893,-1.29807749320193,0.139869763546208,-9.2806154832248,1.68502354267964e-20,4.12459677943035e-20
"LPCHMCBP_01819",852.709542278834,-0.923932644306569,0.0996257593277076,-9.27403364894211,1.79236360784406e-20,4.38376787867971e-20
"LPCHMCBP_01342",9815.12710587621,0.500221996985613,0.0540273447647753,9.25868186125903,2.06971426981929e-20,5.05799065450137e-20
"LPCHMCBP_01772",9318.13941486503,0.522789478477303,0.0565658602831401,9.24213785241634,2.41620551341206e-20,5.89994527725761e-20
"LPCHMCBP_02323",5499.35701187874,0.668407998953571,0.0723273504110775,9.24142796818393,2.43229205866282e-20,5.93439712849359e-20
"LPCHMCBP_00173",44.3515312010831,4.93977214142992,0.535213773468311,9.22953105152552,2.71819315686033e-20,6.62656187143612e-20
"LPCHMCBP_02378",457.641956333834,0.927338009150722,0.100677539654458,9.21097210294867,3.23184639607531e-20,7.87237908654385e-20
"LPCHMCBP_00645",76.8726938701929,-2.33303041331423,0.253370299018781,-9.20798697538456,3.32298007396654e-20,8.08780470557469e-20
"LPCHMCBP_01407",41.5310817092243,4.17934576602105,0.454603339209605,9.19338994141016,3.80652168033683e-20,9.25718927284507e-20
"LPCHMCBP_02012",188.610657685829,1.32894363269551,0.14520257433449,9.152342090259,5.57123441317057e-20,1.35378740679554e-19
"LPCHMCBP_02617",1252.48185155432,0.672802736962417,0.0735636408923688,9.14585967742947,5.91574492832437e-20,1.43633903963604e-19
"LPCHMCBP_02656",3835.72292042373,-0.554630706119711,0.0606497439441209,-9.144815296017,5.97318488383432e-20,1.44911300213313e-19
"LPCHMCBP_02965",73.0060000672142,2.29993948038506,0.251526827543066,9.14391320739442,6.02324236718619e-20,1.46007676445281e-19
"LPCHMCBP_01607",1222.43030677591,0.697557903029576,0.0763285877730452,9.13888129443307,6.31016883839487e-20,1.52839521259266e-19
"LPCHMCBP_01844",393.256286869824,-1.07212470013178,0.117545296336706,-9.120949400312,7.44690616357225e-20,1.80227140297422e-19
"LPCHMCBP_02876",1521.81394031202,0.617463599595626,0.0677333768454954,9.11609059451005,7.7883149436333e-20,1.88337898032583e-19
"LPCHMCBP_01492",2877.16121601637,0.619123209953168,0.067966137660095,9.10928929122706,8.29233894263423e-20,2.00364808106645e-19
"LPCHMCBP_00136",6607.08028516644,-0.575182386652791,0.0632695630208612,-9.09098086331247,9.81495489007107e-20,2.36964437852802e-19
"LPCHMCBP_01646",1821.95372697207,0.610809524981429,0.0672090722907622,9.08820050868913,1.00691712866665e-19,2.42906616007123e-19
"LPCHMCBP_00525",143.698612726419,1.52358991319945,0.167891460993081,9.07485052656869,1.13833637116836e-19,2.74389353403714e-19
"LPCHMCBP_00581",368.223975362729,1.02688207779304,0.113263719632007,9.06629308245723,1.23134930172603e-19,2.96571368738347e-19
"LPCHMCBP_02084",479.09804392129,-0.90688904417164,0.100104429816152,-9.05942969594051,1.31134375986429e-19,3.15584813420428e-19
"LPCHMCBP_01335",4549.78099810343,0.728363151333972,0.0804265054100443,9.05625760587887,1.350030011667e-19,3.24634620593965e-19
"LPCHMCBP_01039",867.948530087229,-1.02575797671174,0.113280234744823,-9.05504812046324,1.36507584285512e-19,3.27989800192811e-19
"LPCHMCBP_00351",234.424451414086,-1.21463799769708,0.134327087893892,-9.04239060595544,1.5328225720839e-19,3.68000043105902e-19
"LPCHMCBP_00329",331.197053065386,-1.03520050446858,0.114607668848789,-9.03255877086549,1.67703704087588e-19,4.02301211804038e-19
"LPCHMCBP_01377",755.078237819352,0.778327119747187,0.0861858166404144,9.03080286393913,1.70416844991388e-19,4.08483188353959e-19
"LPCHMCBP_00193",41.886742945465,4.85610749725303,0.538182257248481,9.02316535309143,1.82731458299501e-19,4.37651321912852e-19
"LPCHMCBP_00580",668.465706261723,0.782886263504502,0.0868438020299636,9.01487780595308,1.97090059551081e-19,4.71664488606694e-19
"LPCHMCBP_01172",180.331229517439,1.3590789685997,0.151214444694377,8.98775888339615,2.52322859126168e-19,6.03363267121618e-19
"LPCHMCBP_01832",529.275833035194,-0.88624177437032,0.0987211578565174,-8.97722224508747,2.77688589940074e-19,6.63490014657772e-19
"LPCHMCBP_02213",748.887088020154,-0.809728837101862,0.0901996973351765,-8.97706822776756,2.78077456855376e-19,6.63890571219557e-19
"LPCHMCBP_02916",110.991146943975,1.7762918032809,0.198581137376829,8.94491705881508,3.72229177427759e-19,8.87964834229495e-19
"LPCHMCBP_00808",1602.37715050539,0.818673638149106,0.0915668528261156,8.94072049963055,3.86641151013552e-19,9.21612465601009e-19
"LPCHMCBP_00369",3144.27392184266,-0.611658478660482,0.0684363576643443,-8.93762467109146,3.97624980557729e-19,9.47041719566464e-19
"LPCHMCBP_00242",551.548394761658,0.833471801900904,0.0932999728636507,8.93324806341525,4.13680707900697e-19,9.84501034425053e-19
"LPCHMCBP_00987",1140.40723097479,-0.693958151277114,0.0777623754060397,-8.92408632907086,4.4939325807115e-19,1.06864434823417e-18
"LPCHMCBP_01374",403.540144389752,0.988380787865182,0.110893495509021,8.91288333304258,4.97222940010063e-19,1.18144579807617e-18
"LPCHMCBP_00782",405.204086791158,-1.01695732596922,0.11422992333438,-8.90272265168496,5.44932211665504e-19,1.29378288544951e-18
"LPCHMCBP_01662",199.412560462876,-1.26082703542298,0.142355082368467,-8.85691620169554,8.22583228626822e-19,1.95144052893999e-18
"LPCHMCBP_02327",748.644588702855,0.74858071656789,0.084657713140738,8.84243961708985,9.36509136245644e-19,2.21995570132162e-18
"LPCHMCBP_02603",331.775533433585,-1.04460756969572,0.118174736650829,-8.83951679775878,9.61334568706997e-19,2.27700476771089e-18
"LPCHMCBP_02089",256.784145668236,1.14428209230602,0.129605593196251,8.82895609739098,1.05657181520926e-18,2.50060884656388e-18
"LPCHMCBP_02339",185.590579766483,1.36092017832466,0.154148635110912,8.82862295436778,1.05972305212946e-18,2.5060905275339e-18
"LPCHMCBP_01617",994.871382154053,-0.753919723682515,0.0855228978056339,-8.81541368483483,1.19243938484199e-18,2.81772487709512e-18
"LPCHMCBP_02423",2084.01736996198,1.77892178119116,0.201845945181924,8.81326488668282,1.21552882184942e-18,2.87002517259646e-18
"LPCHMCBP_00480",48.2666755325776,-3.0609509885431,0.347983082891812,-8.79626378129062,1.41446869007973e-18,3.33712306519597e-18
"LPCHMCBP_02449",6651.12247862481,-0.482508172895744,0.0548596898102249,-8.79531354560836,1.42649081685392e-18,3.36284284475933e-18
"LPCHMCBP_00368",156.946100100885,1.3979060246728,0.159156836550939,8.78319810173783,1.58890969247783e-18,3.74279276854471e-18
"LPCHMCBP_01997",822.095399090744,0.733537350184431,0.0835613044630814,8.77843344952231,1.65767325643787e-18,3.90170779809416e-18
"LPCHMCBP_00831",407.187443570248,-1.03940475704563,0.118833831598713,-8.74670742382163,2.196682877716e-18,5.1663364545656e-18
"LPCHMCBP_03160",230.98598718994,1.16887257132106,0.133873563622437,8.73116797441526,2.520560059988e-18,5.92341483165544e-18
"LPCHMCBP_01807",1559.97200842095,0.58241433542736,0.0668201033281637,8.71615436700291,2.87810834484259e-18,6.75837491617576e-18
"LPCHMCBP_02524",2677.99459209742,0.531430716039592,0.0610028524010389,8.7115715925202,2.99690419475557e-18,7.03182915438738e-18
"LPCHMCBP_02265",112.900642768515,1.62892515463896,0.187038004212443,8.70905975230991,3.06405736162922e-18,7.18377823613226e-18
"LPCHMCBP_01700",6450.10666345173,0.572524404918557,0.0657484537753637,8.7078002910098,3.09828565646281e-18,7.25835695163535e-18
"LPCHMCBP_00698",7556.61984631646,0.534382443516808,0.0615592851318548,8.68077727628263,3.93073214150695e-18,9.20134723608609e-18
"LPCHMCBP_03147",1019.49602358558,0.723742858201808,0.0833884491580091,8.67917398044445,3.98653478477591e-18,9.32470061505261e-18
"LPCHMCBP_01424",44.9485194588979,2.95880103873689,0.341125922496895,8.67363294199319,4.18547985621973e-18,9.78241826208365e-18
"LPCHMCBP_01520",329.75367019284,1.04804964661854,0.121022797706949,8.65993570200174,4.72030439110266e-18,1.10238392822561e-17
"LPCHMCBP_01600",25928.7701500463,-0.460691067473575,0.0534293704185303,-8.62243114348582,6.55473783210786e-18,1.5296087273838e-17
"LPCHMCBP_01347",7887.17788592102,0.554260851808403,0.0643108600837567,8.61846430115457,6.78580289250256e-18,1.58229949342659e-17
"LPCHMCBP_01331",554.741766647623,0.855672971812816,0.0996094941750822,8.59027524332984,8.6761230566799e-18,2.02150972772487e-17
"LPCHMCBP_02864",415.551456968862,-0.880705277022432,0.102800980659054,-8.56709022984271,1.06132729316271e-17,2.47094119998549e-17
"LPCHMCBP_01640",675.374715912857,0.742575221113621,0.0866814707558902,8.5667122931594,1.06481494416758e-17,2.47713926158675e-17
"LPCHMCBP_01163",1644.874604128,-0.613454418151699,0.0716715060951207,-8.55925111072086,1.13603034326854e-17,2.64076457021603e-17
"LPCHMCBP_02787",277.092835693553,1.08338547574415,0.126587287977477,8.55840655925039,1.14438176895826e-17,2.65811895405863e-17
"LPCHMCBP_02037",154.803521882815,1.41890416862137,0.166015583190937,8.54681314457974,1.26533800991894e-17,2.93679765488534e-17
"LPCHMCBP_01137",6672.0475185592,0.496363599914846,0.0582049107195339,8.52786463854609,1.49073828647391e-17,3.4572686226493e-17
"LPCHMCBP_00793",441.17155203478,-0.853436853269032,0.100113851296567,-8.52466309323071,1.53255230678026e-17,3.55149766227612e-17
"LPCHMCBP_03079",64.2589093856024,2.19395437823649,0.257721502332802,8.5128883635149,1.69653392994559e-17,3.92847092883235e-17
"LPCHMCBP_01788",3408.32999753258,-0.692444760855679,0.0814738322329723,-8.49898356168703,1.91257983190211e-17,4.4253292795206e-17
"LPCHMCBP_02159",76.4967280019889,1.99169132581183,0.234354315099758,8.49863304187089,1.91836296896779e-17,4.43529065475526e-17
"LPCHMCBP_00118",332.995497665632,-0.988590887978844,0.116341399231214,-8.49732678574839,1.94006691540426e-17,4.48201756206943e-17
"LPCHMCBP_02793",98.7395264717121,1.72859178623693,0.203679528889389,8.48682140842767,2.12365750875411e-17,4.90238167982391e-17
"LPCHMCBP_02744",138.000299482585,1.43497097151148,0.169138526357537,8.48399830845241,2.17584924311609e-17,5.01900351928624e-17
"LPCHMCBP_01773",1903.25925439144,0.609533783142814,0.0718763182440728,8.48031449069218,2.24586052507356e-17,5.17651876785388e-17
"LPCHMCBP_02598",6462.42565371729,-0.471711495280816,0.0556249652272091,-8.4802119579587,2.2478406301299e-17,5.17710647046802e-17
"LPCHMCBP_01358",16863.6043224007,0.482966844332557,0.0569987039084051,8.47329520174121,2.38547046773006e-17,5.48987490311189e-17
"LPCHMCBP_01852",2575.68953192432,-0.518917910631171,0.0614450906428021,-8.44522980115351,3.03447925995328e-17,6.97813966216077e-17
"LPCHMCBP_01731",938.099513530192,0.672998906916006,0.0797064752518869,8.44346591402025,3.08064227534338e-17,7.07887248721705e-17
"LPCHMCBP_03040",64.4841489060106,2.24551020732078,0.266276080282183,8.43301510575465,3.36871200296543e-17,7.73489267092521e-17
"LPCHMCBP_01427",156.637454075496,1.37289948785876,0.16298972191883,8.42322737713777,3.66252701200286e-17,8.40309140903715e-17
"LPCHMCBP_03159",162.981952400579,1.43342138600269,0.170209651191149,8.42150475000347,3.71679254913678e-17,8.52108055000725e-17
"LPCHMCBP_02821",171.922429020812,1.31344498320358,0.156267081583904,8.40512902583619,4.27391458108173e-17,9.79085317391319e-17
"LPCHMCBP_01373",34.889604713202,3.90993516851209,0.46594256268366,8.39145311386084,4.80169831557446e-17,1.09915306216926e-16
"LPCHMCBP_01567",87.1617030841214,-1.98447329616749,0.236607901874159,-8.38718098782238,4.97938100285596e-17,1.13895749920509e-16
"LPCHMCBP_02328",207.208503468527,-1.19507820686349,0.142781128668412,-8.37000111995812,5.76176861955862e-17,1.31691299522433e-16
"LPCHMCBP_00611",1594.83687988026,-0.612271180213698,0.0733984528734013,-8.3417450401816,7.32021504259051e-17,1.67183906718525e-16
"LPCHMCBP_00439",226.441413431992,-1.11977922687162,0.13444244574364,-8.32906022110649,8.14866108872076e-17,1.85962980435369e-16
"LPCHMCBP_01602",526.011256084451,-0.818128197619259,0.0984081260476682,-8.31362439747063,9.28226228665822e-17,2.11672257767943e-16
"LPCHMCBP_02915",94.6969280807477,1.73908317856854,0.209334101497123,8.30769170493913,9.75816554235462e-17,2.2235576911622e-16
"LPCHMCBP_01152",1966.00678308983,0.576658717649904,0.0694424849978267,8.30411984346401,1.0056210066846e-16,2.28973341506866e-16
"LPCHMCBP_00896",2927.58728990546,-0.570913370211516,0.0687573021573882,-8.30331255442037,1.01248059288929e-16,2.30360444219921e-16
"LPCHMCBP_00815",1970.89410607076,0.55193533646703,0.0666718798040827,8.27838270180635,1.24859403671265e-16,2.83865962437474e-16
"LPCHMCBP_00352",6404.02568702465,-0.683761807121046,0.0826006293636553,-8.27792490673085,1.25340223238171e-16,2.84743383753029e-16
"LPCHMCBP_01032",382.712567697473,-0.946645090925495,0.114401829980281,-8.27473731048413,1.2873912515455e-16,2.92243657026328e-16
"LPCHMCBP_02631",14792.8603411415,-0.490519797173782,0.0593540552821031,-8.26430131593193,1.40515281265703e-16,3.18734965289776e-16
"LPCHMCBP_01203",1148.857647659,-0.623003994646117,0.0755129703988787,-8.25029119309241,1.5800903419589e-16,3.58145854699294e-16
"LPCHMCBP_01509",92.9461390331011,-1.80800701810353,0.219295774458077,-8.2446049066448,1.65706822507434e-16,3.75310320260233e-16
"LPCHMCBP_02149",3059.65126866271,0.530651269401327,0.0643934080160251,8.24077006871988,1.71105773761742e-16,3.87246174252629e-16
"LPCHMCBP_01568",58.5807742509876,-2.31997205608305,0.282061525260533,-8.22505676355592,1.95098438001445e-16,4.41213573807336e-16
"LPCHMCBP_00029",325.090886969442,0.960617416528415,0.116817455985012,8.22323520426319,1.9808582341485e-16,4.47632195834311e-16
"LPCHMCBP_02972",113.244282310211,1.51986083802492,0.185048889420216,8.21329348577484,2.15202693341741e-16,4.8594678910351e-16
"LPCHMCBP_01266",142.54311015315,-1.49642909115293,0.182391379071609,-8.20449463549162,2.3156285799593e-16,5.22496343493071e-16
"LPCHMCBP_02549",1052.48376731294,-0.70110459878935,0.0855184134554245,-8.1982881868452,2.43834237823988e-16,5.49772011802997e-16
"LPCHMCBP_00760",2356.16923162597,-0.517587986339941,0.0631406912621264,-8.19737598676569,2.4569105894039e-16,5.53542693603685e-16
"LPCHMCBP_01185",210.904358015089,1.14429347638524,0.139818041313443,8.18416182658415,2.74205400692158e-16,6.17322136141911e-16
"LPCHMCBP_00093",743.062293548854,0.766326694412876,0.0937266147097038,8.17619090144666,2.92957719691369e-16,6.59045065062817e-16
"LPCHMCBP_00357",123.822226295173,-1.50486836969176,0.184067485980001,-8.17563385341866,2.9431449457622e-16,6.61601346983698e-16
"LPCHMCBP_01317",128.846711983398,-1.47416100196815,0.180433557039484,-8.17010442046299,3.08122646911091e-16,6.92122801931275e-16
"LPCHMCBP_00253",1680.86852766367,0.572190729891685,0.0702070515178198,8.15004643438776,3.63784560290787e-16,8.16542606905499e-16
"LPCHMCBP_00863",132.151875700271,1.47354806349708,0.181635861649858,8.11264939705387,4.95278209331605e-16,1.11085942167724e-15
"LPCHMCBP_02532",1533.67885411769,0.567402564340073,0.0699597011066952,8.11042007561939,5.04450598742346e-16,1.13058718956369e-15
"LPCHMCBP_02797",74.4959886612079,1.91846516438213,0.236957960798718,8.09622583649663,5.66905364247032e-16,1.26961417769056e-15
"LPCHMCBP_00243",659.848099470606,-0.776242358896987,0.0959008345233691,-8.09421902066799,5.76329104724853e-16,1.28975663182646e-15
"LPCHMCBP_00461",7369.76148111499,-0.489767587625835,0.0605393359869825,-8.09007201088475,5.96294674212394e-16,1.33344285939746e-15
"LPCHMCBP_02685",2064.86839001595,-0.569617101574413,0.070534021162051,-8.07577807404068,6.70477264548675e-16,1.49821464699224e-15
"LPCHMCBP_02034",86.6041447110955,1.78067947553969,0.220540847676855,8.07414814215645,6.79493399782871e-16,1.51723191424732e-15
"LPCHMCBP_02900",124.401733741688,-1.45120622265449,0.179984344066904,-8.06295808770485,7.44700617542392e-16,1.66159595036782e-15
"LPCHMCBP_00988",9084.81992900687,-0.457734435471534,0.0568864222242156,-8.04646201280495,8.52218230297908e-16,1.90007942728382e-15
"LPCHMCBP_01289",482.549954477908,-0.784203167925588,0.0974678009627992,-8.045766501133,8.57072708032319e-16,1.90948418471046e-15
"LPCHMCBP_01862",66.9561833805869,1.98100492134051,0.246343518180166,8.04163606972471,8.86468366670112e-16,1.97351006556158e-15
"LPCHMCBP_02451",630.211874986688,-0.763117423219049,0.0950649760682432,-8.02732462343691,9.96212300634582e-16,2.21618466582979e-15
"LPCHMCBP_00672",201.74166086455,-1.22714546592585,0.152922107828982,-8.02464394028759,1.0182083717652e-15,2.26343949901287e-15
"LPCHMCBP_02455",64.346262194413,-2.08782712759456,0.260615504111144,-8.01113937835476,1.1365055736476e-15,2.52453976796184e-15
"LPCHMCBP_00080",517.332094365559,-0.829533869221339,0.103799258609574,-7.99171285357164,1.33076709098269e-15,2.95386985209988e-15
"LPCHMCBP_02224",2560.39031712373,0.547002634533584,0.0685346413531939,7.98140361915081,1.44678526686155e-15,3.20901891045935e-15
"LPCHMCBP_01845",1434.09281098821,0.552702820878202,0.0695148037635649,7.950865009388,1.85213679171576e-15,4.10506832491803e-15
"LPCHMCBP_02405",2231.18262935015,0.665969875333378,0.0838140902651823,7.94579853132442,1.92943791523231e-15,4.2732422019278e-15
"LPCHMCBP_01330",6267.77399577888,0.496397430402533,0.062499229164187,7.94245684372339,1.98215330990688e-15,4.38675669840011e-15
"LPCHMCBP_01691",1426.97232765681,0.591639370415205,0.074612094527506,7.92953708325526,2.19964271335561e-15,4.86450094530596e-15
"LPCHMCBP_00561",98.1709346290627,-1.63850043831289,0.206886237632803,-7.91981359930295,2.37866903452547e-15,5.25654327880039e-15
"LPCHMCBP_02587",1313.46439747058,0.768079730752325,0.0970346666812588,7.91551882457974,2.46224136032376e-15,5.43722319524033e-15
"LPCHMCBP_00752",8713.9946055883,-0.481482458333863,0.0608488028095319,-7.91276797739132,2.51728247922241e-15,5.55467994128416e-15
"LPCHMCBP_00852",571.567611041532,0.727156296385491,0.0919845154695597,7.90520331246543,2.67496645650513e-15,5.8982912093842e-15
"LPCHMCBP_00346",123.391161412046,1.43699129247796,0.181789773731396,7.90468717234437,2.68607294052997e-15,5.9184323748388e-15
"LPCHMCBP_01855",7258.821831532,-0.476266741270626,0.0603531656177438,-7.89132991444287,2.98983105537734e-15,6.58289288128202e-15
"LPCHMCBP_01490",533.558071300411,0.770131405012009,0.0977656302653146,7.87732256133408,3.34470665617914e-15,7.35884506979004e-15
"LPCHMCBP_01565",3708.94931980168,-0.454095441160803,0.0577108514102724,-7.86845853187282,3.59037522628325e-15,7.89356487478099e-15
"LPCHMCBP_01816",1101.51687019949,-0.666744125369331,0.0848204682176367,-7.86065131895483,3.82141168600007e-15,8.39535612714949e-15
"LPCHMCBP_00492",1667.88996636294,-0.542483845721285,0.0690849777009377,-7.85241399468415,4.08104741141451e-15,8.95919771884049e-15
"LPCHMCBP_02692",241.070245140529,1.06785581974533,0.136023425700594,7.85052879123794,4.14286749258331e-15,9.08826414125914e-15
"LPCHMCBP_02741",289.362076790378,0.946494517945669,0.120581694212153,7.84940470549698,4.18016659599897e-15,9.16338930211315e-15
"LPCHMCBP_00152",47.854313918499,2.40258690142175,0.306428245201874,7.84061828190458,4.48333391954706e-15,9.82079203836548e-15
"LPCHMCBP_02085",437.34144405077,-0.857077951723241,0.109506356577818,-7.82674155645182,5.00676837142132e-15,1.0959381387772e-14
"LPCHMCBP_02506",475.41471489702,0.785261667558451,0.100368100860979,7.82381713734054,5.124523106435e-15,1.1208960526539e-14
"LPCHMCBP_02843",198.047353497364,-1.102594349732,0.140999472557625,-7.81984733511245,5.28874377610515e-15,1.15597378529436e-14
"LPCHMCBP_00498",384.75105594276,0.826247312511467,0.105824319779172,7.80772618463915,5.82289168941277e-15,1.2717975225566e-14
"LPCHMCBP_01707",1657.28899465696,-0.586104021675303,0.0750915286956043,-7.80519496481647,5.94096302983166e-15,1.29664218563817e-14
"LPCHMCBP_01763",1459.67674410287,0.527054860125075,0.0676637259219843,7.78932659919977,6.73672653163309e-15,1.46925263963887e-14
"LPCHMCBP_02228",647.411509613095,0.785216587805561,0.100826926312252,7.78776678537057,6.82039212109439e-15,1.48641951745855e-14
"LPCHMCBP_00134",2122.20111950364,-0.773756133116602,0.0993583574365908,-7.7875294346568,6.83321251546093e-15,1.48813285623354e-14
"LPCHMCBP_01614",663.834231214942,0.719469204626809,0.0924555315171862,7.78178647421512,7.15074878491241e-15,1.55615642520103e-14
"LPCHMCBP_00133",2343.22381968774,-0.677895911822426,0.0872555217083809,-7.76908897626032,7.90526251942287e-15,1.71910817541942e-14
"LPCHMCBP_02963",2488.20259718578,0.483228757319277,0.062271799042388,7.75999352436159,8.49337221089754e-15,1.84566328782792e-14
"LPCHMCBP_01003",112.39838086749,-1.45520571246195,0.187626816950223,-7.75585140821318,8.77527256663883e-15,1.90554218324769e-14
"LPCHMCBP_02873",500.518179985904,-0.766961354725143,0.0989187653199969,-7.75344649970169,8.94314778489393e-15,1.9405919379947e-14
"LPCHMCBP_03072",698.741240266614,0.673428950734856,0.0869089502702453,7.74867201411147,9.28585195331813e-15,2.01350012369275e-14
"LPCHMCBP_01709",285.366107538919,-0.946534436981333,0.12225171539315,-7.74250433981534,9.74774449600161e-15,2.11212860884482e-14
"LPCHMCBP_01884",3485.23686295524,0.463618682556726,0.0598989156701113,7.74001795141117,9.9402778442464e-15,2.15229248272608e-14
"LPCHMCBP_03087",270.439380636283,0.98383850091974,0.127481520027232,7.71749898110392,1.18634477009286e-14,2.56684978734583e-14
"LPCHMCBP_01253",969.966484483996,0.597071937614029,0.0774052096146783,7.71358853733801,1.22328422998647e-14,2.64486741656297e-14
"LPCHMCBP_01020",1603.00117121347,-0.543922662587235,0.0705758829030226,-7.70691970420877,1.28890838547902e-14,2.78474734688447e-14
"LPCHMCBP_02183",2014.71320646222,-0.748110562542277,0.0970972242090308,-7.70475745971631,1.31092030262914e-14,2.830267502295e-14
"LPCHMCBP_01269",122.031378237795,-1.40585725284509,0.182687228332991,-7.69543260179405,1.41016248204359e-14,3.04234191848513e-14
"LPCHMCBP_01408",45.9181727731851,2.39954120949651,0.312534456313006,7.6776853272567,1.61988801277689e-14,3.49230167122375e-14
"LPCHMCBP_01399",47.5929107734252,2.35329541063816,0.30657331180732,7.67612613363162,1.63971678055539e-14,3.53251260477151e-14
"LPCHMCBP_01680",605.343459152579,-0.706815145169033,0.0921866980992118,-7.66721403133838,1.75772339043989e-14,3.78402287999289e-14
"LPCHMCBP_00536",166.438518335997,1.17530058300061,0.153366757602445,7.66333331534077,1.81168353009796e-14,3.89739231098493e-14
"LPCHMCBP_00264",88.1493998795562,1.59114153589565,0.207910554896817,7.65300990459723,1.96328784282296e-14,4.22050631540954e-14
"LPCHMCBP_01611",1809.82996529438,-0.689664639283456,0.0902362228603878,-7.64288018072848,2.12415647917008e-14,4.56305912239758e-14
"LPCHMCBP_01696",5147.50805969208,0.519140538299195,0.0679874491410515,7.63582903694694,2.24371897299194e-14,4.8164525307216e-14
"LPCHMCBP_01580",5496.40951717008,-0.59115411768698,0.0774791270904815,-7.62984999813717,2.35027016113966e-14,5.041573090479e-14
"LPCHMCBP_00903",361.561278115454,-0.87046958950647,0.114298512031088,-7.61575609374262,2.62152311781014e-14,5.61942205467731e-14
"LPCHMCBP_01421",31.9931782003928,5.32709515082539,0.69973764381405,7.61298923663599,2.67828100565143e-14,5.73698879226263e-14
"LPCHMCBP_00486",15654.6034588876,-0.436729746360989,0.0574705156907873,-7.59919658126538,2.97974847406268e-14,6.37819199048651e-14
"LPCHMCBP_01397",40.8845643291608,2.6169097765536,0.344398242024711,7.59849922917388,2.99584641726973e-14,6.40807918619134e-14
"LPCHMCBP_01806",8850.31058594876,0.467938215576479,0.0615954806849958,7.59695695808517,3.03175317595082e-14,6.48026444517694e-14
"LPCHMCBP_01036",532.062496674036,0.750639521259895,0.0988514393037991,7.59361246074488,3.11107932887947e-14,6.64508830317957e-14
"LPCHMCBP_00982",574.917980287106,0.690725978337431,0.0909910158578313,7.59114481606244,3.17091319072958e-14,6.76807289145055e-14
"LPCHMCBP_00748",5593.45113112044,-0.573795125988917,0.0756506135647341,-7.58480465591891,3.32988365714032e-14,7.10233180886858e-14
"LPCHMCBP_01987",278.698620951024,-0.977476113577223,0.129162357878206,-7.56780945806934,3.79570171894101e-14,8.09012845066901e-14
"LPCHMCBP_00795",4876.31038436808,-0.501046920601602,0.0662231119613302,-7.56604311941999,3.84764380548157e-14,8.19501707611794e-14
"LPCHMCBP_02425",1142.6249265326,1.53651201054366,0.203159162627297,7.56309482020486,3.93590468153245e-14,8.37705670161624e-14
"LPCHMCBP_02668",24146.2741130555,0.465892368203779,0.0616638165348778,7.55536057260201,4.17701061620217e-14,8.8839183977482e-14
"LPCHMCBP_02114",4035.46713423792,-0.528130288291429,0.0700102977891701,-7.54360865428465,4.57141615684253e-14,9.71587810671701e-14
"LPCHMCBP_00300",945.622433603382,-0.62349496502904,0.0828569981524746,-7.52495237495421,5.27395442958666e-14,1.1201087928655e-13
"LPCHMCBP_01352",2678.95143263775,-0.551406606372671,0.0734137724892953,-7.51094226159095,5.87032812727283e-14,1.24588788613478e-13
"LPCHMCBP_01489",683.412082956685,0.650437257586033,0.0867598729236841,7.49698259883543,6.53036444566269e-14,1.38499107430627e-13
"LPCHMCBP_02033",58.7204247884317,1.96844966352906,0.262886440625892,7.48783261260066,7.00202463541966e-14,1.48397428890497e-13
"LPCHMCBP_02181",4646.28097827318,-0.431818448325416,0.0576918421710364,-7.48491350033897,7.15942745873078e-14,1.51626265375096e-13
"LPCHMCBP_00809",5187.69727258792,0.468979945654011,0.0627491565669482,7.47388445219415,7.78615155298774e-14,1.64783080469085e-13
"LPCHMCBP_02913",191.362159416004,1.06690324688253,0.142871292636884,7.46758307558771,8.16811589746975e-14,1.72745002172704e-13
"LPCHMCBP_00813",779.692805874367,-0.634485236139377,0.0850238211982983,-7.46244084536718,8.49341508629761e-14,1.79498159675909e-13
"LPCHMCBP_01021",965.566877960409,-0.613838551196994,0.0822831484663936,-7.46007612297067,8.64725064612429e-14,1.82620683948058e-13
"LPCHMCBP_02243",2735.68938738942,-0.480857171084282,0.0645925939118717,-7.44446293239671,9.73395988840986e-14,2.05426256154135e-13
"LPCHMCBP_00473",3395.22039509637,-0.45389999175777,0.0611045670198158,-7.42824986568635,1.10043938843878e-13,2.32074392459928e-13
"LPCHMCBP_00634",1694.11309174704,0.5424602039811,0.0730693831466666,7.42390561710725,1.13716208240679e-13,2.39650520316207e-13
"LPCHMCBP_01937",2113.64548186385,-0.615146961963045,0.0830392813266849,-7.40790324934286,1.28311853708963e-13,2.70220261740771e-13
"LPCHMCBP_02094",1598.26213656405,-0.539579033432669,0.072840678514234,-7.40766072528042,1.28546648955153e-13,2.70524890262562e-13
"LPCHMCBP_01589",124.38871448998,1.31433508531108,0.177734303974872,7.39494321533395,1.41468716373408e-13,2.97510594139172e-13
"LPCHMCBP_01264",208.912939824915,-1.01320533992139,0.137061347144563,-7.39234920004638,1.44257065379857e-13,3.03162082076296e-13
"LPCHMCBP_02811",176.893033353426,1.09068077637265,0.147633616305267,7.38775357312531,1.49330166926326e-13,3.13603800521977e-13
"LPCHMCBP_01901",693.143003663369,0.633514968516324,0.0859258878431204,7.3728067805708,1.6707255199035e-13,3.50618691274853e-13
"LPCHMCBP_02401",88.3783812408696,1.54648475797882,0.209914848381799,7.36720041436055,1.74248435204724e-13,3.65422469636182e-13
"LPCHMCBP_02116",9457.69148484145,-0.399060438290453,0.0542551283072198,-7.35525747963901,1.90559438045355e-13,3.99349772048961e-13
"LPCHMCBP_01871",68.6876948935355,1.91549684036637,0.260434838159988,7.3549946462603,1.90934769871937e-13,3.99857114016527e-13
"LPCHMCBP_01560",13731.1404779356,0.424825813478945,0.0578763007113471,7.34023785655765,2.13214593473743e-13,4.46204320093936e-13
"LPCHMCBP_02288",237.062857184889,0.941168032365464,0.128251457906566,7.33845874135114,2.16067493912484e-13,4.51859616189104e-13
"LPCHMCBP_01510",365.295148953895,0.902004824173608,0.122996269976627,7.33359494840793,2.24059609179976e-13,4.68247135897707e-13
"LPCHMCBP_02801",118.904236203967,1.31323671806023,0.179100328433433,7.3324082068801,2.26053301049272e-13,4.72084868788354e-13
"LPCHMCBP_01805",2744.24407804496,0.525796037025364,0.071787105370753,7.32437997478556,2.40005758666835e-13,5.00874326675364e-13
"LPCHMCBP_02369",1335.32186615078,-0.607907797412462,0.0830155449595411,-7.32281884927378,2.42815487497849e-13,5.0638587767967e-13
"LPCHMCBP_00593",82.6368975410358,-1.70897904731072,0.233587714311166,-7.3162197436213,2.55053879875869e-13,5.31539370491308e-13
"LPCHMCBP_01512",369.653588269074,0.789773437325306,0.108029512477675,7.3107192582075,2.65716180397799e-13,5.53375612334347e-13
"LPCHMCBP_02239",1050.97260170881,0.551417379156509,0.0754376888311222,7.30957413595919,2.67990365201923e-13,5.57724747552685e-13
"LPCHMCBP_01582",688.472877018088,-0.659013680716843,0.0902821738204009,-7.29948840208283,2.88863962380558e-13,6.00748961264071e-13
"LPCHMCBP_02342",50.2956068964555,2.1638954357191,0.296884747840603,7.28867161906511,3.13025972217371e-13,6.50547744199675e-13
"LPCHMCBP_01639",292.737509701064,0.906923010158135,0.125328640590987,7.2363587914266,4.60891055000522e-13,9.57186197963022e-13
"LPCHMCBP_00585",294.629987168739,0.8887743837811,0.122905535638606,7.2313617052569,4.78174880086256e-13,9.92394754591186e-13
"LPCHMCBP_01833",1036.95580053086,-0.669262743681546,0.0928969134410117,-7.20435931497895,5.83173982884751e-13,1.20947140472504e-12
"LPCHMCBP_00772",58.2839121661519,-1.93593180536483,0.269059123900538,-7.19519106915873,6.23733577694112e-13,1.29269645487571e-12
"LPCHMCBP_02201",296.077132027984,-0.862215858199846,0.120364099031779,-7.16339726825192,7.87018467860533e-13,1.62998096759797e-12
"LPCHMCBP_01474",1139.53926067751,-0.562805256431989,0.078620671550893,-7.15848955916984,8.15707996053173e-13,1.68823427321074e-12
"LPCHMCBP_01573",88.1893943440159,1.65064953706906,0.231438453329576,7.13213173231192,9.88262200586088e-13,2.04395235283174e-12
"LPCHMCBP_02431",1776.75962443213,0.602709929133666,0.084553156491032,7.12817775404507,1.01706380592021e-12,2.10207195700176e-12
"LPCHMCBP_01070",162.047033713406,-1.15638502311677,0.162378168084651,-7.12155480479325,1.06716284055052e-12,2.204098888157e-12
"LPCHMCBP_02607",113.479605988886,1.28050221289228,0.180027630947812,7.11280932904952,1.13704317128624e-12,2.34681331295048e-12
"LPCHMCBP_00945",108.229526008245,-1.37602324166909,0.194028528452626,-7.09186042198461,1.32320937009381e-12,2.72917616470895e-12
"LPCHMCBP_00622",942.630190343985,0.673504875708511,0.0949902338382767,7.09025389762878,1.33866173873246e-12,2.75915101506602e-12
"LPCHMCBP_00800",2509.1854246118,-0.488043378003958,0.0690299496827298,-7.07002366722077,1.54907275180299e-12,3.19064332749539e-12
"LPCHMCBP_02545",5401.92232931306,-0.415579493118798,0.0589456581022158,-7.05021381554779,1.78643070522249e-12,3.67700860519388e-12
"LPCHMCBP_00747",4403.02700717858,0.410300743199865,0.0583113943699676,7.03637338178941,1.97307779799463e-12,4.05840059752014e-12
"LPCHMCBP_01268",39.0754341966411,-2.51002711453685,0.357331884369396,-7.02435809490228,2.15052614788975e-12,4.42036230809392e-12
"LPCHMCBP_00478",1250.11574648727,0.529348548654935,0.075463471879772,7.01463284777422,2.30553573352867e-12,4.7357376703077e-12
"LPCHMCBP_01958",114.16750013789,1.28794641765782,0.183697241511398,7.01124528088195,2.36206212155849e-12,4.84852833570248e-12
"LPCHMCBP_01513",200.851227837061,-0.984649308987536,0.14056552093571,-7.00491345553993,2.47138552327141e-12,5.06946545135851e-12
"LPCHMCBP_00941",473.136838001339,0.690479283946419,0.098693679106045,6.99618547206563,2.63025295558323e-12,5.39165923477136e-12
"LPCHMCBP_02540",1015.56832867864,-0.530659706475981,0.0758799770291083,-6.99340889721691,2.68286102035881e-12,5.49574465672136e-12
"LPCHMCBP_01240",1173.70186676388,0.532772266498387,0.0762309203750052,6.98892606671287,2.76998334194406e-12,5.67034107037799e-12
"LPCHMCBP_00737",1635.91870788854,0.464157254555766,0.0665325032085758,6.97639848452204,3.02842981309536e-12,6.19517237157408e-12
"LPCHMCBP_02333",72.0914228541818,-1.63242854596176,0.234058819121648,-6.97443724653387,3.07097582410094e-12,6.27792809817911e-12
"LPCHMCBP_00983",79.4640658731349,-1.57452076960198,0.225873212725214,-6.9708167276899,3.15106250525161e-12,6.43726247669169e-12
"LPCHMCBP_02150",5024.33091451724,0.402368042065376,0.0577390344523195,6.96873520456337,3.1980297172696e-12,6.52876679015379e-12
"LPCHMCBP_01372",27.9532013929489,5.45378165733303,0.782996144160391,6.96527268749343,3.2776825276972e-12,6.68682886853793e-12
"LPCHMCBP_00172",23.7261565244883,4.17639415084349,0.600755143245193,6.95190744149639,3.60379835125248e-12,7.34714595931297e-12
"LPCHMCBP_00922",2125.39027253542,0.448435247886413,0.0645115452291758,6.9512402205428,3.62088687741904e-12,7.37697319696846e-12
"LPCHMCBP_01702",124.473358221004,-1.23686583600965,0.178127846864196,-6.94369722524423,3.81968708668016e-12,7.77671706046619e-12
"LPCHMCBP_00832",666.291843378448,-0.60641786854155,0.0873467054080481,-6.94265302518983,3.84803752787179e-12,7.8262007914779e-12
"LPCHMCBP_01125",2227.3750168248,0.511902412317366,0.0737334238705017,6.94261008706747,3.84920772016707e-12,7.8262007914779e-12
"LPCHMCBP_02188",63.3694085626789,-1.83003291870817,0.263617169348942,-6.9420095937902,3.86560956272117e-12,7.85422768972663e-12
"LPCHMCBP_01996",767.632305060068,0.568061410145371,0.0818860971316228,6.93721437513716,3.99906758714662e-12,8.11989298310353e-12
"LPCHMCBP_00739",992.43644365471,-0.571792729711962,0.0824298967287219,-6.93671534726946,4.01321308176336e-12,8.14310511046102e-12
"LPCHMCBP_01898",5475.20593314796,0.416484976128317,0.0600545589295782,6.93511006577703,4.05905007193788e-12,8.23054680127403e-12
"LPCHMCBP_02928",2002.6834758161,-0.451780861211195,0.0652118232124207,-6.92789802455861,4.27139449138131e-12,8.65526999907854e-12
"LPCHMCBP_01752",865.887108054913,0.553984194814749,0.0799667977048015,6.92767762015166,4.27805247444868e-12,8.66291192700437e-12
"LPCHMCBP_00810",7977.4601044189,0.383983987105915,0.0555406716335857,6.91356398495041,4.72626350258515e-12,9.56407064818479e-12
"LPCHMCBP_00994",302.186107643936,-0.878891569127853,0.127490510608779,-6.89378028945893,5.4328914099932e-12,1.0986595095276e-11
"LPCHMCBP_02709",64.0834142695497,-1.73630714695584,0.252292671518597,-6.88211487279704,5.89704280041502e-12,1.19171888512091e-11
"LPCHMCBP_02184",4012.54124356135,-0.506032503728997,0.0735360779801928,-6.88141817769094,5.92596091050291e-12,1.19675697795553e-11
"LPCHMCBP_00565",915.912439470306,0.538058707524359,0.0782064247314501,6.87998088867989,5.98605908263776e-12,1.20808092178856e-11
"LPCHMCBP_00449",5439.25661366395,-0.416903110172406,0.0606466354084289,-6.87429908295395,6.22953887098076e-12,1.25637406934229e-11
"LPCHMCBP_02713",340.985818672163,-0.787623218309107,0.11457812963789,-6.87411481404252,6.23759562002066e-12,1.25715409373284e-11
"LPCHMCBP_01841",929.619374527143,0.699371508969008,0.101969351125472,6.85864430095704,6.9517089166441e-12,1.40013949388248e-11
"LPCHMCBP_02866",344.255386871204,-0.815252866469569,0.118879558046034,-6.85780532725294,6.99264579786464e-12,1.40743997581434e-11
"LPCHMCBP_01231",1222.1400101851,-0.542703989015174,0.079145456390244,-6.85704541697572,7.02992869108496e-12,1.41399571058619e-11
"LPCHMCBP_01487",1411.71044274033,-0.47031886716609,0.0685999012150033,-6.85597003546746,7.08302239604319e-12,1.4237207106849e-11
"LPCHMCBP_01854",5174.94790122065,-0.464315263142568,0.0677422263742983,-6.85414826163333,7.17386503966861e-12,1.44101532691068e-11
"LPCHMCBP_02456",2025.74292289564,0.536748071238884,0.0783754075671703,6.84842462578422,7.46676576939703e-12,1.49884709524819e-11
"LPCHMCBP_01799",338.672003372809,-0.773482905607887,0.113179307265558,-6.83413712537596,8.25000827156468e-12,1.65496489458326e-11
"LPCHMCBP_01798",10598.8632021056,-0.473425748516637,0.0694297380897592,-6.81877480085824,9.18202025135385e-12,1.84069758011442e-11
"LPCHMCBP_01226",2227.53162165748,-0.454578888931933,0.0667707450745698,-6.80805476147162,9.89272109680988e-12,1.98184619569602e-11
"LPCHMCBP_02212",1025.86769438099,-0.539793535192681,0.0793622208983851,-6.80164351604814,1.03432287212627e-11,2.07071577001397e-11
"LPCHMCBP_01575",2158.11138140538,-0.446978749963466,0.0659736122994571,-6.77511408553181,1.24308128349958e-11,2.48699128785483e-11
"LPCHMCBP_01835",34.7338939426601,2.52809173189091,0.373465485964148,6.76927809102446,1.29426559633658e-11,2.5876689237882e-11
"LPCHMCBP_01828",454.993972912935,-0.729503772431731,0.107930297819996,-6.75902677159645,1.38921726310087e-11,2.77565979132204e-11
"LPCHMCBP_02286",13678.9200491454,-0.612829690276464,0.0907741360409362,-6.75114869724673,1.46679173758002e-11,2.92870392846151e-11
"LPCHMCBP_01730",2008.32292517817,0.568588190877063,0.0843594723937601,6.74006338284212,1.58317553226098e-11,3.15898256137979e-11
"LPCHMCBP_02088",1309.0823694269,-0.599342604420078,0.0889691400677266,-6.73652239376301,1.62222301585941e-11,3.23474503029508e-11
"LPCHMCBP_02809",105.868143874001,1.27570075240676,0.189396891977194,6.73559496720979,1.63260488893164e-11,3.25328504095873e-11
"LPCHMCBP_00222",4426.80741386759,-0.413283245056862,0.0613770043463809,-6.73351932793103,1.65607650437936e-11,3.29786701369771e-11
"LPCHMCBP_01255",967.846150694168,-0.714177008876177,0.106116648773141,-6.7301127309718,1.69531688780443e-11,3.37377054396625e-11
"LPCHMCBP_01238",806.234188091231,0.653540542011772,0.0972603151851695,6.71949850015935,1.82351061337752e-11,3.62647803230346e-11
"LPCHMCBP_01410",35.6853890298377,2.37383808308595,0.353302616334676,6.71899378417642,1.82983713995369e-11,3.63664983907352e-11
"LPCHMCBP_01447",4740.0394739913,-0.426439047444309,0.0636152342082311,-6.70341079069914,2.03610019211258e-11,4.04390249935794e-11
"LPCHMCBP_02839",1140.78189259908,0.501518387862095,0.0748804250987999,6.69759002036078,2.11884708047719e-11,4.20546302150268e-11
"LPCHMCBP_02272",257.12161309626,-0.837601248981376,0.12511784936605,-6.69449845266168,2.16412575803145e-11,4.29249266348471e-11
"LPCHMCBP_00853",203.033793695825,0.957509080240143,0.14310033358478,6.69117294316345,2.21388831859848e-11,4.38829514142275e-11
"LPCHMCBP_01665",2362.49202601865,-0.421457560791564,0.063015225140012,-6.68818622571191,2.25953493131019e-11,4.47581803885273e-11
"LPCHMCBP_01783",11791.6816904204,-0.342192613654092,0.0512670148667107,-6.67471305953273,2.47716356337216e-11,4.90367272670175e-11
"LPCHMCBP_00277",727.175988289776,-0.565888500246749,0.0847901548043084,-6.67398828971114,2.48943489766936e-11,4.92471597093325e-11
"LPCHMCBP_01676",516.990177380114,0.629519601797526,0.0943956814744891,6.66894493438936,2.57648893126477e-11,5.09357265001684e-11
"LPCHMCBP_01555",8107.1326206127,-0.375903947697916,0.0564869586396382,-6.65470325807442,2.83872200923204e-11,5.60829805773888e-11
"LPCHMCBP_01380",868.358241342712,-0.55939312873448,0.0841165447031384,-6.65021525442675,2.92664680672611e-11,5.77820201775333e-11
"LPCHMCBP_00281",458.11698471722,-0.665394349255173,0.100075533839958,-6.64892130697278,2.95248790325044e-11,5.82538869010821e-11
"LPCHMCBP_00962",279.213376374977,0.800790774664705,0.120681466186462,6.63557379579251,3.23242597377165e-11,6.37352848047879e-11
"LPCHMCBP_00686",3970.79135544048,-0.403698908528676,0.060884095200758,-6.63061358138817,3.34294324120126e-11,6.58711271624752e-11
"LPCHMCBP_00252",1337.43701747297,0.523691065094193,0.0790611280402538,6.62387545024095,3.49901619282396e-11,6.890123093612e-11
"LPCHMCBP_01353",6441.75453881056,-0.409564006967645,0.0620255750483842,-6.60314727671863,4.02519294937325e-11,7.91748923858219e-11
"LPCHMCBP_01998",1225.66836556461,0.542385602872616,0.0821408463930473,6.60311680107701,4.026020852408e-11,7.91748923858219e-11
"LPCHMCBP_00275",1497.74601677898,0.49131177518583,0.074752010533386,6.57255599789385,4.9458777077593e-11,9.72009102880527e-11
"LPCHMCBP_02541",2601.47567872394,0.415812632929051,0.0632718152638129,6.57184610865537,4.96952115231385e-11,9.76016556157976e-11
"LPCHMCBP_00559",77.6392119393039,-1.48993128365102,0.226780339751732,-6.56993143798148,5.03384349927424e-11,9.88002900021059e-11
"LPCHMCBP_02937",103.514978141103,-1.32488654162347,0.201713463844649,-6.56816117462464,5.09403877132689e-11,9.99164075343268e-11
"LPCHMCBP_00350",206.956165819737,-0.897463232974916,0.136812972487452,-6.5597816980201,5.38866064246321e-11,1.05626195872189e-10
"LPCHMCBP_01285",114.567176973409,1.19374500347824,0.182007413379728,6.55877132316414,5.42529233174359e-11,1.06274819109416e-10
"LPCHMCBP_00608",2242.91207931431,0.435113078456044,0.0663860616190714,6.55428365298665,5.59096057073269e-11,1.09448614956091e-10
"LPCHMCBP_02182",4073.15569494843,-0.493354055480122,0.075297021761574,-6.5521058328484,5.67313110139299e-11,1.10984787713692e-10
"LPCHMCBP_02115",10932.5164746223,-0.478909087018531,0.0731443962377533,-6.5474474006437,5.85288247638172e-11,1.14426712127828e-10
"LPCHMCBP_01764",1271.32651498287,0.513501312486056,0.0784387135327152,6.54652899517386,5.88897199976291e-11,1.15057324031826e-10
"LPCHMCBP_00301",987.198507379766,-0.535862492423816,0.081873312061368,-6.54502033607925,5.94872903281053e-11,1.16149224641928e-10
"LPCHMCBP_01556",4904.48569477643,-0.453759715576595,0.0694108119334656,-6.53730597491859,6.26368229323829e-11,1.22219184408375e-10
"LPCHMCBP_01409",50.8180409378686,1.96809516145926,0.30114488518946,6.5353763528843,6.34497833955419e-11,1.23725016224835e-10
"LPCHMCBP_01314",2544.80051765122,0.449835779917872,0.0688692281076402,6.53173837253983,6.501064853509e-11,1.26686335229743e-10
"LPCHMCBP_00551",90.9427555515767,-1.35268930491982,0.207463616237331,-6.52012786363653,7.02474827613716e-11,1.36802528077142e-10
"LPCHMCBP_00234",397.441561635,-0.693775383844997,0.106437757342434,-6.51813229785524,7.1188193556065e-11,1.38544597186609e-10
"LPCHMCBP_02384",39.89041006392,-2.16301913398678,0.332826937485582,-6.49893049621464,8.08930211577957e-11,1.57329848667884e-10
"LPCHMCBP_01603",2407.24131744888,-0.457703544011854,0.0706514781335836,-6.47832934431259,9.27437464591626e-11,1.80261647101002e-10
"LPCHMCBP_02271",354.852035844527,0.765270334616924,0.118181485490598,6.4753825985527,9.4571996215514e-11,1.8369615575583e-10
"LPCHMCBP_00566",608.971648495096,0.587838970372863,0.0909042774052238,6.46657106961485,1.00251688683829e-10,1.94602404747846e-10
"LPCHMCBP_01727",7012.59595028558,-0.535131916720659,0.0827743317174967,-6.46495001067516,1.01332302116605e-10,1.96572875663821e-10
"LPCHMCBP_02946",31.4516152693869,2.40831617712152,0.372541004719913,6.46456670972947,1.01589474045623e-10,1.96944451945036e-10
"LPCHMCBP_00778",98.0485754943082,-1.26994894255698,0.196530475026393,-6.461842329473,1.03435844390356e-10,2.00394428028056e-10
"LPCHMCBP_00745",50.355391631607,-1.84054616848427,0.285177976978075,-6.4540263171366,1.08916883622703e-10,2.10877140484989e-10
"LPCHMCBP_01294",1099.07017681348,-0.523055898854967,0.0811448740084071,-6.44595121068,1.14877615800908e-10,2.22274484215684e-10
"LPCHMCBP_00098",5589.88023548687,0.396468249527776,0.061579419899635,6.43832387791178,1.20800021887624e-10,2.33583032013377e-10
"LPCHMCBP_00842",762.149493085387,0.55866674560091,0.0867746479202554,6.43813324502701,1.20951801651756e-10,2.33725921929762e-10
"LPCHMCBP_02426",1294.02877790548,1.25045921009423,0.194589181664155,6.42614969342139,1.30876526587076e-10,2.52741606362816e-10
"LPCHMCBP_00696",7996.27507474835,-0.366422007556954,0.0571769779909919,-6.40855848685608,1.46901925838641e-10,2.83506546264798e-10
"LPCHMCBP_01288",22.3102528581904,-4.07933931691736,0.636654370866315,-6.40746298712515,1.47960990707298e-10,2.85366923594217e-10
"LPCHMCBP_01080",2052.48216428863,0.439391911100979,0.0686718570288465,6.39842768364931,1.56985061700159e-10,3.02576859449053e-10
"LPCHMCBP_01295",3789.16352500239,-0.402023214633506,0.0630395810843051,-6.37731418449412,1.80220503388163e-10,3.47138466410705e-10
"LPCHMCBP_00986",238.664468708844,-0.836879654918283,0.131387095652996,-6.36957267956169,1.89555579531386e-10,3.64885371503328e-10
"LPCHMCBP_02903",187.640344941081,-0.909241613304448,0.143319911680481,-6.34414020105957,2.23671067316106e-10,4.30280046804893e-10
"LPCHMCBP_02430",760.457005269829,0.623833542633883,0.0984721702323989,6.33512535736347,2.37148381175108e-10,4.55914344590966e-10
"LPCHMCBP_03101",903.540277352977,0.532254492888551,0.0840200804498474,6.33484864616691,2.37574372423968e-10,4.56440903741566e-10
"LPCHMCBP_01495",1836.23091714682,0.46222339880298,0.0729718501391133,6.33426996741619,2.38467653881761e-10,4.57863998272019e-10
"LPCHMCBP_03067",165.792269348451,0.97757151374394,0.154776476932392,6.31602122699146,2.68383201095826e-10,5.14973137141032e-10
"LPCHMCBP_01223",144.594516307044,-1.08413220185414,0.171802586190509,-6.31033691572004,2.78428670970059e-10,5.33906991425652e-10
"LPCHMCBP_01851",12019.2494185855,-0.488436553933515,0.0775871138990827,-6.29533087889856,3.06744834922412e-10,5.8782966130406e-10
"LPCHMCBP_01905",905.01750111257,-0.637854971289787,0.101412493787198,-6.28970797846912,3.18063719927084e-10,6.09131604021174e-10
"LPCHMCBP_00214",26518.0853840767,0.329497977643341,0.0524216019751149,6.28553812223742,3.26719974644937e-10,6.25310359636132e-10
"LPCHMCBP_01714",480.05908106649,0.624459460756646,0.099423079254117,6.28083001895949,3.36770190533614e-10,6.44134698401131e-10
"LPCHMCBP_01162",39.8664391674394,-2.08235172535549,0.331708648927088,-6.27765278985296,3.43722429821883e-10,6.57013383372912e-10
"LPCHMCBP_03091",369.498898607356,-0.687601854256767,0.109556574824448,-6.27622628179615,3.46889232030024e-10,6.62644548263591e-10
"LPCHMCBP_00847",569.075755942088,0.658989138521462,0.105005494592166,6.27575862654548,3.47933598333508e-10,6.64216748472555e-10
"LPCHMCBP_02808",77.1411490842204,1.3810115525046,0.22038319613958,6.26641040104499,3.69465811157711e-10,7.04874061846338e-10
"LPCHMCBP_02395",92.8060024988813,1.33649598811982,0.213465811552657,6.2609369547223,3.82671222517699e-10,7.29603773046769e-10
"LPCHMCBP_02935",30.7259129760552,-2.78169963433924,0.44531875647245,-6.24653597879912,4.19655387453545e-10,7.99610043014659e-10
"LPCHMCBP_01395",24.4954528817819,2.78100967340699,0.445697557806253,6.2396789587434,4.38469860243357e-10,8.34928966110605e-10
"LPCHMCBP_01699",12211.9239288873,0.418993795486147,0.0672234607058003,6.2328507203735,4.58022596416885e-10,8.71607997366565e-10
"LPCHMCBP_00070",3213.51965001578,0.390013889627613,0.0625880845732884,6.2314399344003,4.62167199012507e-10,8.78937746664471e-10
"LPCHMCBP_02180",1456.31730120663,-0.430980988210213,0.069207234544177,-6.22739791654448,4.74245544041767e-10,9.01336844629096e-10
"LPCHMCBP_00785",1706.03387333063,-0.440430855491587,0.070738235021867,-6.22620645476153,4.77864280539817e-10,9.07639687278476e-10
"LPCHMCBP_02673",844.82302533739,0.543620337647476,0.0873208506585805,6.22555018128488,4.79869025909e-10,9.10870934062562e-10
"LPCHMCBP_00246",345.02393767732,-0.701334923217115,0.112718123633064,-6.22202446786818,4.90780473783655e-10,9.30993806463179e-10
"LPCHMCBP_01339",2073.45545653341,0.414106230441081,0.0667661943295648,6.20233389965301,5.56318880070267e-10,1.05465126916669e-09
"LPCHMCBP_02437",1771.51092759593,0.417710311667238,0.0674497303046838,6.19291300025008,5.90623333195418e-10,1.1189776659845e-09
"LPCHMCBP_00199",19.8723824311664,4.94845868000214,0.799428231156165,6.18999740958045,6.01652037551704e-10,1.13915316384395e-09
"LPCHMCBP_01322",430.549449091218,0.654606196026231,0.105861973978695,6.18358199288793,6.26631624189202e-10,1.18570082231513e-09
"LPCHMCBP_01726",2291.04830017613,-0.582222993735351,0.0942119291739317,-6.17992858059903,6.41306069584281e-10,1.21270290789063e-09
"LPCHMCBP_00646",4972.47611331236,-0.363070655948618,0.058849659518475,-6.1694606038398,6.85233462121306e-10,1.29495316109952e-09
"LPCHMCBP_00293",6728.78625271225,-0.392040315503329,0.0636990636848659,-6.15456951522621,7.52816984227164e-10,1.42177707342084e-09
"LPCHMCBP_03077",635.246016355286,0.54727977746651,0.0890946803610951,6.14267625461386,8.114255939681e-10,1.53150201729451e-09
"LPCHMCBP_01742",1406.44935978093,0.49245557981375,0.0801829307327336,6.14165103861328,8.16681184033375e-10,1.5404526921962e-09
"LPCHMCBP_02082",146.608755972799,0.998061605251536,0.163299301311837,6.11185471850631,9.84798179763538e-10,1.85639405619999e-09
"LPCHMCBP_00308",648.085561298408,-0.542371527525268,0.0889170116169122,-6.09974984159395,1.06234591303142e-09,2.00131832078298e-09
"LPCHMCBP_02353",223.473809552844,-0.834705642621365,0.137044237655742,-6.09077518981981,1.12365250508176e-09,2.11548379407174e-09
"LPCHMCBP_01208",1842.81223996275,0.404864037117412,0.0664783025080793,6.09016809760158,1.12792192531944e-09,2.12219040619664e-09
"LPCHMCBP_00356",205.669236244367,-0.865849662072394,0.142522531850892,-6.07517738302779,1.23850739219985e-09,2.32879742104747e-09
"LPCHMCBP_01233",612.506432387979,0.545597115001425,0.0899282473904333,6.06702711143314,1.30299568711662e-09,2.44852226489479e-09
"LPCHMCBP_00650",8763.94035860111,-0.321160633171472,0.0529534519674517,-6.06496122989066,1.31985486589348e-09,2.47865109671235e-09
"LPCHMCBP_02379",359.763038231548,0.6971088591933,0.114956877482665,6.06409006976048,1.32702776896664e-09,2.49056306108124e-09
"LPCHMCBP_01340",2547.45596442186,0.404251083998445,0.0666803932910567,6.06251799136679,1.34006812481492e-09,2.51346527660598e-09
"LPCHMCBP_00039",8034.08907986203,0.322412415739902,0.0532342243510637,6.05648752602628,1.39125923781511e-09,2.60785070123868e-09
"LPCHMCBP_02844",659.222611303915,-0.570024288913043,0.094234212402731,-6.04901632197992,1.45732896174844e-09,2.72999014619666e-09
"LPCHMCBP_03026",213.257435404034,-0.82749015169127,0.137071850090151,-6.03690802412775,1.57095202638316e-09,2.94100251476972e-09
"LPCHMCBP_02619",57.356588531043,-1.69347138304611,0.280576174047938,-6.03569204973467,1.58282854617938e-09,2.96138931863113e-09
"LPCHMCBP_01417",20.6523222789426,5.43272153650774,0.90057701363269,6.03248967525117,1.61452661971771e-09,3.0188127014161e-09
"LPCHMCBP_02491",696.604930039301,-0.544445575913526,0.0903348755120242,-6.02696990312514,1.67062098028303e-09,3.12175190649401e-09
"LPCHMCBP_00548",85.7704538686453,-1.28637092449198,0.214035940155185,-6.0100697273519,1.85443550927873e-09,3.463074650495e-09
"LPCHMCBP_02596",94.2183477781971,1.21053808993217,0.201595106098664,6.00479899219236,1.9156908572233e-09,3.57524145679547e-09
"LPCHMCBP_01516",1887.58502780794,0.446739636723862,0.0745598481675,5.99169187845251,2.07669109157169e-09,3.8733063802403e-09
"LPCHMCBP_02914",92.5173869942198,1.26250138119315,0.210723088507477,5.99128168695359,2.08193667587452e-09,3.88067823869531e-09
"LPCHMCBP_00190",22.432754233038,3.10526167358382,0.518383541987979,5.99027828251506,2.0948228142842e-09,3.90227390792482e-09
"LPCHMCBP_02218",1388.25395576651,0.505720857897065,0.0845088025355389,5.98423883339718,2.17404114546767e-09,4.04733094140725e-09
"LPCHMCBP_01532",1711.22641011553,-0.450359022927434,0.075527794682293,-5.96282500795721,2.4791388310368e-09,4.61245854429103e-09
"LPCHMCBP_01073",512.669987801312,-0.575586602379128,0.0966225990512156,-5.95705981862518,2.56816260893508e-09,4.77512762665067e-09
"LPCHMCBP_02659",2093.64326721719,0.409083727951832,0.0687325163039519,5.95182236807342,2.65173091563526e-09,4.92745788100397e-09
"LPCHMCBP_00213",897.028152746941,-0.497242520348384,0.0837092791293171,-5.94011232112304,2.84826858549479e-09,5.28938986699868e-09
"LPCHMCBP_00818",22805.1447749707,0.318403291210222,0.0536078742938278,5.93948734965754,2.8591473721492e-09,5.30630875931957e-09
"LPCHMCBP_02677",1078.82897514813,0.598563551314843,0.10090731425524,5.93181530727103,2.99603535564979e-09,5.55692342540484e-09
"LPCHMCBP_02338",894.269326784264,-0.468341616888661,0.079040544553314,-5.92533388446936,3.11663495233559e-09,5.77703612844911e-09
"LPCHMCBP_01843",5290.53747515212,0.33120577585532,0.0559892170832931,5.91552790178504,3.30812821121951e-09,6.12820540856158e-09
"LPCHMCBP_02484",4630.98498304316,-0.348725818269991,0.0591187462433591,-5.89873501096388,3.66298961999304e-09,6.78138917310248e-09
"LPCHMCBP_02691",924.035634478609,0.541958631882785,0.09189430466701,5.89763025953172,3.6875913647271e-09,6.82272607000371e-09
"LPCHMCBP_01179",184.676985497802,-0.918532973547545,0.156321964704054,-5.87590474113153,4.20540115376739e-09,7.77597588567833e-09
"LPCHMCBP_02248",53.5289455171291,-1.59674630417939,0.271790286707356,-5.87492041574925,4.23046535520525e-09,7.81750402153385e-09
"LPCHMCBP_00783",1440.61838309492,-0.413706780313303,0.0704786478849746,-5.86995909723605,4.35902667856126e-09,8.05011634606914e-09
"LPCHMCBP_00875",483.421300085111,-0.58937766195632,0.100451278036921,-5.86729878876894,4.42952039598557e-09,8.1752710383473e-09
"LPCHMCBP_02705",13729.0206779812,-0.306494644491484,0.0523206655593821,-5.85800354820837,4.6846464512036e-09,8.64082606027167e-09
"LPCHMCBP_02151",2512.01109251996,0.378270092103663,0.064627194977363,5.8531101688099,4.82464300159439e-09,8.89358332173511e-09
"LPCHMCBP_01141",113.487488731154,-1.11592084873229,0.190887998744932,-5.84594556006324,5.03698769430959e-09,9.27931250498655e-09
"LPCHMCBP_02244",755.926903327202,0.508381125379882,0.0869756540311799,5.84509689570868,5.06273486523116e-09,9.32102290218325e-09
"LPCHMCBP_00040",1002.9076063594,0.460159538570451,0.0788156942574063,5.83842523885667,5.26965191125785e-09,9.69603027938983e-09
"LPCHMCBP_00973",333.551540375814,0.718468331918831,0.123241128032088,5.82977731047514,5.55013919374305e-09,1.02058625737885e-08
"LPCHMCBP_01094",283.590241585168,0.700112893469144,0.120097834059495,5.82952139771576,5.55865692569174e-09,1.02152660342933e-08
"LPCHMCBP_01830",689.082380343123,-0.508261879244071,0.0875712372503865,-5.8039819374806,6.47582560151814e-09,1.18934838617845e-08
"LPCHMCBP_03102",1827.15409244803,0.38429728301145,0.0662349114397138,5.80203513008744,6.55148308965283e-09,1.20250769125677e-08
"LPCHMCBP_01753",586.051357814468,0.559267047508669,0.0964111647000276,5.8008535551745,6.59782034896587e-09,1.21027254689771e-08
"LPCHMCBP_01267",392.856956986839,-0.692151650176569,0.119384766626368,-5.7976546735042,6.72487477251982e-09,1.23282524082663e-08
"LPCHMCBP_00931",339.439750610374,-0.657822967430171,0.113470436307828,-5.79730711218556,6.73882182402069e-09,1.2346278567696e-08
"LPCHMCBP_03012",964.727117538503,0.533939695808568,0.092109734229336,5.79677816113504,6.7601017421098e-09,1.23777091690491e-08
"LPCHMCBP_01739",11002.7439965231,-0.388307694177964,0.0670249341870845,-5.79348117066544,6.89422180536525e-09,1.26155851450617e-08
"LPCHMCBP_00071",3192.48814216239,0.35722895818402,0.0617206766863269,5.78783281977783,7.13003197968482e-09,1.30391383126351e-08
"LPCHMCBP_03119",88.3846306305358,-1.1901833074378,0.206103025138853,-5.77470081594373,7.70899391067006e-09,1.40893366174914e-08
"LPCHMCBP_02997",110.778343193774,-1.08525112917382,0.18854163335771,-5.75602910533204,8.61155444876979e-09,1.57293213029569e-08
"LPCHMCBP_00584",486.122301696613,0.555246926257866,0.096565805853318,5.74993312955186,8.92787533400613e-09,1.62971738913336e-08
"LPCHMCBP_02535",234.587763274494,-0.734711422925592,0.128267082580516,-5.72798108559457,1.01632894748484e-08,1.854105271369e-08
"LPCHMCBP_02313",148.788095271201,0.92788134730301,0.162048798255283,5.72593784892668,1.0286387722534e-08,1.87542220870745e-08
"LPCHMCBP_02663",2705.0927080781,0.431179819483014,0.0753944629227165,5.71898522475049,1.07162111850839e-08,1.95260168587959e-08
"LPCHMCBP_00687",1356.05265238547,-0.449340882865441,0.0787332661190582,-5.70712870193852,1.14897903638804e-08,2.09228524769448e-08
"LPCHMCBP_01346",3713.33166138456,0.38764687063773,0.0681428090982471,5.68874215441907,1.27978536148511e-08,2.32906966028915e-08
"LPCHMCBP_01544",16.8064020043471,3.84325996947667,0.675791090082617,5.68705333035217,1.29250103314351e-08,2.35078521240222e-08
"LPCHMCBP_02785",57.476819423892,1.4516271671364,0.255896444889641,5.67271330308022,1.40553345718576e-08,2.55481884010568e-08
"LPCHMCBP_02382",19.4449534684345,-3.15828495147897,0.557910467433257,-5.66091718266031,1.50566081681475e-08,2.73516229495223e-08
"LPCHMCBP_00447",16495.2644037576,-0.290163264471045,0.0512725719081843,-5.65922975330067,1.52053881550912e-08,2.76051844243368e-08
"LPCHMCBP_01990",926.728325662908,0.456493950063728,0.0807532657893479,5.65294722884067,1.57719741254765e-08,2.86165020257285e-08
"LPCHMCBP_00639",728.576748289442,-0.554519840082926,0.0984777055989227,-5.6309175433205,1.79253416752604e-08,3.25038975029949e-08
"LPCHMCBP_00428",4982.26931606627,-0.369209085119437,0.0656439827497129,-5.62441627783549,1.86136300624067e-08,3.37315844307262e-08
"LPCHMCBP_00258",426.718590314448,-0.605791797630282,0.107960834493073,-5.61121818365669,2.0090726381172e-08,3.63864030596845e-08
"LPCHMCBP_02858",255.153598317136,0.75813157308063,0.135197835970744,5.60757180495616,2.05184895930886e-08,3.71387136724119e-08
"LPCHMCBP_01534",867.675522793051,-0.521035026310841,0.0930102151967115,-5.60191184601477,2.12000373004252e-08,3.83491934530296e-08
"LPCHMCBP_01074",129.911007538662,-0.970649293689015,0.173397940135557,-5.59781328965149,2.17072346353749e-08,3.9243018759494e-08
"LPCHMCBP_00331",147.931661379653,-0.919779930435944,0.164530606542744,-5.59032723310961,2.26642087454392e-08,4.09483988230362e-08
"LPCHMCBP_01776",2226.81041178595,0.459623906893199,0.0822913146672872,5.5853270633907,2.33260804289654e-08,4.21188732655386e-08
"LPCHMCBP_01044",933.990930950503,-0.531162423099827,0.0952382869503371,-5.57719421577592,2.44428924940552e-08,4.41089118308236e-08
"LPCHMCBP_02407",656.538173447469,-0.527169807238974,0.0945334596256668,-5.57654199186679,2.45346710556973e-08,4.42479253835021e-08
"LPCHMCBP_00873",433.178993379318,0.578901867714956,0.10389298325283,5.57209784135435,2.51689993951066e-08,4.53646649758047e-08
"LPCHMCBP_01297",1702.39650193292,0.415662254641133,0.0746294693316435,5.56967989138426,2.55207774607822e-08,4.59711003360188e-08
"LPCHMCBP_00456",1572.7204499875,-0.398607262414141,0.0718971382562609,-5.54413252156709,2.95415042176035e-08,5.31817961349898e-08
"LPCHMCBP_02081",374.160960943992,0.591962172642729,0.106882276707164,5.53845025461601,3.05159896682916e-08,5.49031684619563e-08
"LPCHMCBP_00233",4139.48878437164,-0.401714793421094,0.0727817407916404,-5.51944469933913,3.40072591082691e-08,6.11478637411119e-08
"LPCHMCBP_01478",80.5240813151143,1.17083778972852,0.212135915021955,5.51928130419283,3.40388922937504e-08,6.11680932775719e-08
"LPCHMCBP_01234",2778.65645204244,0.335058399223623,0.0607901253873052,5.51172410138824,3.55335620819826e-08,6.38158107767982e-08
"LPCHMCBP_01198",1412.21577979683,-0.407374400280244,0.073931631047684,-5.51015031735872,3.5852739137518e-08,6.43505204256527e-08
"LPCHMCBP_02723",70.3678331174889,-1.39159346713125,0.253904616214353,-5.48077261406081,4.23472453448573e-08,7.59617951463938e-08
"LPCHMCBP_01663",74.0896061801182,-1.26642976654411,0.231539077528271,-5.46961566947367,4.51012502642951e-08,8.08535555813319e-08
"LPCHMCBP_00944",434.402000030153,0.579036885906579,0.105871682097524,5.46923289055892,4.51987525655998e-08,8.09799739996209e-08
"LPCHMCBP_02291",223.492063459786,0.796432793190878,0.145638140155987,5.4685729461929,4.5367335142805e-08,8.123351596871e-08
"LPCHMCBP_02674",340.300460933342,-0.602406105636585,0.11020123038866,-5.46641905459681,4.59217981345959e-08,8.21772905199298e-08
"LPCHMCBP_02252",247.068743261437,0.712322902482051,0.130393123570368,5.46288702178103,4.68452758297202e-08,8.37799003367046e-08
"LPCHMCBP_02520",217.860555905814,0.721649059072726,0.132164036829917,5.46025285230523,4.75456940915275e-08,8.49819106424503e-08
"LPCHMCBP_01545",23.3995008565005,2.47753902678352,0.454097700483497,5.45596030137475,4.87088754319365e-08,8.70091280781199e-08
"LPCHMCBP_00801",4585.39406778424,-0.359813563943228,0.066249612334724,-5.43117991582022,5.59826571740101e-08,9.99428638781703e-08
"LPCHMCBP_03161",36.4148455638305,1.77121102229077,0.326136145463003,5.430894572499,5.60722548712688e-08,1.00043303726919e-07
"LPCHMCBP_02428",4426.07234596824,0.351596006714437,0.065006448512634,5.40863275504283,6.35077036008521e-08,1.13242197567532e-07
"LPCHMCBP_00321",1469.57277635989,0.408887922041592,0.0756778002521229,5.4030101387642,6.55317541157599e-08,1.16781944240734e-07
"LPCHMCBP_01757",69.7934380916327,-1.26498029058882,0.234150144984447,-5.40243223284292,6.57432980240826e-08,1.17089399032802e-07
"LPCHMCBP_01736",4078.08268577755,-0.368112535837151,0.0682111122537318,-5.39666520123356,6.78909014687792e-08,1.20842583219339e-07
"LPCHMCBP_01449",350.991587354673,0.605295380342113,0.112196347882221,5.39496509260287,6.85368756073395e-08,1.21920073324022e-07
"LPCHMCBP_00970",372.736477790862,0.570462547187078,0.10610514901869,5.37638891668294,7.59945478064316e-08,1.35106420596624e-07
"LPCHMCBP_03129",48.5207419057435,-1.58767220135649,0.295551137414331,-5.37190354009953,7.7909784457382e-08,1.38429403881944e-07
"LPCHMCBP_01014",322.848172566566,0.611825245775774,0.113993197071033,5.3672084080116,7.99646395605012e-08,1.41996380663352e-07
"LPCHMCBP_01013",2811.22369616841,0.337034095486975,0.0628094803204371,5.36597490963972,8.05131342333912e-08,1.42885816578597e-07
"LPCHMCBP_03143",585.646795549096,0.521513647876787,0.0975649664055338,5.34529623788409,9.02692953028775e-08,1.60105292673721e-07
"LPCHMCBP_00068",6304.80617203408,0.323132005751224,0.0607362518392853,5.32024937275132,1.03625113142734e-07,1.83685153302625e-07
"LPCHMCBP_01713",337.334077246784,0.610010521318278,0.114872574820478,5.31032339330427,1.09430881213448e-07,1.93861909398795e-07
"LPCHMCBP_01378",179.977251458724,0.775232414125243,0.145989008475804,5.31021083175403,1.09498490882205e-07,1.93867239609144e-07
"LPCHMCBP_02689",6784.39045341415,-0.39889096373828,0.0751973358067038,-5.30458904506454,1.12927109547176e-07,1.99819726268323e-07
"LPCHMCBP_00754",55.2276292434996,1.50461415291577,0.283907201424863,5.29966885434559,1.16012900919559e-07,2.05158936746964e-07
"LPCHMCBP_01774",201.750451234737,0.726001622408419,0.137248507127548,5.2896868432509,1.22525960051824e-07,2.16549120209377e-07
"LPCHMCBP_02827",40.7228622763065,1.63040635757721,0.308800553517272,5.2798038701897,1.29322240263109e-07,2.28426158345845e-07
"LPCHMCBP_02953",55.4823043155685,1.34482293634362,0.254847017685996,5.2769812594025,1.31329311083714e-07,2.31834860330722e-07
"LPCHMCBP_00159",14.3550816905348,4.89946294718608,0.928509827130331,5.27669476835636,1.31534702368855e-07,2.32060929928826e-07
"LPCHMCBP_02960",290.384305672039,0.618240293675253,0.117226037462692,5.27391616279798,1.33542931215026e-07,2.35465532653522e-07
"LPCHMCBP_02661",814.041654735117,-0.4709701670886,0.0893467585206607,-5.27126193369054,1.35488946218984e-07,2.38756504758175e-07
"LPCHMCBP_03006",335.3378328281,-0.612760075630347,0.116558827097873,-5.25708855251109,1.4635385175627e-07,2.57751120375919e-07
"LPCHMCBP_01755",474.961781955166,0.554586424015722,0.10569530048839,5.24703010874774,1.54570645840652e-07,2.72062468133605e-07
"LPCHMCBP_02361",3481.50555624738,0.358759779447153,0.0684263932022811,5.24300292120603,1.57984036926356e-07,2.77907441275495e-07
"LPCHMCBP_01252",1272.21956262062,0.40479465410114,0.077263717003846,5.23912995385648,1.61335402903223e-07,2.83636522620137e-07
"LPCHMCBP_02922",18.6506061291855,2.82411341343721,0.539088362743709,5.23868369011676,1.61725953371845e-07,2.84156666316691e-07
"LPCHMCBP_02728",120.58542352052,-0.941042312100281,0.179656655792511,-5.23800416939248,1.62322396493341e-07,2.85037748318618e-07
"LPCHMCBP_01458",190.017860871282,0.766181677845555,0.146338861266555,5.23566789582954,1.6438931026707e-07,2.88498432813729e-07
"LPCHMCBP_00762",1857.66885752332,-0.392671159051048,0.0750016744078292,-5.23549856921673,1.64540099463988e-07,2.88594294851798e-07
"LPCHMCBP_02788",329.176416697589,0.613332249092617,0.117184977753572,5.2338811753021,1.65987181605718e-07,2.90962343457219e-07
"LPCHMCBP_02886",188.612871450675,0.749949955885029,0.143294740445329,5.23361816040383,1.66223661257794e-07,2.91206776085603e-07
"LPCHMCBP_00487",3902.58567801294,0.311881882379634,0.0596160271960279,5.23151067001012,1.68130328388922e-07,2.94375213241047e-07
"LPCHMCBP_02083",237.60877051535,0.669004065246523,0.128098607735681,5.22257093244094,1.76455930172574e-07,3.08772155363204e-07
"LPCHMCBP_00556",151.716829486261,-0.81645402052134,0.156524756605703,-5.21613346173759,1.82696562756752e-07,3.1950605176749e-07
"LPCHMCBP_02781",280.884256625977,-0.648114081083908,0.124331573099983,-5.21278758825579,1.86023858645436e-07,3.2513546872158e-07
"LPCHMCBP_01142",1367.03072090773,0.386454657015254,0.0742570589344285,5.20428175530769,1.94748343415619e-07,3.40186134220182e-07
"LPCHMCBP_01482",34.5441534418824,-1.778923307699,0.341990537314022,-5.2016740628866,1.97501375089401e-07,3.44794430857064e-07
"LPCHMCBP_02002",53.5076353663308,1.34515075555936,0.259637698268351,5.18087613829123,2.20846109593391e-07,3.85325101680096e-07
"LPCHMCBP_01104",81.0376409652315,1.09687490330722,0.212114926513484,5.17113491886906,2.32676490392204e-07,4.05730475111565e-07
"LPCHMCBP_00353",4030.8433055327,-0.30980571636866,0.0602532155869578,-5.14172917330108,2.72221333444227e-07,4.74411278551757e-07
"LPCHMCBP_00079",3399.45428738098,0.314452462701924,0.0611865794311449,5.13923912115053,2.75853178482003e-07,4.80461630078056e-07
"LPCHMCBP_01258",1827.96788588556,-0.404538519014844,0.0787509007341694,-5.13693831109818,2.79250571024209e-07,4.86096846661051e-07
"LPCHMCBP_02894",125.277144759707,-1.00019618978636,0.194791365367364,-5.13470495932943,2.82586983221729e-07,4.91619441535309e-07
"LPCHMCBP_01671",221.439248074871,0.885912636750856,0.172558381496639,5.13398786582911,2.83666392756501e-07,4.9321138161197e-07
"LPCHMCBP_00276",931.619768020023,0.425965087868425,0.0829763207841098,5.13357405875723,2.84291089147356e-07,4.94011325148358e-07
"LPCHMCBP_00148",18.3332303856737,2.57730392085374,0.503760833564509,5.11612604460983,3.11874691023036e-07,5.41629599398224e-07
"LPCHMCBP_00087",7862.25247057148,0.28542991704248,0.0558095130233699,5.11435957025745,3.14807186199322e-07,5.46406226595815e-07
"LPCHMCBP_01275",41535.1805450262,0.3310482039832,0.0648233837622064,5.10692569208659,3.27442438066769e-07,5.68008529848771e-07
"LPCHMCBP_00906",1160.14225658302,-0.388687210056001,0.0765574186159613,-5.07706786726694,3.83303988165934e-07,6.64526440488717e-07
"LPCHMCBP_01001",492.918896794877,0.487228781265374,0.0961488398737132,5.06744316317623,4.03194837172843e-07,6.98607220759644e-07
"LPCHMCBP_02649",1941.90025474932,0.324528795854341,0.0640545752515725,5.06644208598314,4.05319988618861e-07,7.01884181099366e-07
"LPCHMCBP_01610",10660.0032122477,-0.283089875138452,0.0559226053856312,-5.06217250048206,4.14505712219198e-07,7.17376956383975e-07
"LPCHMCBP_02500",2473.82040030708,0.349620887180815,0.0691036405832313,5.05937001625432,4.20643906713194e-07,7.27580613283167e-07
"LPCHMCBP_00553",71.931772339744,-1.14854357017071,0.227302368793769,-5.05293269166403,4.35077254957399e-07,7.52112236248361e-07
"LPCHMCBP_01517",5871.97581493324,-0.338182992206087,0.0669390954331304,-5.05209982324782,4.36979205641398e-07,7.54965225175495e-07
"LPCHMCBP_02386",108.660439636976,-0.927516962334547,0.185311370895699,-5.00518105203913,5.58095499336579e-07,9.63662021581745e-07
"LPCHMCBP_02204",78.2471912469902,-1.0784795712685,0.215686242165858,-5.00022421661541,5.72636822898966e-07,9.88201900816444e-07
"LPCHMCBP_01756",59.5499047673676,-1.24901506216721,0.249913619592715,-4.99778709220704,5.79919621409661e-07,1.00019470336229e-06
"LPCHMCBP_03005",22.1748385104557,-2.22198602630305,0.444727374011584,-4.99628796460183,5.84443694716804e-07,1.00741845367325e-06
"LPCHMCBP_00963",69.6700788269903,1.23430072817607,0.247105720643457,4.99503097282402,5.88263255383485e-07,1.01342022353952e-06
"LPCHMCBP_00521",52.3815985435812,1.34085731654689,0.268507149319392,4.99374903031697,5.92183412023381e-07,1.01958830721868e-06
"LPCHMCBP_02406",3753.82627374997,-0.349161075461794,0.0700582840698945,-4.98386564982736,6.23263634976439e-07,1.07248518839696e-06
"LPCHMCBP_02457",1320.76323238614,-0.365927693268872,0.0734398621771099,-4.98268491281192,6.27080170796939e-07,1.07843415046511e-06
"LPCHMCBP_01126",7626.83928734945,0.334689989609448,0.0672169138209669,4.97925255094126,6.38303053083851e-07,1.09710622125122e-06
"LPCHMCBP_00777",36.927371598169,-1.61350490480321,0.324365919693574,-4.97433548606917,6.54718381862716e-07,1.12467651057242e-06
"LPCHMCBP_01931",92.9696297487924,-0.978948204982615,0.196995338696994,-4.9693978114293,6.71611541993953e-07,1.15303560499076e-06
"LPCHMCBP_00582",101.036302305315,0.986862191980051,0.198785896809259,4.96444771897966,6.88968418136648e-07,1.18215793186282e-06
"LPCHMCBP_02122",6277.57201659523,-0.326789838893569,0.0659202313174336,-4.95735273318352,7.14601698175199e-07,1.22543982641358e-06
"LPCHMCBP_00476",1339.9806388698,-0.360816605735777,0.0730595421609359,-4.93866502668425,7.86591958995731e-07,1.34812248369285e-06
"LPCHMCBP_02049",333.498755141159,0.548199227875064,0.111047922842187,4.93660046801708,7.94960932748977e-07,1.36168821870986e-06
"LPCHMCBP_01479",286.287382530748,0.591504022247889,0.120236780384789,4.91949318964566,8.67685871932551e-07,1.48541089655995e-06
"LPCHMCBP_01250",524.777553407241,0.473753217347024,0.0964085746552274,4.9140153667995,8.92297514214485e-07,1.52667322699981e-06
"LPCHMCBP_01834",27.0702149258351,1.89428650303158,0.385650229551733,4.91192888756591,9.01847636023097e-07,1.54213376393465e-06
"LPCHMCBP_01712",124.824060024606,0.836035075256609,0.170513803240972,4.90303458937641,9.43673596169301e-07,1.61273602625517e-06
"LPCHMCBP_01257",770.880715859088,-0.444419819284812,0.0906849254340713,-4.90070226289052,9.54946857327268e-07,1.63107314674965e-06
"LPCHMCBP_01514",172.888309758922,-0.779184763734942,0.159158708701769,-4.89564642796251,9.79830999539782e-07,1.67262390763304e-06
"LPCHMCBP_01418",7.26239655521133,6.40317356390959,1.30852253992243,4.8934377273235,9.90896776547309e-07,1.69055214691215e-06
"LPCHMCBP_01595",1058.41681090467,0.373531674872854,0.0764274896730951,4.887399500763,1.02176623394762e-06,1.74222753868e-06
"LPCHMCBP_03123",72.7586195133012,-1.17147648906107,0.240014565936874,-4.88085581176426,1.05626451759878e-06,1.8000282892186e-06
"LPCHMCBP_02678",3426.8157071112,-0.310194758146603,0.0636221590162362,-4.87557736082867,1.08490667909412e-06,1.8477894120099e-06
"LPCHMCBP_02458",339.581016535277,0.538068618665595,0.110368156093507,4.87521616479418,1.08689370320034e-06,1.85012365473863e-06
"LPCHMCBP_02439",234.922200734127,0.632761376908728,0.130220566247839,4.85915086334703,1.17890278318157e-06,2.00560501832647e-06
"LPCHMCBP_02609",806.987807674065,0.392042136477892,0.0808215628260087,4.85071214623594,1.23018974232031e-06,2.09167105762224e-06
"LPCHMCBP_01630",185.15214488478,0.71514456863107,0.147648899827933,4.84354823818182,1.27540738823008e-06,2.16732591850423e-06
"LPCHMCBP_02314",43.7294872974066,-1.46582057909875,0.303290363255145,-4.83306018485531,1.34450118259089e-06,2.283445415368e-06
"LPCHMCBP_01033",139.024076616908,-0.797715548229392,0.165130052768664,-4.83083203120476,1.35963672100376e-06,2.30784490935084e-06
"LPCHMCBP_01502",230.268310658404,-0.846063890916438,0.175487451767942,-4.8212215881694,1.42681755005993e-06,2.42050846112485e-06
"LPCHMCBP_01697",1391.20598828678,0.35004556146036,0.0726502516715867,4.81822916516148,1.44837959468952e-06,2.45569896252162e-06
"LPCHMCBP_02232",302.650173398022,0.585807520179235,0.121590760281405,4.81786213708563,1.45104570460343e-06,2.45883012959621e-06
"LPCHMCBP_00474",4665.80125603935,-0.314510328709965,0.065323874977842,-4.81463062037651,1.47472416685587e-06,2.49754358054992e-06
"LPCHMCBP_01746",405.285146035752,0.548547183150623,0.114449899713748,4.79290226136151,1.64385721948963e-06,2.78241145836908e-06
"LPCHMCBP_02816",41.5369492590514,1.41157155419941,0.296452050108179,4.76155099512488,1.92110738625741e-06,3.24985527968348e-06
"LPCHMCBP_02716",111.046030719536,-0.940954615682437,0.19827388595567,-4.74573144691791,2.0775420390735e-06,3.51250910380822e-06
"LPCHMCBP_01542",28.2266544804667,1.72673427615779,0.364191230331324,4.74128461189713,2.12367350705588e-06,3.58848209159611e-06
"LPCHMCBP_01156",102.489807611022,-0.884021508888585,0.186470991609228,-4.74079909834531,2.12876938721706e-06,3.5950686162287e-06
"LPCHMCBP_01564",1784.29849961094,0.342522255298762,0.0722780749472747,4.73895099653144,2.14827444086373e-06,3.62596827729586e-06
"LPCHMCBP_02647",3306.4446906955,0.312659357127021,0.0660152129710335,4.73617130136673,2.17793518893566e-06,3.67396486902525e-06
"LPCHMCBP_01493",555.723182273936,0.437498620869949,0.0924942077176872,4.73001101004392,2.24507661096829e-06,3.78509826377295e-06
"LPCHMCBP_01484",21.3066946213792,2.22378438848181,0.470450724428201,4.72692308250701,2.2794756129942e-06,3.84093560617382e-06
"LPCHMCBP_00355",247.9142651627,-0.596525338253829,0.126458641631001,-4.71715756677551,2.39162466346687e-06,4.02764624863304e-06
"LPCHMCBP_01745",490.133237658314,0.474994002469156,0.100821256710841,4.71124857956747,2.46203705206836e-06,4.143899715792e-06
"LPCHMCBP_00860",11126.6740613236,-0.297392790657457,0.0635411665861733,-4.6803168187688,2.86431937720325e-06,4.81828612723484e-06
"LPCHMCBP_00349",116.968254880469,-0.83687632595736,0.179160138288439,-4.67110783655475,2.99579604068106e-06,5.03662964598536e-06
"LPCHMCBP_02682",3235.14515378754,-0.318061899397949,0.0682981450596776,-4.65696248587767,3.20908891610385e-06,5.39220371625288e-06
"LPCHMCBP_00455",707.398490255075,-0.427746926707039,0.0920065904691864,-4.64909007632768,3.33402595588928e-06,5.59899938087505e-06
"LPCHMCBP_02222",1415.79933502487,-0.361874426383383,0.0778644641116772,-4.64749138791174,3.35996116803405e-06,5.63939791122493e-06
"LPCHMCBP_03103",124.217444551703,-0.829196479940342,0.178525361596154,-4.64469850404833,3.40573449209072e-06,5.71302918432882e-06
"LPCHMCBP_02971",338.425193028906,0.520933034043338,0.11227756998956,4.63968924596227,3.48933474302607e-06,5.84999640436941e-06
"LPCHMCBP_01857",338.684915053117,0.524602295263832,0.113174829979134,4.63532655945277,3.56374425132906e-06,5.97141066344975e-06
"LPCHMCBP_01981",30.4134128675614,1.66445854083791,0.35915558026713,4.63436636457084,3.58032430050708e-06,5.99584443405232e-06
"LPCHMCBP_02944",779.753095884779,0.381927824785337,0.082441322869923,4.63272314768588,3.60887007269302e-06,6.04027835368196e-06
"LPCHMCBP_01979",1026.53637065555,0.346313132979094,0.0749103030100693,4.62303740691775,3.78161495930333e-06,6.32587875856705e-06
"LPCHMCBP_00290",385.304604203936,-0.482549592345154,0.104624223136206,-4.61221673031629,3.98397273146611e-06,6.66066973099153e-06
"LPCHMCBP_02967",62.4629904551286,1.12430426684722,0.245925846973488,4.57172062507294,4.83735607117591e-06,8.0829095599103e-06
"LPCHMCBP_03130",18.3177838256256,-2.25593080026329,0.493769158052837,-4.56879649826547,4.90532770979694e-06,8.19192457267703e-06
"LPCHMCBP_03029",71.2986923997246,-1.02863207565509,0.225322182306682,-4.56516116222877,4.99110753773839e-06,8.33054155770462e-06
"LPCHMCBP_00291",337.926536609651,-0.539836300552619,0.118463565505277,-4.55698170361565,5.18939425801612e-06,8.65668269500077e-06
"LPCHMCBP_00266",220.097866308838,0.603156200673565,0.132471779535469,4.55309200788739,5.28631390094338e-06,8.81346000929504e-06
"LPCHMCBP_00494",16.5726557283806,-2.372178154343,0.522920287957668,-4.53640489568276,5.72212752654708e-06,9.53476108115924e-06
"LPCHMCBP_03081",444.067809026977,0.459064927818373,0.101550895257535,4.52054043102401,6.16819628584204e-06,1.02723402074428e-05
"LPCHMCBP_01704",142.058251642267,-0.730535334498947,0.161813996834507,-4.51466096128936,6.34181397827516e-06,1.05556204929583e-05
"LPCHMCBP_01571",300.335782683011,0.55507870943849,0.123323246710347,4.50100629236772,6.76325034655147e-06,1.12508394068741e-05
"LPCHMCBP_00443",5466.11507836416,0.276038583851621,0.0613588657257972,4.49875630174118,6.83521560435378e-06,1.13642559715599e-05
"LPCHMCBP_02957",284.139157796732,0.549673932197595,0.12221475291387,4.49760703263849,6.87225667393519e-06,1.14195139969432e-05
"LPCHMCBP_00895",47.2941106690085,1.23054630052971,0.273685952994581,4.49619824132542,6.91792414463836e-06,1.14890372761814e-05
"LPCHMCBP_01858",113.694408582059,0.816291018601512,0.181582486061431,4.49542814567125,6.9430101716659e-06,1.15243216400273e-05
"LPCHMCBP_00560",19.6043494656767,-2.26654557804792,0.504797481368201,-4.49000968052512,7.1219936765257e-06,1.18148717652038e-05
"LPCHMCBP_02836",35.377768843874,-1.52368886792725,0.339644743772005,-4.4861252702031,7.25301074357433e-06,1.20255719566114e-05
"LPCHMCBP_00688",828.633578439817,-0.37853680883415,0.0846124157687746,-4.47377380015482,7.68510406691041e-06,1.27349515763656e-05
"LPCHMCBP_02058",212.063710902493,0.635843302745799,0.142445682248167,4.46375974835123,8.05338627451807e-06,1.33378654579629e-05
"LPCHMCBP_01464",1057.33340025166,-0.387442201964947,0.0868245479478675,-4.46235783683643,8.10627078743871e-06,1.34180466812485e-05
"LPCHMCBP_01896",1544.00121978434,0.372121489441673,0.0834460907168001,4.45942387768148,8.21802535684346e-06,1.35955314751308e-05
"LPCHMCBP_00781",275.253979459925,-0.574721851159199,0.128888958304707,-4.45904644368756,8.23250828564986e-06,1.36119875290552e-05
"LPCHMCBP_00547",26.9179107432637,-1.72929962749802,0.388315481872488,-4.45333680531922,8.45459737651296e-06,1.39715015016054e-05
"LPCHMCBP_02542",1946.80297424277,0.307847891837974,0.0694825832013257,4.43057637834196,9.39815520553484e-06,1.55222145139296e-05
"LPCHMCBP_02442",59.2738304798677,1.10623365001042,0.249989685159401,4.42511717755496,9.63899480949419e-06,1.59112340062113e-05
"LPCHMCBP_01868",115.441008703699,0.809261874457939,0.182988075318593,4.42248421406129,9.75724803295578e-06,1.60975818289721e-05
"LPCHMCBP_02817",56.9575988780084,1.12006818504622,0.253490023721673,4.41858882097875,9.93474507968548e-06,1.63814120791957e-05
"LPCHMCBP_01869",24.911807946758,1.72697658665742,0.391158755646211,4.41502730471769,1.00997241510063e-05,1.66443010308457e-05
"LPCHMCBP_01160",45.3220337913402,-1.30201154055998,0.295780973234299,-4.40194487942469,1.07284816198402e-05,1.76707866855875e-05
"LPCHMCBP_02396",110.50266994489,-0.803501085972235,0.182617357326126,-4.39991629348413,1.08292642792075e-05,1.78270006044441e-05
"LPCHMCBP_02822",35.0629907053563,1.42631295982532,0.32427317677955,4.39849195665964,1.09005665809039e-05,1.79345396432526e-05
"LPCHMCBP_01930",35.8676230732426,-1.48814347413944,0.339023934939231,-4.38949384032779,1.13614796376419e-05,1.86826303520895e-05
"LPCHMCBP_02538",2607.9269262734,-0.272263521615888,0.0620957554999856,-4.38457539365877,1.16212229788405e-05,1.90992826722346e-05
"LPCHMCBP_00652",972.236551133736,-0.361694860246056,0.0826757719719838,-4.37485918327588,1.21510892328667e-05,1.99591783184636e-05
"LPCHMCBP_01129",449.00222049745,0.447916451302015,0.102486913343038,4.37047459711052,1.2397677768524e-05,2.03530804066415e-05
"LPCHMCBP_02381",10.828848265909,-4.87252370445749,1.11590631379111,-4.36642722085144,1.26295342833947e-05,2.07223796525246e-05
"LPCHMCBP_01034",909.080096187407,-0.340961789954212,0.0781484598238759,-4.36300076447625,1.28290495019803e-05,2.10382391013349e-05
"LPCHMCBP_02336",116.558843498517,-0.781233658941443,0.179281774430303,-4.357574334725,1.3151183937609e-05,2.15547258311112e-05
"LPCHMCBP_00558",16.8286951758686,2.15022320048493,0.493706127825103,4.35526941899058,1.32903351942093e-05,2.17709038852741e-05
"LPCHMCBP_01566",5730.56814593595,0.251192650278148,0.0577043889378584,4.35309436425462,1.34229338052482e-05,2.19761180303055e-05
"LPCHMCBP_01666",221.307897006238,0.588517291756504,0.135209475630217,4.35263348972695,1.34511918371826e-05,2.20103744293266e-05
"LPCHMCBP_03080",338.096113858838,0.50585083893786,0.116584262833205,4.33892899989061,1.43178766359934e-05,2.34157753594639e-05
"LPCHMCBP_02871",811.327929240435,-0.369753619270401,0.0853753163168898,-4.33091946503573,1.48487987859786e-05,2.42708306953822e-05
"LPCHMCBP_02383",272.452875010171,0.51588704059308,0.119450630106032,4.31883063433944,1.56858094855288e-05,2.56249941568164e-05
"LPCHMCBP_01105",67.5283575929966,0.97995652721421,0.227523771222158,4.30705117953308,1.65445340531593e-05,2.70131374828788e-05
"LPCHMCBP_02052",694.248044591383,0.358767350723811,0.0837984046378256,4.28131480872928,1.85792303820008e-05,3.03187984645918e-05
"LPCHMCBP_00513",105.773787394649,0.839022298967853,0.196248535040794,4.27530477510797,1.90875997332941e-05,3.11314602171824e-05
"LPCHMCBP_01466",1030.17088233703,0.36324593769135,0.0850058823730884,4.273185896678,1.92699670262014e-05,3.14118256630258e-05
"LPCHMCBP_00263",173.846638154742,0.629401224983927,0.147609312517308,4.26396691543514,2.00829193430947e-05,3.27192404715674e-05
"LPCHMCBP_01550",2610.40628240796,-0.262076091083105,0.0614795228235669,-4.26281921275166,2.01863831868936e-05,3.28699598176168e-05
"LPCHMCBP_02606",324.217471608293,-0.524658451079827,0.123122925244229,-4.26125719510891,2.03280126837641e-05,3.30826280173407e-05
"LPCHMCBP_02072",37.7794912669114,-1.31355940030865,0.308772325635665,-4.25413578630936,2.09857931683413e-05,3.41346153377735e-05
"LPCHMCBP_00362",43.3234784741597,-1.2294898997669,0.289903275472494,-4.24103486848513,2.2249156569513e-05,3.6169945214035e-05
"LPCHMCBP_00042",1192.65193182658,-0.334455684174177,0.0788744254054757,-4.24035652183601,2.23165045354928e-05,3.62597889068836e-05
"LPCHMCBP_00679",578.446093925065,0.402060401499927,0.0948421406260819,4.23925903449463,2.24258769156176e-05,3.64177795583162e-05
"LPCHMCBP_01394",13.7607097077726,2.54243107188224,0.60239963518163,4.220505663347,2.43754932985827e-05,3.95623879875861e-05
"LPCHMCBP_01462",265.815074727635,0.54494538833087,0.129140605330941,4.21978344405597,2.44537099911384e-05,3.96678830721116e-05
"LPCHMCBP_01531",567.207966811935,0.413091164070942,0.0980001442618383,4.2152097548677,2.49546143565333e-05,4.04367158120715e-05
"LPCHMCBP_02562",54.0002357796524,-1.08792910626256,0.258094596453051,-4.21523395380523,2.49519386191102e-05,4.04367158120715e-05
"LPCHMCBP_00361",214.910323712894,-0.563066114966918,0.133598543112143,-4.21461268851023,2.50207200006506e-05,4.05219539783877e-05
"LPCHMCBP_02939",139.722944866739,-0.725356507851851,0.172366251871152,-4.20822811877392,2.57380965117691e-05,4.16612878273027e-05
"LPCHMCBP_03028",113.610467408094,-0.748790530823604,0.177977302960359,-4.20722484479037,2.58525887999868e-05,4.18240533632132e-05
"LPCHMCBP_00952",79.6130371234647,0.896431627776902,0.213147662944164,4.2056835875875,2.60294191449915e-05,4.208743903778e-05
"LPCHMCBP_02925",65.4790262662671,1.00835335151492,0.240105061383486,4.1996338840372,2.67346912271499e-05,4.32045279335902e-05
"LPCHMCBP_00345",449.402035987525,-0.442795818315273,0.105537179792951,-4.19563815504618,2.72104363353727e-05,4.39496875363043e-05
"LPCHMCBP_01251",779.924568746442,0.350759379895521,0.083853586055777,4.1829979657901,2.87689967109983e-05,4.64420436415846e-05
"LPCHMCBP_01215",1247.26927862839,0.31406955938263,0.0751793415470399,4.17760455092728,2.94595261509847e-05,4.75312032145727e-05
"LPCHMCBP_02724",194.10275128907,-0.593346061825512,0.142283451151519,-4.17016917303793,3.04373608810408e-05,4.90824932853324e-05
"LPCHMCBP_02616",146.779467148062,0.849160889723959,0.203830725897235,4.16601023219668,3.09976794847424e-05,4.99592030793297e-05
"LPCHMCBP_01465",77.3088965944008,0.893786346754379,0.214742163556361,4.16213719724304,3.15282818462818e-05,5.07871035001029e-05
"LPCHMCBP_02507",412.357458652413,-0.433346735966301,0.104327462541209,-4.15371682020091,3.27117960457471e-05,5.26652896637806e-05
"LPCHMCBP_03100",13.3673189468619,2.35602565755334,0.568271987506461,4.1459472037174,3.38411804027537e-05,5.44543605301147e-05
"LPCHMCBP_02289",318.252264006556,0.47523692691849,0.114661761100049,4.14468539780947,3.40280555285558e-05,5.47257206008552e-05
"LPCHMCBP_01797",3686.57285956843,-0.262137891195789,0.0632750330670552,-4.14283293883056,3.43041837778801e-05,5.51402546959926e-05
"LPCHMCBP_02346",23.9853351827035,-1.6382435999968,0.397882641077378,-4.11740405552955,3.8316396077052e-05,6.15564799931654e-05
"LPCHMCBP_00505",281.06310984345,-0.508254301840702,0.123557516457829,-4.11350370589696,3.89698782043636e-05,6.25728220927208e-05
"LPCHMCBP_01122",1536.28657766108,-0.372132263618494,0.090624611677966,-4.10630464206416,4.02039178799895e-05,6.4519763399919e-05
"LPCHMCBP_01741",7093.93980215214,0.29316984765603,0.0715164495139358,4.09933448386448,4.14339862037477e-05,6.64582536597793e-05
"LPCHMCBP_01098",375.865087977007,-0.42969452844175,0.104839837350911,-4.09858064738799,4.15691399792377e-05,6.6639417242357e-05
"LPCHMCBP_01086",744.027272432388,0.37588641660176,0.0919911115117612,4.08611669567339,4.38653217528612e-05,7.02828780460952e-05
"LPCHMCBP_02825",122.809372292077,0.68956541119051,0.16896147200409,4.0811991219739,4.48039498151524e-05,7.1748481000679e-05
"LPCHMCBP_02604",307.592798322692,-0.490583411041291,0.120211106892004,-4.08101567088992,4.48393314613731e-05,7.17668446483096e-05
"LPCHMCBP_01448",5378.68271710741,0.275154281776745,0.0674411977359945,4.07991392522216,4.50523798689185e-05,7.20693987135524e-05
"LPCHMCBP_02536",130.384267163598,-0.693346994657348,0.170841928693349,-4.05841235790462,4.94074690799191e-05,7.89940408677875e-05
"LPCHMCBP_02304",42.1636076356109,-1.21748608093498,0.300984583875043,-4.04501142636739,5.23205721862379e-05,8.36070485255058e-05
"LPCHMCBP_00840",491.395391006239,0.394353004433921,0.0975598176981181,4.04216627027921,5.2959656841121e-05,8.45832518255477e-05
"LPCHMCBP_00572",156.527781314431,0.681061475427315,0.168708509293554,4.03691241348272,5.4159276950586e-05,8.64531862386747e-05
"LPCHMCBP_00735",2779.31401374284,0.280901111974498,0.0696909780700504,4.03066680585467,5.56188411195771e-05,8.87358544390488e-05
"LPCHMCBP_02462",1297.23976653252,-0.339441882220323,0.0842866289300997,-4.02723286634026,5.64371308332988e-05,8.9993533278815e-05
"LPCHMCBP_02203",75.1597106885791,0.917988591881523,0.22814200498904,4.02375964007866,5.72763741948098e-05,9.12832708224239e-05
"LPCHMCBP_02459",155.239883643323,0.647362615461257,0.161013863651851,4.02053960310525,5.80649864921016e-05,9.24909896299346e-05
"LPCHMCBP_00882",464.169328959725,-0.400561027562298,0.099704137492028,-4.01749654164879,5.88196983154594e-05,9.36434560449303e-05
"LPCHMCBP_03096",68.3275482638619,0.972064035355587,0.242088094716273,4.01533184229835,5.93622113775015e-05,9.44570500232673e-05
"LPCHMCBP_02911",174.88222683233,0.645835453522165,0.160888876029167,4.0141709573823,5.96550987748999e-05,9.48727882477343e-05
"LPCHMCBP_02725",60.6495216765531,-0.998081363481663,0.249781287348632,-3.99582120052329,6.44703799964807e-05,0.000102476488543135
"LPCHMCBP_00322",860.14348897329,0.371075808600106,0.0929482723594752,3.99228301054353,6.54402055223839e-05,0.000103962973410627
"LPCHMCBP_01065",9.30570181886921,-3.22868926788385,0.80966812414345,-3.98766997441018,6.67253963194951e-05,0.000105948631933759
"LPCHMCBP_00333",109.856766260554,-0.756102261880272,0.189931182958717,-3.98092746068252,6.86468975641513e-05,0.000108942009301966
"LPCHMCBP_02872",52.1314752978881,-1.0684671862066,0.269147446529874,-3.96982100325447,7.19266454601606e-05,0.000114086608364663
"LPCHMCBP_01684",585.950611508606,-0.367236350205707,0.0926187137829158,-3.9650340110148,7.33854828025592e-05,0.000116339056466181
"LPCHMCBP_01615",644.744667945104,0.375896810585141,0.0948167904041425,3.96445406961084,7.35641086804213e-05,0.000116560660058049
"LPCHMCBP_02166",815.360116371755,0.343074877540173,0.086947778432916,3.94575782985496,7.95479819633716e-05,0.000125975458507693
"LPCHMCBP_01381",289.900409289409,-0.462898523777096,0.117370053134957,-3.94392361094731,8.01592012663336e-05,0.000126876457278622
"LPCHMCBP_01343",96.1544018516628,0.762233044960175,0.193541700450083,3.9383401261206,8.20472345626855e-05,0.000129796389521676
"LPCHMCBP_00802",1661.97902265116,-0.318117509413891,0.0807930556045238,-3.93743629367174,8.23567867333749e-05,0.000130217448359778
"LPCHMCBP_00887",120.883668176665,-0.680710613081202,0.173178905153158,-3.93067858050718,8.47064500695168e-05,0.000133862062484792
"LPCHMCBP_00289",1374.07050896467,-0.284168530832556,0.0724224437718854,-3.92376335335527,8.71763711933498e-05,0.000137692784184865
"LPCHMCBP_01687",2249.11419167207,0.25661287971621,0.0655371741998273,3.91553164824866,9.02052102291161e-05,0.000142401807415874
"LPCHMCBP_02487",288.14739093005,-0.487644135259879,0.124578429448125,-3.91435449475576,9.0646379941174e-05,0.000143023021137467
"LPCHMCBP_02874",350.955370613624,0.454624365660722,0.116159824772997,3.91378315651873,9.08612381095644e-05,0.000143286692363007
"LPCHMCBP_02802",34.9512878106009,1.27342890847614,0.325767469748307,3.90901187727557,9.26744080759501e-05,0.000146069274493659
"LPCHMCBP_01733",1208.11946164449,0.307739977855369,0.0788152058082007,3.90457621343099,9.43906432686364e-05,0.000148696231206918
"LPCHMCBP_00044",4376.58805000752,-0.222743698493388,0.0571131366304297,-3.90004317106112,9.61755371440811e-05,0.000151428534611431
"LPCHMCBP_01856",479.287687175149,0.380613447449928,0.0976343109170269,3.89835749210528,9.6847368733332e-05,0.000152406373135149
"LPCHMCBP_02715",673.013163694449,-0.351406820479,0.0901513121662575,-3.89796678534123,9.70037172038275e-05,0.00015257240845319
"LPCHMCBP_01157",410.633633544113,-0.416914978168523,0.107063076583574,-3.89410608654681,9.85615116104536e-05,0.000154941381007319
"LPCHMCBP_02818",15.3752700392825,1.99376640104064,0.513023647685429,3.88630506612272,0.000101781586445354,0.00015991965493325
"LPCHMCBP_01995",1267.90093056183,-0.294228239587542,0.0757530931898505,-3.88404258094326,0.000102733903707662,0.000161331473064727
"LPCHMCBP_02290",207.860080011514,0.550005786369827,0.14164918925101,3.8828728161316,0.00010322956899396,0.000162025071417821
"LPCHMCBP_02448",7594.92771871615,0.217702182281813,0.0560916403817857,3.88118765648555,0.000103947592134068,0.000163066766332639
"LPCHMCBP_03074",33.004074831723,-1.3797778311382,0.355632643597132,-3.87978397365918,0.000104549277494689,0.000163924964347733
"LPCHMCBP_00568",250.145596544272,0.481535429511388,0.124570958028711,3.86555130611106,0.000110838544913314,0.000173653335872487
"LPCHMCBP_02936",499.736849973829,-0.36489745633328,0.094398932979732,-3.86548284832441,0.000110869640630351,0.000173653335872487
"LPCHMCBP_02664",5569.56959974879,0.253046041476715,0.065565089149363,3.85946308866071,0.000113636418893447,0.000177894049608364
"LPCHMCBP_01777",1346.82530822935,0.274564542764472,0.0711472095007637,3.85910487130945,0.000113803097510605,0.000178062093654497
"LPCHMCBP_00491",4085.61159400138,-0.238868261444956,0.0619462142565461,-3.85605907175698,0.000115229653875745,0.000180169090750356
"LPCHMCBP_03046",53.1687720458469,-1.10807073728179,0.287364689382868,-3.85597388343513,0.00011526979481529,0.000180169090750356
"LPCHMCBP_01304",7122.35041892195,-0.247139723551235,0.0641668860524972,-3.85151499091044,0.000117389342542393,0.000183386474216409
"LPCHMCBP_01771",76.4572517134825,-0.860159609549906,0.22372118433209,-3.84478390867578,0.000120658717551085,0.000188395843585227
"LPCHMCBP_02945",39.6933522917636,1.19105303057725,0.310428723030719,3.83680034163393,0.000124647729951598,0.000194523056466327
"LPCHMCBP_01206",101.587821772109,-0.74066932501124,0.193896064880632,-3.81992963842364,0.000133489748592732,0.000208213480003529
"LPCHMCBP_01284",53.3380415125754,0.983476233319071,0.257881113393302,3.81368073209434,0.000136912317979958,0.000213440969484599
"LPCHMCBP_02959",521.991360958691,0.377407065634796,0.0990700688687077,3.80949634884127,0.000139250162868207,0.000216972865403681
"LPCHMCBP_01123",126.57110344475,-0.678888045649821,0.178281670378409,-3.80795201328807,0.000140122454980506,0.000218105543255446
"LPCHMCBP_01204",72.4106519420983,-0.85979746633637,0.225787916364855,-3.80798707113718,0.00014010259617644,0.000218105543255446
"LPCHMCBP_01581",1160.95842546178,0.292801310678906,0.0769152377346412,3.80680498822711,0.000140773661032472,0.000219005576339268
"LPCHMCBP_03118",56.6788559566819,-0.955906413866307,0.251309688337987,-3.80369901450319,0.000142551369598803,0.000221656300604149
"LPCHMCBP_00067",483.094873145862,0.362495514371289,0.0954334769770953,3.79841043052733,0.000145627036103153,0.000226321457972845
"LPCHMCBP_03089",30.690965321034,1.30679887340979,0.344351120504286,3.79496042149085,0.000147667010623078,0.00022937303254651
"LPCHMCBP_00736",3372.49806851496,0.253047763564233,0.0667769806314769,3.78944602123794,0.000150983613875558,0.000234403427439498
"LPCHMCBP_00805",71.1266973111319,0.998845721172503,0.263840496383903,3.78579382188216,0.000153218674958709,0.000237750384462816
"LPCHMCBP_00669",530.725347249203,-0.459626257280123,0.121496601388245,-3.78303797825073,0.000154925764509991,0.000240275048731
"LPCHMCBP_02156",135.348653301336,0.614750658714334,0.162857836677181,3.77476866485031,0.000160156218555387,0.00024825868382475
"LPCHMCBP_01991",510.903607104402,0.386756103377904,0.102513231150449,3.77274327457592,0.000161462404685865,0.000250154195385793
"LPCHMCBP_00661",2352.468723279,-0.244906393154631,0.0649409416001853,-3.77121715700428,0.000162453221918751,0.000251559400917529
"LPCHMCBP_02443",71.3763876919734,-0.908178657987146,0.241152934574968,-3.76598634218493,0.000165892860723862,0.000256753210434404
"LPCHMCBP_01040",278.893743706824,-0.542784708196574,0.144478028458784,-3.7568667982718,0.000172054016338446,0.000266151599500864
"LPCHMCBP_02193",102.71950035652,0.695307078468587,0.185386126132647,3.75058853094046,0.000176420001132062,0.000272764772487026
"LPCHMCBP_00304",1030.11996951002,-0.292405158179625,0.0779935934493339,-3.74909201189168,0.000177475967030597,0.000274256115890227
"LPCHMCBP_02878",31.3394163493332,1.30941985699324,0.350395683609063,3.73697484942241,0.000186247545015352,0.000287662832007756
"LPCHMCBP_01175",23.3464401764918,1.56446875580073,0.418978395719176,3.73400817747493,0.000188456370725201,0.000290924675178153
"LPCHMCBP_00836",69.0508608709713,0.828979342667287,0.223420792354992,3.71039478434096,0.000206936289663091,0.000319288331762949
"LPCHMCBP_01470",146.883333817981,0.597592296007962,0.161106587103044,3.7092977186944,0.000207834926744742,0.000320510079733283
"LPCHMCBP_00953",104.454732365503,0.700616537565122,0.189298017812753,3.70112981456651,0.000214641624719759,0.000330836936714945
"LPCHMCBP_01563",1218.92212913119,0.303698666672248,0.0820828119954476,3.69990573287245,0.000215679566554641,0.000332266108434536
"LPCHMCBP_02849",154.381639488386,-0.594981786833568,0.161069308122512,-3.6939488582208,0.000220798227634093,0.000339977158096415
"LPCHMCBP_02344",94.9125685797739,0.714979943080812,0.193637389645018,3.69236511807733,0.000222178181691409,0.000341926524746624
"LPCHMCBP_00592",35.4116333381707,-1.20973645915231,0.32778949954383,-3.69058942045383,0.000223735019539393,0.000344145973161312
"LPCHMCBP_02473",1554.49676607057,0.265080298493849,0.0718638723219219,3.68864479367871,0.000225451710855208,0.000346608905879343
"LPCHMCBP_02662",283.302438102779,-0.440905795247023,0.119566325894444,-3.68754155443621,0.000226431125245904,0.000347936409044013
"LPCHMCBP_00763",3874.21827353791,-0.237087872237699,0.0644793291382113,-3.67695935125971,0.000236030634431745,0.000362501501499318
"LPCHMCBP_01970",336.68704747009,0.444669303681218,0.120969942971738,3.67586602719244,0.000237043903775962,0.000363871486052001
"LPCHMCBP_01760",2674.0911740002,-0.263316933880411,0.0717078087392082,-3.67208172317829,0.000240582716761883,0.000369114894173012
"LPCHMCBP_00379",97.3294126766954,-0.803477400638964,0.218849209422785,-3.67137447175677,0.000241249561202144,0.000369862372835154
"LPCHMCBP_00380",1247.15442744886,-0.266890209190446,0.0726963042025664,-3.6713036806763,0.000241316403202676,0.000369862372835154
"LPCHMCBP_00081",9074.15881837448,-0.195894186053785,0.0533770064716985,-3.67001072189487,0.00024254029511292,0.000371548456168388
"LPCHMCBP_02958",299.088504051231,0.429154188225412,0.116961507542868,3.66919166177917,0.000243318613208423,0.000372550590937998
"LPCHMCBP_02942",421.226015586282,0.415784831347846,0.113444259961328,3.66510241672502,0.000247239623175687,0.000378361095946067
"LPCHMCBP_01925",35.1321991441908,-1.19134427230457,0.325286927331496,-3.66244128553767,0.000249823024295423,0.000382119722686322
"LPCHMCBP_01106",98.6228911754769,0.715293198479851,0.195332324821452,3.66192947907461,0.000250322775171475,0.000382689071976361
"LPCHMCBP_02388",87.9383629028651,-0.759735755039526,0.20762269178175,-3.6592134921271,0.000252990514287878,0.000386570536343138
"LPCHMCBP_03179",423.24266466826,0.374381780520125,0.102510353052985,3.6521362903376,0.00026006778878821,0.00039718240923838
"LPCHMCBP_02074",53.3108978321125,-0.931245885154112,0.255232789696496,-3.64861382529055,0.000263659081803225,0.000402462311541952
"LPCHMCBP_02814",29.4613035599798,1.29300350596457,0.35444472493109,3.64796938709117,0.0002643211226433,0.000403267762609325
"LPCHMCBP_00471",14965.4844481622,0.209056163980228,0.0573917721349859,3.64261559110819,0.000269881721304144,0.000411542197984622
"LPCHMCBP_02221",1626.03648332814,-0.267327494539398,0.0735089155591428,-3.63666764100628,0.000276187920016269,0.000420944615525049
"LPCHMCBP_01296",4784.50887279047,-0.215266655984036,0.0592352556562958,-3.63409684990795,0.000278956069185471,0.00042494779879472
"LPCHMCBP_01874",2027.08542664788,0.247580379827688,0.06813116706439,3.63387845086674,0.000279192428858424,0.000425092074583527
"LPCHMCBP_02962",2116.13845070903,0.24632023557858,0.0679002065241622,3.62768021170786,0.000285979159953628,0.000435204593823955
"LPCHMCBP_01656",44.2391945266612,-1.01995703647355,0.281280867860955,-3.62611593255514,0.000287716222448673,0.0004376261447382
"LPCHMCBP_00074",12133.5432644053,0.204944390975385,0.0565883782853613,3.62166927530422,0.000292708178133824,0.000444993537274369
"LPCHMCBP_02845",350.475068399653,-0.441446892589722,0.12254686983958,-3.60226983494233,0.000315450668470197,0.000479325294217246
"LPCHMCBP_03126",40.4108992437884,-1.09255756596101,0.303835052472332,-3.59589045790069,0.000323283826048459,0.00049097913055234
"LPCHMCBP_01792",34.3107929494468,1.19644991555961,0.333645795160389,3.58598829331704,0.000335804023054325,0.000509735899436535
"LPCHMCBP_01067",437.720969863612,-0.378833573885339,0.105744137903844,-3.58254917383527,0.000340257539788716,0.00051623502371382
"LPCHMCBP_01243",47.2544593098381,1.00613130123775,0.281019273222194,3.58029287351487,0.000343209308654294,0.000520450295741049
"LPCHMCBP_00616",1325.32195511674,-0.257074741824435,0.071825964534299,-3.57913386184566,0.000344734863722327,0.000522499659611466
"LPCHMCBP_02133",284.851259751239,0.426618655809302,0.119456675510365,3.57132536952516,0.000355179330646146,0.000538058137945019
"LPCHMCBP_00512",225.137653850563,0.471824529247627,0.132467930979593,3.56180190751459,0.000368318247292603,0.000557680655966247
"LPCHMCBP_02676",10826.1786641715,-0.20659218109351,0.0580811123021851,-3.55695979131132,0.000375171553321736,0.000567770968995729
"LPCHMCBP_01810",813.928301064799,-0.297536621999896,0.0836795742562914,-3.5556660588235,0.000377022718690955,0.000570284868342518
"LPCHMCBP_01865",1695.52926122493,0.250593899006993,0.0705473971215595,3.55213529104691,0.000382118333413415,0.000577701319180684
"LPCHMCBP_01455",198.376935040041,0.496152924535609,0.139741530504143,3.5505044402022,0.000384493649905476,0.000580999719721215
"LPCHMCBP_02832",20.158873148236,1.50047960518797,0.423791420321237,3.54060873636988,0.000399205099636281,0.000602926272777291
"LPCHMCBP_02044",885.961182391293,0.301436712816129,0.0851605939312864,3.5396267087962,0.000400693365739071,0.000604869612969292
"LPCHMCBP_02274",7.64233320516646,2.85627876502739,0.807482962248641,3.53726195915435,0.000404298448093543,0.000610004848028518
"LPCHMCBP_02450",5523.24679047162,-0.286886134618431,0.0811654123403427,-3.534586055147,0.00040841442141371,0.000615905366162083
"LPCHMCBP_01300",944.323066963455,0.337768097881431,0.0955732868513646,3.53412662689657,0.000409125021238693,0.000616667096302017
"LPCHMCBP_02796",111.635312714958,0.655883759226369,0.185679354864564,3.5323461765837,0.000411889776242773,0.00062045022842737
"LPCHMCBP_02992",77.8132842313604,-0.777010265776965,0.219976362960662,-3.53224435261672,0.000412048418945601,0.00062045022842737
"LPCHMCBP_01808",862.577969264616,0.316535263993852,0.0896727885171642,3.52989205787065,0.000415729242704942,0.000625678764973686
"LPCHMCBP_02555",511.257602586467,0.353358053113907,0.100320498413409,3.52229164230983,0.000427833200656211,0.000643572649207664
"LPCHMCBP_01548",31.2843580576976,-1.28518733271026,0.365529023763905,-3.51596521522834,0.000438158386074187,0.000658774206717754
"LPCHMCBP_02220",3210.6149615812,-0.215203182184816,0.0612484776564817,-3.51360867108901,0.000442063547511574,0.000664312822274529
"LPCHMCBP_02883",50.3332074373064,0.919402324066427,0.261944799997928,3.50990866806174,0.000448260635805421,0.000673288372398433
"LPCHMCBP_00937",162.695182339342,-0.573745091962513,0.163628675773495,-3.50638474124625,0.000454238115758115,0.000681925255322713
"LPCHMCBP_02211",458.550624453615,-0.344479009833887,0.098388631068102,-3.50120746771492,0.000463155133189025,0.000694964277350133
"LPCHMCBP_02655",1705.47660068136,-0.246023364010403,0.0705011842836321,-3.48963448643118,0.000483681614135172,0.00072540156122921
"LPCHMCBP_00037",2839.40884580329,0.224652802927125,0.0644038460926287,3.48818923956837,0.000486303757472675,0.000728969818269479
"LPCHMCBP_01613",2602.24937662456,-0.21947862900057,0.0630381560450553,-3.48167907772718,0.000498280478822978,0.000746550033423743
"LPCHMCBP_01619",1253.633754634,0.252640578978374,0.0727941154473464,3.47061815952849,0.000519261826325658,0.000777597176049551
"LPCHMCBP_01540",1964.46160083964,0.231768799486298,0.0670010586079447,3.45918115775585,0.000541820349316065,0.000810569724973834
"LPCHMCBP_02680",2443.26703221082,-0.254102724862441,0.0734555036051378,-3.45927415089791,0.000541633301984051,0.000810569724973834
"LPCHMCBP_03128",18.8908500483268,-1.54754651516998,0.448025300489919,-3.45414982921217,0.000552030591791304,0.000825432887875288
"LPCHMCBP_02985",14.08188025296,1.83408230387678,0.531180280315465,3.45284336005005,0.000554711011905164,0.000829027762314441
"LPCHMCBP_01445",471.086439423406,0.350451500674611,0.10154164289472,3.4513081597268,0.00055787619957325,0.000833343193090754
"LPCHMCBP_00770",23.0021788494818,-1.38158406920081,0.401754556693939,-3.43887591610644,0.000584134909325035,0.00087213376262907
"LPCHMCBP_02681",774.45996448407,-0.327587016116254,0.0952880901264171,-3.43785897777623,0.000586332970128938,0.00087498023041121
"LPCHMCBP_00564",50.0385921123668,0.916203430919418,0.267306644899324,3.42753705679291,0.000609083167966257,0.000908478422995396
"LPCHMCBP_01164",1867.74699045018,-0.242052900396498,0.0710922132948062,-3.40477373228977,0.000662188965720059,0.000987197757638299
"LPCHMCBP_02335",111.4915321627,-0.635703359283954,0.187000966003045,-3.39946564379567,0.000675176616199635,0.00100606009196381
"LPCHMCBP_02859",145.144913547299,0.549541526507558,0.161778536860664,3.3968753653698,0.000681600037292082,0.00101512740045337
"LPCHMCBP_02679",1942.02213636336,-0.307191524985944,0.0904481214361119,-3.39632841576405,0.000682963616818699,0.00101665367761553
"LPCHMCBP_01446",441.404393783454,0.346313203657923,0.102073902219503,3.39276931838267,0.000691898789215903,0.00102944386040502
"LPCHMCBP_01271",447.318369923892,-0.340416951692489,0.100413834446508,-3.39013995002686,0.000698569512764574,0.00103838257430999
"LPCHMCBP_02940",135.94906439297,0.571455083225167,0.168564429805375,3.39012853355224,0.000698598606308518,0.00103838257430999
"LPCHMCBP_02171",9529.66712072008,-0.206574387005425,0.0611231975590571,-3.37963973180285,0.000725809019942447,0.00107829349942935
"LPCHMCBP_00245",36.9729174088761,-1.05880467442289,0.313611412277689,-3.37616755312897,0.000735031416219514,0.00109145436916119
"LPCHMCBP_03191",30.6545066114542,1.16675293663559,0.347561659491694,3.35696675617777,0.000788025868855835,0.0011695675729161
"LPCHMCBP_02312",85.2837711351662,0.714113985567062,0.212992041007055,3.35277309983337,0.000800062665120387,0.00118684530797147
"LPCHMCBP_02270",105.878958462001,0.604930419161991,0.180553165927196,3.35042820243825,0.000806867235184366,0.00119634810908512
"LPCHMCBP_01661",34.0174160280091,-1.0671930259417,0.320124950556532,-3.33367650377268,0.000857062742488647,0.00127014582232515
"LPCHMCBP_00370",147.185613365412,-0.53856332978471,0.161644622248723,-3.33177387711681,0.000862943421510949,0.00127822961893108
"LPCHMCBP_02993",45.371725699178,-0.974626856051913,0.29300212847345,-3.32634735839548,0.000879921988917285,0.00130273600825889
"LPCHMCBP_02207",57.3665546593617,0.810564492560721,0.245805039331836,3.2975910289067,0.000975180589669367,0.00144305569506793
"LPCHMCBP_02745",144.614806274367,-0.528741854321257,0.160533566923511,-3.2936529378506,0.000988945247387618,0.00146270314805828
"LPCHMCBP_00348",146.375821752571,-0.516686002744348,0.157162602624987,-3.28758874003402,0.00101049336584417,0.00149383772950658
"LPCHMCBP_00820",7451.6537464748,0.175406304205564,0.0535233036216767,3.27719502229166,0.0010484392578608,0.00154917095659294
"LPCHMCBP_02934",433.441921544179,-0.343345341496264,0.104858308896885,-3.2743742017993,0.00105896277560357,0.00156395043778854
"LPCHMCBP_01077",754.163910339548,-0.284023983518474,0.0867901475455857,-3.27253716637932,0.00106586858032619,0.00157337511537575
"LPCHMCBP_01659",12.603747826783,-1.91255726198858,0.585504884912789,-3.26650948825722,0.00108882159034972,0.00160646685970478
"LPCHMCBP_02633",1279.44910105967,0.285288014297777,0.0873643029918797,3.26549865938144,0.00109271522740385,0.00161141935992086
"LPCHMCBP_01165",7988.85180585337,0.190289945136338,0.0583207598864351,3.26281662836492,0.00110310870658322,0.00162594755818087
"LPCHMCBP_01574",1098.58691430859,0.261742655445583,0.0802944220890796,3.25978627949028,0.0011149619528863,0.0016418060945102
"LPCHMCBP_02161",5922.71930464434,-0.224971538415908,0.0690135639085938,-3.2598162690725,0.00111484407351615,0.0016418060945102
"LPCHMCBP_01256",556.657293530896,-0.31956554757519,0.098096742373845,-3.25765708261067,0.00112336065432179,0.00165336210084339
"LPCHMCBP_02490",1166.2338148491,-0.246522422301694,0.0757158857270604,-3.25588771675148,0.00113038444572761,0.0016628841772689
"LPCHMCBP_01694",818.591785522632,0.282757104552469,0.0870748230424534,3.24728887952618,0.0011651006713827,0.00171311470593802
"LPCHMCBP_00912",76.6826559260189,0.693108493676206,0.213943407105003,3.23968147957946,0.00119663290394247,0.00175861672122005
"LPCHMCBP_00897",329.687198027674,0.430080368691355,0.132920236706522,3.23562746612422,0.00121375679359167,0.00178262273132972
"LPCHMCBP_01609",32396.2442219526,-0.177205426670901,0.0547685308599167,-3.23553368857283,0.00121415556908962,0.00178262273132972
"LPCHMCBP_02882",399.861057073683,-0.332517490843308,0.102932107114838,-3.23045452156466,0.00123593565187177,0.00181371290526512
"LPCHMCBP_02191",137.579896951707,-0.539183698357816,0.166928470714545,-3.23002838311414,0.00123777929411166,0.00181553062640719
"LPCHMCBP_00590",79.0596127568219,-0.744106280310255,0.230511262041225,-3.22806909181373,0.001246288685188,0.00182711887848031
"LPCHMCBP_01744",772.850054916344,0.325214376003271,0.100841260716148,3.22501299263499,0.0012596695189189,0.00184583409486115
"LPCHMCBP_01483",22.5320575280683,-1.28101288943131,0.397671804005229,-3.22128166123257,0.00127618660130731,0.00186912444632662
"LPCHMCBP_02976",342.174138905071,0.351793877413181,0.109270191977834,3.21948622076682,0.00128420532443294,0.0018799513066455
"LPCHMCBP_02537",53.5245804573165,-0.832227332119769,0.258559226192999,-3.21871063884822,0.00128768355999195,0.00188412401927637
"LPCHMCBP_01359",18207.6357870169,0.222260672142141,0.069065702884812,3.21810483146502,0.00129040645784854,0.00188718800195101
"LPCHMCBP_02600",3934.73908818063,-0.18799356766599,0.0587731230730954,-3.1986315825379,0.00138081503647876,0.00201842470748795
"LPCHMCBP_02708",18.5641062435515,-1.48884844858445,0.466788680707719,-3.18955559575082,0.00142491728169946,0.00208187768372935
"LPCHMCBP_02389",231.335288983175,-0.419417571750062,0.131538648702146,-3.18855010210562,0.00142988228462226,0.00208811520007367
"LPCHMCBP_02205",52.145742050979,-0.832727455174142,0.26118275836844,-3.18829412927574,0.00143114879094661,0.00208894821090992
"LPCHMCBP_00231",37.4496471265358,0.975630147845705,0.306179107945682,3.18646871235508,0.00144021064234481,0.00210115320256528
"LPCHMCBP_01875",186.637925796902,-0.477356299778336,0.149822731598566,-3.18614067895492,0.00144184468208114,0.00210251501016788
"LPCHMCBP_02952",72.9651367299577,-0.717782674934829,0.225983138703256,-3.1762665084379,0.00149183828884464,0.00217435974007906
"LPCHMCBP_00427",28668.1736132614,0.266926382586792,0.0840824567459794,3.17457877560834,0.00150054153984423,0.00218598308789929
"LPCHMCBP_02544",20029.9484877351,-0.211728630115815,0.0672279596364405,-3.1494132985861,0.00163598644784377,0.00238214232410439
"LPCHMCBP_01131",6208.33643833774,0.193574406684055,0.0615429482878324,3.14535478181383,0.00165885526920498,0.00241426996260142
"LPCHMCBP_02411",611.589995529061,0.286780708763088,0.0912354367219305,3.14330395148044,0.00167052276283118,0.00243007213342529
"LPCHMCBP_02153",55.4476762965462,0.778211257006686,0.247635228005194,3.14257088248511,0.00167471159035447,0.00243498521446403
"LPCHMCBP_01632",3405.20695231211,0.195028856872874,0.0620983892941434,3.14064276207028,0.00168577523236332,0.00244988449022873
"LPCHMCBP_01270",30.0975445415732,-1.09391983024994,0.348813667119187,-3.13611516224263,0.00171201962072655,0.00248682036873203
"LPCHMCBP_01897",802.590943855408,0.25867120444333,0.0825084798158439,3.13508629683489,0.00171803563523058,0.00249435168907933
"LPCHMCBP_01553",582.185453087886,-0.285384488553883,0.0910504557630721,-3.13435540945011,0.00172232110776232,0.00249936443152549
"LPCHMCBP_02534",512.39370669351,-0.309870823955789,0.0989719763588233,-3.13089457597928,0.00174274709756213,0.00252778348950408
"LPCHMCBP_02996",189.686147237073,-0.48183685229766,0.153986556406119,-3.12908388591327,0.00175352240167688,0.00254218392629581
"LPCHMCBP_00651",4698.28944673737,-0.182970306513869,0.0585234140786185,-3.12644621634808,0.00176932864725545,0.00256386058445853
"LPCHMCBP_01364",1563.31453966452,-0.25008463402512,0.0800600187869668,-3.12371440594555,0.00178583702042674,0.0025865332520756
"LPCHMCBP_01232",4385.3861561069,-0.192400333566348,0.0616191399893973,-3.12241186098108,0.00179375806345835,0.00259675250768862
"LPCHMCBP_00475",2429.71756824068,-0.196223662190962,0.0629520577764577,-3.1170333285649,0.00182680918399451,0.0026433241857124
"LPCHMCBP_01011",265.067193366019,-0.393809309501827,0.12641322672602,-3.11525399438894,0.00183786579634537,0.00265804108666625
"LPCHMCBP_02994",137.153449997961,-0.589666413095878,0.189415418354704,-3.11308560949169,0.00185142304629924,0.00267635865218884
"LPCHMCBP_00889",508.856912157753,0.302722513676032,0.0973685137942541,3.10903907104615,0.00187696895605183,0.00271198066302915
"LPCHMCBP_02618",1891.90195092,0.220613285778956,0.0709749744517281,3.10832497627738,0.00188151052507521,0.00271723440122747
"LPCHMCBP_01174",113.314165242956,0.553966887395111,0.178258982211492,3.10765202696977,0.00188579964922601,0.0027221186855831
"LPCHMCBP_02807",44.5438110958878,0.870688668979141,0.281630431265284,3.09160009828266,0.00199080848336876,0.00287231550893733
"LPCHMCBP_02850",234.678919100925,0.409519385176153,0.132490135767405,3.09094245246372,0.00199522299084045,0.00287730139140422
"LPCHMCBP_02924",23.8151565446074,-1.19912281057919,0.389576704831963,-3.07801466490766,0.00208384660016154,0.00300366169408491
"LPCHMCBP_02305",107.880599190904,-0.571426273669694,0.185826165360368,-3.07505820055825,0.00210461479819813,0.00303214066701517
"LPCHMCBP_00579",48.7416446711689,0.834439675897136,0.271515091936981,3.07327180210966,0.00211725549324831,0.00304888854857878
"LPCHMCBP_02998",44.1182520524044,-0.887013578037919,0.288698879510173,-3.07245244437003,0.00212307659098379,0.00305580472400113
"LPCHMCBP_02492",5320.44484602977,-0.238423693622809,0.0777854586347282,-3.06514479450999,0.00217564639558917,0.00312996875990561
"LPCHMCBP_01654",43.1601034173917,-0.916779062419677,0.300162079048895,-3.05428009202434,0.00225601343748252,0.00324403273880453
"LPCHMCBP_02416",1452.24232105707,0.233333209310495,0.0766858783810644,3.04271417680091,0.00234454907823701,0.00336972786579946
"LPCHMCBP_02650",1676.06168539663,0.21262822821851,0.0700323988491563,3.03614086783595,0.00239627382249648,0.00344242113035516
"LPCHMCBP_03197",275.849806565368,0.514544223676669,0.169854511887378,3.0293232600017,0.00245102268372766,0.00351938711668263
"LPCHMCBP_01927",25.2628904486389,-1.16795923390705,0.386255502603329,-3.02379959906101,0.00249621730634262,0.00358256725793123
"LPCHMCBP_03034",62.2988562900526,-0.726183783623779,0.240257965836507,-3.02251698958419,0.00250682010620773,0.00359606459786301
"LPCHMCBP_01217",229.514037180145,-0.396052733180998,0.131469162045265,-3.01251431909665,0.00259093212440936,0.00371494854531892
"LPCHMCBP_02026",32.7925382400629,0.971012593917176,0.322625179657876,3.00972352792449,0.00261485590787751,0.00374746063970411
"LPCHMCBP_00468",5196.14762010006,0.166487467005253,0.0553345514693591,3.00874340867196,0.00262330568603052,0.00375777582996544
"LPCHMCBP_01863",317.535569904944,-0.348209185158807,0.116014871801724,-3.00141852291073,0.00268724942592759,0.00384753603397362
"LPCHMCBP_02897",48.608113052907,-0.820524542768666,0.274353170381668,-2.99076020017261,0.00278283931149881,0.00398249917682782
"LPCHMCBP_01695",1866.67065458416,0.202237801767289,0.0676796316644345,2.98816345174592,0.0028065941256043,0.00401458006241111
"LPCHMCBP_01069",242.576113891372,-0.380564841220397,0.127401639139226,-2.98712672608954,0.00281612960992535,0.00402630059999332
"LPCHMCBP_01847",50.5741991225235,0.811290313957514,0.27179873950674,2.98489358497336,0.00283676992928643,0.00405387931323266
"LPCHMCBP_02397",24.3926020052298,-1.14322225568081,0.383105550414454,-2.98409212407402,0.00284421123435676,0.00406257873122544
"LPCHMCBP_01706",341.107927905543,0.342337758935724,0.114796077339186,2.98213812588931,0.00286242822814623,0.00408665419251514
"LPCHMCBP_00509",147.980944149544,0.46266394213826,0.155314051905093,2.97889300075036,0.00289291780207946,0.00412821984024749
"LPCHMCBP_00571",323.03154769038,0.336742420485839,0.113507473555629,2.96669822644591,0.00301016249386243,0.0042934874734226
"LPCHMCBP_00746",29.5098253176433,-1.05305836049428,0.355607740315689,-2.96129201113405,0.00306351330333274,0.00436750756451381
"LPCHMCBP_02931",127.354984469004,0.520871077179192,0.176956758056506,2.94349355684323,0.00324530578348671,0.00462448369242337
"LPCHMCBP_02812",32.7099080833424,0.977631917535655,0.332801450169239,2.93758310559795,0.0033078150243278,0.00471132078215838
"LPCHMCBP_02921",180.140132855066,0.4771259123313,0.162572489523625,2.93485025498096,0.00333708690489666,0.00475075797039606
"LPCHMCBP_00668",970.292378253774,-0.233459793180249,0.0796393438182575,-2.93146304310368,0.00337369504874394,0.00480059689012829
"LPCHMCBP_03036",56.8715178406248,-0.730059264873411,0.250923913367955,-2.90948461258394,0.0036202520749602,0.0051489935909742
"LPCHMCBP_01199",103.793451347033,0.530835805635498,0.182697510379528,2.9055448239703,0.00366614334477958,0.00521179354698414
"LPCHMCBP_01169",40.2704314618548,-0.863395940695988,0.298098589626789,-2.89634359483866,0.00377538784684274,0.00536455441684425
"LPCHMCBP_01562",1267.26588953742,0.246174371245602,0.0850544164885233,2.89431614969481,0.0037998535950441,0.00539676319864049
"LPCHMCBP_00601",23.5260272483065,-1.11689914947908,0.387823146825391,-2.87991874291593,0.00397777676211835,0.00564678716325315
"LPCHMCBP_02929",243.995943628082,-0.395928576811772,0.137584054495299,-2.8777213919459,0.00400558731176669,0.00568357802487558
"LPCHMCBP_00378",1371.41912785815,-0.223259887163976,0.0778813525561139,-2.86666679296711,0.00414819507188675,0.0058831443339944
"LPCHMCBP_02588",1489.28754963286,0.196767314620876,0.0686555071548267,2.86600919249117,0.00415682175080011,0.00589259427215453
"LPCHMCBP_02995",57.7611208951047,-0.704821860482424,0.24615687604614,-2.8633035639854,0.00419248683856812,0.00594034608240931
"LPCHMCBP_00563",17.9913627817384,-1.31254416966685,0.458591423102047,-2.86212105928283,0.00420816138694053,0.00595974153950379
"LPCHMCBP_02833",13.0559281675638,1.49522640909001,0.527891766525089,2.83244881603766,0.00461929608871806,0.00653891866143533
"LPCHMCBP_01299",5586.92798222455,0.174465083381784,0.0616695845701453,2.82902965210251,0.00466893728675826,0.00660607298329162
"LPCHMCBP_02322",213.809208114306,0.371708779342552,0.13149899498198,2.82670433636006,0.00470297283337441,0.00665109400233582
"LPCHMCBP_01178",399.037105241328,0.313972469427887,0.111085583739558,2.82640158028068,0.00470742074782575,0.00665424854650263
"LPCHMCBP_01618",848.586373585954,-0.237292451347741,0.0840121879552335,-2.82450031505172,0.0047354401729429,0.00669070431214766
"LPCHMCBP_01276",305.397635451754,-0.328792954259588,0.116464122240288,-2.8231265383276,0.00475577971793589,0.00671627996871792
"LPCHMCBP_02136",91.6808926232957,-0.594143826532646,0.210979186225685,-2.81612531151338,0.00486067036343816,0.00686118144904888
"LPCHMCBP_01161",13.7898791297209,-1.43943997106299,0.51273937983796,-2.80735209282714,0.00499506124215084,0.00704756877653722
"LPCHMCBP_03041",6.91353403506269,2.1870841480499,0.783032412491031,2.79309529613495,0.00522063095249923,0.00736236536111381
"LPCHMCBP_01967",52.3090972680539,-0.727400998619926,0.260504082528482,-2.79228252993079,0.00523376353884046,0.00737741868485684
"LPCHMCBP_03127",8.46383387840826,-1.91482864370899,0.688497366835411,-2.78117061291062,0.00541632636752624,0.00763117156288556
"LPCHMCBP_03003",41.7992212602893,-0.794711110010091,0.286440999631803,-2.77443212051218,0.0055298172651754,0.00778741511627939
"LPCHMCBP_00034",2969.75680283148,0.172197076642144,0.0620814574508434,2.77372799726054,0.00554179922431246,0.0078006282702447
"LPCHMCBP_02717",39.5891369407867,-0.804824254062193,0.291396564714907,-2.76195518931256,0.00574563635800452,0.00808375748259332
"LPCHMCBP_03001",24.5341418803092,-1.05201037820906,0.381456912430838,-2.75787472693865,0.00581784888521382,0.00818152038637613
"LPCHMCBP_03108",2.96666365177087,4.07670917800083,1.47880529418348,2.75675857669401,0.00583774356189714,0.00820565266007181
"LPCHMCBP_00180",25.887009294398,1.04558170668092,0.379894390199204,2.75229572653773,0.00591790536164244,0.00831443538871207
"LPCHMCBP_03156",2.02154682063499,4.54498699844064,1.65149272632343,2.75204784495704,0.00592238675954664,0.00831683793420658
"LPCHMCBP_00528",110.345159353499,-0.504693719370906,0.183511732089512,-2.75019865827832,0.00595591443392826,0.00835610061534302
"LPCHMCBP_02813",29.4514621374715,1.00144703894942,0.364125633545274,2.75027887819632,0.00595445642195433,0.00835610061534302
"LPCHMCBP_02285",294.09197053749,0.363034804471924,0.132179943348046,2.74651959500399,0.00602312878972368,0.00844645303643027
"LPCHMCBP_01743",15877.7583740504,0.155076860394487,0.0564983834494518,2.74480172575613,0.00605474668330303,0.00848682615441028
"LPCHMCBP_01546",12.8229480496171,1.5297251959069,0.557981714384786,2.74153284322861,0.00611532467464367,0.00856773545686538
"LPCHMCBP_02273",13.2958134688976,1.4562651753916,0.531755543529077,2.7385989541865,0.00617015890041449,0.00864052583301162
"LPCHMCBP_00857",3891.33034432149,0.170937386999651,0.0624688260855049,2.73636304235458,0.00621224482258119,0.00869540425026406
"LPCHMCBP_02093",6193.76293803829,-0.192710708435004,0.0705318629187769,-2.73225036827577,0.00629033196047657,0.00880059963328214
"LPCHMCBP_01066",577.006645810675,0.247124477768064,0.0905104248287319,2.73034270069646,0.00632685180722704,0.008847568626975
"LPCHMCBP_02550",412.101638379391,-0.293508396616752,0.107645693788082,-2.72661530887219,0.00639875909098084,0.00894395716443107
"LPCHMCBP_01456",150.858881829929,0.442888166543042,0.162450348742427,2.72629865045881,0.00640490169325693,0.00894837522414528
"LPCHMCBP_02370",4993.76603243271,0.161345275356446,0.05927470850976,2.72199188174631,0.00648897365147435,0.00906161467104445
"LPCHMCBP_01476",601.39812453842,0.241738620379164,0.0889346080459007,2.71816141871788,0.00656458036161562,0.00916293286753883
"LPCHMCBP_02683",3.10806827066809,-3.94427512987371,1.45573771114015,-2.70946826457117,0.00673911518914297,0.00940217790916692
"LPCHMCBP_00519",501.914756392549,-0.261787557211946,0.0973719249041648,-2.6885322177784,0.00717669098899626,0.0100080156403242
"LPCHMCBP_00599",22.1038084795014,-1.07421681319104,0.400567463755449,-2.68173756080914,0.00732408918614218,0.0102088210160765
"LPCHMCBP_01193",636.102241189689,-0.25100571785118,0.0936266170318742,-2.68092264580838,0.007341948534192,0.0102289635799026
"LPCHMCBP_01735",1636.05446292617,-0.184113827220621,0.068728534383809,-2.67885571649836,0.00738742186854221,0.0102875420081184
"LPCHMCBP_01679",390.08253225739,0.291289449075182,0.109130681134536,2.66918016131578,0.00760366525628431,0.0105837659712937
"LPCHMCBP_01899",366.804264495852,-0.294153947913292,0.110289194249095,-2.66711485124216,0.00765055222705324,0.0106440923659651
"LPCHMCBP_02885",485.448573654921,0.267611009348044,0.100429166129484,2.66467421429162,0.00770629387924696,0.0107166765206766
"LPCHMCBP_03150",3.70619219912557,3.45810332373346,1.29798927190266,2.66420023538746,0.00771716118333739,0.0107268183006927
"LPCHMCBP_03066",47.5863073204493,0.724182100607222,0.272224133347736,2.6602421016147,0.00780845013507831,0.0108486846552639
"LPCHMCBP_01612",1660.73880099559,-0.191402810559057,0.0720087338946303,-2.65804993654152,0.00785942466220959,0.0109144532213285
"LPCHMCBP_00337",32.523490493775,-0.885039834628711,0.333074584175294,-2.65718213480655,0.00787968592069611,0.0109375288843705
"LPCHMCBP_01678",383.415153202338,-0.298435141759494,0.112603799801364,-2.65031146627327,0.00804175962294564,0.0111573373224502
"LPCHMCBP_00946",15.3815767816437,-1.29694753206696,0.489714130897552,-2.64837677787632,0.00808793279808735,0.0112162136446673
"LPCHMCBP_01148",2822.5900693615,-0.178375190872383,0.0675382689847856,-2.64109805527538,0.00826377984014702,0.0114494936751067
"LPCHMCBP_01872",44.2084224785056,0.770979649023212,0.291914043021735,2.64111873838768,0.00826327534678577,0.0114494936751067
"LPCHMCBP_02891",196.991592311878,-0.364734318739519,0.138215615518267,-2.63887924220339,0.00831806047434843,0.011519381395256
"LPCHMCBP_00360",284.953724272688,-0.325241922779305,0.123279092535764,-2.63825695086902,0.00833334126168747,0.0115352200767178
"LPCHMCBP_02887",21.8834984634173,1.0613520957334,0.403943716015813,2.62747519927219,0.00860211121230284,0.0119017684408118
"LPCHMCBP_02746",29.6248725917712,0.90074477116736,0.342845704387236,2.62725990041862,0.00860755625510587,0.011903813973075
"LPCHMCBP_01870",10.8029091676941,1.50993922384871,0.57497353235218,2.62610214016574,0.00863688960196309,0.0119388787174073
"LPCHMCBP_02721",5.23462764674073,2.5010938723015,0.955184665723446,2.61844014257411,0.00883327873483017,0.0122047281230319
"LPCHMCBP_00523",1082.91732407102,-0.210749734444559,0.0805026091698272,-2.61792427124895,0.00884664357034716,0.0122175689620855
"LPCHMCBP_03038",18.2996977844892,-1.2156018990997,0.465226013634208,-2.61292761684536,0.00897703124647224,0.01239193687703
"LPCHMCBP_00886",73.6122271027905,-0.561994620631958,0.215734338350665,-2.60503091407945,0.00918659707572999,0.0126753921031107
"LPCHMCBP_03139",6.1093619833514,2.20895981798881,0.850730108785369,2.5965459493877,0.0094166309830812,0.0129868150644424
"LPCHMCBP_01803",32926.1145369774,0.163423369179406,0.0633629251021728,2.57916390248534,0.00990397826376446,0.0136526590581337
"LPCHMCBP_00966",709.34115926073,0.229239123752235,0.0888934096099446,2.57880898885658,0.00991415900268633,0.0136604183503497
"LPCHMCBP_01737",2855.45161034269,-0.198182879672631,0.0768695813006417,-2.57817040654255,0.00993250029205059,0.0136794095348526
"LPCHMCBP_00761",15413.9388948039,0.14014634603625,0.0546132285172388,2.5661611635359,0.0102831037603766,0.0141557772407753
"LPCHMCBP_00543",17.6704697026536,-1.16782312629322,0.455972205252392,-2.56117173994586,0.0104319773060041,0.014354132918532
"LPCHMCBP_00693",18176.3332017093,0.178517381853242,0.0699711890676402,2.55129838769313,0.0107322397756859,0.0147537570164148
"LPCHMCBP_01341",1655.00725456693,0.20963903888754,0.0821657832598383,2.55141532850219,0.0107286389411177,0.0147537570164148
"LPCHMCBP_01701",5631.43297834045,0.194713120610561,0.0764018733667914,2.54853856365247,0.0108175326130046,0.0148642011774848
"LPCHMCBP_01933",51.6654253633673,-0.682449870512944,0.267890794868528,-2.54749279775689,0.0108500092754714,0.0149020035861279
"LPCHMCBP_01280",2366.09888672778,-0.183678143100643,0.0725975739201371,-2.5300865191818,0.0114034403302082,0.0156549517067497
"LPCHMCBP_00555",74.769646151575,-0.582914184698156,0.230880520462675,-2.52474389580385,0.0115782632055121,0.0158876853588212
"LPCHMCBP_03122",16.6068819522323,-1.17350644671988,0.465945715246794,-2.51854756534957,0.0117839966060225,0.0161626022918983
"LPCHMCBP_00577",222.327141478253,0.342384979945915,0.136204825413089,2.51375073465652,0.0119454830486181,0.0163766078706728
"LPCHMCBP_03093",538.591817124085,-0.243231438944209,0.0969008003253537,-2.51010763716643,0.012069436614127,0.0165389859721439
"LPCHMCBP_00574",21.6215483341017,1.02444437828084,0.40872128997832,2.50646199109222,0.0121946167893742,0.0167028959310415
"LPCHMCBP_00681",34.5034910815599,-0.832429126610221,0.332316202414793,-2.50493090785623,0.0122475315630675,0.0167677199912251
"LPCHMCBP_00594",59.3734446935355,-0.606780276401368,0.24241722985714,-2.50304104522171,0.012313126333353,0.0168498368109404
"LPCHMCBP_00771",66.0986781976252,-0.574248617273952,0.229490585107862,-2.50227527636505,0.012339793689777,0.0168786330278125
"LPCHMCBP_00510",387.017619071067,0.266671577724857,0.1067073510035,2.49909284802797,0.012451168400356,0.0170232147469105
"LPCHMCBP_01853",1271.89319623729,-0.247668913642783,0.099148485843686,-2.4979596161786,0.0124910422668767,0.017069953480372
"LPCHMCBP_00825",2229.96957494499,0.171372182713579,0.0687987046374872,2.49092164767593,0.0127412214102612,0.0174039169104205
"LPCHMCBP_03043",18.6280874823853,-1.06466863475606,0.428304718559172,-2.48577376952006,0.0129270114320553,0.0176496639252038
"LPCHMCBP_00490",1472.6760535366,-0.170383554812398,0.0686138279117695,-2.48322473760675,0.0130198916516369,0.0177683923813381
"LPCHMCBP_00845",7077.00002004444,-0.138688221041679,0.0558740284137996,-2.48215897401495,0.013058900023066,0.0178135268041913
"LPCHMCBP_00311",11.6473778741458,-1.40703824528703,0.568014034606744,-2.4771188026387,0.0132447807012029,0.0180588763672466
"LPCHMCBP_01675",224.174556018539,-0.326930344482066,0.132401643887639,-2.46923176240554,0.0135403490575595,0.0184534911542853
"LPCHMCBP_02340",78.2145841409133,0.519793260946689,0.211298498467706,2.4599950530464,0.0138938930876197,0.0189267240834983
"LPCHMCBP_02142",6.66361896970748,-1.91360653877117,0.779270540974234,-2.45563823878008,0.0140634651016552,0.0191490284800668
"LPCHMCBP_00826",833.005578985467,0.19773105148463,0.0806033843947001,2.45313584497119,0.0141616846398461,0.0192740206821669
"LPCHMCBP_02975",60.9547674854017,0.589839175116222,0.240924003161397,2.44823748309164,0.0143556999757954,0.0195292183260934
"LPCHMCBP_01355",17690.5256336979,-0.14772166019633,0.0605399882323457,-2.44006754063762,0.0146845161567374,0.0199674820962252
"LPCHMCBP_03045",24.2910210650892,-0.919197287694918,0.377109907045631,-2.43747849240061,0.0147900940206508,0.0201019348532486
"LPCHMCBP_02275",1.57954976456609,4.2053344653634,1.72669030208249,2.43548855303787,0.0148716951359588,0.0202036926677285
"LPCHMCBP_02840",124.20551401195,-0.410091980553005,0.168688190493867,-2.43106514660203,0.0150545074299097,0.0204427949308411
"LPCHMCBP_00923",82.2763715709901,-0.508042104927263,0.209109602250761,-2.42954938204141,0.0151176053412782,0.0205191920529967
"LPCHMCBP_00830",10.5207766489086,-1.46818875391926,0.606259495447937,-2.42171671527303,0.0154473872661993,0.0209573278417107
"LPCHMCBP_00477",2246.42733489238,0.168316153945129,0.0696259360507171,2.41743470166812,0.0156303381455319,0.0211905517629019
"LPCHMCBP_00684",108.919833366914,-0.476379914302839,0.197065937709017,-2.41736304021373,0.0156334160623341,0.0211905517629019
"LPCHMCBP_01945",21.0378530094717,0.959122272310031,0.396793990882895,2.41717942899265,0.0156413047448283,0.0211916729296748
"LPCHMCBP_02137",863.148690983789,0.232574440115015,0.0965233321009502,2.40951524416681,0.0159737287262167,0.0216322923769749
"LPCHMCBP_02152",40.2995597032658,0.70899166529333,0.294733971098518,2.40553086789015,0.0161489876155591,0.0218597707867808
"LPCHMCBP_01971",304.771294102887,0.27883500499027,0.11593079115764,2.40518504364484,0.0161642786383116,0.0218706042351547
"LPCHMCBP_00676",86.7341000394561,-0.494928320042675,0.20585619121572,-2.40424306463551,0.0162059938968611,0.0219171643463183
"LPCHMCBP_00977",589.925222448635,-0.280041972161666,0.116486724189792,-2.40406770908411,0.0162137699019876,0.0219178033675067
"LPCHMCBP_02660",3198.45755843657,0.149193677451129,0.0620698630061805,2.40364115893528,0.0162326986259723,0.0219335112906541
"LPCHMCBP_02315",36.4206427269084,-0.752982789385888,0.313353719102452,-2.40298022165711,0.0162620669459997,0.021963304637689
"LPCHMCBP_01443",33.2806565717664,0.801898007051056,0.333869835902645,2.40182826005547,0.0163133652325854,0.0220226761416953
"LPCHMCBP_01168",77.0357555274385,-0.511275141226058,0.214301400501382,-2.38577601466847,0.0170431277148483,0.022997493827455
"LPCHMCBP_00851",159.188029447172,0.36876704293877,0.15475973420734,2.38283585085972,0.017179852976146,0.0231715679916468
"LPCHMCBP_01379",693.453821000927,0.205834270338173,0.086429474882432,2.38152864654291,0.0172409497383862,0.0232435265790193
"LPCHMCBP_01279",4678.1703592891,-0.181871970735846,0.0764402185942733,-2.37927067819075,0.0173469327794213,0.0233759071715507
"LPCHMCBP_01672",9.69239715300119,1.42622754039999,0.600052278629642,2.37683880420738,0.0174617171172013,0.0235200238189951
"LPCHMCBP_00881",826.664386670421,-0.202536739046504,0.0854337632824722,-2.3706873168732,0.0177550445771393,0.0239043915549552
"LPCHMCBP_01486",25.2556757451718,-0.882530811140569,0.372741699977183,-2.36767394470377,0.0179003033823196,0.0240891526683145
"LPCHMCBP_00671",7.14082607369287,-1.80154982362952,0.761039725605983,-2.36722179278489,0.0179221888361626,0.0241077941269942
"LPCHMCBP_01576",2760.49087928976,0.143569084221066,0.0607563625019383,2.36302962042018,0.0181262207760997,0.024371321034532
"LPCHMCBP_01653",8.48127970881594,-1.57217668351016,0.66667832890093,-2.35822377202812,0.0183626201692508,0.0246781115664674
"LPCHMCBP_00391",496.929635682684,0.259687949795315,0.110186880480833,2.35679555190318,0.0184333924501806,0.0247621355161111
"LPCHMCBP_03037",48.7401022506867,-0.618929836764522,0.262831498035132,-2.35485412285628,0.0185299784337143,0.0248807450915332
"LPCHMCBP_01782",4083.35055544533,0.142480287170883,0.0607216293077192,2.34645033071881,0.018953192173612,0.0254376250952637
"LPCHMCBP_02599",2970.84891678548,-0.152850099667827,0.0651637455865779,-2.34563096844621,0.018994903876321,0.0254822112350645
"LPCHMCBP_03018",517.085186556757,0.231976475554449,0.0996286463187953,2.32841139698077,0.019890269055198,0.0266714465749103
"LPCHMCBP_02672",66.0405124722051,0.539943430740142,0.232406407803341,2.32327256310865,0.0201645147773688,0.0270271142683714
"LPCHMCBP_00257",109.126155215407,0.478078951043014,0.206006721438285,2.32069588654774,0.0203032628948596,0.0272009339051222
"LPCHMCBP_01559",20.8194155314266,-0.981883924495143,0.424061248796917,-2.31542949816989,0.0205894387407901,0.0275720239451634
"LPCHMCBP_01549",51.7540409142744,-0.627858321326068,0.271319006783892,-2.3140963427828,0.0206624379905569,0.0276574381845055
"LPCHMCBP_02810",11.7170288887708,1.26580003571421,0.547041430003348,2.31390159188942,0.0206731207835538,0.0276594005668502
"LPCHMCBP_02254",15.1217446679102,-1.16280442945946,0.502754076522259,-2.31286922127618,0.0207298305148521,0.0277229150512794
"LPCHMCBP_02041",3.93843560153909,2.44045757202483,1.05823571986501,2.30615686676702,0.0211018687371345,0.0282078877862542
"LPCHMCBP_03181",11.832135362627,-1.29936435751299,0.563563902374359,-2.30562027134567,0.0211318595788214,0.0282354009777573
"LPCHMCBP_02325",538.099264901627,0.215291978988356,0.0936527404882337,2.29883266486371,0.0215144431817519,0.0287337979476802
"LPCHMCBP_02973",17.7338635665876,1.00500051270655,0.438220928225041,2.29336493986533,0.02182700335889,0.0291382727224328
"LPCHMCBP_00140",28.8024221407929,-0.801244281630869,0.350604807955833,-2.2853202906784,0.0222940540184641,0.0297485353976926
"LPCHMCBP_03176",46.2615632475861,0.632312488134663,0.277028326061078,2.28248315659697,0.0224608307890566,0.0299577569768705
"LPCHMCBP_02385",17.6102781276187,-1.027926086818,0.450816138206987,-2.28014483001059,0.022599100147525,0.0301287870025423
"LPCHMCBP_01019",543.341625369639,-0.214769638023914,0.0942265438038541,-2.27929020161227,0.0226498201090602,0.0301829974011056
"LPCHMCBP_00247",125.476621013402,0.3847578956471,0.169221470026336,2.27369432251841,0.0229843717748593,0.030615224010809
"LPCHMCBP_00598",12.7497159868919,-1.18129891842003,0.520333647655208,-2.27027201439566,0.0231910839591394,0.030876860231312
"LPCHMCBP_03189",104.330439795439,0.427721591368397,0.189521528037302,2.25684963496185,0.0240174720431503,0.0319629417301525
"LPCHMCBP_01177",135.265404811581,0.372678646445172,0.165325475795849,2.25421184878591,0.0241828437391184,0.0321687562327546
"LPCHMCBP_02892",134.177624009217,-0.368353503012343,0.163689394892278,-2.25031990163292,0.0244286454841017,0.0324813314567077
"LPCHMCBP_00538",10.2152592218167,1.30814995091218,0.581502132501642,2.24960473538502,0.0244740475926056,0.0325272882309165
"LPCHMCBP_02015",48.8992611358834,0.582963856778661,0.25947068814336,2.24674263189439,0.0246564799928824,0.0327552441162639
"LPCHMCBP_00940",63.0153977208815,0.537172887495715,0.239282480369555,2.24493195935653,0.0247725008808604,0.0328948120103814
"LPCHMCBP_02954",11.5174177456308,-1.35136980830439,0.602879608327373,-2.24152515633034,0.0249920778916559,0.0331717053307649
"LPCHMCBP_00996",251.807622547489,0.278296294391265,0.124500704075441,2.23529896041898,0.0253977282778226,0.0336952177549715
"LPCHMCBP_03171",13.4430144112111,1.1324921432268,0.507317459215064,2.23231454517458,0.025594181221893,0.0339408474798501
"LPCHMCBP_00932",4349.85585960912,0.151008597474045,0.0677143965127419,2.23008112382172,0.025742057728928,0.0341218706910393
"LPCHMCBP_00919",122.331527870491,0.382080919698288,0.17243243697982,2.21582972664827,0.0267031657612271,0.0353647893334955
"LPCHMCBP_01906",2426.12415568321,-0.145074752762551,0.0654720361724208,-2.21582772193759,0.026703303108864,0.0353647893334955
"LPCHMCBP_00223",3269.21478827851,-0.141622986207427,0.064397812105949,-2.19918940684545,0.0278644572551878,0.0368700336079448
"LPCHMCBP_02226",5283.28994083528,0.127080806263442,0.0577844929955172,2.19921988886016,0.0278622907942454,0.0368700336079448
"LPCHMCBP_00909",220.436816708444,0.304385412238475,0.139010410772632,2.18965910931903,0.0285489687178844,0.0377527495413471
"LPCHMCBP_02546",1125.85995830292,-0.169269210645043,0.0773076841774581,-2.18955220876218,0.0285567282435381,0.0377527495413471
"LPCHMCBP_00372",10.7844165962459,1.29125522887235,0.590313442247154,2.18740610743491,0.0287128907230785,0.0379424857155256
"LPCHMCBP_01112",7.17054314682731,-1.6386186707542,0.749353356357253,-2.18671025738756,0.0287636823321391,0.0379928744184637
"LPCHMCBP_02651",3331.73978717484,0.144569158017769,0.0661784779134557,2.18453434675285,0.0289230062751997,0.0381865120245817
"LPCHMCBP_01867",43.6574316196495,0.623134028686433,0.285661599879244,2.1813713462007,0.0291559612164884,0.0384771502245741
"LPCHMCBP_01332",675.39702689333,-0.199504490591494,0.0917245228989609,-2.1750398288935,0.0296271318457611,0.0390817682062106
"LPCHMCBP_00573",57.8171142222415,0.544338102586499,0.250661096408785,2.17160983648926,0.0298851044473775,0.0394047444844375
"LPCHMCBP_01629",107.064870613168,0.398264302876966,0.184141356766633,2.16281833625076,0.030555154728668,0.0402705398949199
"LPCHMCBP_00920",469.075038589695,-0.21560455257276,0.0997019862234274,-2.16249004397566,0.0305804236790675,0.0402861507729945
"LPCHMCBP_00773",9.34173323672702,-1.32617756038404,0.613525654304701,-2.1615682263311,0.0306514727805608,0.0403620315113923
"LPCHMCBP_01677",346.94381163323,0.232505978711684,0.108121245735512,2.15041897760266,0.0315220885422591,0.041490257769877
"LPCHMCBP_01836",23.1200406746378,0.817749946654387,0.380724087210197,2.14788077278365,0.031723228177938,0.0417366978351565
"LPCHMCBP_00334",4.18990314633901,-2.24138616165249,1.04376029596983,-2.14741466053742,0.0317602845306207,0.0417671401737041
"LPCHMCBP_01959",55.3610377728437,-0.529352993486797,0.246605019151046,-2.14656212314384,0.031828158069471,0.0418380649875087
"LPCHMCBP_01635",97.9207634685044,-0.419805044794184,0.19589681704696,-2.14299063722689,0.0321138501849426,0.0421951245205835
"LPCHMCBP_01283",30.0398882199411,0.7291638865613,0.340622130703284,2.14068265340186,0.0322996383180879,0.0424206628413925
"LPCHMCBP_00814",1770.26311864338,0.152564643080924,0.0714677651303416,2.13473364953668,0.0327827727335775,0.043036352131875
"LPCHMCBP_00336",22.1172761562217,-0.822610627162218,0.387285069405647,-2.12404425614613,0.0336664430735586,0.0441770859920199
"LPCHMCBP_00317",32.0357691193691,-0.693916956511938,0.328074631942485,-2.11511921053862,0.0344197883023673,0.0451458849193201
"LPCHMCBP_01942",24.1350558603152,-0.798685034208227,0.377720435737935,-2.11448722028469,0.034473675145922,0.0451968104468815
"LPCHMCBP_01587",1.90640626268272,3.39723234349366,1.60967674797531,2.1105059433621,0.0348147997818485,0.0456241109804923
"LPCHMCBP_02415",2281.0649933389,0.151087743028127,0.0717104935652899,2.10691260813269,0.0351251555194821,0.046010734052364
"LPCHMCBP_01176",26.4084133683739,0.774302337405194,0.369713997793211,2.09432789136179,0.0362307813895979,0.0474382962260835
"LPCHMCBP_00539",4.65260090170412,1.97063666170456,0.946642657252558,2.08171124194206,0.0373688531589519,0.0489070773353749
"LPCHMCBP_01159",5.96587530354764,-1.66110050633176,0.798120299911297,-2.08126582736509,0.0374095812029574,0.0489390380078793
"LPCHMCBP_02863",106.683247687232,-0.389314051270937,0.187139247111776,-2.08034422110507,0.0374939714698036,0.0490280646539784
"LPCHMCBP_01383",1106.52849580951,-0.16983354344917,0.0819167683984951,-2.07324515809745,0.038149469695571,0.0498634836918155
"LPCHMCBP_00742",36.3702076388922,0.627795308891763,0.303174908172041,2.07073637022597,0.0383834394010833,0.0501474539149547
"LPCHMCBP_00956",213.435730552529,-0.296924438638192,0.143911865040895,-2.0632380697298,0.039090014789397,0.0510383844870812
"LPCHMCBP_01969",133.311139848296,0.337913230806236,0.163785939379809,2.06313943727878,0.0390993821845384,0.0510383844870812
"LPCHMCBP_01655",143.653515017838,-0.325595572980147,0.157889113814863,-2.06217873489323,0.0391907224933226,0.0511353731315049
"LPCHMCBP_02834",17.7637101821212,0.889134795770478,0.433675836438403,2.05022904451529,0.0403420849696709,0.0526147748778715
"LPCHMCBP_01636",11.0687615215614,-1.19261227311161,0.582596740269971,-2.04706307240745,0.040651892141197,0.0529957985732981
"LPCHMCBP_01541",2038.51518033917,-0.142603670935495,0.0699186400932319,-2.0395658546182,0.0413935858409607,0.0539392753403053
"LPCHMCBP_00438",1779.00531665533,-0.184378460855323,0.0905055097304084,-2.03720703197559,0.041629299468594,0.0542228852887373
"LPCHMCBP_00606",180.561903063626,-0.295860728584566,0.145345943877307,-2.03556233281828,0.0417943233960168,0.0544142145385884
"LPCHMCBP_01205",31.5846840313354,-0.664061144940606,0.327581701482713,-2.02716190170241,0.0426458579854702,0.0554987943687754
"LPCHMCBP_02387",60.5211565186129,-0.504944415947538,0.249577834704131,-2.02319415322334,0.0430531342506162,0.0560045322436494
"LPCHMCBP_01606",2499.43599333262,0.142321653515345,0.0703620867963393,2.02270370302249,0.0431037048942188,0.0560460218316944
"LPCHMCBP_00529",8.12470650796178,1.31765394888585,0.654309446427705,2.01380853674018,0.0440296391099062,0.0572251827496009
"LPCHMCBP_02057",138.627439676477,0.325836862070257,0.162074357020936,2.01041588601315,0.0443871905192084,0.057664917206989
"LPCHMCBP_01459",30.3642253714767,-0.675767090492809,0.336631295470362,-2.00743988923723,0.0447028450793021,0.0580498650294182
"LPCHMCBP_03151",3.47589457470315,2.20058382608326,1.10126727562939,1.99822865418897,0.0456918763524943,0.0593085298156728
"LPCHMCBP_00578",17.6013701552124,0.873740921114787,0.438123413349285,1.99428036597126,0.0461214236910206,0.0598402042787518
"LPCHMCBP_00488",5221.0259328156,-0.145875380991406,0.0731799877611124,-1.99337804575206,0.0462200660490992,0.0599422723480323
"LPCHMCBP_01366",3129.77431164357,-0.120686659147834,0.0607396199130727,-1.98695117487653,0.0469278077578872,0.0608338449595765
"LPCHMCBP_00967",71.567865627684,0.441051677285064,0.22224255996283,1.98455092201435,0.0471944572708926,0.0611530942443647
"LPCHMCBP_02210",749.438126349359,-0.16845031565383,0.0849558019700231,-1.98279942920518,0.0473898378137028,0.0613797597233155
"LPCHMCBP_02360",2020.80218407228,0.130550919319204,0.0659548681270731,1.97939777648673,0.047771238657884,0.0618470609198921
"LPCHMCBP_01989",1081.19138057116,0.155989517723759,0.0788668182619347,1.97788526482307,0.0479416516221673,0.0620409213101009
"LPCHMCBP_02868",124.097258239948,-0.353214010922135,0.178621597052355,-1.97744291144484,0.0479915875184861,0.06207877333749
"LPCHMCBP_01883",16.5953212887805,-1.11576690034622,0.564585121437518,-1.97625983749856,0.0481253558598429,0.0622249861850015
"LPCHMCBP_01363",318.591853233452,0.224249129801336,0.113963151540297,1.96773366452613,0.0490986902468201,0.0634561453189953
"LPCHMCBP_00607",357.761479094674,0.222284439722891,0.113061177217186,1.96605453077754,0.0492923119171796,0.0636789617147895
"LPCHMCBP_02202",45.1963484468148,0.528322909666356,0.269255774721408,1.96215999531671,0.0497438598219765,0.0642346485911151
"LPCHMCBP_02447",923.304007073168,-0.159446114954043,0.0817611352346124,-1.95014556117054,0.0511587721550163,0.0660333226826683
"LPCHMCBP_00605",438.545416087179,-0.198455691731913,0.101940544542099,-1.94677880742492,0.0515612587553334,0.06650183192631
"LPCHMCBP_01652",3.16327060636622,-2.30218591311386,1.18258597085405,-1.94673873177376,0.0515660656089715,0.06650183192631
"LPCHMCBP_03202",878.31081151555,0.158116279556676,0.0812560952657762,1.94590053877807,0.0516666882252931,0.0666029773900793
"LPCHMCBP_00902",6854.92176694763,0.103868399778701,0.0537349558036745,1.93297636938968,0.0532391088979815,0.0686005005594
"LPCHMCBP_02779",1.26206281599845,-3.67853931546055,1.91297674106832,-1.92293990642366,0.0544875972712197,0.0701790898759357
"LPCHMCBP_01864",125.291325645462,0.335687288037121,0.174837060003727,1.92000075973576,0.0548578034431476,0.0706255976546057
"LPCHMCBP_02010",730.419222810276,0.168812395993341,0.0881998748194758,1.91397546015638,0.0556232913877063,0.0715804019959291
"LPCHMCBP_00812",794.653692841888,-0.174401600719659,0.0911673449912219,-1.91298321494885,0.0557502012933913,0.0717129678874699
"LPCHMCBP_01221",1004.05266174409,0.145202968736466,0.0761122441649408,1.90774783123988,0.0564238163901696,0.0725483603200081
"LPCHMCBP_01747",160.993411476105,0.290525441470776,0.152398843994634,1.90634937808981,0.0566048918200079,0.0727500129986482
"LPCHMCBP_01009",70.3015786684871,-0.442362026198534,0.232842176495194,-1.89983633058706,0.0574546015756421,0.0738104706029546
"LPCHMCBP_00457",392.238266363738,-0.249331590279691,0.131257153776983,-1.89956572350583,0.0574901339609664,0.0738245151976295
"LPCHMCBP_02514",51.2691920985579,0.500581538539663,0.264352594089104,1.89361311268591,0.0582763817270432,0.0748021478027616
"LPCHMCBP_02000",20653.1204032588,0.119699554592195,0.0635027641928058,1.88495030277368,0.0594365477707185,0.0762586916887243
"LPCHMCBP_03002",50.6155161410709,-0.502577885875636,0.266908666298436,-1.88295828998558,0.0597060207253056,0.0765716958105308
"LPCHMCBP_02747",15.194136188782,0.943276676295342,0.501195867237537,1.88205198397673,0.0598289578380562,0.076696583712946
"LPCHMCBP_02326",180.462800597237,-0.270788189595113,0.144205038540779,-1.87779977964181,0.0604085604346838,0.0774065285501649
"LPCHMCBP_03021",10.5348629445635,1.05481252580437,0.56200557485374,1.87687199736209,0.0605356396724927,0.0775362589232397
"LPCHMCBP_02331",173.509386722868,-0.298816650780349,0.15939638952068,-1.87467640690557,0.0608372545653926,0.0778893348765969
"LPCHMCBP_02070",13.3399588584723,-1.0512476622486,0.562463571131995,-1.86900577424578,0.0616220110339684,0.0788604072976286
"LPCHMCBP_01885",9.62689286680452,-1.14988026296322,0.617110566917456,-1.86332940093218,0.0624159360785605,0.0798423802948679
"LPCHMCBP_02284",13.5426785064384,-0.941594998456179,0.505674087155022,-1.862059026504,0.0625947705983584,0.080002941467493
"LPCHMCBP_03098",198.686699882739,0.260220607880782,0.139741500090903,1.8621569663379,0.0625809682478616,0.080002941467493
"LPCHMCBP_01924",8.73456638378366,-1.19296342403961,0.642135389478882,-1.85780669246052,0.0631964704148752,0.0807375937484208
"LPCHMCBP_02559",5.18538981152561,-1.65379171757602,0.890418748101696,-1.85731906600325,0.0632657734292561,0.0807917387494457
"LPCHMCBP_01625",22.34067864581,0.762068519252492,0.410785214887943,1.85515079811325,0.0635746954810019,0.0811516464121609
"LPCHMCBP_01992",73.6973108426319,-0.404888658317481,0.218273320369961,-1.85496174077169,0.0636016902237262,0.0811516464121609
"LPCHMCBP_02842",34.3497815699975,-0.582905394399578,0.31471309625274,-1.85218029163762,0.0639999378620266,0.0816250801206723
"LPCHMCBP_00828",4.95967179098143,-1.60665510134681,0.869526829671218,-1.84773493643009,0.064640697310738,0.0824072780924065
"LPCHMCBP_00764",6244.86056270102,-0.109286199229475,0.0593329675630397,-1.84191358899015,0.0654877905696811,0.0834517450104514
"LPCHMCBP_01975",17.6111862370141,0.822158787682995,0.447475337813321,1.83732759821053,0.0661615480504254,0.08427453552603
"LPCHMCBP_03008",9.03999209087709,-1.14774517834679,0.624918905954758,-1.83663058904138,0.0662644484129642,0.0843697962186278
"LPCHMCBP_02414",3929.32263181192,0.128869182801269,0.0701796803069982,1.8362748624322,0.066317015585941,0.0844009176307926
"LPCHMCBP_01961",16.0038911311919,-0.860325410165282,0.468971846027978,-1.8344926618771,0.0665808960809626,0.0847008347346201
"LPCHMCBP_03000",34.455987463528,-0.611552079083547,0.3353002690477,-1.82389379173611,0.0681681304359269,0.0866832878975494
"LPCHMCBP_00451",1737.7023569926,-0.140414134853186,0.0770512307736311,-1.82234772168284,0.0684022415321179,0.086917692009979
"LPCHMCBP_01789",1485.91552557084,-0.141355957658932,0.077570337173695,-1.82229396969628,0.0684103927116196,0.086917692009979
"LPCHMCBP_01886",15.4080740148412,-0.858350422801761,0.474365066920292,-1.80947224544676,0.0703776682169968,0.0893793408037272
"LPCHMCBP_00313",12.0463688362477,-0.959049908943988,0.531062120792568,-1.80590908557493,0.0709325416896302,0.0900078467698014
"LPCHMCBP_01929",9.8370390417751,-1.06198830823505,0.588049299986523,-1.80595114773437,0.0709259706939844,0.0900078467698014
"LPCHMCBP_01338",390.288165334242,0.206757108362341,0.114803109761278,1.80097132205105,0.0717074001887455,0.0909526238235103
"LPCHMCBP_02877",461.786641410324,-0.189518585267398,0.105849755111356,-1.79044897239507,0.0733817634948146,0.0930370393949888
"LPCHMCBP_00524",492.37616006336,-0.182796689719868,0.102177566729952,-1.78901001041634,0.0736132034103609,0.0932516772623441
"LPCHMCBP_02155",7.6780823554861,1.20484717905039,0.673452483911956,1.78906041306977,0.0736050866672878,0.0932516772623441
"LPCHMCBP_00437",3994.33010549042,-0.106055292581022,0.0593132074632352,-1.78805525981308,0.073767092846188,0.0934071922495402
"LPCHMCBP_01809",6011.86324858723,0.114300256256657,0.0639587674416691,1.78709285417202,0.0739224822506978,0.0935644745821781
"LPCHMCBP_00576",22.2905868887182,-0.697867452883603,0.391140261991557,-1.78418721031246,0.0743932498431662,0.0941206335494695
"LPCHMCBP_00335",30.1197641912244,-0.609845424271697,0.342256246316657,-1.78183869786109,0.0747755396425897,0.0945644308754369
"LPCHMCBP_01973",15.328728510239,-0.834032157592848,0.468215512843626,-1.7812997107411,0.0748635017332152,0.094635791365366
"LPCHMCBP_01734",5277.02419276892,-0.104131544172349,0.0585966557841891,-1.77709022432721,0.0755533963159375,0.0954676809870015
"LPCHMCBP_00865",93.8317158681907,0.343789082076062,0.193651847888969,1.77529461156072,0.0758492546684032,0.0958011840319352
"LPCHMCBP_00344",76.2974190311301,-0.372218517726706,0.210847093289427,-1.76534811042316,0.0775052784694851,0.0978516368056057
"LPCHMCBP_01938",128.27207365084,-0.293762634524366,0.166478692451767,-1.76456596455716,0.0776367398707127,0.0979763903919297
"LPCHMCBP_03020",29.5294223129624,0.586756726816778,0.333200097349546,1.76097405578257,0.078242794275011,0.098699716527662
"LPCHMCBP_02192",78.9065817696346,0.376950557453211,0.214427332533778,1.75794080446265,0.078757581980143,0.0993073544211803
"LPCHMCBP_02932",25.7331473734929,0.661736726408705,0.376900189128361,1.75573466264124,0.0791337252644771,0.0997397352031482
"LPCHMCBP_00210",781.354885729273,-0.146147410742453,0.0836081410363838,-1.74800454753388,0.0804632399740975,0.101371065707636
"LPCHMCBP_02061",561.979408001288,0.162299182445274,0.0928581822652912,1.74781778499167,0.0804955846655436,0.101371065707636
"LPCHMCBP_00527",3.32447394485593,-1.89534280305481,1.08455212308436,-1.74758110994671,0.0805365886832524,0.101380160502702
"LPCHMCBP_02904",240.999391640126,-0.225909118308194,0.129612059340196,-1.7429637292873,0.0813399506833879,0.102348508176456
"LPCHMCBP_01551",5.22930643895471,1.45180461863834,0.834356954989062,1.74002818572702,0.0818540688868167,0.102952246743226
"LPCHMCBP_01686",2007.85945062701,0.110196312937072,0.0634952596858091,1.7355045633698,0.0826514739157609,0.103911635199497
"LPCHMCBP_03185",12.5943426607741,0.939878508330686,0.544478258435171,1.72620025459216,0.0843113922716644,0.105954140790312
"LPCHMCBP_00849",27.7307278638023,-0.596746483691733,0.346933565432688,-1.72005981302929,0.0854215696908402,0.107304366112269
"LPCHMCBP_01900",369.647217636193,-0.185933111925112,0.108222247033226,-1.71806737544479,0.0857843267077371,0.107714964204987
"LPCHMCBP_01010",150.090060750809,-0.273533347533441,0.16001853819191,-1.70938536637169,0.0873795897751741,0.109672166003888
"LPCHMCBP_00024",9292.62761806608,0.103186730209093,0.0605651598835911,1.70373083151142,0.0884313853509981,0.110945897758506
"LPCHMCBP_00458",700.484699992141,-0.147922461025737,0.0869774646033998,-1.70069870052242,0.0889995792701637,0.111612092515571
"LPCHMCBP_02987",368.746059034565,-0.182700179896734,0.107510316465866,-1.69937347319352,0.089248836827837,0.111877927869816
"LPCHMCBP_00597",7.97918803334353,-1.15882340111938,0.684642076630486,-1.69259740333608,0.0905321256827336,0.113439210511016
"LPCHMCBP_00589",993.359720313855,-0.128774263399076,0.076135761544221,-1.69137683510635,0.0907648536731652,0.113683358043893
"LPCHMCBP_01916",6.67825142419571,-1.24020659221821,0.734534286710574,-1.68842573404185,0.0913295339938164,0.11434290008988
"LPCHMCBP_00697",7029.04151324522,-0.0991718726852272,0.0588142804563822,-1.68618695860396,0.0917597949914353,0.114833671713635
"LPCHMCBP_01682",584.897999896228,-0.151919836496934,0.090249435632335,-1.68333281457667,0.0923106813793985,0.115474929061932
"LPCHMCBP_00338",21.7997132966353,-0.710690567483791,0.422573368564527,-1.68181579898892,0.0926045641442143,0.115794290415328
"LPCHMCBP_00740",199.468699929454,-0.241401057172224,0.143759556453714,-1.67920006938771,0.0931130584679823,0.116381627847736
"LPCHMCBP_03172",22.158425319922,-0.656242686892604,0.391853834889666,-1.67471293748441,0.0939905678199135,0.117429514582665
"LPCHMCBP_01180",32.817010789594,-0.545539827832388,0.32665968777062,-1.67005556013225,0.0949083714913885,0.118526850955329
"LPCHMCBP_00850",39.8472942530653,-0.485262955924456,0.290799545413582,-1.66871978852066,0.095172925538327,0.1188077993097
"LPCHMCBP_00530",8.55790930274211,1.03735433879825,0.626629211553489,1.65545161264749,0.0978329239190641,0.122046357978868
"LPCHMCBP_01494",85.786150763149,0.34679772121786,0.20949804959272,1.65537446239744,0.0978485629114149,0.122046357978868
"LPCHMCBP_01018",402.554342731703,-0.197005901222803,0.119457246282867,-1.64917497559173,0.09911179307152,0.12357062360101
"LPCHMCBP_00682",17.4938280900517,-0.756604467496602,0.458849886947204,-1.64891501342717,0.0991650469189805,0.123585675167716
"LPCHMCBP_00905",10.0207134849575,-1.00971413212964,0.612458767353506,-1.64862385184347,0.0992247191467661,0.123608709904294
"LPCHMCBP_02132",55.7823559723603,-0.408707379579024,0.24828665373897,-1.64611095048511,0.0997409183301456,0.124200205771273
"LPCHMCBP_00776",10.4825891750278,-0.947673849684505,0.5789938007416,-1.63675992466704,0.101680642384527,0.12656308908999
"LPCHMCBP_03030",55.7196186509742,-0.425853084649285,0.260474447196653,-1.63491309505602,0.102067266934198,0.126991653428495
"LPCHMCBP_02726",402.177465270643,0.175018531996433,0.10759163086897,1.62669280670705,0.103802357263226,0.129096922564004
"LPCHMCBP_00430",8237.31734081625,0.100007881046849,0.0615557948481126,1.62467045212585,0.104232796553734,0.129578551142401
"LPCHMCBP_01621",16.6660458253467,0.750905454088309,0.463401841630711,1.62041965876931,0.105142159744974,0.130654915691373
"LPCHMCBP_03131",57.3167057671553,-0.407085530280131,0.25131946610274,-1.6197930729079,0.105276734812995,0.130767997174586
"LPCHMCBP_03133",2.00232151230015,2.48471082866286,1.54486078682725,1.6083719969136,0.107753730915758,0.133789386213566
"LPCHMCBP_01740",15166.5829886628,-0.0946101979522316,0.05890436693625,-1.60616611081865,0.108237417250003,0.134334362765616
"LPCHMCBP_02830",1.92170843688381,2.3869770832574,1.49062176801064,1.60132981718295,0.109303888245932,0.135601888642431
"LPCHMCBP_02005",223.815154358538,-0.24380176617047,0.152480958275074,-1.5988997506866,0.109842879460413,0.136214248454835
"LPCHMCBP_02465",247.436111275452,0.221006863379065,0.138247946727444,1.59862673269774,0.109903566149691,0.136233210249988
"LPCHMCBP_02748",18.6725838628998,0.717222845077818,0.448801613632536,1.59808437245294,0.11002420107868,0.1363264357709
"LPCHMCBP_00927",239.064386995017,0.213274980513513,0.134267196807225,1.58843697928486,0.11218756106812,0.138949595858617
"LPCHMCBP_00864",802.289170807291,-0.425191608535292,0.2689993158351,-1.58064197009311,0.113959923706596,0.141086522707712
"LPCHMCBP_01638",378.722719633188,0.172923189056303,0.109501451750382,1.57918626915098,0.11429333847895,0.1414409520723
"LPCHMCBP_00803",4379.72089375771,-0.0993987779052251,0.0630295118172086,-1.57701963793549,0.114791006523663,0.141998273115215
"LPCHMCBP_02066",12.8873836609915,0.814750125285935,0.517961533789486,1.57299349881274,0.115720323575821,0.143088871467259
"LPCHMCBP_00678",111.680090778265,-0.300638484005837,0.191178578365052,-1.57255319386136,0.115822312907655,0.143155997131743
"LPCHMCBP_01529",320.408844875788,0.496476434957392,0.316164145738812,1.57031226231307,0.11634248279962,0.143739724529296
"LPCHMCBP_02666",25785.8098144622,0.122115066362285,0.0778110069416615,1.56938036354985,0.116559336766401,0.143948382566243
"LPCHMCBP_02069",199.658182261255,-0.216567096402326,0.138453311042839,-1.5641886407131,0.11777327405977,0.145387739799822
"LPCHMCBP_02961",14.2332599735803,-0.809190890286921,0.520910610300482,-1.55341602625477,0.120323776612612,0.148475186519099
"LPCHMCBP_01648",5.90426991715057,-1.22803121089136,0.791650068353676,-1.55122984255554,0.12084661289599,0.148997816475294
"LPCHMCBP_02345",23.0733356009769,-0.604015815490807,0.389346952902127,-1.55135621580848,0.120816341795749,0.148997816475294
"LPCHMCBP_00567",40.5459192038131,0.4488863262071,0.289690438963193,1.54953794061576,0.121252458293353,0.149436807941829
"LPCHMCBP_01628",101.554779675889,0.302123174149284,0.195682991102185,1.54394192590564,0.122602402062477,0.150976532043288
"LPCHMCBP_02969",15.163030364028,0.711832969959724,0.461002044086377,1.54409937893106,0.122564259303958,0.150976532043288
"LPCHMCBP_00557",15.5406654723416,0.719556494055304,0.467151785176236,1.54030556424792,0.123485888110806,0.152002112477658
"LPCHMCBP_02480",851.621348684935,-0.124519012222211,0.0812426916951455,-1.53267955091216,0.125354830054484,0.154239378841127
"LPCHMCBP_00925",26.3924353148255,-0.566443476678589,0.36967588589251,-1.53227055995557,0.125455682831867,0.154300206630506
"LPCHMCBP_02729",327.316598276221,-0.174520943263084,0.114063846284614,-1.53002856687488,0.126009658050237,0.154918059733208
"LPCHMCBP_00947",9.25702885927039,-0.917157489930691,0.600180402533961,-1.52813635043472,0.12647868789669,0.155431016534793
"LPCHMCBP_02999",7.38271803464402,-1.09259506371259,0.717547681100822,-1.52267938771176,0.127838937299433,0.157038334357593
"LPCHMCBP_02134",566.897181359637,0.146215387723352,0.0961596290485702,1.52054858333011,0.128373158062281,0.157630052105117
"LPCHMCBP_03164",28.1873098635964,0.547627925988165,0.363751518389961,1.50550004138011,0.132195566226028,0.162257216459841
"LPCHMCBP_00343",18.0847098039556,0.705639290327192,0.471269596656703,1.49731553941345,0.134311173362253,0.164786521365544
"LPCHMCBP_00431",3602.43827190526,0.0925220119746002,0.0618076032477026,1.4969357670092,0.134409972431207,0.164840346246854
"LPCHMCBP_03180",3.94540282607765,-1.46644898818665,0.992170103124489,-1.47802174603789,0.139401957766211,0.170892677800816
"LPCHMCBP_01207",117.889111159572,-0.267555270092574,0.181313865887991,-1.47564704322095,0.140038669228307,0.171603122235259
"LPCHMCBP_00602",1308.8954758643,0.108356161699548,0.0736137142643952,1.47195618075145,0.141032710929,0.172750679795074
"LPCHMCBP_01170",123.349995160955,0.265032822266326,0.180187517628783,1.47087226548256,0.141325664404615,0.173038889791207
"LPCHMCBP_02848",10.1910700744277,0.860575985976449,0.587646835895207,1.46444417532763,0.14307262553467,0.175106423013681
"LPCHMCBP_01282",12.8672475059318,0.746416706900408,0.511437475859275,1.45944859759512,0.144441678560844,0.1767099377746
"LPCHMCBP_01657",39.0971693944938,-0.422944635306133,0.291722991562106,-1.4498159128335,0.147109860826719,0.179900852624687
"LPCHMCBP_02348",2548.53977220372,-0.0926312329707564,0.0640591406667158,-1.44602678098188,0.148169690404841,0.181123112384899
"LPCHMCBP_02104",31.2301261011944,-0.473563687048878,0.328041484351629,-1.44360914591297,0.148848950788772,0.181879357213805
"LPCHMCBP_01108",78.9040580882837,-0.301663834944163,0.209700240342229,-1.43854787410759,0.150278664121037,0.18355159585968
"LPCHMCBP_01167",259.812188317728,-0.178256570594559,0.124064990915498,-1.43679993267376,0.150774849551157,0.184082719081783
"LPCHMCBP_01775",0.797076254372683,-3.01119372801762,2.0965520883213,-1.4362599168374,0.150928395216004,0.184195247679231
"LPCHMCBP_03047",26.2253388273431,-0.508726392619127,0.355138591852085,-1.4324728550791,0.15200854127458,0.185438061936998
"LPCHMCBP_01218",666.085900101799,-0.144071576695265,0.100670155835927,-1.43112499925076,0.152394393699076,0.185833228561937
"LPCHMCBP_02050",255.536110054644,0.185656202161438,0.129993092095544,1.42820052333998,0.153234150041875,0.186781350233821
"LPCHMCBP_00633",2187.96968462546,-0.113982278281613,0.0798248707168357,-1.42790432678488,0.15331939807621,0.186809384338898
"LPCHMCBP_03094",994.899401818436,-0.107333004373901,0.0752687892402667,-1.42599615932816,0.153869450681816,0.187403498983819
"LPCHMCBP_00094",1.70236878685301,2.19087146207211,1.53744851612262,1.42500476542615,0.154155823591117,0.187676116266507
"LPCHMCBP_02349",6019.50741800829,0.0825916658774937,0.0582952802211662,1.41678135115141,0.156546863695899,0.190509788301457
"LPCHMCBP_02048",112.072109485587,0.256421864817485,0.181524174965027,1.41260449120283,0.157772047773839,0.191922949075513
"LPCHMCBP_00869",34.7210495067158,0.440446937743226,0.311896086465213,1.41215923141232,0.157903081573841,0.192004516938046
"LPCHMCBP_01453",34.9651010124924,0.432715035083845,0.306476952448451,1.41190073715781,0.157979190669435,0.192019259294845
"LPCHMCBP_03165",22.4755884378043,0.587428516605177,0.417080057786145,1.40843108088946,0.159003461248088,0.193185986722879
"LPCHMCBP_03019",98.8368675333861,0.266164108866119,0.189176479326577,1.4069619532703,0.159438670972845,0.193636362440109
"LPCHMCBP_00197",0.713256248447755,3.05301879351274,2.17352098123036,1.40464197027651,0.160127769611491,0.194394594095504
"LPCHMCBP_01041",3385.63282024367,-0.290079594071921,0.20663950313824,-1.40379544891695,0.160379769594033,0.194621790760895
"LPCHMCBP_02560",29.7760130558416,-0.469387172602217,0.336086610867381,-1.396625623945,0.162526180658148,0.197146753498424
"LPCHMCBP_00541",3.43490329643775,-1.47534779267809,1.05713624142835,-1.39560799721015,0.162832572888172,0.197438606560567
"LPCHMCBP_02046",52.8244643246272,0.372586013247586,0.267605433610911,1.39229614369233,0.163832738800777,0.19850498390228
"LPCHMCBP_02106",46.1754328721331,-0.397167324289929,0.28526851355252,-1.39225783926836,0.16384433359745,0.19850498390228
"LPCHMCBP_00227",136.845078624494,-0.233831893755734,0.169016946662877,-1.38348194292102,0.166517140285037,0.201611916873425
"LPCHMCBP_02943",22.3123794066769,-0.545049238869856,0.393993330413253,-1.38339712070294,0.166543132932096,0.201611916873425
"LPCHMCBP_01627",19.8097028939722,-0.559970366801464,0.40544400353559,-1.38112874260899,0.167239379453838,0.202373136185875
"LPCHMCBP_02004",6.16036855258723,-1.10820205477511,0.803335994359317,-1.37950006293312,0.167740626844488,0.202897872293555
"LPCHMCBP_03138",1.20589678858646,2.66102864004681,1.93108604332331,1.37799589471803,0.16820455563936,0.203377063446301
"LPCHMCBP_00489",1812.813015439,-0.0977013056225635,0.0711084552985658,-1.37397592469617,0.169449156746082,0.204799403703179
"LPCHMCBP_02306",34.589051599333,0.446119845121334,0.324994506024343,1.37269965138401,0.1698457376252,0.205196078346709
"LPCHMCBP_02436",1690.86665497049,0.0908292908315783,0.0664457186728794,1.36696980100016,0.1716347713886,0.207274023717179
"LPCHMCBP_03011",270.499886583767,0.18704316793079,0.13699574660595,1.36532098670768,0.172152185645813,0.20781524904388
"LPCHMCBP_03182",10.2685758110837,-0.817836177377986,0.605679313870257,-1.35027919667928,0.176926442766745,0.213492663748694
"LPCHMCBP_02756",4.90065555715018,1.12083009380055,0.835869948103834,1.34091445247331,0.179948229300644,0.217051702625093
"LPCHMCBP_01698",10170.0385219169,0.0809148716788659,0.0611270015491286,1.32371733650036,0.185596938565121,0.223775175827211
"LPCHMCBP_02906",41.583574409464,-0.37201838798792,0.281178397886343,-1.32306888005776,0.185812472600984,0.223945072399821
"LPCHMCBP_03044",24.7706395533566,-0.515478116878821,0.390674045767952,-1.31945831176356,0.187015938315458,0.225305030463544
"LPCHMCBP_00995",54.1570507909749,-0.353538419613801,0.268080679576594,-1.31877619891213,0.187243943555309,0.225489195268652
"LPCHMCBP_01624",68.6974512791116,0.292699054166789,0.222099880186221,1.3178712835026,0.187546740187239,0.225763244003973
"LPCHMCBP_02446",20.4891636284964,0.535733932722767,0.409135936872402,1.30942770957284,0.19038951031395,0.229093392322439
"LPCHMCBP_00025",4276.41435531932,0.0928077898894554,0.0709147929607298,1.30872256710739,0.190628344532324,0.229288842461525
"LPCHMCBP_01928",7.3008181660857,-0.934056178010517,0.71444116248412,-1.307394124329,0.191078891835784,0.229738683653521
"LPCHMCBP_03157",2.52328067236395,1.61155857921723,1.23515767293648,1.30473915559776,0.191981683649225,0.230731691081828
"LPCHMCBP_03146",12.9074517205767,0.66608953460659,0.51100699139224,1.30348419067972,0.19240951024471,0.23115329873674
"LPCHMCBP_00537",5.96130791627796,0.966291024541632,0.745860669792792,1.29553824685524,0.19513461629004,0.234239593394564
"LPCHMCBP_02648",434.669253899409,0.135825720390772,0.104832849107954,1.29564083726182,0.195099252905772,0.234239593394564
"LPCHMCBP_01669",42.2817196576901,0.383449984783792,0.296276297636607,1.29423105338689,0.195585623485758,0.234687107589269
"LPCHMCBP_02021",221.22987012909,0.169926791693854,0.131421637405117,1.29298945781693,0.196014705263696,0.23510796582588
"LPCHMCBP_00683",35.3886938079482,-0.403423008692135,0.312651727874806,-1.2903271363134,0.196937098866363,0.236119949539735
"LPCHMCBP_03132",5.13894356662023,-1.14682958396523,0.891939816918119,-1.28577014077903,0.198523293923222,0.237926679338494
"LPCHMCBP_00332",25.7135271290222,-0.47943116860231,0.373367707479203,-1.28407240100971,0.199116623775289,0.238542510159538
"LPCHMCBP_00495",1.76055549465866,-1.9493343212903,1.51994124901332,-1.28250636171347,0.199665074733465,0.239104105855997
"LPCHMCBP_02068",19.6983473921132,0.519414846220463,0.405332616066627,1.28145336849745,0.200034469004719,0.239450914033969
"LPCHMCBP_01634",69.585848381216,-0.285091281321423,0.224977890639153,-1.26719688104236,0.205084900742129,0.245398639205394
"LPCHMCBP_00934",59.5597557495994,-0.321086746682145,0.25355854977742,-1.2663219085454,0.205397856376827,0.245675156232307
"LPCHMCBP_03013",219.507701729514,0.168160835520388,0.133003594426214,1.26433301480192,0.206110524473257,0.246429356153085
"LPCHMCBP_00910",136.403864864859,-0.21286581146358,0.16926018599158,-1.25762482308846,0.208527471682608,0.249219809844487
"LPCHMCBP_02557",17.6169689309908,0.562207578737711,0.4475137023631,1.25629131749256,0.209010368709028,0.249697498605013
"LPCHMCBP_01649",8.62523971840258,-0.769620635333961,0.613992560713145,-1.25346899063411,0.21003507744215,0.250821833427733
"LPCHMCBP_00615",7410.67195102959,0.0932992450027788,0.0748677442712089,1.24618747246881,0.212695577148113,0.253595322614814
"LPCHMCBP_00969",83.1056478787501,-0.251834158102896,0.202005248561016,-1.24667136075343,0.212518024074473,0.253595322614814
"LPCHMCBP_02257",8.47845051973206,-0.833327990154662,0.668636348479266,-1.24630973480572,0.212650705331944,0.253595322614814
"LPCHMCBP_02926",1.11245316939493,-2.28692864455212,1.8346824252861,-1.24649836562069,0.212581488860235,0.253595322614814
"LPCHMCBP_03177",1.53594902733636,1.97462922426153,1.58732534905249,1.24399778875845,0.213500376758928,0.25445378500935
"LPCHMCBP_01496",32.2482592774862,-0.411271768547837,0.330707467062963,-1.24361198191372,0.213642404187276,0.254521974976584
"LPCHMCBP_01673",10.8516400505826,-0.693651520060284,0.559503343042529,-1.2397629588561,0.215063082524147,0.256112821688478
"LPCHMCBP_00240",8536.07154075002,0.065908705772607,0.0532317062778041,1.23814753238689,0.215661361956875,0.256723422146998
"LPCHMCBP_01690",1982.42347478866,0.0811723593818367,0.0660357958859521,1.22921755228068,0.218990249713575,0.260582767403028
"LPCHMCBP_01096",20.9560627341693,-0.496510624345868,0.404446596101898,-1.22762962806782,0.219586034412363,0.261188144776656
"LPCHMCBP_01000",156.103961493287,0.184103705600227,0.150578293834609,1.22264438593282,0.221464040830095,0.263317585788873
"LPCHMCBP_00241",835.660659933559,-0.100349551870147,0.0825624466832891,-1.2154382034618,0.224199004613971,0.266463846671892
"LPCHMCBP_01964",55.5697292908684,-0.305031680238381,0.251227338126778,-1.21416595229159,0.224684359244397,0.266934981034218
"LPCHMCBP_02688",13290.8991169351,0.0883179416458836,0.0728336520237666,1.21259801193361,0.225283549363346,0.267540930605224
"LPCHMCBP_01100",48.3891226662347,-0.3303546257636,0.273375305970443,-1.20842892005512,0.226882321301433,0.269333008791772
"LPCHMCBP_02445",58.8031614227709,-0.292246696383568,0.242545293865532,-1.20491596322454,0.228235745434215,0.270832531454362
"LPCHMCBP_02412",2.75958137459949,1.33615654710869,1.10933849597438,1.20446243590879,0.228410892521276,0.270933236544011
"LPCHMCBP_00915",4.39444217397504,-1.05627202545677,0.881958611312901,-1.19764353100922,0.231055821614817,0.273962276043487
"LPCHMCBP_00908",1916.67992660643,-0.0836946099774738,0.0699221814883369,-1.19696794630806,0.231319048588962,0.274166060353663
"LPCHMCBP_02829",3.51404322175171,1.18470536319106,0.996631521689272,1.18870950537768,0.234553998862536,0.277890466082302
"LPCHMCBP_01658",2.10208731650294,-1.54921882340333,1.30545076034084,-1.1867309518429,0.235333762123742,0.27870426998159
"LPCHMCBP_02654",1035.74720868359,-0.100790533696928,0.0854487573976445,-1.17954358572927,0.238181791726737,0.281965900186169
"LPCHMCBP_00312",24.6333678411976,-0.443560180931551,0.376421935145738,-1.17835901555476,0.238653509491791,0.282412926650183
"LPCHMCBP_02441",2126.93015356987,0.0758374789854973,0.0644138119665312,1.17734809771702,0.239056596770438,0.282778418174255
"LPCHMCBP_00178",376.367684532862,-0.133999212142941,0.114095494631184,-1.17444788311839,0.24021567547962,0.28403752644379
"LPCHMCBP_00105",0.617892946901197,-2.65491906377645,2.26272298130947,-1.17332925227993,0.240663796008175,0.284455317770986
"LPCHMCBP_00230",33.7620546706671,0.373023939463695,0.318592338097105,1.17085031514474,0.241658949198365,0.285258946665849
"LPCHMCBP_00680",471.791402641518,-0.113569728682904,0.0970110396758648,-1.17068870782506,0.241723925815146,0.285258946665849
"LPCHMCBP_01220",4204.01607429336,-0.0753511108503326,0.0643629043271088,-1.17072266452395,0.24171027200115,0.285258946665849
"LPCHMCBP_01365",2219.63656901723,-0.07726510254808,0.0659635554178521,-1.17133016949492,0.241466089090994,0.285258946665849
"LPCHMCBP_02579",61.7115345328608,0.27934744342538,0.24014869331484,1.16322699728018,0.244737415754276,0.288701644920826
"LPCHMCBP_02281",1.11652441453877,-2.27454847735081,1.96740094218469,-1.15611842435383,0.247632720829103,0.292002277095535
"LPCHMCBP_01946",11.0225693403736,0.630146309912803,0.547324437122958,1.1513213501396,0.249600056879708,0.294206508521604
"LPCHMCBP_00377",1043.98364189256,-0.0865357407465816,0.0757335726317855,-1.14263381139189,0.253190661209585,0.298321623199829
"LPCHMCBP_00866",33.1241809391224,-0.365639087758451,0.320621181171332,-1.14040839854265,0.254116195536042,0.299294624334247
"LPCHMCBP_01921",5.2737554191105,-0.932961439766015,0.819072359412049,-1.1390464212902,0.254683792826162,0.29984545400993
"LPCHMCBP_01793",108.210679576432,-0.215455331124656,0.189674587584397,-1.13592091522955,0.255989664058064,0.301264698760098
"LPCHMCBP_00469",1503.96743223079,-0.104974373157122,0.0927225299488829,-1.13213447923599,0.257577901087806,0.303015006336537
"LPCHMCBP_00936",100.109653243735,-0.230190313196306,0.203711849006099,-1.12997999045904,0.258484656017709,0.303962559839007
"LPCHMCBP_01135",913.079659877393,0.0930468267141823,0.082365719105545,1.12967904274532,0.258611491118168,0.303992591008861
"LPCHMCBP_03178",56.2748849668716,0.298906379461986,0.264808055267651,1.12876618938148,0.258996479076654,0.304325933323821
"LPCHMCBP_00575",23.3239231414914,0.428709034706087,0.380175134770496,1.12766195233912,0.259462711877702,0.304754441622303
"LPCHMCBP_00315",3.88457091025908,-1.08289216785764,0.961403671815666,-1.12636575000024,0.260010737776443,0.305278647913578
"LPCHMCBP_01794",98.3476283041261,-0.218800919944722,0.194577748670819,-1.12449096281242,0.260804802223738,0.306091205112803
"LPCHMCBP_02022",1026.56597624162,-0.0920541340304917,0.0819120335918764,-1.12381697772452,0.261090677484302,0.306306928510708
"LPCHMCBP_02912",20.6507616056459,-0.453829336424518,0.404593540617354,-1.12169199669386,0.261993420597718,0.307245898872119
"LPCHMCBP_00984",1.55421551674851,-1.83357050510841,1.63601556357817,-1.1207537054832,0.262392714872503,0.307593959895462
"LPCHMCBP_01477",4304.06382651528,0.0662794384704357,0.0593121540329035,1.11746807296304,0.263794243266443,0.3091161749483
"LPCHMCBP_00508",12.1946909851956,0.586415785898191,0.526006619684957,1.11484487828198,0.26491690116509,0.310306684731149
"LPCHMCBP_00517",986.216856531321,0.0862215242237647,0.0773556849045408,1.1146113479593,0.265017005320205,0.310306684731149
"LPCHMCBP_00677",5.50815462804486,-0.868585573432176,0.781056022743401,-1.11206564976138,0.266109924604832,0.31146485325238
"LPCHMCBP_03204",73.0741633572432,-0.24428356800758,0.221114183081985,-1.10478470717097,0.269252888576491,0.315020631040175
"LPCHMCBP_00038",0.620183298667379,-2.65884186258437,2.40757574258207,-1.10436478302976,0.269434931052408,0.315110766986858
"LPCHMCBP_00784",111.630655346432,-0.196923002624139,0.178708384959566,-1.10192368796066,0.270494849359634,0.316227130085026
"LPCHMCBP_00341",13.5238993507992,-0.550817373969278,0.500234781248797,-1.10111770435915,0.270845432585715,0.31651368504273
"LPCHMCBP_01912",0.535356905836727,2.63847255520779,2.39735986041737,1.10057426036508,0.271081993174853,0.316666820365019
"LPCHMCBP_03075",291.473086681965,-0.141958828700389,0.129055758056459,-1.09998058853202,0.271340579644179,0.316845556230421
"LPCHMCBP_01915",34.9380136956465,-0.36383032927662,0.330994203884989,-1.09920453290789,0.271678862010823,0.317117178099759
"LPCHMCBP_02601",86.6260912538879,0.224687259037726,0.204638823075199,1.0979698556767,0.272217652402958,0.317622540770325
"LPCHMCBP_01577",881.547241949153,-0.0882003137448968,0.0807156470100355,-1.0927288203975,0.274512881908745,0.320176120718283
"LPCHMCBP_01155",383.961813761447,-0.121410834585401,0.111679353972459,-1.08713768719813,0.2769759644448,0.322923414646016
"LPCHMCBP_02060",81.2392074243144,-0.234095760446884,0.21546992460586,-1.08644285681677,0.277283109418612,0.323155965578739
"LPCHMCBP_00942",434.164328160731,-0.112519438799368,0.104426582735504,-1.07749804553465,0.281257823462315,0.32766099697609
"LPCHMCBP_03166",42.3578277275281,0.314732020464508,0.292363571784557,1.07650901425036,0.281699671631991,0.328048395253242
"LPCHMCBP_01558",19.9835230848572,-0.43113421494596,0.401395539095621,-1.07408820715183,0.282783149516664,0.329182401745349
"LPCHMCBP_03142",56.0417560542552,0.261667694578726,0.243905551803659,1.07282385597096,0.283350155071599,0.329714546479204
"LPCHMCBP_01674",6.64533570669198,-0.762384357131874,0.711330467197271,-1.07177239312659,0.283822275774314,0.330135910697176
"LPCHMCBP_01940",10.0048265355759,-0.618427145158374,0.577958156635247,-1.07002062010636,0.284610027294665,0.330923941073727
"LPCHMCBP_02907",82.5715679112006,0.228457387404103,0.213656738652454,1.06927302571872,0.28494666155369,0.331187037692728
"LPCHMCBP_03120",1.38457063766942,1.77263699911198,1.66035747065538,1.06762370781051,0.285690285010026,0.33192278177123
"LPCHMCBP_01406",19.313373208318,-0.458706036232772,0.430759475939316,-1.06487741269653,0.286931407661135,0.333235740863415
"LPCHMCBP_00861",2.8407496813798,-1.2171277391692,1.15050954821328,-1.0579032056356,0.290099573585992,0.33678484345515
"LPCHMCBP_01012",168.147425876812,-0.155073163747972,0.146699297132413,-1.0570818455115,0.290474235884878,0.337089397482799
"LPCHMCBP_01149",1830.76666777255,-0.0728608699972306,0.0691399511213974,-1.05381720431506,0.291966615213166,0.338690302379092
"LPCHMCBP_00082",1818.21465692359,-0.0692787875208917,0.0663994188166453,-1.04336436606768,0.296779570630331,0.344140452651322
"LPCHMCBP_01008",90.8641093184148,-0.202145519889801,0.194112661751815,-1.04138245318719,0.297698082895037,0.344979449719844
"LPCHMCBP_02880",14.7039194551609,-0.500184940013905,0.480343320762239,-1.04130716176126,0.297733013920158,0.344979449719844
"LPCHMCBP_00917",0.96132767749716,-2.01054806285571,1.94334961482132,-1.03457867154828,0.300865718848581,0.348474728778306
"LPCHMCBP_02468",2300.85751708874,-0.0685543880986244,0.0663492471919791,-1.03323535684233,0.30149377042753,0.349067440221072
"LPCHMCBP_00583",0.893197288787825,2.13063598004618,2.0720096633584,1.02829442242695,0.30381135392814,0.35161506869971
"LPCHMCBP_00570",93.971935602727,0.205253499385906,0.200727032694066,1.02255035921713,0.306520490604485,0.354613721011588
"LPCHMCBP_01926",0.522096429364683,2.6107355120545,2.55821859302728,1.0205287066439,0.307477781879347,0.355584132339083
"LPCHMCBP_00588",19050.0674683083,-0.0694315635792917,0.0680802931596432,-1.01984818744067,0.307800465537046,0.355820183773758
"LPCHMCBP_02321",861.110394124532,-0.0824134965466367,0.0809371927094342,-1.01824011666061,0.3085638590371,0.356565321898474
"LPCHMCBP_02835",20.8587708740864,0.396588150671436,0.390971166861917,1.01436674692562,0.310407785409058,0.358558030797761
"LPCHMCBP_03175",39.2930866543576,0.300091941005968,0.296377425448733,1.01253305831782,0.31128324863595,0.359430946193338
"LPCHMCBP_01963",48.1645729396242,-0.263145254904255,0.262036093104119,-1.00423285886687,0.315266387408633,0.363750260904771
"LPCHMCBP_03125",2.41758624689921,-1.24079811597041,1.23532411008973,-1.00443123050539,0.315170803025245,0.363750260904771
"LPCHMCBP_02984",168.739621447783,-0.152253814714042,0.151841620965263,-1.00271462953411,0.315998569244317,0.36445492171491
"LPCHMCBP_01849",37.7633273503139,-0.297781596057433,0.299482034936458,-0.994322067167114,0.320066095738774,0.36900436162584
"LPCHMCBP_01974",6.497915413816,-0.71588827767923,0.723534117627561,-0.989432647663663,0.322451507774313,0.371469088226762
"LPCHMCBP_02434",1545.6739839329,0.0719268890047856,0.072692653168621,0.989465728234473,0.322435329812648,0.371469088226762
"LPCHMCBP_02742",2.1537078085493,1.30317259087323,1.32162975000161,0.986034546265053,0.324116160735215,0.373243514338595
"LPCHMCBP_02053",14.0908970818098,0.485482328078078,0.495868693472487,0.979054202188738,0.327553198768319,0.377056827581023
"LPCHMCBP_00534",46.4363938197242,-0.265116624425128,0.272121397570361,-0.974258646296193,0.329928132063751,0.379645063007407
"LPCHMCBP_03025",466.89412445319,-0.106067810637775,0.109051457022676,-0.9726400135646,0.330732248372778,0.3804244834675
"LPCHMCBP_02923",2.85625011335347,1.06515049806145,1.09641633384178,0.971483609998061,0.331307510986261,0.380940168762364
"LPCHMCBP_01212",4407.7496696081,-0.0635394026559323,0.0656143262142482,-0.968376973779465,0.332856134958934,0.382427741581838
"LPCHMCBP_02722",3.28283513016151,0.985594992507273,1.01770854053351,0.968445240707715,0.332822054504122,0.382427741581838
"LPCHMCBP_01693",7472.0378275071,0.0570792349017499,0.0592742993477794,0.96296768632978,0.335563739781845,0.385296758467973
"LPCHMCBP_02250",5.69792524049681,-0.753975751876186,0.783045994204224,-0.962875434465914,0.335610038865472,0.385296758467973
"LPCHMCBP_01873",21.1019704558839,0.377417297271119,0.393626313070404,0.958821310311168,0.337648771730407,0.387489087557534
"LPCHMCBP_02001",5.80988258768713,-0.742099627843926,0.77596254382616,-0.956360115250846,0.338890328024639,0.388765242508387
"LPCHMCBP_01962",13.9474366625295,-0.474654552460624,0.496547333201904,-0.955909982236521,0.339117715307893,0.388877441207103
"LPCHMCBP_02398",4.4089744649933,-0.826771296216201,0.86726938496681,-0.953303910581187,0.340436110700916,0.390240171204526
"LPCHMCBP_01954",2.0593247982724,1.20917016953352,1.26874580801283,0.953043676595382,0.340567941553153,0.390242227033605
"LPCHMCBP_00595",13.9535370755311,-0.458058550875252,0.480861876852643,-0.95257822032671,0.340803816656592,0.390363455643677
"LPCHMCBP_02927",28.4110197544722,-0.325062691013569,0.343619665269352,-0.945995598822213,0.344150831046168,0.394046792815548
"LPCHMCBP_01692",1557.68341410791,-0.0734706220375684,0.0779055973751494,-0.943072442969346,0.345643849912253,0.395605336989577
"LPCHMCBP_02933",480.791044616539,0.0907863594745132,0.0963754868331376,0.942006753560672,0.346189182246118,0.396078435349066
"LPCHMCBP_02435",435.546586388851,-0.100619136582069,0.107239042521845,-0.938269628447794,0.348105863736297,0.398119549189264
"LPCHMCBP_03016",57.5376324265782,-0.22772067162569,0.242999634768151,-0.937123513963142,0.348695027394364,0.398641438937328
"LPCHMCBP_01660",3.19705320170127,-1.02108193734108,1.10059549455284,-0.927754058956908,0.353535159696077,0.404020949827847
"LPCHMCBP_01136",1200.7608906378,-0.0781819830580909,0.0845982270834429,-0.924156282624891,0.355404953295903,0.405949031152389
"LPCHMCBP_02740",16.7533516159703,0.439307527053901,0.47544750789102,0.923987442909465,0.355492853671602,0.405949031152389
"LPCHMCBP_02260",22.6665927190502,0.352705807078165,0.38211026120506,0.923047200998575,0.355982607911534,0.406199165909701
"LPCHMCBP_03033",6.84388028319415,-0.659947366401831,0.714796538391439,-0.923266035796648,0.355868583031047,0.406199165909701
"LPCHMCBP_01770",218.818689904138,-0.120958988556877,0.13166719490263,-0.918672176819196,0.358267067035971,0.408650501016704
"LPCHMCBP_02838",3.87048977478258,0.847190525402484,0.929186979697969,0.91175462411006,0.361897901826634,0.41263510766783
"LPCHMCBP_02736",60.7614590554431,0.219942131977519,0.241853555030525,0.909402104714814,0.363137911233858,0.413891709689634
"LPCHMCBP_01668",38.6336671818884,0.263187078982238,0.289660385919911,0.908605704388613,0.363558294391416,0.414213531309278
"LPCHMCBP_02556",2710.01636189799,0.072919213211471,0.080485570419662,0.905991133954335,0.364940545212737,0.415630579196746
"LPCHMCBP_00933",84.3886543472628,-0.190631190189121,0.210914027312841,-0.903833626515341,0.36608362821058,0.416774267169935
"LPCHMCBP_01235",525.119662053774,-0.084505556646646,0.0937227635422077,-0.901654554910657,0.367240401035751,0.417932667238638
"LPCHMCBP_03206",0.46727691339195,-2.24883797331946,2.49634452059515,-0.900852408297923,0.367666798157762,0.418259310565369
"LPCHMCBP_00569",18.6035249946359,0.379791544727719,0.422669519693447,0.89855437175402,0.368890071816885,0.419491892960391
"LPCHMCBP_01685",11934.8849012158,-0.0531600453601204,0.059253604842946,-0.89716137104271,0.369632814555153,0.420177301696976
"LPCHMCBP_03010",16.9516346017297,-0.402408813431025,0.450039280011886,-0.894163757040046,0.371234280617648,0.421837969001727
"LPCHMCBP_02073",7.73194588081767,0.573436359435193,0.641533856763131,0.89385206001204,0.371401050552707,0.421867733803434
"LPCHMCBP_00856",213.358102123231,0.12045913309099,0.134944473685449,0.892657029970534,0.372040868320279,0.422434599254317
"LPCHMCBP_01463",1214.65324545416,0.248767384263838,0.27882076263281,0.892212552303534,0.372279015415091,0.422545130582711
"LPCHMCBP_00596",5.56183687471672,-0.678826957211818,0.76158022557027,-0.891340051146303,0.3727467683011,0.422916087588507
"LPCHMCBP_02753",78.6967507986701,0.19716750168869,0.222517749852646,0.886075388679138,0.37557690420652,0.425966095813971
"LPCHMCBP_01440",34.7878916959928,-0.272920033129172,0.30936614079367,-0.882191025911896,0.377673514076166,0.42818217443996
"LPCHMCBP_00211",388.645334371621,-0.0951274129142834,0.108041815128486,-0.880468481588874,0.378605572301889,0.42907678341313
"LPCHMCBP_01904",364.201746610579,-0.0982321195288718,0.111727640205091,-0.879210545828711,0.379287127483328,0.429686926982812
"LPCHMCBP_00540",11.5664872870691,0.494926736962629,0.564268946727434,0.877111419710467,0.38042612257311,0.430652128948285
"LPCHMCBP_00916",7.40101389382517,0.57721016914406,0.657973075879552,0.877254997664561,0.380348149653793,0.430652128948285
"LPCHMCBP_02991",1.19341081858635,1.49526340828957,1.70753597685512,0.875684863193039,0.381201376455615,0.431367017625679
"LPCHMCBP_01911",1.2101110664397,1.55220411235331,1.77432507712107,0.874813827729829,0.381675212148978,0.431740411480997
"LPCHMCBP_02888",4.59969644479731,0.741744673352653,0.848963758366472,0.873705933902145,0.382278418596215,0.432259809422472
"LPCHMCBP_00229",28.6714630355697,0.292460622599475,0.335839989841772,0.87083322845878,0.383845219191796,0.433704632076272
"LPCHMCBP_03186",1.1963368878471,1.53372590656696,1.76116269152408,0.870859866580359,0.383830672477819,0.433704632076272
"LPCHMCBP_02172",11407.484709044,0.0553687221780686,0.0636212143903696,0.870287100122532,0.384143526783389,0.433878330401562
"LPCHMCBP_02209",28.0493653979335,0.295533379006984,0.339870386713003,0.869547305563109,0.38454784538991,0.434171589170474
"LPCHMCBP_02479",23.5533143021362,0.325337678796558,0.376681980526767,0.863693236245581,0.387756430210679,0.437629577684185
"LPCHMCBP_00694",9460.84297396773,0.058145711411415,0.0673991543121063,0.862706839646069,0.388298670905224,0.438076808791946
"LPCHMCBP_02276",1.81577460396014,-1.21956078244387,1.42068499654027,-0.858431521001356,0.390654228403557,0.440568710800103
"LPCHMCBP_01107",9.03783707074761,0.512227930714524,0.598001090625584,0.856566883813989,0.391684294183794,0.441564450355209
"LPCHMCBP_02582",17.9003663091366,0.370765119321142,0.435482724927245,0.851388810849121,0.394553405212212,0.44463190726318
"LPCHMCBP_02051",241.148208181896,0.112310596704832,0.13198907835102,0.850908257773771,0.394820317317859,0.444765680281867
"LPCHMCBP_01910",0.468422089275041,-2.25171165938297,2.65164796518272,-0.849174433766818,0.395784237145324,0.445684238526498
"LPCHMCBP_00911",0.46613173750886,-2.2461130664292,2.65582963386929,-0.845729348669413,0.397703746789754,0.447677773486891
"LPCHMCBP_01708",1610.46114603958,0.0572919181044328,0.0680211413606099,0.842266344822165,0.399638884897283,0.449687399166384
"LPCHMCBP_02249",2.32102408991189,1.01961199867664,1.21220023461965,0.841125062969952,0.400277875753022,0.450237595627744
"LPCHMCBP_01002",79.6770289073536,0.173693006793729,0.207932903440215,0.835331993734555,0.403530808399621,0.45366883663761
"LPCHMCBP_03163",12.9053080643701,0.43350148561911,0.519067409270358,0.835154505709526,0.403630721033795,0.45366883663761
"LPCHMCBP_02828",5.53129952213489,0.64864026747093,0.779509022713591,0.832113867281373,0.405344675157223,0.455424698669722
"LPCHMCBP_00928",2227.36850284561,0.0548797326573571,0.0662844087279922,0.82794330839646,0.407702606642956,0.457656232229174
"LPCHMCBP_00935",26.5789394176868,-0.2894802981638,0.349669060305246,-0.82786935141215,0.407744493739989,0.457656232229174
"LPCHMCBP_00948",0.454138452293921,-2.21707998204575,2.67830575082257,-0.827791965635302,0.407788325551753,0.457656232229174
"LPCHMCBP_00342",11.3039775526024,-0.439563477053121,0.533317814609928,-0.824205501881876,0.409822801391532,0.459767561486351
"LPCHMCBP_00964",12.1436819100154,0.429121782030931,0.522515490221624,0.821261359828625,0.411497412280208,0.461473742246975
"LPCHMCBP_02580",15.9192115002151,0.395968043804604,0.485265610115389,0.815982083936358,0.414510382720041,0.464678990863968
"LPCHMCBP_02510",688.455771234704,-0.0939733169474443,0.115596258116512,-0.812944281057318,0.416250004804938,0.466454915765354
"LPCHMCBP_02974",135.987724007415,-0.135305483668754,0.166525242657099,-0.812522363035188,0.416491959852073,0.466551837072069
"LPCHMCBP_03144",129.635294460931,0.13777529470704,0.170111689904895,0.809910799099498,0.417991444724051,0.468056837916745
"LPCHMCBP_01982",3.09103959358386,0.83918780348299,1.04676360982733,0.801697532856936,0.422727943302352,0.473184094684953
"LPCHMCBP_00918",20.9045331225773,-0.3223810649204,0.404779266239433,-0.796436704664875,0.425778251291792,0.476353721549688
"LPCHMCBP_02261",46.8978520025862,-0.215786598816873,0.270997903589765,-0.796266672023888,0.42587705262173,0.476353721549688
"LPCHMCBP_00926",103.976142640839,-0.151091794502454,0.189849583540471,-0.795850018128931,0.426119215388343,0.476375541166626
"LPCHMCBP_01947",11.8213577727505,-0.437534911114531,0.549883259957551,-0.795686908432723,0.426214037998131,0.476375541166626
"LPCHMCBP_00938",161.052212559316,-0.126770658765896,0.16025294672575,-0.79106600755895,0.42890547404081,0.479205259715737
"LPCHMCBP_00452",4571.34134391832,-0.0499297487962443,0.0632952804700551,-0.788838416157521,0.430206453269587,0.480479927898039
"LPCHMCBP_00821",976.480762499004,0.0606496388062236,0.0769660889794272,0.788004686355249,0.430693964699885,0.48084545686918
"LPCHMCBP_01497",65.5549581745855,0.186376310361939,0.236767558971726,0.787169961845133,0.431182378736684,0.481211721304868
"LPCHMCBP_02968",7.61857227092123,0.531804311758195,0.677645436236291,0.784782547510226,0.43258107439845,0.482593235788011
"LPCHMCBP_01441",78.5178812914082,0.17382467390858,0.22257579408025,0.780968454484798,0.434821048457641,0.48491191617294
"LPCHMCBP_00363",98.561223359446,-0.149731666911876,0.1924197984323,-0.778151043353039,0.436479974186281,0.486581130212864
"LPCHMCBP_01273",2.93918574774669,-0.821955153887699,1.05858054694573,-0.776469165486974,0.437472020037356,0.487505953261086
"LPCHMCBP_02852",0.715297946176797,1.72775622608486,2.23682101285355,0.772415949312249,0.439868110461619,0.489994134927735
"LPCHMCBP_02780",2.10016763414792,-0.989641668235324,1.28639371503124,-0.76931475696093,0.441706478891611,0.491859422320492
"LPCHMCBP_00365",14.7088818787645,-0.360802190598899,0.469741967031984,-0.76808591933693,0.442436141682474,0.492489191835721
"LPCHMCBP_01045",2926.76884751073,0.0476483021894293,0.0622288894640852,0.765694239440493,0.443858255483215,0.493888996924407
"LPCHMCBP_01892",69.6240317124914,-0.179466917806303,0.236434905813787,-0.759054240272158,0.447820110980541,0.498112732784509
"LPCHMCBP_03187",43.5598270317655,-0.211174776009723,0.284177907129483,-0.743107647398864,0.457416510041847,0.508598349994659
"LPCHMCBP_00314",12.1753677217734,-0.402711228242717,0.54411307532712,-0.740124151584865,0.459224665269331,0.510419711286393
"LPCHMCBP_02583",23.347474710084,-0.277744207062213,0.376064290640427,-0.738555119363292,0.460177185495363,0.511289053562231
"LPCHMCBP_01099",25.6521195206426,0.275158548641761,0.378237859061604,0.727474899853815,0.466935086035104,0.518605548923519
"LPCHMCBP_01722",0.672712462873929,1.65108723552281,2.27334174899502,0.726282019081691,0.467665900011809,0.519225070638342
"LPCHMCBP_00741",147.564433824642,0.112719212511117,0.156137626396828,0.721922160034878,0.470342336070547,0.521810480793978
"LPCHMCBP_01949",34.6692648983303,-0.222354187775773,0.307936838252171,-0.722077257913799,0.470246979498848,0.521810480793978
"LPCHMCBP_02039",0.370718039697744,2.09527611111616,2.91552012250266,0.718662887950706,0.472348654986022,0.523842687957522
"LPCHMCBP_02884",93.4296190657887,-0.13664929526513,0.190915771361016,-0.715756976445543,0.474141422539857,0.525636649073554
"LPCHMCBP_00083",581.914022658244,0.0657884831832993,0.0922869859054642,0.712868478018026,0.475927146535498,0.527292551907863
"LPCHMCBP_02056",81.3350158425773,0.150538713212711,0.211201613363083,0.712772553275505,0.475986512202066,0.527292551907863
"LPCHMCBP_02280",1.61938159024678,-1.02331671476932,1.43736919954331,-0.711937277558509,0.476503617094485,0.52767061066441
"LPCHMCBP_02075",1.60955664142401,-1.04332894769323,1.47709992230574,-0.706336065649914,0.479979169995501,0.531323308431022
"LPCHMCBP_02059",356.201445891105,-0.0990530730921904,0.140847084088265,-0.703266764330857,0.481889518875107,0.533241314949925
"LPCHMCBP_01109",9.0971603277571,0.440214020545117,0.627299509721295,0.701760504708032,0.48282853315059,0.533886672065188
"LPCHMCBP_02938",630.354587699473,0.0608720666359575,0.0867385494488298,0.701787925008685,0.482811430238241,0.533886672065188
"LPCHMCBP_01114",2045.09532348775,-0.0470130122024326,0.0671830721986538,-0.699774670372616,0.484068035668393,0.534863098321372
"LPCHMCBP_01918",2.55439872288668,0.788727830727736,1.12700828356323,0.699842088324355,0.484025926980102,0.534863098321372
"LPCHMCBP_01984",2.55668907465286,0.78690755269697,1.12684859507983,0.698325894119986,0.484973409081217,0.535666249780174
"LPCHMCBP_01891",0.357457563225699,2.05478116781795,2.95239425629656,0.695971130358258,0.486446909656319,0.53692534694444
"LPCHMCBP_02734",116.533506222199,-0.124848236496686,0.179397081284081,-0.695932373052293,0.486471182386515,0.53692534694444
"LPCHMCBP_00749",2376.40319077217,0.0433318280528318,0.0632671764710003,0.684902195259081,0.4934056406436,0.544178731191269
"LPCHMCBP_01586",1.47129665595865,1.1618449278668,1.69581658031213,0.685124170476593,0.493265569164302,0.544178731191269
"LPCHMCBP_00867",21.4675919817443,0.265459635289289,0.390121941445247,0.680452974026188,0.496217688357255,0.547079089919222
"LPCHMCBP_02735",40.9916863905322,-0.196193189967706,0.288648148785423,-0.679696685370234,0.496696535232737,0.547405913416615
"LPCHMCBP_00907",205.699016964908,0.0999912420358326,0.147953462523307,0.675829009544681,0.499149214085338,0.549907045326762
"LPCHMCBP_00939",9.77948805146401,-0.391625172775316,0.57995841945446,-0.675264225224455,0.49950790854835,0.550100269193981
"LPCHMCBP_00265",321.499656371949,-0.0813516965997517,0.120903294021011,-0.672865840905989,0.501032645633767,0.551577024778773
"LPCHMCBP_03032",0.342538208750011,2.0095832765796,2.99633498940533,0.670680442502338,0.502424124492747,0.552906049725975
"LPCHMCBP_00442",1103.99263548139,-0.0661520507309147,0.099235125898383,-0.666619305735094,0.505015334281794,0.555553892294598
"LPCHMCBP_01485",2.62555148015179,0.78888227537419,1.19105232668204,0.662340568673256,0.507752982712443,0.558360828552598
"LPCHMCBP_01939",33.3789713363473,0.211061270091399,0.319231434731496,0.661154407519176,0.508513296476911,0.558992088911066
"LPCHMCBP_03169",16.3714192194939,0.297866932398525,0.451327327901891,0.659979828350378,0.509266774133292,0.559615375017946
"LPCHMCBP_02732",124.538421941122,0.115280719405143,0.174969427144275,0.658862072572745,0.509984342915732,0.560198760281886
"LPCHMCBP_02719",4.13795139678026,-0.602921209377079,0.917478802407018,-0.657150015668272,0.511084461652852,0.561053085515619
"LPCHMCBP_03109",1.78477066222922,0.941895398761374,1.43347832698526,0.657069856606947,0.511135999933256,0.561053085515619
"LPCHMCBP_00888",10.2021195947702,-0.368051604277658,0.562421028189587,-0.654405838029213,0.512850374179213,0.562729057737411
"LPCHMCBP_02879",1.0989318885715,-1.16840959557136,1.80047992254492,-0.648943418330292,0.516374949249172,0.566389335780981
"LPCHMCBP_03162",49.2618391159009,-0.170612771717276,0.263789130827269,-0.646777110119045,0.517776208793242,0.567718817167892
"LPCHMCBP_02467",1411.25689920633,-0.0706142796468617,0.109258123654119,-0.646306904101767,0.518080617519245,0.567845118033328
"LPCHMCBP_00316",31.2737070947046,-0.222067028704893,0.34411952264818,-0.645319472129831,0.518720176529211,0.568238737307017
"LPCHMCBP_02501",1.15351065708931,-1.10905837827682,1.71902310027674,-0.645167815428585,0.518818440593544,0.568238737307017
"LPCHMCBP_01110",3.57274363167791,-0.611641980663039,0.951262654201145,-0.64297907414087,0.520237678232597,0.569585287258673
"LPCHMCBP_02757",19.4155413557342,0.262454118395328,0.40906943552823,0.641588189194391,0.521140603639318,0.5703657737132
"LPCHMCBP_00546",35.306878666633,-0.206228737844773,0.322228005432549,-0.640008734088579,0.522166921156377,0.571280689168898
"LPCHMCBP_02893",3.58422745850433,-0.603116872157578,0.950846107577267,-0.634294937268351,0.525888359903022,0.575142481074697
"LPCHMCBP_03201",378.984268643213,0.0706867885041567,0.111528062787266,0.633802710614532,0.526209583991542,0.575284139001318
"LPCHMCBP_01113",2183.66644581954,-0.0438828532004956,0.0693230161675695,-0.633019964024946,0.526720606007928,0.575633116762488
"LPCHMCBP_02208",82.6174740152297,0.124844110332793,0.201104024543145,0.620793694290334,0.534735372680633,0.584179415149101
"LPCHMCBP_00751",6350.08868746309,-0.0373498710228342,0.0602221513550028,-0.620201540171836,0.535125107644462,0.584392448340987
"LPCHMCBP_00358",478.381081862716,-0.0589284816443074,0.0960414918420278,-0.613573160038319,0.539497424154978,0.588952990137901
"LPCHMCBP_02523",1577.90168629879,-0.0418920721410527,0.0684494219048022,-0.612014988224665,0.540527841093735,0.5898632913172
"LPCHMCBP_02539",731.594049352841,-0.0510035488266571,0.0837026498451699,-0.609342104712355,0.542297704149477,0.591579574755573
"LPCHMCBP_02881",4.14673350775458,0.5277738513602,0.873665937289539,0.604091139226014,0.545783050259758,0.595165310257825
"LPCHMCBP_00600",13.7702661288695,-0.296063791872193,0.491458169174828,-0.602419107956416,0.546895193963642,0.596161451901522
"LPCHMCBP_02733",144.926770516826,0.0944868192034989,0.157196824455318,0.601073332943543,0.54779114403379,0.596921286581482
"LPCHMCBP_02869",0.329277732277967,1.96251918103803,3.27782288552047,0.598726425917429,0.549355332081392,0.598191346725783
"LPCHMCBP_03106",0.329277732277967,1.96251918103803,3.27782288552047,0.598726425917429,0.549355332081392,0.598191346725783
"LPCHMCBP_01473",27.9031904925878,-0.209898879667439,0.352177833812267,-0.596002529163514,0.551173537124163,0.599953494707876
"LPCHMCBP_01068",1482.69939331146,0.0401478089858071,0.0680452900371549,0.590015987350265,0.555179931215814,0.604095349375873
"LPCHMCBP_00340",6.57858191928794,0.409701815847867,0.69620951776064,0.588474884924978,0.556213586677798,0.604781512181186
"LPCHMCBP_01786",0.660095610478666,-1.28683037236886,2.18644528261853,-0.588549085860372,0.556163796774164,0.604781512181186
"LPCHMCBP_01184",1.70301241092979,0.795451784564725,1.37172197031785,0.579892865884775,0.561986866991576,0.61083759067067
"LPCHMCBP_00779",1.921620044171,-0.776863717219381,1.36280997776048,-0.570045516173876,0.56864682721071,0.617852689521847
"LPCHMCBP_01626",17.1028767656154,-0.255431410157281,0.449713036074596,-0.567987560215868,0.570043414841112,0.619145960165826
"LPCHMCBP_00874",3.14411974542236,-0.581967844188748,1.02532268793151,-0.56759481774739,0.570310126814943,0.619211537833446
"LPCHMCBP_02970",118.166006596205,-0.0985374416970681,0.174831848427382,-0.56361265171887,0.573017774662717,0.621926344218016
"LPCHMCBP_03076",68.8290567638581,-0.125363885866109,0.223108469919651,-0.56189657842778,0.57418648503584,0.62296950166036
"LPCHMCBP_01944",12.4168557819031,0.283726641184456,0.509431845256921,0.556947202704543,0.577563502700918,0.626406964801394
"LPCHMCBP_00659",1.98014804245863,-0.746301217591421,1.34142596558106,-0.556349166290479,0.577972182385367,0.62662374253558
"LPCHMCBP_01876",0.630770603647843,-1.28440295070623,2.31410295387259,-0.555032760559256,0.578872252571431,0.627372925231804
"LPCHMCBP_02238",308.852376899287,0.0621896611565177,0.112396083735284,0.553308078802701,0.580052469995233,0.628425076698807
"LPCHMCBP_03124",22.7373251151533,-0.217641304838458,0.395757947371326,-0.549935399362309,0.582363683147278,0.63070133999458
"LPCHMCBP_01064",0.316660879882704,-1.68219557286557,3.07818653795479,-0.546489159160333,0.584729737623524,0.632113439656136
"LPCHMCBP_01637",165.043104881473,-0.0828842170257689,0.151384394807315,-0.547508328921654,0.584029549939332,0.632113439656136
"LPCHMCBP_01965",0.316660879882704,-1.68219557286557,3.07818653795479,-0.546489159160333,0.584729737623524,0.632113439656136
"LPCHMCBP_02071",0.316660879882704,-1.68219557286557,3.07818653795479,-0.546489159160333,0.584729737623524,0.632113439656136
"LPCHMCBP_02092",4770.82706700324,-0.0349496682476312,0.0639874368082204,-0.546195784531585,0.584931363520523,0.632113439656136
"LPCHMCBP_02605",19.4243655768337,0.236414595723136,0.431949108749249,0.547320485062924,0.584158572652368,0.632113439656136
"LPCHMCBP_02795",1034.32843738111,-0.044448512847442,0.0818545768530103,-0.543018051724342,0.587117373582334,0.634247385932536
"LPCHMCBP_01451",31.3719075101201,0.175677658849527,0.324294664580337,0.541722322434345,0.588009809635507,0.63498288546821
"LPCHMCBP_01754",140.660019011065,0.0854559504421574,0.158234593159324,0.540058584762896,0.589156630908776,0.635992463797567
"LPCHMCBP_01664",4.60038718184554,-0.449836137850976,0.834973774552926,-0.538742834278639,0.590064313297971,0.636514379657516
"LPCHMCBP_02269",54.6685337832857,-0.140491889654394,0.260746431876354,-0.538806566377159,0.590020332290363,0.636514379657516
"LPCHMCBP_02054",88.8219924547245,-0.120274221558636,0.227406583794499,-0.528895072217103,0.596878240585425,0.643633345309687
"LPCHMCBP_00035",0.329799340980733,-1.730472382179,3.27465011079099,-0.528444970800561,0.597190531625238,0.643738787861832
"LPCHMCBP_00924",25.3566257484392,0.188890823006075,0.358124864043353,0.52744403410987,0.597885271468789,0.644256265593478
"LPCHMCBP_02988",85.8066773131366,0.112794318820271,0.214152419368455,0.526701118544007,0.598401158742164,0.644580716936553
"LPCHMCBP_00985",2.38912413925313,0.607963390229014,1.15575423265957,0.526031722877621,0.598866166060728,0.644850148671778
"LPCHMCBP_03173",2.04734828666081,0.663499935270781,1.26555482055549,0.524275933759671,0.600086633190053,0.645932563200627
"LPCHMCBP_01651",8.51784056650424,-0.345388566435966,0.659830903515246,-0.523450121229409,0.600661052811912,0.646319046069755
"LPCHMCBP_00904",15.8080545147909,-0.233315316424565,0.447326024450423,-0.521577783700853,0.601964334933196,0.647489236248932
"LPCHMCBP_01919",0.302377242901584,-1.63095844397832,3.1290842825099,-0.521225475802809,0.602209709114836,0.647521080993773
"LPCHMCBP_02186",14551.6774887425,-0.0381240662691375,0.0738637328213026,-0.516140530852543,0.605756261719552,0.651101196783803
"LPCHMCBP_02739",1.30665778981966,0.906387498110973,1.75721356602431,0.515809526875933,0.605987448028579,0.651116481036078
"LPCHMCBP_01481",98.4767669224386,0.096554381605455,0.187789816621008,0.514161967580587,0.607138755677243,0.652120045020546
"LPCHMCBP_03024",332.35591181901,0.058181372216498,0.115765426832714,0.502579861780084,0.615259690818543,0.660606201125742
"LPCHMCBP_02909",16.1490054646467,0.223188049305764,0.445788436094445,0.500659127143621,0.616611042327917,0.661820364100887
"LPCHMCBP_01072",255.727968401957,0.061550593691092,0.123612398878641,0.497932199758705,0.618531830888392,0.663644627992872
"LPCHMCBP_02278",2.62316058535855,-0.540033437359454,1.09185046879638,-0.494603842552513,0.6208797892678,0.665925749675721
"LPCHMCBP_03167",8.36234157132233,0.302772402113235,0.615373516928004,0.492014026903042,0.622709427534283,0.667649514837579
"LPCHMCBP_03042",14.8051094949463,0.223989178770796,0.460614686814295,0.48628318892728,0.626766396723208,0.671759270202267
"LPCHMCBP_00339",44.9851204108143,-0.129500616538546,0.269734707821563,-0.480103645483451,0.631153696184196,0.675978673179434
"LPCHMCBP_01968",217.827290081669,-0.0762883088082146,0.158893002075746,-0.480123780226941,0.631139379853199,0.675978673179434
"LPCHMCBP_01681",116.110914482003,0.0834856495951282,0.174619041097627,0.478101638116616,0.632577866213726,0.677262282021902
"LPCHMCBP_00364",19.6769649372615,0.197778943565148,0.414019947634851,0.477703899763741,0.6328609682821,0.677323739591505
"LPCHMCBP_02854",181.89540295037,-0.0744492160084551,0.156257691669384,-0.476451528325258,0.633752732000695,0.678036345359746
"LPCHMCBP_03188",36.834293304885,0.146380648317604,0.309528829580955,0.472914424532849,0.636274233441683,0.680491437832677
"LPCHMCBP_02955",4.69306844487938,0.393375032931066,0.834572663231311,0.471349051151509,0.637391492880369,0.681443487757032
"LPCHMCBP_00660",4600.42828018669,0.0303532268973268,0.0648185073552444,0.46828025105504,0.639584189403506,0.683544213817636
"LPCHMCBP_00262",173.408324713731,-0.0674610504884365,0.144588558193993,-0.466572537488926,0.640805739001822,0.68460591767336
"LPCHMCBP_02111",3770.99663394327,-0.0351366728971002,0.0768931571978789,-0.456954483045592,0.647703761999481,0.691729177850691
"LPCHMCBP_01932",48.6630830117867,-0.119365234786101,0.263118773227874,-0.453655333375718,0.650076920497806,0.694016662544972
"LPCHMCBP_01710",510.018633729897,-0.0446570322201014,0.0994083966945504,-0.449227969718875,0.653267212694411,0.697174575140799
"LPCHMCBP_01787",455.357092179706,-0.0474384959112949,0.105951975388078,-0.447735832555631,0.654343857986097,0.697827262905572
"LPCHMCBP_01800",592.06541166458,-0.0409835788345899,0.0914831457055852,-0.447990485225387,0.654160063450753,0.697827262905572
"LPCHMCBP_01650",0.962599492043374,-0.881636305852321,1.9747594780394,-0.446452499991359,0.655270416810811,0.698567147726197
"LPCHMCBP_01988",3.8498577908598,-0.418256333625294,0.944670182317539,-0.442753821867432,0.657943807791108,0.701168099141021
"LPCHMCBP_02738",35.0084859319549,-0.133368663100585,0.303426506376838,-0.439541899925344,0.660268928783432,0.703396185757572
"LPCHMCBP_02105",0.509218772618037,1.09206381056384,2.51581415623418,0.434079682657684,0.664230578794729,0.707345762972675
"LPCHMCBP_02908",19.8339147782497,-0.180010287384945,0.414980008649578,-0.433780624687758,0.664447752689094,0.707345762972675
"LPCHMCBP_00359",521.097028918337,0.0412235437753346,0.0953458932797035,0.432357832700803,0.665481360312493,0.70794383633385
"LPCHMCBP_00913",12.093472337289,0.224152056428299,0.51820160827888,0.432557623996542,0.665336180638982,0.70794383633385
"LPCHMCBP_03183",22.4951896288814,-0.166686321263507,0.3881297697536,-0.429460284299569,0.667588290613853,0.709933543632946
"LPCHMCBP_01460",3.74847888162881,-0.413098745736201,0.970725058144201,-0.425556899217116,0.670430752326783,0.712703750525213
"LPCHMCBP_02354",891.123433436611,0.0332662064095685,0.078511500767097,0.423711253568469,0.671776407003258,0.713881373022939
"LPCHMCBP_01948",48.7861391941329,-0.112955862226469,0.271066968948292,-0.416708323646825,0.676891765341436,0.719062721341469
"LPCHMCBP_02889",0.494299418142349,1.05330774832013,2.53843555005596,0.414943664138688,0.678183144380594,0.720179623597368
"LPCHMCBP_00921",758.858253033907,-0.0371823939050802,0.0897363828192338,-0.414351378303056,0.678616791754206,0.720385211197161
"LPCHMCBP_00968",129.191314976873,0.0715918855001463,0.174046972964357,0.41133657357435,0.680825755076282,0.722474572483707
"LPCHMCBP_00914",0.507559894614393,1.08970403646552,2.66299652904776,0.409202199319117,0.6823912805281,0.723879898502944
"LPCHMCBP_02966",53.1290262069293,0.0995457698500172,0.250066975063534,0.398076434622069,0.69057384448328,0.73230109798386
"LPCHMCBP_01561",84.8923301400851,-0.0801743202403791,0.20331652444988,-0.394332533754004,0.693335546711784,0.73496996668388
"LPCHMCBP_03121",1.22248717138003,0.66573655130719,1.71772215958094,0.387569402649847,0.698334715553486,0.740007938338987
"LPCHMCBP_01222",1675.44778142659,-0.0284340240552342,0.0738361031494905,-0.385096488606203,0.7001659294679,0.741686535239382
"LPCHMCBP_00514",3.65538483905854,-0.35915281004632,0.953059426707671,-0.376841989053093,0.706291034423888,0.747740774476857
"LPCHMCBP_03212",0.494177402768333,1.01241872421578,2.68743638818278,0.376722860741038,0.706379572023288,0.747740774476857
"LPCHMCBP_01831",13.1379846827736,-0.198587140533386,0.52866376069962,-0.375639783348457,0.707184710366528,0.748329095842718
"LPCHMCBP_02749",6.48129102880414,0.260826835809535,0.699782925324328,0.372725350062878,0.70935286722814,0.750358813729872
"LPCHMCBP_00870",309.01543140224,-0.0427913304513459,0.115032445921004,-0.371993571976484,0.709897635301906,0.750670473411212
"LPCHMCBP_02258",28.5721894703007,-0.123171607361253,0.335864636849287,-0.366729907967429,0.713820495251901,0.754552767259935
"LPCHMCBP_01837",5.89146380405888,0.267812228157987,0.737088732957408,0.36333784005007,0.716352529696154,0.756731152715697
"LPCHMCBP_03009",173.835996685539,0.0563985901273054,0.155242473109213,0.363293556188255,0.716385606419625,0.756731152715697
"LPCHMCBP_01158",317.717607921506,-0.0425582161650698,0.117767310487113,-0.361375461399595,0.717818789300753,0.757978250067403
"LPCHMCBP_01237",402.31150397633,-0.0463973330815714,0.128902559976488,-0.359941129873871,0.718891158359503,0.758563465181209
"LPCHMCBP_02255",35.7269418915869,-0.115387720090982,0.320752226273893,-0.359740979607266,0.719040843536884,0.758563465181209
"LPCHMCBP_02279",2.47242253647529,-0.408232611242155,1.13517765124315,-0.359620021408186,0.719131309043832,0.758563465181209
"LPCHMCBP_01345",112.39675509889,-0.0642625772293924,0.179741054428111,-0.357528653839597,0.720696079127447,0.759946919698338
"LPCHMCBP_02597",16.916284463857,-0.162216663315611,0.45448367934456,-0.356925167366965,0.721147828132352,0.76015617570256
"LPCHMCBP_01247",856.709040858114,0.036513873177567,0.102597649694062,0.35589385611121,0.721920057082838,0.760702981497752
"LPCHMCBP_02107",1474.76849470037,-0.0246958859603797,0.0699791998548252,-0.352903234269788,0.724160986048219,0.762796461611339
"LPCHMCBP_00531",6.86642725072834,0.243290501358149,0.693850344356699,0.350638294463506,0.725859723513582,0.763792788891349
"LPCHMCBP_01274",8352.11289244866,0.0280152258622699,0.0798783687062182,0.350723560283337,0.72579574842546,0.763792788891349
"LPCHMCBP_02751",3.1874596783007,0.34696124063127,0.98955336816252,0.350624081322198,0.725870387843428,0.763792788891349
"LPCHMCBP_02020",979.981159837693,0.0312438623801161,0.0893562042484565,0.349655210210608,0.726597471337633,0.764289874337271
"LPCHMCBP_01547",12.2452532240207,-0.185354346956202,0.531230114683945,-0.348915360467617,0.727152853044585,0.764606065867834
"LPCHMCBP_01960",9.33271616753533,-0.206593486388376,0.599326063302198,-0.344709664802622,0.730312651535476,0.767659638268989
"LPCHMCBP_03210",1.19647567682447,0.586695978759205,1.70722498257556,0.343654752447508,0.731105943139663,0.768224417143603
"LPCHMCBP_02718",21.6816013670418,0.137556896216221,0.403514075590003,0.340897392526122,0.733180827836808,0.770134989267854
"LPCHMCBP_00545",17.0963574224856,-0.147372607576498,0.434980061676372,-0.33880313274254,0.734758041129298,0.771521652004557
"LPCHMCBP_00393",84.8064176515351,0.067422422660985,0.20086350646539,0.335662877978297,0.737125102280241,0.773736422505423
"LPCHMCBP_01838",17.4985855790097,-0.144351487343107,0.432233695424497,-0.333966298488922,0.738404989923899,0.774808872294273
"LPCHMCBP_01861",1.34849769056819,-0.545349861995218,1.63538311552676,-0.333469177232859,0.738780152266632,0.774931575306594
"LPCHMCBP_02737",12.6261386026773,0.168222550310346,0.513728802360241,0.327453998174671,0.743324530843472,0.779425896946631
"LPCHMCBP_01878",1.79892766054721,0.433687094821732,1.32861043527582,0.326421562940456,0.744105425335458,0.779972190510552
"LPCHMCBP_01941",27.8163890182914,0.111814604503206,0.344519650069303,0.324552182961737,0.745520022043726,0.781182118070259
"LPCHMCBP_00504",69.2252507440868,-0.0710526029069803,0.219667466743489,-0.323455284300019,0.746350466852263,0.78177931972902
"LPCHMCBP_00267",649.757553642794,-0.0296168302781765,0.0924514202832624,-0.320350192430071,0.74870287819052,0.783696315817841
"LPCHMCBP_02581",23.0907947476473,0.121583787770532,0.379208348875523,0.32062529248385,0.748494368125946,0.783696315817841
"LPCHMCBP_03203",283.775005121357,-0.0414191727575011,0.129814063051531,-0.319065375382784,0.749676938931012,0.784442292096223
"LPCHMCBP_00695",6814.59263129275,-0.0200053795218532,0.0631091806296995,-0.316996343832082,0.751246376503498,0.785810517911117
"LPCHMCBP_03174",60.9784769742615,0.0733329976726528,0.238001894272415,0.308119386599152,0.757991490022061,0.792589707859305
"LPCHMCBP_02236",415.030909275198,-0.0340858823814191,0.111281339016145,-0.306303668546564,0.75937344627832,0.793758172163441
"LPCHMCBP_03190",7.64719032070511,-0.202949505683677,0.664372720975565,-0.305475374403792,0.760004122592382,0.794140798015229
"LPCHMCBP_02011",8.26619585672162,0.186119343502197,0.625720812386425,0.297447902991048,0.766124576320536,0.800257519505022
"LPCHMCBP_00750",37496.9749509664,0.0151620087750465,0.0511901540087063,0.296189942551603,0.767085029120945,0.800981966733457
"LPCHMCBP_01953",7.22390590674393,-0.19437956909299,0.665804686372628,-0.291946832263962,0.770327275487416,0.804087705647908
"LPCHMCBP_00232",11706.8957691884,0.0177958495130296,0.061322149611347,0.290202636825646,0.771661219081433,0.805200041190327
"LPCHMCBP_01450",46.2824059710929,-0.0780511195400664,0.272059163159942,-0.286890243407022,0.774196361254414,0.807564574252519
"LPCHMCBP_00145",0.192818697086716,1.15620506404398,4.04302319534493,0.285975372432989,0.77489698414423,0.807733883090252
"LPCHMCBP_03058",0.192818697086716,1.15620506404398,4.04302319534493,0.285975372432989,0.77489698414423,0.807733883090252
"LPCHMCBP_02525",1566.22840369594,-0.0247025236200839,0.0866684313383658,-0.285023315163532,0.775626279546006,0.808213355874154
"LPCHMCBP_00394",0.177899342611028,1.15620432566019,4.0804728567969,0.283350573876331,0.776908112694267,0.808500970895046
"LPCHMCBP_02283",16.0467596775844,-0.12719440339061,0.449111817427003,-0.283213218746541,0.777013395918287,0.808500970895046
"LPCHMCBP_02986",0.177899342611028,1.15620432566019,4.0804728567969,0.283350573876331,0.776908112694267,0.808500970895046
"LPCHMCBP_03062",0.494560222493732,-0.717434742182278,2.53595275112431,-0.282905405814128,0.777249350560549,0.808500970895046
"LPCHMCBP_03158",0.177899342611028,1.15620432566019,4.0804728567969,0.283350573876331,0.776908112694267,0.808500970895046
"LPCHMCBP_02752",7.6262229109924,0.195774304118462,0.70220377650143,0.278799845101749,0.780398433335684,0.811495391004985
"LPCHMCBP_03022",18.1694742792666,0.11389230834454,0.419549372576609,0.271463421921203,0.786034628859383,0.817073058956359
"LPCHMCBP_00085",570.923809714036,0.0323402261753615,0.1216345399142,0.26588028530526,0.790331408820214,0.820466450245815
"LPCHMCBP_00142",0.4951959399883,-0.67422911764239,2.53659648232551,-0.265800698826274,0.790392704985222,0.820466450245815
"LPCHMCBP_00544",0.4951959399883,-0.67422911764239,2.53659648232551,-0.265800698826274,0.790392704985222,0.820466450245815
"LPCHMCBP_01194",1386.83135837833,0.0211830765956481,0.0793861679300576,0.266835862568795,0.789595540696799,0.820466450245815
"LPCHMCBP_02045",68.2267934117727,-0.0583303134796412,0.220737013074698,-0.26425252687415,0.791585338441959,0.821420332179916
"LPCHMCBP_03199",203.636603375618,-0.0347501380683583,0.136178822059734,-0.255180192799109,0.798583928626701,0.828396256415047
"LPCHMCBP_01442",0.479131409629521,-0.668550436179933,2.71206467712607,-0.246509768671294,0.805287643413487,0.835061581853447
"LPCHMCBP_03017",15.5409760920757,0.114914409837368,0.475383310593307,0.24173000455979,0.808989378636363,0.838610405971581
"LPCHMCBP_01993",117.822286127641,0.0436661014638562,0.181766818274936,0.240231423305259,0.810150854551703,0.839524417993667
"LPCHMCBP_02267",9.17534356707642,0.138198276862847,0.584056648799084,0.23661793277588,0.812953206879404,0.842137581582703
"LPCHMCBP_01804",182.989545514821,-0.0341698735976692,0.145087943065833,-0.23551146205281,0.813811783588316,0.842736080934623
"LPCHMCBP_01887",56.3528736203429,0.0571017488614585,0.24387102829545,0.234147324758395,0.814870607063025,0.843541459743408
"LPCHMCBP_01078",682.349060118084,0.01912127822962,0.084312451458603,0.226790680365978,0.820586510893955,0.849165558342331
"LPCHMCBP_02055",13.1671751443591,-0.11298388334751,0.499603296006599,-0.226147193684681,0.821086939964142,0.849390522865354
"LPCHMCBP_00930",200.295269851166,0.0351830428519242,0.15649578244518,0.224817834079642,0.822120991609235,0.850167159138289
"LPCHMCBP_00254",1226.21189535907,-0.0170599548337158,0.0764710937730128,-0.223090242233941,0.823465272566328,0.851263962442835
"LPCHMCBP_02256",5.25880385742411,0.171977388981885,0.7829543674438,0.219651867507119,0.826142293283698,0.853737266578643
"LPCHMCBP_02067",12.2966097676377,0.111612932338233,0.520798811147676,0.214311035181269,0.830304513121338,0.857743147634125
"LPCHMCBP_01943",3.44838774676137,-0.209052962564935,0.98424653651428,-0.212398982175033,0.831795779770992,0.858397226648125
"LPCHMCBP_02007",12.6845821114442,0.110120154486312,0.517491974019591,0.212795869336793,0.831486185752519,0.858397226648125
"LPCHMCBP_02561",42.0086379880896,0.0600753110469607,0.28263684161476,0.21255300867268,0.831675627450853,0.858397226648125
"LPCHMCBP_01111",26.489757129744,-0.0759424285854125,0.360593391163363,-0.210604050008802,0.833196251745268,0.859546906664679
"LPCHMCBP_01244",122.922706916276,0.0349619874181597,0.177287159896034,0.19720541204824,0.843666795578931,0.870049502932086
"LPCHMCBP_00239",15048.1209725878,-0.0107346191112471,0.0554679764407238,-0.193528226556431,0.846545302288245,0.872718121665072
"LPCHMCBP_01880",3.10940662602307,0.217452868927608,1.12918647576666,0.192574808142268,0.847291975799879,0.873187918741565
"LPCHMCBP_00046",0.150616033509247,-0.767349025982296,4.0804728567969,-0.188053946910616,0.850834361968959,0.873240054811507
"LPCHMCBP_00467",3886.60063778001,-0.0114495185857991,0.060874961701131,-0.188082559164656,0.850811932876147,0.873240054811507
"LPCHMCBP_01423",0.151761209392337,-0.767349025982295,4.0804728567969,-0.188053946910616,0.850834361968959,0.873240054811507
"LPCHMCBP_01877",0.164899670490366,-0.767349025982296,4.0804728567969,-0.188053946910616,0.850834361968959,0.873240054811507
"LPCHMCBP_01879",0.151761209392337,-0.767349025982295,4.0804728567969,-0.188053946910616,0.850834361968959,0.873240054811507
"LPCHMCBP_01950",0.164899670490366,-0.767349025982296,4.0804728567969,-0.188053946910616,0.850834361968959,0.873240054811507
"LPCHMCBP_02217",0.151761209392337,-0.767349025982295,4.0804728567969,-0.188053946910616,0.850834361968959,0.873240054811507
"LPCHMCBP_02287",21.0909430369475,0.079391981989941,0.414681856774876,0.191452750326238,0.848170895522393,0.873240054811507
"LPCHMCBP_02311",0.150616033509247,-0.767349025982296,4.0804728567969,-0.188053946910616,0.850834361968959,0.873240054811507
"LPCHMCBP_02399",0.151761209392337,-0.767349025982295,4.0804728567969,-0.188053946910616,0.850834361968959,0.873240054811507
"LPCHMCBP_02941",0.151761209392337,-0.767349025982295,4.0804728567969,-0.188053946910616,0.850834361968959,0.873240054811507
"LPCHMCBP_03200",0.150616033509247,-0.767349025982296,4.0804728567969,-0.188053946910616,0.850834361968959,0.873240054811507
"LPCHMCBP_00371",21.2898593161348,0.0751389013498802,0.401083511696797,0.187339791236999,0.85139422632799,0.87333452149592
"LPCHMCBP_01186",322.21826249024,0.0214596057357326,0.114638245987885,0.187194121392965,0.85150843382108,0.87333452149592
"LPCHMCBP_00675",48.9586308196711,-0.0484386609352716,0.260707066697163,-0.185797268746604,0.852603746465825,0.873860602166646
"LPCHMCBP_01457",838.018513169102,-0.0147983819725743,0.0795537879185492,-0.186017314319785,0.852431183435899,0.873860602166646
"LPCHMCBP_03168",14.5528727688577,0.0883271908196361,0.48741213559789,0.181216642690458,0.856197531892627,0.877244381430445
"LPCHMCBP_00143",0.880336405644531,-0.379437863484355,2.18096306318559,-0.173977207541578,0.861883374794124,0.882768603330091
"LPCHMCBP_00429",2288.01608389433,-0.0129339918725938,0.076250356823184,-0.169625329132377,0.865304801445881,0.885970559242269
"LPCHMCBP_02185",8063.00398950146,0.0121025492244723,0.0721202514988806,0.167810690796886,0.8667322117328,0.887129388611915
"LPCHMCBP_02714",39.1925467324001,-0.046190413395153,0.289808032883546,-0.159382791896986,0.873367295682417,0.893615838507649
"LPCHMCBP_00894",28.9556673196486,0.0543485017415736,0.347724107972141,0.156297767383813,0.875798316082614,0.895797800464869
"LPCHMCBP_00868",16.9490338839163,-0.0674493972445559,0.444070368420052,-0.151888984361944,0.879274496692147,0.899046938525769
"LPCHMCBP_02355",765.055864211232,0.0125132001415343,0.0830809461020707,0.150614559999846,0.880279775202543,0.899768257964179
"LPCHMCBP_03145",6.4292634164039,0.105943128123733,0.708316352937583,0.149570354664773,0.8811035985809,0.900303676997372
"LPCHMCBP_02687",1.70441839116426,0.215020390990606,1.45938458277247,0.147336345421794,0.882866546009119,0.901797993387803
"LPCHMCBP_02847",8.41015562596637,0.0912969580706303,0.624388961498541,0.146218084720006,0.883749229450972,0.902392459197812
"LPCHMCBP_00819",91.789625033928,-0.0278366537254707,0.194632138439194,-0.14302187680154,0.886272903618895,0.904661559102144
"LPCHMCBP_01454",16.7719125714122,0.0648383410665659,0.459402763793928,0.141136158022006,0.88776237956223,0.905873818791654
"LPCHMCBP_00829",1.64640409499718,0.192383297946003,1.37262842182768,0.140156866116644,0.888536051284713,0.906355095141205
"LPCHMCBP_01382",435.212919290303,-0.0136388701072642,0.0991811343100588,-0.137514762279554,0.890623924981678,0.908176146405034
"LPCHMCBP_02905",260.932537075317,0.0164489300562783,0.123803584111403,0.132863116801828,0.894301636764917,0.911616580139781
"LPCHMCBP_03027",4.54731031330016,-0.11163216941869,0.848865226003807,-0.131507530287487,0.895373830001956,0.912399614205728
"LPCHMCBP_01543",117.612767335934,0.020643209480028,0.171622617909279,0.120282569579145,0.904259311319289,0.921141274022127
"LPCHMCBP_01461",41.3002093048233,0.0346687492101976,0.289943243556108,0.119570812497615,0.90482314205728,0.921402867089888
"LPCHMCBP_02277",1.29148978130683,0.186223678763312,1.63815229714495,0.113679099976157,0.909492180906145,0.925843295420401
"LPCHMCBP_02282",3.27112874493402,-0.112440283909007,0.997444195147407,-0.112728395689736,0.910245888231482,0.926296341330172
"LPCHMCBP_02862",1.19456814478369,-0.189845192482247,1.70794865721751,-0.111153922385192,0.911494289740722,0.927252326614206
"LPCHMCBP_01909",15.5650778709515,0.0515312751462138,0.479078199455608,0.107563389869901,0.914342039098364,0.929834110245405
"LPCHMCBP_01850",83.0835779392005,-0.0271269977800355,0.253987044107466,-0.106804651691437,0.914943957071312,0.930131034949528
"LPCHMCBP_01647",814.77541525799,-0.00871565527601159,0.0829411147814767,-0.105082446733138,0.916310387659369,0.931204698058167
"LPCHMCBP_01166",1.30182418851813,0.168600360762266,1.63498208991045,0.103120616306874,0.917867242802566,0.932471088574983
"LPCHMCBP_02956",187.857773102492,0.0141726879658389,0.138631346257219,0.102232924576399,0.918571794624879,0.932871050987906
"LPCHMCBP_00120",0.659834806127283,0.219056389829615,2.20090294626012,0.0995302360796263,0.920717282162047,0.934425845315292
"LPCHMCBP_02237",10.8392139289348,0.0549079631992386,0.551728559206765,0.099519885789819,0.920725499699206,0.934425845315292
"LPCHMCBP_03170",7.00350851310392,0.0676252126850767,0.71013187431321,0.0952290907241407,0.924132863923942,0.937566844028313
"LPCHMCBP_02890",0.660979982010374,0.217564469651309,2.30003390818053,0.094591853136381,0.924639021075361,0.937763332966258
"LPCHMCBP_01955",62.4393556318174,0.0194691980964841,0.234661460635123,0.0829671734071277,0.933877641419785,0.946813108750262
"LPCHMCBP_01956",65.1020429678335,0.0199815495932061,0.242226451304562,0.0824911956790484,0.934256119304488,0.946876938207622
"LPCHMCBP_01246",406.66174604172,0.00765469393436776,0.101007719138915,0.0757832569592068,0.93959153682583,0.951681428154409
"LPCHMCBP_02065",17.3378831476838,-0.0347811370595138,0.45925459997472,-0.0757338893533746,0.939630813602637,0.951681428154409
"LPCHMCBP_00076",51.2434618539674,-0.0193390799152597,0.259740474156346,-0.0744553962106763,0.940648031276195,0.952390263785379
"LPCHMCBP_02977",6.52007860118588,-0.0534717792543041,0.735692902336503,-0.072682200799385,0.942059012786856,0.95349716606184
"LPCHMCBP_01724",3.96884207172576,-0.0621768127778771,0.894223201582064,-0.0695316478792695,0.944566442240075,0.955712708416205
"LPCHMCBP_01917",0.328515376120275,0.194438630754629,3.09226623165109,0.0628790072356773,0.949862851558041,0.959777244958142
"LPCHMCBP_02014",0.32953853662935,0.194438650334482,3.08904830074841,0.0629445160463739,0.949810686423537,0.959777244958142
"LPCHMCBP_02989",6.4679164435403,-0.0448887086513594,0.70359452480366,-0.0637991159238848,0.949130182217146,0.959777244958142
"LPCHMCBP_03208",0.328515376120275,0.194438630754629,3.09226623165109,0.0628790072356773,0.949862851558041,0.959777244958142
"LPCHMCBP_03078",0.31525489964823,0.194438366016747,3.1354514559233,0.0620128771725761,0.950552577238504,0.960150886668714
"LPCHMCBP_00532",110.012620424956,0.0112985893494134,0.184834862626019,0.0611280209203506,0.951257253405513,0.960325321765354
"LPCHMCBP_01480",207.099862408388,-0.00825915782814347,0.135412930084086,-0.0609923869383439,0.951365272112095,0.960325321765354
"LPCHMCBP_00347",141.062404168039,-0.00993561945983076,0.164559144007111,-0.0603771945933397,0.951855221592582,0.960496812373685
"LPCHMCBP_02831",3.2411540752868,0.0603809764443195,1.0368294683188,0.0582361692923582,0.953560510669034,0.961894148745469
"LPCHMCBP_00235",29.9124761607173,-0.0187084468835344,0.346443869846676,-0.0540013794783383,0.956934065182393,0.964972825810605
"LPCHMCBP_02047",82.6636326244672,0.0100057203212582,0.205019940743855,0.0488036445867427,0.961075777677375,0.968269150186282
"LPCHMCBP_02444",32.2909212435295,0.0153775395888621,0.315718476692464,0.0487064924104556,0.961153201823353,0.968269150186282
"LPCHMCBP_03184",8.7502907896089,0.0292676416126541,0.601171888576605,0.0486843150333444,0.96117087584303,0.968269150186282
"LPCHMCBP_01216",91.8026006705057,0.00895761712872755,0.191184090469585,0.0468533605841674,0.962630100101757,0.969413735035359
"LPCHMCBP_02930",261.371946521746,-0.00510025869928956,0.121558285693938,-0.041957310192175,0.966532729658504,0.973017350454603
"LPCHMCBP_01079",2373.43437470006,0.00301752343891874,0.0791493800425558,0.0381244102897121,0.969588488858381,0.975439173672143
"LPCHMCBP_02860",41.7416320148678,0.0109219547383051,0.284477264577569,0.0383930672088103,0.969374288474384,0.975439173672143
"LPCHMCBP_00096",24.3590047490788,0.0134935326996036,0.364618045006478,0.0370073091126466,0.970479177904925,0.976008047216046
"LPCHMCBP_02750",15.533322964263,0.016196260273112,0.461766639981038,0.0350745568665962,0.972020289604453,0.977230448610708
"LPCHMCBP_01888",217.148649396128,0.00398202330829882,0.131568599480524,0.0302657573617197,0.975855105721531,0.980757257960587
"LPCHMCBP_01452",48.330693889181,-0.00640437031580695,0.261678868360253,-0.024474159323366,0.980474395412381,0.985069856254622
"LPCHMCBP_00998",84.7095942196015,-0.00469856385431018,0.201110684637286,-0.0233630742333968,0.981360659453638,0.985630300876964
"LPCHMCBP_02543",4128.94682201898,0.00126657552081917,0.0587741072089309,0.021549889585166,0.982807006554508,0.986422684505043
"LPCHMCBP_02590",241.033419102017,0.00280418608260758,0.129848530191359,0.0215958246002094,0.982770364242649,0.986422684505043
"LPCHMCBP_01552",3017.75439348682,0.00120887890298537,0.0744355151860425,0.0162406198165476,0.987042429802899,0.990342471360248
"LPCHMCBP_02720",23.9091894792589,-0.00553296834610611,0.36647361370279,-0.0150978628180127,0.987954105992605,0.990925893076139
"LPCHMCBP_01124",6663.40606936974,0.000701406884213264,0.0565309573145325,0.0124074828648435,0.990100514981445,0.992415379244929
"LPCHMCBP_02558",9.28680502164296,-0.00728086288165591,0.581955252246182,-0.0125110356054935,0.990017898261164,0.992415379244929
"LPCHMCBP_01913",35.1632787564812,-0.0030541104631909,0.304188260398513,-0.010040198327147,0.991989215356232,0.993943032054285
"LPCHMCBP_02493",3966.40650012024,-0.000550747829839312,0.0595285554691035,-0.00925182587582125,0.992618216283469,0.993943032054285
"LPCHMCBP_02861",10.3350938057017,0.00538298564711945,0.567528314592068,0.00948496402507894,0.99243220711696,0.993943032054285
"LPCHMCBP_00375",250.830491329548,-0.00105722114765177,0.123820558184327,-0.00853833291623452,0.993187478766928,0.994181328812392
"LPCHMCBP_01738",17938.178546733,0.000298906694674562,0.0545658705436724,0.00547790572561889,0.995629285455007,0.996293259636704
"LPCHMCBP_01802",46370.5013499537,-0.000208467076267982,0.0617003744510626,-0.00337870034214017,0.997304192290479,0.997487091070052
"LPCHMCBP_02206",22.4918679332447,0.00124998833846185,0.396888536529308,0.00314946949436406,0.997487091070052,0.997487091070052
"LPCHMCBP_00001",0,NA,NA,NA,NA,NA
"LPCHMCBP_00002",0,NA,NA,NA,NA,NA
"LPCHMCBP_00003",0,NA,NA,NA,NA,NA
"LPCHMCBP_00004",0,NA,NA,NA,NA,NA
"LPCHMCBP_00005",0,NA,NA,NA,NA,NA
"LPCHMCBP_00006",0,NA,NA,NA,NA,NA
"LPCHMCBP_00022",0,NA,NA,NA,NA,NA
"LPCHMCBP_00095",0,NA,NA,NA,NA,NA
"LPCHMCBP_00141",0,NA,NA,NA,NA,NA
"LPCHMCBP_00144",0,NA,NA,NA,NA,NA
"LPCHMCBP_00146",0,NA,NA,NA,NA,NA
"LPCHMCBP_00149",0,NA,NA,NA,NA,NA
"LPCHMCBP_00150",0,NA,NA,NA,NA,NA
"LPCHMCBP_00151",0,NA,NA,NA,NA,NA
"LPCHMCBP_00153",0,NA,NA,NA,NA,NA
"LPCHMCBP_00154",0,NA,NA,NA,NA,NA
"LPCHMCBP_00155",0,NA,NA,NA,NA,NA
"LPCHMCBP_00181",0,NA,NA,NA,NA,NA
"LPCHMCBP_00182",0,NA,NA,NA,NA,NA
"LPCHMCBP_00183",0,NA,NA,NA,NA,NA
"LPCHMCBP_00184",0,NA,NA,NA,NA,NA
"LPCHMCBP_00228",0,NA,NA,NA,NA,NA
"LPCHMCBP_00279",0,NA,NA,NA,NA,NA
"LPCHMCBP_00330",0,NA,NA,NA,NA,NA
"LPCHMCBP_00421",0,NA,NA,NA,NA,NA
"LPCHMCBP_00423",0,NA,NA,NA,NA,NA
"LPCHMCBP_00533",0,NA,NA,NA,NA,NA
"LPCHMCBP_00542",0,NA,NA,NA,NA,NA
"LPCHMCBP_00632",0,NA,NA,NA,NA,NA
"LPCHMCBP_01048",0,NA,NA,NA,NA,NA
"LPCHMCBP_01391",0,NA,NA,NA,NA,NA
"LPCHMCBP_01400",0,NA,NA,NA,NA,NA
"LPCHMCBP_01401",0,NA,NA,NA,NA,NA
"LPCHMCBP_01402",0,NA,NA,NA,NA,NA
"LPCHMCBP_01403",0,NA,NA,NA,NA,NA
"LPCHMCBP_01404",0,NA,NA,NA,NA,NA
"LPCHMCBP_01405",0,NA,NA,NA,NA,NA
"LPCHMCBP_01428",0,NA,NA,NA,NA,NA
"LPCHMCBP_01429",0,NA,NA,NA,NA,NA
"LPCHMCBP_01430",0,NA,NA,NA,NA,NA
"LPCHMCBP_01431",0,NA,NA,NA,NA,NA
"LPCHMCBP_01432",0,NA,NA,NA,NA,NA
"LPCHMCBP_01434",0,NA,NA,NA,NA,NA
"LPCHMCBP_01435",0,NA,NA,NA,NA,NA
"LPCHMCBP_01436",0,NA,NA,NA,NA,NA
"LPCHMCBP_01437",0,NA,NA,NA,NA,NA
"LPCHMCBP_01438",0,NA,NA,NA,NA,NA
"LPCHMCBP_01439",0,NA,NA,NA,NA,NA
"LPCHMCBP_01584",0,NA,NA,NA,NA,NA
"LPCHMCBP_01723",0,NA,NA,NA,NA,NA
"LPCHMCBP_01914",0,NA,NA,NA,NA,NA
"LPCHMCBP_01920",0,NA,NA,NA,NA,NA
"LPCHMCBP_01951",0,NA,NA,NA,NA,NA
"LPCHMCBP_01972",0,NA,NA,NA,NA,NA
"LPCHMCBP_02003",0,NA,NA,NA,NA,NA
"LPCHMCBP_02038",0,NA,NA,NA,NA,NA
"LPCHMCBP_02062",0,NA,NA,NA,NA,NA
"LPCHMCBP_02063",0,NA,NA,NA,NA,NA
"LPCHMCBP_02064",0,NA,NA,NA,NA,NA
"LPCHMCBP_02235",0,NA,NA,NA,NA,NA
"LPCHMCBP_02259",0,NA,NA,NA,NA,NA
"LPCHMCBP_02454",0,NA,NA,NA,NA,NA
"LPCHMCBP_02758",0,NA,NA,NA,NA,NA
"LPCHMCBP_02759",0,NA,NA,NA,NA,NA
"LPCHMCBP_02760",0,NA,NA,NA,NA,NA
"LPCHMCBP_02761",0,NA,NA,NA,NA,NA
"LPCHMCBP_02762",0,NA,NA,NA,NA,NA
"LPCHMCBP_02778",0,NA,NA,NA,NA,NA
"LPCHMCBP_02800",0,NA,NA,NA,NA,NA
"LPCHMCBP_02803",0,NA,NA,NA,NA,NA
"LPCHMCBP_02804",0,NA,NA,NA,NA,NA
"LPCHMCBP_02805",0,NA,NA,NA,NA,NA
"LPCHMCBP_02806",0,NA,NA,NA,NA,NA
"LPCHMCBP_02867",0,NA,NA,NA,NA,NA
"LPCHMCBP_03031",0,NA,NA,NA,NA,NA
"LPCHMCBP_03035",0,NA,NA,NA,NA,NA
"LPCHMCBP_03048",0,NA,NA,NA,NA,NA
"LPCHMCBP_03049",0,NA,NA,NA,NA,NA
"LPCHMCBP_03050",0,NA,NA,NA,NA,NA
"LPCHMCBP_03051",0,NA,NA,NA,NA,NA
"LPCHMCBP_03052",0,NA,NA,NA,NA,NA
"LPCHMCBP_03053",0,NA,NA,NA,NA,NA
"LPCHMCBP_03054",0,NA,NA,NA,NA,NA
"LPCHMCBP_03055",0,NA,NA,NA,NA,NA
"LPCHMCBP_03056",0,NA,NA,NA,NA,NA
"LPCHMCBP_03057",0,NA,NA,NA,NA,NA
"LPCHMCBP_03059",0,NA,NA,NA,NA,NA
"LPCHMCBP_03060",0,NA,NA,NA,NA,NA
"LPCHMCBP_03061",0,NA,NA,NA,NA,NA
"LPCHMCBP_03063",0,NA,NA,NA,NA,NA
"LPCHMCBP_03064",0,NA,NA,NA,NA,NA
"LPCHMCBP_03065",0,NA,NA,NA,NA,NA
"LPCHMCBP_03068",0,NA,NA,NA,NA,NA
"LPCHMCBP_03069",0,NA,NA,NA,NA,NA
"LPCHMCBP_03092",0,NA,NA,NA,NA,NA
"LPCHMCBP_03099",0,NA,NA,NA,NA,NA
"LPCHMCBP_03104",0,NA,NA,NA,NA,NA
"LPCHMCBP_03105",0,NA,NA,NA,NA,NA
"LPCHMCBP_03107",0,NA,NA,NA,NA,NA
"LPCHMCBP_03110",0,NA,NA,NA,NA,NA
"LPCHMCBP_03111",0,NA,NA,NA,NA,NA
"LPCHMCBP_03112",0,NA,NA,NA,NA,NA
"LPCHMCBP_03113",0,NA,NA,NA,NA,NA
"LPCHMCBP_03114",0,NA,NA,NA,NA,NA
"LPCHMCBP_03115",0,NA,NA,NA,NA,NA
"LPCHMCBP_03116",0,NA,NA,NA,NA,NA
"LPCHMCBP_03117",0,NA,NA,NA,NA,NA
"LPCHMCBP_03134",0,NA,NA,NA,NA,NA
"LPCHMCBP_03135",0,NA,NA,NA,NA,NA
"LPCHMCBP_03136",0,NA,NA,NA,NA,NA
"LPCHMCBP_03140",0,NA,NA,NA,NA,NA
"LPCHMCBP_03152",0,NA,NA,NA,NA,NA
"LPCHMCBP_03153",0,NA,NA,NA,NA,NA
"LPCHMCBP_03154",0,NA,NA,NA,NA,NA
"LPCHMCBP_03155",0,NA,NA,NA,NA,NA
"LPCHMCBP_03192",0,NA,NA,NA,NA,NA
"LPCHMCBP_03193",0,NA,NA,NA,NA,NA
"LPCHMCBP_03194",0,NA,NA,NA,NA,NA
"LPCHMCBP_03195",0,NA,NA,NA,NA,NA
"LPCHMCBP_03196",0,NA,NA,NA,NA,NA
"LPCHMCBP_03198",0,NA,NA,NA,NA,NA
"LPCHMCBP_03205",0,NA,NA,NA,NA,NA
"LPCHMCBP_03207",0,NA,NA,NA,NA,NA
"LPCHMCBP_03209",0,NA,NA,NA,NA,NA
"LPCHMCBP_03211",0,NA,NA,NA,NA,NA
