"","BH_ERR1797972","BH_ERR1797973","BH_ERR1797974","Serum_ERR1797969","Serum_ERR1797970","Serum_ERR1797971"
"LPCHMCBP_00001",0,0,0,0,0,0
"LPCHMCBP_00002",0,0,0,0,0,0
"LPCHMCBP_00003",0,0,0,0,0,0
"LPCHMCBP_00004",0,0,0,0,0,0
"LPCHMCBP_00005",0,0,0,0,0,0
"LPCHMCBP_00006",0,0,0,0,0,0
"LPCHMCBP_00022",0,0,0,0,0,0
"LPCHMCBP_00024",9590.09434392059,8671.86874532838,8618.64617784949,9623.19553420381,9497.02835436112,9754.93255273311
"LPCHMCBP_00025",4567.40535787179,3829.86450007312,4018.93476919121,4457.5826392507,4346.46606606916,4438.23279945993
"LPCHMCBP_00026",21430.200378292,19958.1306003103,19836.4409619681,13052.283243194,12352.8541264079,12094.6647067533
"LPCHMCBP_00027",2108.87376571592,1958.30966768722,2206.3575911611,1140.71541196501,1018.45602593575,1148.5181558968
"LPCHMCBP_00028",21320.0217402731,20322.3201693356,22494.9534496138,5472.19462332099,5657.32071826775,5450.12426023145
"LPCHMCBP_00029",198.503661885177,235.86470847548,227.561545276706,451.195751182915,416.865609063906,420.55404593247
"LPCHMCBP_00030",72227.1053412576,61557.0741272961,65841.4702327345,25744.7667976241,27237.5247363011,24976.0003065327
"LPCHMCBP_00031",61938.6059117135,55798.7219341706,58102.3988972806,22975.1190326705,22221.3077627786,21480.278224226
"LPCHMCBP_00032",4094.82095182405,4104.58814519399,4191.09002518315,8450.08658112823,7837.46858368017,7652.16232307076
"LPCHMCBP_00033",594.600418399178,642.527998950446,641.129918866544,1045.84861299835,1126.12984439065,1181.60743362245
"LPCHMCBP_00034",2890.14047166767,2795.1323498646,2692.15202042572,3134.07510244748,3077.1004081376,3229.94046444582
"LPCHMCBP_00035",0,0,1.9787960458844,0,0,0
"LPCHMCBP_00036",1520.64731811122,1309.45579532939,1250.59910099894,26730.4559771314,27706.7455047972,26599.5097072009
"LPCHMCBP_00037",2747.18141242009,2470.70541368568,2638.72452718684,3064.66037149626,3086.97874010594,3028.20260992492
"LPCHMCBP_00038",2.73170176906207,0,0.989398022942198,0,0,0
"LPCHMCBP_00039",7273.61124375595,7038.88971002113,7107.83539681675,8939.46043433432,9024.84408627451,8819.89360796955
"LPCHMCBP_00040",869.591729818093,792.541568325656,870.670260189135,1199.71793327355,1131.06901037482,1153.85513617513
"LPCHMCBP_00041",16310.9912630696,16231.2874671575,16032.2055637554,4736.39847523809,4665.53618864651,4329.35840178198
"LPCHMCBP_00042",1289.3632349973,1294.9966561125,1406.92398862381,1093.28201248168,1092.54351569829,978.802183045876
"LPCHMCBP_00043",1384.06222965812,1313.97427633467,1269.39766343484,623.575666378439,576.894586950998,622.291900453376
"LPCHMCBP_00044",4614.7548552022,4795.01204280038,4731.30134570959,4111.66589667713,4052.09177341266,3954.70238624315
"LPCHMCBP_00045",433.430014024516,491.610733374181,475.900449035197,1048.16243736339,1172.55800464184,1069.5308477775
"LPCHMCBP_00046",0,0.90369620105548,0,0,0,0
"LPCHMCBP_00047",14307.7432990908,14112.1198756824,13943.5863373244,2842.53323245236,2670.11313104203,2772.02755656504
"LPCHMCBP_00048",8156.86148241935,7914.57132884389,7712.35758883444,989.159916054852,909.794374284022,921.162796039903
"LPCHMCBP_00049",13403.5500135312,13035.8177002253,13179.771063613,2400.59277872961,2340.17684329951,2324.78860924091
"LPCHMCBP_00050",7363.757402135,7694.06945578635,7676.73926000852,1267.97575204224,1314.80598498592,1261.66213779741
"LPCHMCBP_00051",11174.4813699766,11547.4300570869,10984.2968507043,2151.85665948775,2154.46420229474,2057.93959532437
"LPCHMCBP_00052",12991.0630464029,10862.4283366869,10577.654263275,1848.74566766743,1846.26024488256,1842.32559207981
"LPCHMCBP_00053",2236.35318160548,2294.48465447986,2393.35381749718,362.113513128852,334.875453726692,325.555796978181
"LPCHMCBP_00054",17813.4272360538,17595.8687307512,16932.5577646328,2311.51054067555,2195.95319656176,2219.11639972996
"LPCHMCBP_00055",12095.0648661505,12833.3897511889,12261.6096983227,962.550935856885,1004.62636118008,916.893211817238
"LPCHMCBP_00056",28205.7313328223,26603.0087666712,26494.1002583462,984.532267324771,999.687195195907,813.35579441762
"LPCHMCBP_00057",27376.2045622837,26556.9202604174,26251.6977427253,954.452550579243,997.711528802239,814.423190473286
"LPCHMCBP_00058",52263.8288129519,54340.1562656671,51762.336366267,1455.39552561053,1496.56729320336,1337.44725774971
"LPCHMCBP_00059",17438.2735264359,14658.8560773209,14833.0551599494,438.469717175192,398.096778324062,318.084024588518
"LPCHMCBP_00060",22042.1015745619,18823.0881717846,18159.4113130811,591.182125267871,524.539427518801,466.452076326115
"LPCHMCBP_00061",41194.9732447124,35796.3102200086,36322.780218254,1022.71036934794,1069.82335217111,905.15185520491
"LPCHMCBP_00062",35193.424458083,36079.167130939,33850.2745589214,809.838527764206,831.755551734144,705.548792795337
"LPCHMCBP_00063",35241.6845226698,32153.510833554,30230.0671929759,620.104929830878,691.48323778373,652.178990012029
"LPCHMCBP_00064",21423.8264074975,23093.9564179728,24712.1944190273,483.589292293483,476.13560087394,375.723411594491
"LPCHMCBP_00065",38093.5811695706,33129.5027306939,33700.8754574572,1536.37937838695,1671.41376904296,1528.51115171395
"LPCHMCBP_00066",19558.9846664844,18899.9023488743,18938.0675571366,827.192210502011,958.198200928883,816.557982584618
"LPCHMCBP_00067",413.397534384727,414.796556284465,440.282120209278,540.277989236978,543.308258258645,546.506780501078
"LPCHMCBP_00068",5618.19997170433,5278.48951036506,5909.67439103375,6919.49176365388,7096.59368605474,7006.38770939273
"LPCHMCBP_00069",2917.45748935829,3217.15847575751,2939.50152616127,5008.27283813036,5247.36994158168,5261.19515837854
"LPCHMCBP_00070",2852.80721415716,2719.22186897594,2772.29326028404,3828.22241195966,3555.21167540521,3553.36146931267
"LPCHMCBP_00071",2712.57985667864,2866.52434974798,2817.80556933938,3722.94340335031,3487.05118482367,3548.02448903434
"LPCHMCBP_00072",93418.7370983848,94106.4038969124,94556.7690525859,61314.0318492106,61107.3615561451,61134.0416922241
"LPCHMCBP_00073",20027.9268035068,22003.1951032988,24597.424248366,10253.7126736774,10820.7248381185,10536.2664654807
"LPCHMCBP_00074",11416.6922601668,11348.6168928547,11052.5653142873,13657.3483146521,12723.2915752206,12602.7452292504
"LPCHMCBP_00075",2177.16630994247,2164.35240152787,1880.84564161312,46638.6008139406,39403.6783885075,42246.4684872113
"LPCHMCBP_00076",47.3494973304093,44.2811138517185,63.3214734683007,49.7472238483727,49.391659841695,53.3698027833084
"LPCHMCBP_00077",7795.3662816468,7988.67441733044,7627.26935886141,2265.23405337474,2134.70753835806,2172.15097328065
"LPCHMCBP_00078",9900.59777833731,9096.60595982446,9441.8253329374,5473.35153550352,5393.5692547131,5331.64329805251
"LPCHMCBP_00079",2900.15671148757,3036.41923554641,3155.19029516267,3775.00445156372,3717.21631968597,3812.73871083955
"LPCHMCBP_00080",694.762816598121,608.187543310338,684.663431876001,333.190708565845,401.060277914564,382.127787928488
"LPCHMCBP_00081",9753.99645006431,9699.37132592846,9613.98058892934,8630.5648816014,8513.14649031455,8233.89317340882
"LPCHMCBP_00082",1912.19123834345,1867.03635138062,1805.65139186951,1777.01711235117,1730.68376085299,1816.70808674382
"LPCHMCBP_00083",559.998862657725,576.558176273396,568.903863191764,636.301700386162,594.675584494008,555.045948946407
"LPCHMCBP_00084",3254.36737420928,3446.6973108256,3415.40197519647,1662.48280628166,1723.76892847516,1715.30546145553
"LPCHMCBP_00085",446.177955613472,680.483239394776,566.92506714588,571.514618165026,580.845919738333,579.596058226729
"LPCHMCBP_00086",718.437565263325,784.408302516156,785.582030216105,3783.10283684136,3536.44284466536,3978.18509946781
"LPCHMCBP_00087",7215.33493934929,7040.69710242324,7003.94860440782,8970.69706326237,8533.89098744807,8408.94612653807
"LPCHMCBP_00088",8733.25055569145,9298.13021265983,8313.91158678329,19465.047470904,16857.3735039705,17414.5666481935
"LPCHMCBP_00089",9141.18468653805,9657.80130067991,9267.69128089957,18499.0257984995,19189.6476816954,18263.1465124481
"LPCHMCBP_00090",951.542782889956,880.200099828037,898.373404831516,386.408668961779,377.35228119055,392.80174848515
"LPCHMCBP_00091",281.365282213394,268.397771713477,241.413117597896,558.788584157302,550.223090636483,579.596058226729
"LPCHMCBP_00092",640.128781216879,720.245872241217,720.28176070192,329.719972018284,375.376614796882,376.790807650157
"LPCHMCBP_00093",579.12077504116,545.83250543751,524.380952159365,1028.49493026054,846.573049686653,933.971548707897
"LPCHMCBP_00094",0.910567256354024,0.90369620105548,0,2.31382436504059,3.9513327873356,2.13479211133234
"LPCHMCBP_00095",0,0,0,0,0,0
"LPCHMCBP_00096",20.0324796397885,28.0145822327199,24.734950573555,23.1382436504059,25.6836631176814,24.5501092803219
"LPCHMCBP_00097",1747.37856494337,1698.04516178325,1602.82479716636,2805.51204261172,2892.37560032966,2911.85643985731
"LPCHMCBP_00098",4982.62402676922,4808.56748581621,4686.77843467719,6676.54020532462,6032.69733306463,6352.07392726937
"LPCHMCBP_00099",2966.62812120141,2770.7325524361,2544.73171500733,1259.8773667646,1210.09566612153,1191.21399812344
"LPCHMCBP_00100",4330.65787121974,4256.40910697131,4163.38688054077,1744.6235712406,1600.28977887092,1676.87920345155
"LPCHMCBP_00101",4812.34794983102,4819.41184022887,4489.8882281117,1372.09784846907,1527.19012230521,1561.6004294396
"LPCHMCBP_00102",18332.4505721756,18671.2672100073,19197.2898391475,4013.3283611629,3898.9776279034,3874.64768206819
"LPCHMCBP_00103",9766.74439165327,10134.0491986361,9905.85300569729,3581.80011708283,3495.94168359517,3503.19385469636
"LPCHMCBP_00104",792.193513028001,848.570732791095,933.002335634493,174.693739560565,155.089811902922,140.896279347934
"LPCHMCBP_00105",0.910567256354024,1.80739240211096,0.989398022942198,0,0,0
"LPCHMCBP_00106",10488.824225942,11538.3930950764,11060.4804984708,7194.83686309371,7420.60297461626,7083.24022540069
"LPCHMCBP_00107",7046.8799969238,7385.90905122644,6781.33404924583,3075.07258113894,3322.08304095241,3066.6288679289
"LPCHMCBP_00108",6670.81572004958,6041.20910405588,5602.96100392167,2908.47722685602,2736.2979552299,2745.34265517338
"LPCHMCBP_00109",4307.89368981089,4515.76991667423,4519.57016879996,1632.40308953614,1696.10959896381,1592.55491505392
"LPCHMCBP_00110",1067.18482444692,1043.76911221908,995.334411079852,350.544391303649,402.048111111397,333.027569367844
"LPCHMCBP_00111",733.917208621344,763.62328989188,864.733872051481,322.778498923162,299.313458640672,297.803499530861
"LPCHMCBP_00112",3611.30973870006,3359.03877932322,3197.73441014918,1254.092805852,1252.57249358539,1264.86432596441
"LPCHMCBP_00113",4310.62539157995,4443.47422058979,4406.77879418455,1616.20631898085,1705.98793093215,1566.93740971793
"LPCHMCBP_00114",3887.21161737533,4235.62409434703,3784.44743775391,1370.94093628655,1359.25847884345,1378.00830786502
"LPCHMCBP_00115",1449.62307211561,1423.32151666238,1368.33746572906,556.474759792262,594.675584494008,550.776364723743
"LPCHMCBP_00116",977.949233324222,897.370327648091,1000.28140119456,345.916742573568,394.145445536726,343.701529924506
"LPCHMCBP_00117",2398.4341532365,2286.35138867036,2301.33980136355,1217.07161601135,1368.14897761495,1274.4708904654
"LPCHMCBP_00118",415.218668897435,457.270277734073,456.112488576353,231.382436504059,234.116467649634,203.872646632238
"LPCHMCBP_00119",6494.1656723169,6717.17386244538,6612.14698732271,2115.99238182962,2002.33788998232,1967.21093059275
"LPCHMCBP_00120",0.910567256354024,0.90369620105548,0,1.1569121825203,0.9878331968339,0
"LPCHMCBP_00121",19004.4492073648,18762.5405263139,18832.2019686818,4809.28394273687,4650.718690694,4622.89231709017
"LPCHMCBP_00122",6740.01883153249,6652.10773596939,7172.146268308,1700.66090830483,1664.49893666512,1661.93565867222
"LPCHMCBP_00123",5017.22558251067,5029.9730550748,5062.74968339523,1148.81379724265,1166.63100546084,1207.22493895844
"LPCHMCBP_00124",2101.58922766509,2300.81052788725,2423.03575818544,274.18818725731,339.814619710862,297.803499530861
"LPCHMCBP_00125",6710.88067932916,6425.27998950446,6273.77286347648,2426.04484674506,2296.71218263882,2238.32952873195
"LPCHMCBP_00126",12406.4788678236,12735.7905614749,12475.3196712782,6516.88632413682,6782.46272946156,6543.13782123361
"LPCHMCBP_00127",6884.79902529278,7093.11148208446,6913.91338432008,3446.44139172796,3469.27018728066,3396.45424912975
"LPCHMCBP_00128",19441.5214904148,17858.8443252584,17619.1999925547,11408.3110318326,11369.9600955582,11120.1321079301
"LPCHMCBP_00129",3934.56111470574,3668.10288008419,3836.88553296984,2051.20529960848,1996.41089080131,2060.0743874357
"LPCHMCBP_00130",7317.31847206094,7698.58793679163,7179.07205446859,2781.21688677879,3093.89357248378,2946.01311363862
"LPCHMCBP_00131",3807.08169881618,3567.79260176703,3631.09074419787,1910.06201334101,1890.71273874009,1892.49320669612
"LPCHMCBP_00132",2083.37788253801,2007.10926254422,1952.08229926496,1320.03680025566,1229.85233005821,1123.96804661647
"LPCHMCBP_00133",3298.98516977063,2678.55553992844,2672.36405996688,1945.92629099914,1711.91493011315,1751.59692734818
"LPCHMCBP_00134",3241.61943262033,2376.72100877591,2415.12057400191,1581.49895350524,1519.28745673054,1598.95929138792
"LPCHMCBP_00135",3512.05790775747,3368.97943753483,3107.69919006144,1915.84657425361,1871.94390800024,1782.5514129625
"LPCHMCBP_00136",8070.35759306572,7900.112189627,7747.97591766035,5700.10632327749,5004.36297516054,5219.56671220756
"LPCHMCBP_00137",5196.60733201242,4789.58986559404,4753.06810221432,2144.91518639263,2352.03084166152,2334.39517374191
"LPCHMCBP_00138",319.609106980263,302.738227353586,300.776998974428,1093.28201248168,1015.49252634525,1020.43062921686
"LPCHMCBP_00139",3849.87835986482,4053.07746173383,4019.92416721415,8834.18142572497,8563.52598335308,8838.03934091587
"LPCHMCBP_00140",28.2275849469748,36.1478480422192,45.5123090553411,21.9813314678856,21.7323303303458,19.213129001991
"LPCHMCBP_00141",0,0,0,0,0,0
"LPCHMCBP_00142",0.910567256354024,0.90369620105548,0,1.1569121825203,0,0
"LPCHMCBP_00143",0,0,2.9681940688266,2.31382436504059,0,0
"LPCHMCBP_00144",0,0,0,0,0,0
"LPCHMCBP_00145",0,0,0,1.1569121825203,0,0
"LPCHMCBP_00146",0,0,0,0,0,0
"LPCHMCBP_00148",5.46340353812415,6.32587340738836,3.95759209176879,24.2951558329262,32.5984954955187,37.3588619483159
"LPCHMCBP_00149",0,0,0,0,0,0
"LPCHMCBP_00150",0,0,0,0,0,0
"LPCHMCBP_00151",0,0,0,0,0,0
"LPCHMCBP_00152",17.3007778707265,15.3628354179432,12.8621742982486,89.0822380540627,81.0023221403798,71.5155357296333
"LPCHMCBP_00153",0,0,0,0,0,0
"LPCHMCBP_00154",0,0,0,0,0,0
"LPCHMCBP_00155",0,0,0,0,0,0
"LPCHMCBP_00156",21.8536141524966,18.0739240211096,16.8197663900174,424.586770984948,495.892264810618,458.980303936452
"LPCHMCBP_00157",24.5853159215587,28.0145822327199,38.5865228947457,366.741161858933,396.121111930394,361.847262870831
"LPCHMCBP_00158",83.7721875845702,71.3919998833829,77.1730457894915,1744.6235712406,1826.50358094588,1875.41486980546
"LPCHMCBP_00159",1.82113451270805,0,0.989398022942198,21.9813314678856,33.5863286923526,27.7522974473204
"LPCHMCBP_00160",1.82113451270805,4.5184810052774,5.93638813765319,301.954079637797,284.495960688163,250.838073081549
"LPCHMCBP_00161",7.2845380508322,4.5184810052774,5.93638813765319,367.898074041454,381.303613977886,408.812689320142
"LPCHMCBP_00162",3.6422690254161,4.5184810052774,5.93638813765319,241.794646146742,261.775797160984,222.018379578563
"LPCHMCBP_00163",8.19510530718622,2.71108860316644,5.93638813765319,365.584249676413,351.668618072869,370.38643131616
"LPCHMCBP_00164",3.6422690254161,3.61478480422192,2.9681940688266,248.736119241863,243.994799617973,208.142230854903
"LPCHMCBP_00165",6.37397079447817,4.5184810052774,4.94699011471099,255.677592336985,307.216124215343,305.275271920524
"LPCHMCBP_00166",2.73170176906207,4.5184810052774,1.9787960458844,102.965184244306,107.673818454895,77.9199120636303
"LPCHMCBP_00167",17.3007778707265,13.5554430158322,16.8197663900174,955.609462761764,965.113033306721,932.904152652231
"LPCHMCBP_00168",5.46340353812415,1.80739240211096,0.989398022942198,281.129660352432,246.958299208475,241.231508580554
"LPCHMCBP_00169",64.6502752011357,44.2811138517185,54.4168912618209,732.325411535347,721.118233688747,674.594307181018
"LPCHMCBP_00170",12.7479415889563,19.8813164232206,14.840970344133,234.85317305162,224.238135681295,246.568488858885
"LPCHMCBP_00171",37.333257510515,37.9552404443301,26.7137466194394,917.431360738594,885.098544363175,963.85863826655
"LPCHMCBP_00172",0.910567256354024,3.61478480422192,2.9681940688266,39.33501420569,46.4281602511933,49.1002185606437
"LPCHMCBP_00173",4.55283628177012,1.80739240211096,1.9787960458844,89.0822380540627,79.026655746712,89.6612686759581
"LPCHMCBP_00174",58.2763044066576,40.6663290474966,46.5017070782833,1079.39906629144,942.392869779541,1035.37417399618
"LPCHMCBP_00175",23.6747486652046,21.6887088253315,20.7773584817862,459.294136460557,438.597939394252,497.406561940434
"LPCHMCBP_00176",13.6585088453104,17.1702278200541,12.8621742982486,240.637733964221,232.140801255967,245.501092803219
"LPCHMCBP_00177",3.6422690254161,6.32587340738836,0.989398022942198,128.417252259753,106.685985258061,98.2004371212875
"LPCHMCBP_00178",365.137469797964,373.226531035913,444.239712301047,334.347620748365,378.340114387384,362.914658926497
"LPCHMCBP_00179",76.4876495337381,63.2587340738836,64.3108714912429,662.910680584129,717.166900901412,726.89671390866
"LPCHMCBP_00180",10.0162398198943,18.0739240211096,22.7561545276706,31.236628928048,31.6106622986848,41.6284461709806
"LPCHMCBP_00181",0,0,0,0,0,0
"LPCHMCBP_00182",0,0,0,0,0,0
"LPCHMCBP_00183",0,0,0,0,0,0
"LPCHMCBP_00184",0,0,0,0,0,0
"LPCHMCBP_00185",29.1381522033288,23.4961012274425,22.7561545276706,240.637733964221,252.885298389478,218.816191411564
"LPCHMCBP_00186",11.8373743326023,15.3628354179432,7.91518418353759,146.927847180077,136.320981163078,119.548358234611
"LPCHMCBP_00187",20.9430468961426,25.3034936295534,30.6713387112081,301.954079637797,306.228291018509,272.185994194873
"LPCHMCBP_00188",10.0162398198943,9.0369620105548,6.92578616059539,92.5529746016236,120.515650013736,91.7960607872904
"LPCHMCBP_00189",26.4064504342667,26.2071898306089,27.7031446423816,388.722493326819,409.950776686069,424.823630155135
"LPCHMCBP_00190",7.2845380508322,3.61478480422192,2.9681940688266,57.8456091260147,27.6593295113492,35.2240698369835
"LPCHMCBP_00191",19.1219123834345,23.4961012274425,19.787960458844,321.621586740642,258.812297570482,256.17505335988
"LPCHMCBP_00192",13.6585088453104,9.0369620105548,11.8727762753064,111.063569521948,117.552150423234,123.817942457275
"LPCHMCBP_00193",3.6422690254161,1.80739240211096,2.9681940688266,71.7285553162583,87.9171545182171,83.2568923419611
"LPCHMCBP_00194",226.731246832152,233.153619872314,203.815992726093,5622.59320704863,5304.66426699805,5186.47743448191
"LPCHMCBP_00195",111.999772531545,117.480506137212,112.791374615411,2520.91164571172,2670.11313104203,2678.09670366642
"LPCHMCBP_00196",75.577082277384,64.1624302749391,90.03522008774,1539.85011493451,1740.56209282133,1675.81180739588
"LPCHMCBP_00197",0,0,0,1.1569121825203,0.9878331968339,2.13479211133234
"LPCHMCBP_00198",23.6747486652046,21.6887088253315,21.7667565047284,588.86830090283,674.690073437554,652.178990012029
"LPCHMCBP_00199",0,1.80739240211096,1.9787960458844,38.1781020231697,34.5741618891865,42.6958422266467
"LPCHMCBP_00200",3.6422690254161,10.8443544126658,7.91518418353759,129.574164442273,137.308814359912,165.446388628256
"LPCHMCBP_00201",51.9023336121794,34.3404556401082,21.7667565047284,1469.27847180077,1286.15882227774,1301.15579185706
"LPCHMCBP_00202",63.7397079447817,52.4143796612178,77.1730457894915,2062.77442143369,1998.38655719498,1752.66432340385
"LPCHMCBP_00203",17.3007778707265,19.8813164232206,12.8621742982486,522.924306499173,527.502927109303,550.776364723743
"LPCHMCBP_00204",34.6015557414529,31.6293670369418,34.6289308029769,1108.32187085444,1091.55568250146,894.477894648249
"LPCHMCBP_00205",174.828913219973,173.509670602652,164.240071808405,6412.76422770999,6099.86999044934,6392.63497738468
"LPCHMCBP_00206",936.973706788291,900.081416251258,945.864509932742,4891.42470769581,4558.85020338845,4785.13651755143
"LPCHMCBP_00207",48.2600645867633,64.1624302749391,65.3002695141851,2627.34756650359,2511.07198635177,2679.16409972208
"LPCHMCBP_00208",262.243369829959,205.139037639594,214.699370978457,3372.39901204666,3326.03437373974,3490.38510202837
"LPCHMCBP_00209",26.4064504342667,34.3404556401082,24.734950573555,1404.49138957964,1764.27008954535,1436.71509092666
"LPCHMCBP_00210",804.941454616958,797.963745531989,860.776279959712,706.8733435199,758.655895168436,758.918595578645
"LPCHMCBP_00211",401.560160052125,426.544606898186,375.971248718035,388.722493326819,392.169779143058,346.903718091505
"LPCHMCBP_00212",174.828913219973,177.124455406874,166.218867854289,468.549433920719,487.989599235947,438.699778878795
"LPCHMCBP_00213",963.380157222558,1090.76131467396,1096.25300941996,755.463655185753,740.874897625425,735.43588235399
"LPCHMCBP_00214",22739.5960929291,24193.7546946573,23575.3760906667,29767.3504562472,29623.141906655,29209.2930633047
"LPCHMCBP_00215",2694.36851155156,2961.41245085881,2946.42731232187,937.098867841439,850.524382473988,834.703715530943
"LPCHMCBP_00216",1470.56611901175,1535.37984559326,1629.5385437858,3635.01807747877,3041.53841305158,3146.68357210386
"LPCHMCBP_00217",171.186644194557,150.01356937521,158.303683670752,480.118555745922,466.257268905601,477.126036882777
"LPCHMCBP_00218",385.169949437752,450.040708125629,468.974662874602,1096.75274902924,1072.78685176162,1019.36323316119
"LPCHMCBP_00219",5586.33011773194,5600.20535794081,5212.1487848595,2115.99238182962,2174.22086623141,2192.43149833831
"LPCHMCBP_00220",3831.66701473773,3560.56303215859,3406.49739298999,1952.86776409426,1895.65190472425,1946.93040553509
"LPCHMCBP_00221",4677.58399589062,4974.84758681042,4831.23054602675,2955.91062633935,2901.26609910117,2909.72164774597
"LPCHMCBP_00222",5207.53413908867,5027.26196647163,4934.12794041274,3942.75671802917,3845.63463527437,3603.52908392898
"LPCHMCBP_00223",3220.67638572418,3502.72647529104,3565.79047468368,3141.0165755426,3160.07839667165,3025.00042175792
"LPCHMCBP_00224",11753.6021450177,9905.41405976911,9570.44707591988,3034.58065475073,2799.51927982727,2806.18423034636
"LPCHMCBP_00225",4027.43897485385,3704.25072812641,3674.62425720732,607.378895823155,582.821586132001,623.359296509042
"LPCHMCBP_00227",164.812673400078,153.628354179432,124.664150890717,136.515637537395,116.5643172264,124.885338512942
"LPCHMCBP_00228",0,0,0,0,0,0
"LPCHMCBP_00229",26.4064504342667,26.2071898306089,24.734950573555,27.7658923804871,30.6228291018509,36.2914658926497
"LPCHMCBP_00230",25.4958831779127,36.1478480422192,26.7137466194394,33.5504532930886,45.4403270543594,35.2240698369835
"LPCHMCBP_00231",20.9430468961426,25.3034936295534,29.681940688266,42.8057507532509,49.391659841695,56.5719909503069
"LPCHMCBP_00232",12424.6902129507,11495.9193736268,10982.3180546584,11784.3074911517,11504.3054103276,12049.8340724154
"LPCHMCBP_00233",5248.5096656246,4419.97811936235,4467.13207358403,3600.31071200316,3516.68618072869,3584.31595492699
"LPCHMCBP_00234",485.332347636695,488.899644771014,498.656603562868,318.150850193081,276.593295113492,317.016628532852
"LPCHMCBP_00235",33.6909884850989,31.6293670369418,24.734950573555,31.236628928048,19.756663936678,38.426258003982
"LPCHMCBP_00236",295.023791058704,313.582581766251,289.893620722064,1881.139208778,1850.2115776699,2149.73565611166
"LPCHMCBP_00237",60.0974389193656,65.96982267705,62.3320754453585,468.549433920719,534.41775948714,516.619690942425
"LPCHMCBP_00238",3380.02565558614,3874.14561392484,3844.80071715338,6204.52003485634,6270.7651335016,6415.05029455367
"LPCHMCBP_00239",14546.3119202555,15282.4064560492,15483.0896610225,15499.1525092244,14782.9237906193,14694.8414983561
"LPCHMCBP_00240",8399.07237260952,8226.34651820803,8398.01041873338,8842.27981100261,8810.48428256156,8540.23584138501
"LPCHMCBP_00241",833.169039563932,869.355745415371,891.447618670921,846.859717604856,811.011054600632,762.120783745644
"LPCHMCBP_00242",413.397534384727,390.396758855967,385.865228947457,695.304221694697,736.92356483809,687.403059849012
"LPCHMCBP_00243",774.892735157275,842.244859383707,881.553638441499,537.964164871937,461.318102921431,461.115096047785
"LPCHMCBP_00244",2485.84860984649,2539.3863249659,2410.1735838872,436.155892810151,434.646606606916,451.508531546789
"LPCHMCBP_00245",46.4389300740552,48.7995948569959,54.4168912618209,31.236628928048,21.7323303303458,19.213129001991
"LPCHMCBP_00246",460.747031715136,399.433720866522,421.483557773377,267.246714162188,260.78796396415,260.444637582545
"LPCHMCBP_00247",114.731474300607,103.021366920325,108.833782523642,133.044900989834,136.320981163078,156.907220182927
"LPCHMCBP_00248",88308.633655726,89152.3413227262,89983.771390547,10433.034061968,10455.22655529,10597.1080406537
"LPCHMCBP_00249",203839.586007412,197837.172335066,173133.770636632,27266.1063176383,23800.853044516,27500.3919781832
"LPCHMCBP_00250",41918.8742135139,46276.475063649,43012.1002513662,7532.65522038964,7406.77330986058,7544.35532144848
"LPCHMCBP_00251",49562.1757633496,54261.5346961752,51853.3609843777,8344.80757251889,8473.6331624412,8590.40345600132
"LPCHMCBP_00252",1202.85934564367,1033.82845400747,1054.69829245638,1578.02821695768,1524.22662271471,1630.9811730579
"LPCHMCBP_00253",1338.53386684042,1336.56668136105,1381.19964002731,2010.71337322027,2113.96304122455,1904.23456330844
"LPCHMCBP_00254",1288.45266774094,1151.30896014468,1260.49308122836,1225.17000128899,1175.52150423234,1256.32515751908
"LPCHMCBP_00255",729.364372339574,611.80232811456,693.568014082481,1335.07665862842,1310.85465219859,1259.52734568608
"LPCHMCBP_00256",5009.03047720349,4804.95270101199,5018.22677236283,1580.34204132272,1654.62060469678,1671.54222317322
"LPCHMCBP_00257",99.2518309425887,73.1993922854939,101.907996363046,92.5529746016236,150.150645918753,137.694091180936
"LPCHMCBP_00258",559.998862657725,492.514429575236,491.730817402273,348.230566938609,309.191790609011,358.645074703832
"LPCHMCBP_00259",1511.54164554768,1579.66095944498,1661.19928051995,3994.81776624258,4435.37105378421,4156.44024076406
"LPCHMCBP_00260",1308.48514738073,1199.20485880062,1477.1712482527,562.259320704863,643.079411138869,629.763672843039
"LPCHMCBP_00261",1032.58326870546,1117.87220070563,1108.12578569526,305.424816185358,299.313458640672,299.938291642193
"LPCHMCBP_00262",180.292316758097,178.028151607929,174.134052037827,171.223003013004,178.797808626936,157.974616238593
"LPCHMCBP_00263",129.300550402271,139.169214962544,141.483917280734,201.302719758531,231.152968059133,200.67045846524
"LPCHMCBP_00264",42.7966610486392,40.6663290474966,48.4805031241677,134.201813172354,130.393981982075,132.357110902605
"LPCHMCBP_00265",301.397761853182,377.745012041191,312.649775249735,297.326430907716,324.997121758353,314.88183642152
"LPCHMCBP_00266",167.54437516914,182.546632613207,174.134052037827,274.18818725731,275.605461916658,246.568488858885
"LPCHMCBP_00267",718.437565263325,603.66906230506,647.066307004198,643.243173481284,637.152411957866,648.97680184503
"LPCHMCBP_00268",4513.6818897469,3952.76718341667,4048.61670987948,2467.69368531579,2492.30315561193,2295.96891573793
"LPCHMCBP_00269",1656.32183930797,1682.6823263653,1710.66918166706,990.316828237372,949.307702157378,938.241132930562
"LPCHMCBP_00270",1421.39548716863,1053.70977043069,969.610062483354,462.764873008118,418.841275457574,415.217065654139
"LPCHMCBP_00271",628.291406884277,571.135999067063,581.766037490013,253.363767971945,273.62979552299,283.927350807201
"LPCHMCBP_00272",1744.64686317431,1754.07432624869,1788.83162547949,532.179603959336,505.770596778957,543.30459233408
"LPCHMCBP_00273",5411.50120451197,4445.2816129919,4894.55201949505,2109.0509087345,1966.7758948963,2016.31114915339
"LPCHMCBP_00274",4501.8445154143,4368.46743590219,4278.15705120207,2258.29258027962,2382.65367076337,2249.00348928862
"LPCHMCBP_00275",1323.96479073875,1236.2564030439,1174.41545323239,1811.72447782678,1777.11192110419,1663.00305472789
"LPCHMCBP_00276",816.77882894956,760.912201288714,807.348786720834,1132.61702668737,1083.65301692679,988.408747546871
"LPCHMCBP_00277",891.44534397059,863.029872007983,849.892901707348,578.456091260147,613.444415233852,566.787305558735
"LPCHMCBP_00278",5897.74411940502,6253.57771130392,6753.63090460345,3336.53473438853,3047.46541223258,3219.26650388916
"LPCHMCBP_00279",0,0,0,0,0,0
"LPCHMCBP_00280",7967.46349309771,8571.55846701123,8614.68858575772,12456.473469196,12487.1994411773,12428.7596721769
"LPCHMCBP_00281",535.413546736166,571.135999067063,578.797843421186,372.525722771535,341.79028610453,349.038510202837
"LPCHMCBP_00282",4341.58467829599,5015.51391585791,4839.14573021029,11773.895281509,12168.1293186,12132.0235687017
"LPCHMCBP_00283",5395.1109938976,5761.96697792974,5954.19730206615,27601.6108505692,25717.2494463738,25712.5035849423
"LPCHMCBP_00284",599.153254680948,682.290631796887,703.461994311903,195.51815884593,189.663973792109,197.468270298241
"LPCHMCBP_00285",10239.328797701,9447.24008583398,8804.65300616262,5466.41006240839,5227.613277645,5285.74526765886
"LPCHMCBP_00286",1925.84974718876,1942.04313606823,1989.67942413676,1248.3082449394,1121.19067840648,1104.75491761448
"LPCHMCBP_00287",4164.02406330695,4195.86146150059,4136.67313392133,2741.8818725731,2617.75797160984,2844.61048835034
"LPCHMCBP_00288",804.030887360604,765.430682293991,821.200359042025,332.033796383325,363.522616434875,345.836322035838
"LPCHMCBP_00289",1528.84242341841,1504.65417475737,1493.00161661978,1289.95708351013,1263.43865875056,1164.52909673179
"LPCHMCBP_00290",444.356821100764,460.885062538295,442.260916255163,323.935411105683,331.911954136191,308.477460087523
"LPCHMCBP_00291",427.056043230037,416.603948686576,357.172686282134,264.932889797148,260.78796396415,301.005687697859
"LPCHMCBP_00292",14389.6943521626,14086.8163820528,14087.049050651,19856.0837885958,19923.6077469429,19629.4134637008
"LPCHMCBP_00293",8176.89396205914,7575.68525344809,7159.28409400975,5840.09269736245,5936.87751297174,5683.88399642234
"LPCHMCBP_00294",17733.2973174946,17697.0827052695,16554.6077198689,8181.68295478353,8644.52830549346,8066.31199266923
"LPCHMCBP_00295",7840.8946444645,7162.69608956573,7017.80017672901,2054.67603615604,2160.39120147574,1935.18904892276
"LPCHMCBP_00296",1650.85843576985,1909.51007283023,1732.43593817179,7952.61434264451,7137.09484712493,7157.95794929732
"LPCHMCBP_00297",1109.0709182392,1173.90136517107,1091.30601930524,3644.27337493893,3434.69602539147,3512.80041919736
"LPCHMCBP_00298",2781.78296816154,2614.3931096535,2693.14141844866,4211.16034437387,3974.05295086278,4106.27262614775
"LPCHMCBP_00299",28711.0961600987,28772.7833454054,27236.1487755528,45855.3712663744,44643.1456645145,46098.7008521105
"LPCHMCBP_00300",1121.81885982816,1135.04242852568,1185.29883148475,697.618046059738,807.059721813297,726.89671390866
"LPCHMCBP_00301",1246.56657394866,1142.27199813413,1117.03036790174,785.54337193128,851.512215670822,780.266516691969
"LPCHMCBP_00302",599.153254680948,522.336404210067,522.402156113481,267.246714162188,227.201635271797,193.198686075576
"LPCHMCBP_00303",1028.94099968005,891.948150441758,926.076549473898,178.164476108125,175.834309036434,181.457329463249
"LPCHMCBP_00304",1074.46936249775,1179.3235423774,1148.69110463589,912.803712008513,905.843041496687,959.589054043885
"LPCHMCBP_00305",157.528135349246,153.628354179432,184.028032267249,896.606941453229,929.5510382207,985.206559379873
"LPCHMCBP_00306",2465.8161302067,2793.32495746249,2714.90817495339,14814.2604971724,13423.6653117759,13127.9040886382
"LPCHMCBP_00307",532.681844967104,415.700252485521,472.932254966371,1685.62104993207,1903.55457029893,1953.33478186909
"LPCHMCBP_00308",810.404858155082,754.586327881326,740.069721160764,526.395043046734,512.685429156794,544.371988389746
"LPCHMCBP_00309",8287.98316733433,7923.60829085445,7860.76729227577,1539.85011493451,1522.25095632104,1437.78248698233
"LPCHMCBP_00310",7010.45730666963,7733.8320886328,7628.25875688435,668.69524149673,681.604905815391,650.044197900696
"LPCHMCBP_00311",11.8373743326023,16.2665316189986,22.7561545276706,5.78456091260147,7.9026655746712,5.33698027833084
"LPCHMCBP_00312",35.512122997807,29.8219746348308,19.787960458844,20.8244192853653,23.7079967240136,18.1457329463249
"LPCHMCBP_00313",15.4796433580184,14.4591392168877,17.8091644129596,6.94147309512177,6.9148323778373,10.6739605566617
"LPCHMCBP_00314",14.5690761016644,8.13326580949932,18.7985624359018,13.8829461902435,5.9269991810034,11.7413566123278
"LPCHMCBP_00315",4.55283628177012,6.32587340738836,4.94699011471099,1.1569121825203,0.9878331968339,5.33698027833084
"LPCHMCBP_00316",20.9430468961426,42.4737214496075,37.5971248718035,28.9228045630074,25.6836631176814,32.021881669985
"LPCHMCBP_00317",41.8860937922851,32.5330632379973,44.5229110323989,20.8244192853653,24.6958299208475,27.7522974473204
"LPCHMCBP_00318",546.340353812415,632.587340738836,643.108714912429,4439.07204433037,4449.20071853989,4435.03061129293
"LPCHMCBP_00319",840.453577614765,735.60870765916,953.779694116279,340.132181660967,358.583450450706,337.297153590509
"LPCHMCBP_00320",2604.22235317251,2406.54298341074,2621.90476079683,1249.46515712192,1239.73066202654,1303.29058396839
"LPCHMCBP_00321",1276.61529340834,1202.81964360484,1307.98418632959,1801.3122681841,1592.38711329625,1636.31815333624
"LPCHMCBP_00322",852.290951947367,696.749771013775,700.493800243076,994.944476967454,922.636205842863,993.745727825202
"LPCHMCBP_00323",893.266478483298,1052.80607422963,1001.2707992175,3629.23351656617,3703.38665493029,3829.81704773021
"LPCHMCBP_00324",1373.13542258187,1265.17468147767,1344.59191317845,5186.43731423848,4708.01301611037,4777.66474516177
"LPCHMCBP_00325",7033.22148807848,7525.07826618898,7171.15687028505,17010.0798195959,16169.8415989741,16021.6147955492
"LPCHMCBP_00326",3135.99363088326,2930.68678002292,2931.58634197773,4675.08212956451,4401.78472509186,4394.46956117761
"LPCHMCBP_00327",4001.03252441958,3528.93366512165,3537.09793201836,7049.06592809616,6587.85958968528,6638.1360701879
"LPCHMCBP_00328",686.567711290934,610.898631913504,633.214734683007,1603.48028497313,1556.82511821023,1566.93740971793
"LPCHMCBP_00329",437.982850306286,429.255695501353,467.98526485166,227.911699956498,208.432804531953,215.614003244566
"LPCHMCBP_00330",0,0,0,0,0,0
"LPCHMCBP_00331",218.536141524966,189.776202221651,172.155255991943,105.279008609347,104.710318864393,97.1330410656213
"LPCHMCBP_00332",38.243824766869,20.785012624276,30.6713387112081,25.4520680154465,17.7809975430102,21.3479211133234
"LPCHMCBP_00333",161.170404374662,124.710075745656,127.632344959544,92.5529746016236,74.0874897625425,78.9873081192964
"LPCHMCBP_00334",4.55283628177012,8.13326580949932,7.91518418353759,3.47073654756088,0,1.06739605566617
"LPCHMCBP_00335",29.1381522033288,43.377417650663,36.6077268488613,27.7658923804871,25.6836631176814,18.1457329463249
"LPCHMCBP_00336",29.1381522033288,28.9182784337753,26.7137466194394,16.1967705552841,16.7931643461763,14.9435447793264
"LPCHMCBP_00337",36.422690254161,40.6663290474966,49.4699011471099,21.9813314678856,17.7809975430102,28.8196935029865
"LPCHMCBP_00338",20.9430468961426,35.2441518411637,24.734950573555,25.4520680154465,14.8174979525085,9.60656450099551
"LPCHMCBP_00339",46.4389300740552,45.184810052774,49.4699011471099,43.9626629357712,46.4281602511933,38.426258003982
"LPCHMCBP_00340",4.55283628177012,4.5184810052774,7.91518418353759,8.09838527764206,6.9148323778373,7.47177238966318
"LPCHMCBP_00341",15.4796433580184,19.8813164232206,12.8621742982486,8.09838527764206,9.878331968339,14.9435447793264
"LPCHMCBP_00342",12.7479415889563,15.3628354179432,10.8833782523642,10.4122096426827,9.878331968339,8.53916844532934
"LPCHMCBP_00343",6.37397079447817,19.8813164232206,14.840970344133,32.3935411105683,15.8053311493424,19.213129001991
"LPCHMCBP_00344",81.9510530718622,93.0807087087144,83.1094339271447,69.4147309512177,66.1848241878713,64.0437633399701
"LPCHMCBP_00345",479.868944098571,547.639897839621,526.35974820525,352.85821566869,373.400948403214,416.284461709805
"LPCHMCBP_00346",68.2925442265518,67.777215079161,63.3214734683007,186.262861385767,155.089811902922,199.603062409573
"LPCHMCBP_00347",156.617568092892,127.421164348823,140.494519257792,136.515637537395,128.418315588407,156.907220182927
"LPCHMCBP_00348",173.918345963619,174.413366803708,168.197663900174,128.417252259753,111.625151242231,121.683150345943
"LPCHMCBP_00349",143.869626503936,166.280100994208,139.50512123485,84.4545893239815,78.0388225498781,89.6612686759581
"LPCHMCBP_00350",272.259609649853,271.108860316644,264.169272125567,152.712408092679,136.320981163078,145.165863570599
"LPCHMCBP_00351",335.999317594635,302.738227353586,344.310511983885,145.770934997557,143.235813540916,134.491903013937
"LPCHMCBP_00352",6711.79124658551,8382.68596099063,8587.97483913828,4871.75720059296,5092.28012967876,4777.66474516177
"LPCHMCBP_00353",4666.65718881438,4410.9411573518,4307.83899189033,3636.17498966129,3629.29916516775,3534.14834031068
"LPCHMCBP_00354",1314.85911817521,1182.03463098057,1161.55327893414,594.652861815432,540.344758668144,553.978552890741
"LPCHMCBP_00355",296.844925571412,285.567999533532,312.649775249735,209.401105036173,187.688307398441,195.333478186909
"LPCHMCBP_00356",281.365282213394,281.95321472931,233.497933414359,139.986374084956,153.114145509255,144.098467514933
"LPCHMCBP_00357",168.454942425495,203.331645237483,177.102246106653,70.571643133738,57.2943254163662,66.1785554513024
"LPCHMCBP_00358",488.974616662111,470.825720749905,504.592991700521,477.804731380882,457.366770134096,470.72166054878
"LPCHMCBP_00359",497.169721969297,517.81792320479,525.370350182307,556.474759792262,493.91659841695,535.832819944416
"LPCHMCBP_00360",285.00755123881,347.019341205304,318.586163387388,253.363767971945,241.031300027472,264.71422180521
"LPCHMCBP_00361",258.601100804543,247.612759089201,263.179874102625,168.909178647963,185.712641004773,165.446388628256
"LPCHMCBP_00362",56.4551698939495,59.6439492696617,66.2896675371273,21.9813314678856,25.6836631176814,29.8870895586527
"LPCHMCBP_00363",102.894099968005,116.576809936157,91.0246181106822,104.122096426827,84.9536549277154,91.7960607872904
"LPCHMCBP_00364",20.0324796397885,18.0739240211096,16.8197663900174,18.5105949203247,15.8053311493424,28.8196935029865
"LPCHMCBP_00365",14.5690761016644,17.1702278200541,17.8091644129596,13.8829461902435,9.878331968339,14.9435447793264
"LPCHMCBP_00366",2776.31956462342,2520.40870474373,2686.21563228807,1261.03427894712,1217.01049849937,1165.59649278746
"LPCHMCBP_00367",1378.59882611999,1377.23301040855,1490.03342255095,498.629150666247,549.235257439649,553.978552890741
"LPCHMCBP_00368",82.8616203282162,93.9844049097699,82.1200359042025,215.185665948775,225.225968878129,242.29890463622
"LPCHMCBP_00369",3607.66746967464,3884.08627213645,3913.06918073639,2309.19671631051,2566.39064537447,2585.23324682346
"LPCHMCBP_00370",152.975299067476,177.124455406874,192.932614473729,126.103427894712,116.5643172264,117.413566123278
"LPCHMCBP_00371",17.3007778707265,16.2665316189986,28.6925426653237,24.2951558329262,18.7688307398441,22.4153171689895
"LPCHMCBP_00372",9.10567256354024,1.80739240211096,7.91518418353759,16.1967705552841,15.8053311493424,13.8761487236602
"LPCHMCBP_00373",61.9185734320737,56.0291644654397,61.3426774224163,858.428839430059,801.132722632293,1196.55097840177
"LPCHMCBP_00374",7.2845380508322,5.42217720633288,8.90458220647978,444.254278087793,392.169779143058,527.293651499087
"LPCHMCBP_00375",244.942591959233,250.323847692368,257.243485964972,267.246714162188,243.994799617973,241.231508580554
"LPCHMCBP_00376",771.250466131859,726.571745648606,789.539622307874,133.044900989834,149.162812721919,143.031071459267
"LPCHMCBP_00377",1121.81885982816,1058.22825143597,1045.7937102499,1008.8274231577,1032.28569069143,996.947915992201
"LPCHMCBP_00378",1589.85042959413,1431.45478247188,1410.88158071557,1259.8773667646,1334.5626489226,1201.88795868011
"LPCHMCBP_00379",125.658281376855,133.747037756211,110.812578569526,99.4944476967454,52.3551594321967,61.9089712286377
"LPCHMCBP_00380",1380.4199606327,1383.55888381594,1321.83575865078,1173.10895307558,1132.05684357165,1091.94616494649
"LPCHMCBP_00381",41798.6793356751,43015.9391702408,38294.6504779778,1958.65232500686,1995.42305760448,1977.88489114941
"LPCHMCBP_00382",32123.9022369136,29155.9505346529,29463.2837251957,1816.35212655686,1696.10959896381,1590.42012294259
"LPCHMCBP_00383",1024.38816339828,919.962732674478,947.843305978626,502.099887213808,488.977432432781,478.193432938443
"LPCHMCBP_00384",21378.2980446798,21076.0028010159,20480.5390749035,7217.97510674412,7312.92915616136,7118.46429523767
"LPCHMCBP_00385",7661.51289496276,7503.38955736365,7487.76423762656,40441.0222521794,41415.8946104581,42123.7179408097
"LPCHMCBP_00386",1195.57480759283,1221.79726382701,1323.81455469666,418.802210072347,434.646606606916,476.058640827111
"LPCHMCBP_00387",5352.31433284896,4419.97811936235,4500.77160636406,2186.56402496336,2102.10904286254,2116.64637838601
"LPCHMCBP_00388",4337.94240927057,4752.53832135077,3781.47924368508,2222.42830262149,2167.30603385358,2143.33127977767
"LPCHMCBP_00389",5706.52499557067,5950.83948395033,5775.11625991361,1650.91368445646,1818.60091537121,1720.64244173386
"LPCHMCBP_00390",5013.58331348526,4740.79027073705,4597.7326126124,1031.9656668081,1073.77468495845,1046.04813455284
"LPCHMCBP_00391",429.7877449991,440.100049914019,486.783827287562,617.791105465838,536.393425880808,470.72166054878
"LPCHMCBP_00392",1378.59882611999,1576.94987084181,1514.76837312451,364.427337493893,410.938609882903,410.947481431475
"LPCHMCBP_00393",89.2355911226944,73.1993922854939,86.0776279959713,87.9253258715424,85.9414881245493,86.4590805089596
"LPCHMCBP_00394",0,0,0,0,0,1.06739605566617
"LPCHMCBP_00395",7660.60232770641,7515.13760797737,7735.11374336211,3851.36065561006,4350.4173988565,4237.56234099469
"LPCHMCBP_00421",0,0,0,0,0,0
"LPCHMCBP_00423",0,0,0,0,0,0
"LPCHMCBP_00424",35012.2215740686,37422.9633819085,35774.653713544,16890.9178647963,17068.769808093,17190.4134765036
"LPCHMCBP_00425",2894.69330794944,2863.81326114481,2905.86199338124,1709.916205765,1572.63044935957,1512.50021087896
"LPCHMCBP_00426",3319.01764941042,3073.47077978969,2815.8267732935,1077.08524192639,1126.12984439065,1102.62012550315
"LPCHMCBP_00427",30604.1654860588,23647.0184930187,23818.7680043105,31918.0502035524,30692.9652588261,31328.074233802
"LPCHMCBP_00428",5996.9959503476,5635.44950978197,5215.11697892833,4469.1517610759,4289.1717406528,4287.729955611
"LPCHMCBP_00429",2494.95428241003,2070.3679966181,2329.04294600593,2357.78702797636,2208.7950281206,2267.14922223494
"LPCHMCBP_00430",7426.58654282342,8269.72393585869,8160.55489322725,8248.7838613697,8670.21196861114,8648.04284300729
"LPCHMCBP_00431",3431.01742194196,3391.57184256122,3638.01653035846,3843.26227033242,3602.62766885323,3708.13389738427
"LPCHMCBP_00432",1002.53454924578,972.377112335696,876.606648326788,487.060028841044,372.41311520638,449.373739435457
"LPCHMCBP_00433",2312.84083113922,2064.04212321072,2298.37160729473,1038.90713990322,1044.13968905343,978.802183045876
"LPCHMCBP_00434",9993.47563848542,9580.08342738914,9181.6136529036,5607.55334867587,5427.15558340545,5430.91113122946
"LPCHMCBP_00435",706.600190930723,669.63888498211,675.758849669521,305.424816185358,279.556794703994,287.129538974199
"LPCHMCBP_00436",69176.7050324716,77414.2313672166,77205.6959242486,21553.2739603531,21900.2619738076,21612.6353351286
"LPCHMCBP_00437",4062.0405305953,4117.23989200877,4244.51751842203,3759.96459319096,3792.29164264534,3989.92645608014
"LPCHMCBP_00438",2173.52404091706,1752.26693384658,1750.24510258475,1794.37079508898,1545.95895304505,1657.66607444956
"LPCHMCBP_00439",315.966837954846,304.545619755697,309.681581180908,142.300198449996,131.381815178909,154.772428071594
"LPCHMCBP_00440",2302.82459131933,2423.7132112308,2359.71428471714,3812.02564140437,3781.42547748017,3649.42711432263
"LPCHMCBP_00441",63482.9279784899,65443.8714880357,65642.6012301231,261470.251634864,262918.72016972,258949.215708557
"LPCHMCBP_00442",1101.78638018837,985.932555351528,1302.04779819193,981.06153077721,1154.77700709883,1098.35054128049
"LPCHMCBP_00443",5202.9813028069,4847.42642246159,4782.75004290259,6223.03062977667,5947.74367813691,5792.75839410029
"LPCHMCBP_00444",3340.87126356292,2951.4717926472,2917.73476965654,5303.28544467303,4739.62367840905,4943.11113379002
"LPCHMCBP_00445",1022.56702888557,1070.87999825074,1115.05157185586,1849.90257984995,1804.77125061554,1814.57329463249
"LPCHMCBP_00446",3662.30150505589,3612.07371561875,3504.44779726127,6722.81669262543,6354.73095523248,6045.73125929318
"LPCHMCBP_00447",18158.532226212,18123.6273121676,18162.3795071499,15174.0601859362,14569.5518201032,14783.4353709764
"LPCHMCBP_00448",6712.70181384187,6681.02601440316,6311.36998834828,4540.88031639216,4474.88438165757,4413.6826901796
"LPCHMCBP_00449",6603.43374307938,6037.59431925166,6017.51877553445,4704.00493412752,4631.94985995416,4641.0380500365
"LPCHMCBP_00450",3942.75622001293,3686.1768041053,3546.00251422484,2516.28399698164,2380.6780043697,2442.20217536419
"LPCHMCBP_00451",1975.02037903188,1779.37781987824,1710.66918166706,1761.97725397841,1601.27761206775,1597.89189533225
"LPCHMCBP_00452",4973.51835420568,4453.4148788014,4523.52776089173,4580.21533059785,4418.57788943804,4478.79384957524
"LPCHMCBP_00453",5047.27430197036,4942.31452357242,4369.18166931275,10928.1924760867,10424.6037261882,10479.6944745304
"LPCHMCBP_00454",10368.6293481033,9383.9813517601,9116.31338338942,18984.928915158,17998.3208463137,16805.0835004081
"LPCHMCBP_00455",885.071373176112,757.297416484492,791.518418353759,637.458612568682,596.651250887676,576.393870059731
"LPCHMCBP_00456",1873.03684632023,1803.77761730674,1687.91302713939,1404.49138957964,1342.46531449727,1324.63850508171
"LPCHMCBP_00457",526.307874172626,374.130227236969,376.960646740978,388.722493326819,345.741618891865,341.566737813174
"LPCHMCBP_00458",763.965928081027,734.705011458105,709.398382449556,690.676572964616,625.298413595859,678.863891403683
"LPCHMCBP_00459",2970.27039022683,2837.60607131421,2844.51931595882,7622.89437062622,7183.52300737612,7764.23890891571
"LPCHMCBP_00460",784.908974977169,616.320809119837,589.68122167355,1759.66342961337,1765.25792274218,1714.23806539987
"LPCHMCBP_00461",8578.45412211126,8318.52353071569,8930.30655507628,6236.91357596691,6348.80395605148,5805.56714676829
"LPCHMCBP_00462",12456.5600669231,13182.2164847963,12668.2522857519,8384.14258672458,8575.37998171509,8228.55619313049
"LPCHMCBP_00463",3642.2690254161,3800.94622163935,3603.38759955549,2274.4893508349,2274.97985230847,2100.63543755102
"LPCHMCBP_00464",628.291406884277,553.965771247009,674.769451646579,278.815835987391,272.641962326156,327.690589089514
"LPCHMCBP_00465",814.047127180498,794.348960727767,857.808085890886,416.488385707306,452.427604149926,425.891026210801
"LPCHMCBP_00466",1564.35454641621,1768.53346546557,1785.86343141067,510.19827249145,528.490760306137,534.76542388875
"LPCHMCBP_00467",4072.96733767155,3863.30125951218,3768.61706938683,3932.34450838648,3759.69314714983,3922.68050457317
"LPCHMCBP_00468",4956.21757633496,4950.44778938192,4782.75004290259,5494.17595478888,5457.7784125073,5535.51594468475
"LPCHMCBP_00469",1329.42819427688,1789.31847808985,1557.31248811102,1425.315808865,1459.02963172367,1463.39999231832
"LPCHMCBP_00470",20359.3732848196,19101.4266017097,20014.5326060977,31713.2767472463,30187.1946620472,31719.8085862315
"LPCHMCBP_00471",14700.1977865794,13399.1035730496,13549.8059241934,15832.3432177902,16058.2164477319,16253.2397396287
"LPCHMCBP_00472",3079.53846098931,2913.51655220287,3000.84420358369,1451.92478906297,1432.35813540916,1396.15404081135
"LPCHMCBP_00473",3797.06545899628,3932.88586699345,4044.65911778771,2953.59680197431,2851.87443925947,2791.24068556703
"LPCHMCBP_00474",5501.64736289102,4919.72211854603,5094.41042012938,4367.34348901411,4035.29860906648,4076.3855365891
"LPCHMCBP_00475",2611.50689122334,2576.43786920917,2597.16981022327,2210.85918079628,2358.94567403935,2223.38598395263
"LPCHMCBP_00476",1589.85042959413,1466.69893431304,1463.31967593151,1184.67807490078,1194.29033497219,1141.04638350713
"LPCHMCBP_00477",2202.66219312038,2143.5673889036,1998.58400634324,2482.73354368855,2248.30835599396,2402.70852130454
"LPCHMCBP_00478",1095.41240939389,977.799289542029,996.323809102794,1505.1427494589,1480.76196205402,1445.25425937199
"LPCHMCBP_00479",3123.2456892943,2927.97569141975,3031.5155422949,6232.28592723683,6401.15911548367,5837.58902843827
"LPCHMCBP_00480",78.3087840464461,93.0807087087144,87.0670260189135,12.7260340077232,9.878331968339,8.53916844532934
"LPCHMCBP_00481",2830.95360000466,2426.42429983396,2411.16298191014,1200.87484545607,1064.88418618694,1166.66388884312
"LPCHMCBP_00482",3469.26124670883,4448.89639779613,3924.9419570117,1921.63113516621,1817.61308217438,1887.15622641779
"LPCHMCBP_00483",1597.13496764496,1779.37781987824,1693.84941527704,571.514618165026,611.468748840184,577.461266115397
"LPCHMCBP_00484",5734.75258051765,6060.18672427805,5769.17987177596,1957.49541282434,1979.61772645514,1894.62799880745
"LPCHMCBP_00485",2122.53227456123,1961.92445249145,2008.47798657266,996.101389149974,895.964709528348,881.669141980255
"LPCHMCBP_00486",17202.4366070402,18611.6232607376,18203.9342241135,13709.4093628655,13386.1276502962,12814.0896482723
"LPCHMCBP_00487",3553.94400154976,3496.40060188365,3395.61401473762,4396.26629357712,4161.74125826122,4411.54789806827
"LPCHMCBP_00488",6114.45912641727,5295.65973818511,5042.96172293638,5089.25669090678,4902.61615588665,4881.20216256139
"LPCHMCBP_00489",1984.12605159542,1872.45852858695,1766.07547095182,1705.28855703491,1817.61308217438,1731.31640229052
"LPCHMCBP_00490",1570.72851721069,1523.63179497954,1584.02623473046,1420.68816013492,1376.05164318962,1360.92997097436
"LPCHMCBP_00491",4508.21848620878,4356.71938528847,4403.81060011572,3899.95096727591,3814.02397297569,3530.94615214368
"LPCHMCBP_00492",1920.38634365064,2066.75321181388,1946.1459111273,1376.72549719915,1378.02730958329,1319.30152480338
"LPCHMCBP_00493",535.413546736166,376.841315840135,403.674393360417,898.920765818269,909.794374284022,938.241132930562
"LPCHMCBP_00494",27.3170176906207,26.2071898306089,29.681940688266,6.94147309512177,3.9513327873356,5.33698027833084
"LPCHMCBP_00495",4.55283628177012,1.80739240211096,1.9787960458844,1.1569121825203,0,1.06739605566617
"LPCHMCBP_00496",862.307191767261,806.097011341488,815.263970904371,1764.29107834345,1756.36742397067,1815.64069068815
"LPCHMCBP_00497",345.104990158175,355.152607014804,434.345732071625,65.9439944036568,69.148323778373,61.9089712286377
"LPCHMCBP_00498",266.796206111729,285.567999533532,279.999640492642,491.687677571125,473.172101283438,511.282710664094
"LPCHMCBP_00499",343.283855645467,386.781974051745,410.600179521012,137.672549719915,108.661651651729,138.761487236602
"LPCHMCBP_00500",351.478960952653,375.93761963908,364.098472442729,86.7684136890221,101.746819273892,101.402625288286
"LPCHMCBP_00501",619.185734320737,628.068859733558,626.288948522411,101.808272061786,94.8319868960544,90.7286647316243
"LPCHMCBP_00502",15762.8297747445,15345.6651901231,15505.8458155501,5853.97564355269,5605.95339203238,5744.72557159532
"LPCHMCBP_00503",468.031569765969,384.974581649634,443.250314278105,2014.18410976783,1923.3112342356,2008.83937676373
"LPCHMCBP_00504",68.2925442265518,72.2956960844384,72.2260556747805,70.571643133738,71.1239901720408,60.8415751729716
"LPCHMCBP_00505",302.308329109536,334.367594390527,353.215094190365,242.951558329262,213.371970516122,240.164112524888
"LPCHMCBP_00506",1094.50184213754,1205.53073220801,1132.86073626882,226.754787773978,189.663973792109,196.400874242575
"LPCHMCBP_00507",1488.77746413883,1558.8759468207,1538.51392567512,242.951558329262,287.459460278665,256.17505335988
"LPCHMCBP_00508",7.2845380508322,7.22956960844384,14.840970344133,15.0398583727638,13.8296647556746,14.9435447793264
"LPCHMCBP_00509",122.926579607793,124.710075745656,125.653548913659,170.066090830483,162.00464428076,182.524725518915
"LPCHMCBP_00510",350.568393696299,347.019341205304,356.183288259191,423.429858802428,390.194112749391,454.710719713788
"LPCHMCBP_00511",194.861392859761,184.354025015318,173.144654014885,1465.80773525321,1387.90564155163,1259.52734568608
"LPCHMCBP_00512",188.487422065283,199.716860433261,177.102246106653,284.600396899993,247.946132405309,252.972865192882
"LPCHMCBP_00513",69.2031114829059,65.96982267705,93.0034141565666,115.691218252029,140.272313950414,150.50284384893
"LPCHMCBP_00514",3.6422690254161,1.80739240211096,6.92578616059539,3.47073654756088,3.9513327873356,2.13479211133234
"LPCHMCBP_00515",486.242914893049,438.292657511908,590.670619696492,161.967705552841,136.320981163078,128.08752667994
"LPCHMCBP_00516",493.527452943881,448.233315723518,411.589577543954,79.8269405939003,104.710318864393,139.828883292268
"LPCHMCBP_00517",946.989946608185,990.451036356806,932.012937611551,1034.27949117314,974.99136527506,1038.57636216318
"LPCHMCBP_00518",3214.30241492971,3294.87634904828,3163.10547934621,790.171020661361,673.70224024072,710.885773073668
"LPCHMCBP_00519",570.015102477619,504.262480188958,567.914465168822,456.980312095517,454.403270543594,457.912907880786
"LPCHMCBP_00520",2766.30332480353,2636.08181847883,2565.50907348912,1143.02923633005,1056.98152061227,1018.29583710552
"LPCHMCBP_00521",27.3170176906207,24.399797428498,37.5971248718035,69.4147309512177,82.9779885340476,72.5829317852994
"LPCHMCBP_00522",773.071600644567,769.045467098213,749.963701390186,2376.29762289669,2535.76781627262,2411.24768974987
"LPCHMCBP_00523",1245.65600669231,1160.34592215524,1079.43324302994,998.415213515015,1040.1883562661,973.465202767545
"LPCHMCBP_00524",583.67361132293,501.551391585791,484.805031241677,468.549433920719,452.427604149926,463.249888159117
"LPCHMCBP_00525",78.3087840464461,77.7178732907713,66.2896675371273,198.988895393491,211.396304122455,229.490151968226
"LPCHMCBP_00526",296.844925571412,267.494075512422,271.095058286162,771.660425741037,882.135044772673,799.47964569396
"LPCHMCBP_00527",5.46340353812415,6.32587340738836,3.95759209176879,1.1569121825203,1.9756663936678,1.06739605566617
"LPCHMCBP_00528",117.463176069669,135.554430158322,135.547529143081,80.9838527764206,87.9171545182171,104.604813455284
"LPCHMCBP_00529",3.6422690254161,5.42217720633288,4.94699011471099,8.09838527764206,13.8296647556746,12.808752667994
"LPCHMCBP_00530",6.37397079447817,5.42217720633288,4.94699011471099,15.0398583727638,8.8904987715051,10.6739605566617
"LPCHMCBP_00531",5.46340353812415,3.61478480422192,9.89398022942198,5.78456091260147,7.9026655746712,8.53916844532934
"LPCHMCBP_00532",98.3412636862346,121.095290941434,108.833782523642,128.417252259753,98.78331968339,104.604813455284
"LPCHMCBP_00533",0,0,0,0,0,0
"LPCHMCBP_00534",58.2763044066576,46.9922024548849,46.5017070782833,48.5903116658524,35.5619950860204,42.6958422266467
"LPCHMCBP_00535",1309.39571463709,1199.20485880062,1204.09739392066,2915.41869995114,2925.96192902201,2897.98029113365
"LPCHMCBP_00536",99.2518309425887,109.347240327713,97.9504042712776,211.714929401214,238.06780043697,242.29890463622
"LPCHMCBP_00537",5.46340353812415,3.61478480422192,2.9681940688266,9.25529746016236,5.9269991810034,8.53916844532934
"LPCHMCBP_00538",7.2845380508322,6.32587340738836,3.95759209176879,13.8829461902435,13.8296647556746,16.0109408349925
"LPCHMCBP_00539",1.82113451270805,0,3.95759209176879,4.62764873008118,7.9026655746712,9.60656450099551
"LPCHMCBP_00540",6.37397079447817,14.4591392168877,7.91518418353759,10.4122096426827,8.8904987715051,21.3479211133234
"LPCHMCBP_00541",4.55283628177012,3.61478480422192,6.92578616059539,2.31382436504059,0,3.2021881669985
"LPCHMCBP_00542",0,0,0,0,0,0
"LPCHMCBP_00543",30.0487194596828,20.785012624276,22.7561545276706,6.94147309512177,14.8174979525085,10.6739605566617
"LPCHMCBP_00544",0.910567256354024,0.90369620105548,0,1.1569121825203,0,0
"LPCHMCBP_00545",16.3902106143724,20.785012624276,16.8197663900174,13.8829461902435,19.756663936678,14.9435447793264
"LPCHMCBP_00546",39.1543920232231,33.4367594390528,40.5653189406301,41.6488385707306,20.7444971335119,36.2914658926497
"LPCHMCBP_00547",38.243824766869,33.4367594390528,52.4380952159365,12.7260340077232,11.8539983620068,12.808752667994
"LPCHMCBP_00548",110.178638018837,120.191594740379,134.558131120139,48.5903116658524,43.4646606606916,57.6393870059731
"LPCHMCBP_00549",850.469817434659,913.63685926709,907.277987037996,396.820878604461,390.194112749391,342.63413386884
"LPCHMCBP_00550",605.527225475426,637.105821744113,607.49038608651,281.129660352432,270.666295932489,227.355359856894
"LPCHMCBP_00551",117.463176069669,139.169214962544,135.547529143081,47.4333994833321,48.4038266448611,57.6393870059731
"LPCHMCBP_00552",181.202884014451,212.368607248038,199.858400634324,48.5903116658524,57.2943254163662,66.1785554513024
"LPCHMCBP_00553",111.089205275191,89.4659239044925,96.9610062483354,43.9626629357712,47.4159934480272,42.6958422266467
"LPCHMCBP_00554",2317.39366742099,2381.23948978119,2488.33602769963,1204.34558200363,1237.75499563288,1138.9115913958
"LPCHMCBP_00555",77.3982167900921,106.636151724547,85.0882299730291,62.4732578560959,71.1239901720408,45.8980303936452
"LPCHMCBP_00556",198.503661885177,198.813164232206,183.038634244307,115.691218252029,109.649484848563,104.604813455284
"LPCHMCBP_00557",10.0162398198943,15.3628354179432,9.89398022942198,16.1967705552841,24.6958299208475,17.0783368906587
"LPCHMCBP_00558",6.37397079447817,7.22956960844384,4.94699011471099,23.1382436504059,32.5984954955187,26.6849013916542
"LPCHMCBP_00559",109.268070762483,113.86572133299,120.706558798948,32.3935411105683,40.5011610701899,49.1002185606437
"LPCHMCBP_00560",23.6747486652046,24.399797428498,49.4699011471099,4.62764873008118,6.9148323778373,8.53916844532934
"LPCHMCBP_00561",137.495655709458,163.569012391042,144.452111349561,55.5317847609742,47.4159934480272,40.5610501153144
"LPCHMCBP_00562",971.575262529744,897.370327648091,881.553638441499,355.172040033731,319.07012257735,345.836322035838
"LPCHMCBP_00563",20.9430468961426,24.399797428498,31.6607367341503,8.09838527764206,7.9026655746712,14.9435447793264
"LPCHMCBP_00564",33.6909884850989,30.7256708358863,39.5759209176879,68.2578187686974,54.3308258258645,73.6503278409656
"LPCHMCBP_00565",774.892735157275,722.053264643328,744.027313252533,1097.90966121176,1067.84768577745,1088.74397677949
"LPCHMCBP_00566",482.600645867633,520.529011807956,456.112488576353,734.639235900387,731.98439885392,727.964109964327
"LPCHMCBP_00567",31.8698539723909,31.6293670369418,39.5759209176879,39.33501420569,46.4281602511933,54.4371988389746
"LPCHMCBP_00568",203.056498166947,212.368607248038,210.741778886688,308.895552732919,290.422959869167,275.388182361871
"LPCHMCBP_00569",20.9430468961426,12.6517468147767,14.840970344133,24.2951558329262,20.7444971335119,18.1457329463249
"LPCHMCBP_00570",88.3250238663404,84.9474428992151,89.0458220647978,93.7098867841439,123.479149604238,84.3242883976273
"LPCHMCBP_00571",284.096983982456,269.301467914533,303.745193043255,350.544391303649,379.327947584218,351.173302314169
"LPCHMCBP_00572",115.642041556961,98.5028859150473,147.420305418388,171.223003013004,202.50580535095,203.872646632238
"LPCHMCBP_00573",48.2600645867633,42.4737214496075,50.4592991700521,76.3562040463395,77.0509893530442,52.3024067276422
"LPCHMCBP_00574",20.0324796397885,10.8443544126658,11.8727762753064,28.9228045630074,34.5741618891865,23.4827132246557
"LPCHMCBP_00575",16.3902106143724,21.6887088253315,21.7667565047284,19.667507102845,31.6106622986848,28.8196935029865
"LPCHMCBP_00576",24.5853159215587,33.4367594390528,24.734950573555,17.3536827378044,19.756663936678,13.8761487236602
"LPCHMCBP_00577",175.739480476327,217.790784454371,194.911410519613,229.068612139018,253.873131586312,262.579429693877
"LPCHMCBP_00578",9.10567256354024,16.2665316189986,11.8727762753064,24.2951558329262,22.7201635271797,21.3479211133234
"LPCHMCBP_00579",38.243824766869,39.7626328464411,26.7137466194394,71.7285553162583,57.2943254163662,58.7067830616392
"LPCHMCBP_00580",481.690078611279,490.707037173125,501.624797631695,882.723995262985,826.816385749975,827.23194314128
"LPCHMCBP_00581",271.349042393499,220.501873057537,235.476729460243,477.804731380882,492.928765220116,511.282710664094
"LPCHMCBP_00582",64.6502752011357,65.96982267705,73.2154536977227,111.063569521948,160.028977887092,131.289714846939
"LPCHMCBP_00583",0.910567256354024,0,0,2.31382436504059,0,2.13479211133234
"LPCHMCBP_00584",383.348814925044,403.048505670744,394.769811153937,591.182125267871,594.675584494008,549.708968668077
"LPCHMCBP_00585",197.593094628823,195.198379427984,227.561545276706,400.291615152022,398.096778324062,349.038510202837
"LPCHMCBP_00586",32616.5191226012,30659.7010132093,35155.2905511822,4013.3283611629,4253.60974556678,4045.43105097478
"LPCHMCBP_00587",52613.4866393919,53627.1399630343,58555.5431917881,3433.71535772024,3348.75453726692,3455.16103219139
"LPCHMCBP_00588",17509.2977724315,20971.1740416935,20045.2039448089,18363.6670731446,18766.8550734504,18644.206904321
"LPCHMCBP_00589",1038.95723949994,1035.63584640958,1037.87852606637,960.237111491845,910.782207480856,976.667390934544
"LPCHMCBP_00590",111.089205275191,73.1993922854939,112.791374615411,65.9439944036568,62.2334914005357,49.1002185606437
"LPCHMCBP_00591",166.633807912786,141.88030356571,142.473315303677,1944.76937881662,1644.74227272844,1569.07220182927
"LPCHMCBP_00592",38.243824766869,48.7995948569959,61.3426774224163,23.1382436504059,21.7323303303458,19.213129001991
"LPCHMCBP_00593",131.12168491498,108.443544126658,139.50512123485,50.904136030893,30.6228291018509,35.2240698369835
"LPCHMCBP_00594",61.9185734320737,76.8141770897158,76.1836477665493,49.7472238483727,42.4768274638577,49.1002185606437
"LPCHMCBP_00595",14.5690761016644,18.9776202221651,14.840970344133,12.7260340077232,10.8661651651729,11.7413566123278
"LPCHMCBP_00596",5.46340353812415,8.13326580949932,6.92578616059539,4.62764873008118,3.9513327873356,4.26958422266467
"LPCHMCBP_00597",11.8373743326023,16.2665316189986,4.94699011471099,4.62764873008118,5.9269991810034,4.26958422266467
"LPCHMCBP_00598",18.2113451270805,18.0739240211096,16.8197663900174,8.09838527764206,8.8904987715051,6.40437633399701
"LPCHMCBP_00599",25.4958831779127,29.8219746348308,34.6289308029769,16.1967705552841,15.8053311493424,10.6739605566617
"LPCHMCBP_00600",14.5690761016644,17.1702278200541,13.8515723211908,8.09838527764206,11.8539983620068,17.0783368906587
"LPCHMCBP_00601",30.9592867160368,37.0515442432747,28.6925426653237,11.5691218252029,15.8053311493424,17.0783368906587
"LPCHMCBP_00602",1240.19260315418,1322.10754214417,1215.97017019596,1416.06051140484,1336.53831531627,1322.50371297038
"LPCHMCBP_00603",67645.1309072841,61617.6217727668,64119.917672815,31483.0512229248,30294.8684805021,30438.9333194321
"LPCHMCBP_00604",68166.885945175,63580.4499214593,65695.039325339,33564.3362392788,31873.4259290426,32024.0164620964
"LPCHMCBP_00605",473.494973304093,456.366581533017,476.88984705814,394.507054239421,442.549272181587,387.464768206819
"LPCHMCBP_00606",202.145930910593,202.427949036427,192.932614473729,150.398583727638,181.761308217438,153.705032015928
"LPCHMCBP_00607",339.641586620051,358.767391819025,291.872416767948,387.565581144299,395.13327873356,373.588619483159
"LPCHMCBP_00608",1828.41905075888,1995.3612119305,1897.66540800314,2633.13212741619,2614.79447201933,2488.10020575784
"LPCHMCBP_00609",1649.03730125714,1579.66095944498,1403.95579455498,2969.7935725296,2624.67280398767,2630.06388116144
"LPCHMCBP_00610",10605.3768347553,10648.2523370367,10169.0328797999,2859.88691519017,2761.98161834759,2696.24243661274
"LPCHMCBP_00611",1793.81749501743,1947.46531327456,2044.09631539858,1247.15133275688,1254.54815997905,1281.94266285507
"LPCHMCBP_00612",803.12032010425,693.134986209553,786.571428239048,416.488385707306,403.035944308231,402.408312986145
"LPCHMCBP_00613",769.429331619151,825.074631563653,786.571428239048,386.408668961779,400.07244471773,401.340916930479
"LPCHMCBP_00614",6465.93808736993,6052.05345846855,6078.86145295687,3029.95300602065,3051.41674501992,3826.61485956321
"LPCHMCBP_00615",7710.68352680588,6777.7215079161,7024.72596288961,7304.74352043314,7179.57167458879,8466.58551354405
"LPCHMCBP_00616",1464.19214821727,1461.27675710671,1402.96639653204,1215.91470382883,1158.72833988617,1248.85338512942
"LPCHMCBP_00617",246.763726471941,252.131240094479,268.126864217336,72.8854674987786,57.2943254163662,85.3916844532934
"LPCHMCBP_00618",7393.80612159468,7167.21457057101,7245.36172200572,4226.20020274664,3972.07728446911,4128.68794331674
"LPCHMCBP_00619",5921.41886807022,5700.51563625797,5603.95040194461,2472.32133404587,2223.61252607311,2586.30064287913
"LPCHMCBP_00620",4151.276121718,4939.60343496925,4626.42515527772,1115.26334394956,1036.23702347876,1125.03544267214
"LPCHMCBP_00621",9054.68079718442,9635.20889565352,9369.59927726262,17742.4052311312,17813.5960385057,18305.8423546748
"LPCHMCBP_00622",647.413319267711,697.65346721483,835.051931363215,1219.38544037639,1102.42184766663,1153.85513617513
"LPCHMCBP_00632",0,0,0,0,0,0
"LPCHMCBP_00633",2543.21434699679,2167.06349013104,2111.37538095865,2184.25020059832,1992.45955801398,2129.45513105401
"LPCHMCBP_00634",1456.90761016644,1289.57447890617,1391.09362025673,2100.95252345686,1984.55689243931,1941.59342525676
"LPCHMCBP_00635",5089.16039576264,4657.65022023994,4788.68643104024,2741.8818725731,2768.89645072542,2551.07657304214
"LPCHMCBP_00636",15134.5383678602,13867.2182051963,14017.7911890451,33579.3760976516,32833.5997963652,32630.2974217148
"LPCHMCBP_00637",6259.23932017756,6367.44343263691,6523.10116525791,3748.39547136576,3672.76382582844,3691.05556049361
"LPCHMCBP_00638",10540.7265595542,9858.42185731423,9632.77915136524,6250.79652215715,6298.42446301295,6533.53125673261
"LPCHMCBP_00639",957.916753684434,763.62328989188,878.585444372672,632.830963838601,574.91892055733,563.585117391737
"LPCHMCBP_00640",4435.37310570045,3709.67290533274,3992.22102257177,2262.9202290097,2223.61252607311,2252.20567745561
"LPCHMCBP_00641",3459.24500688894,3533.45214612693,3390.66702462291,1361.68563882639,1362.22197843395,1294.75141552306
"LPCHMCBP_00642",1910.37010383074,1982.70946511572,2044.09631539858,741.580708995509,686.544071799561,658.583366346026
"LPCHMCBP_00643",8385.41386376421,8541.73649237639,8547.40952019765,3284.47368617512,3217.37272208801,3279.04068300647
"LPCHMCBP_00644",4725.84406047739,4081.9957401676,4106.99119323307,1479.69068144346,1381.97864237063,1336.37986169404
"LPCHMCBP_00645",119.284310582377,148.206176973099,117.738364730122,21.9813314678856,31.6106622986848,22.4153171689895
"LPCHMCBP_00646",5671.92343982922,5495.37659861837,5616.81257624286,4511.95751182915,4378.07672836785,4160.70982498672
"LPCHMCBP_00647",6031.59750608906,6217.4298632617,6183.73764338874,2209.70226861376,2241.39352361612,2051.53521899037
"LPCHMCBP_00648",1914.01237285616,1516.4022253711,1606.78238925813,518.296657769092,485.026099645445,458.980303936452
"LPCHMCBP_00649",1000.71341473307,1169.38288416579,1443.53171547267,236.01008523414,306.228291018509,267.916409972208
"LPCHMCBP_00650",9927.91479602793,9727.38590816118,9550.65911546104,7755.93927161606,7774.2472590828,7847.49580125767
"LPCHMCBP_00651",4821.45362239456,5114.92049797402,5051.86630514286,4363.87275246655,4524.27604149926,4313.34746094698
"LPCHMCBP_00652",1058.98971913973,1055.5171628328,1167.48966707179,797.112493756483,893.98904313468,860.321220866931
"LPCHMCBP_00653",6714.52294835458,6146.94155957937,6432.07654714723,4351.14671845883,4165.69259104856,4027.28531802845
"LPCHMCBP_00654",17222.46908668,15868.0015943332,15923.3717812317,10466.5845152611,10075.8986077058,9670.60826433548
"LPCHMCBP_00655",38749.1895941455,36388.2312316999,33984.8326900416,23723.6412147612,22807.0928485011,22876.4322650373
"LPCHMCBP_00656",12722.4457057784,11412.7793231297,12626.6975687883,3685.92221350966,3814.02397297569,3879.98466234652
"LPCHMCBP_00657",34701.7181396519,30459.0804565749,30406.1800410596,16868.9365333284,14416.4376745939,15652.2957602887
"LPCHMCBP_00658",9608.30568904767,11457.0604369814,12890.8668409139,3566.76025871007,3912.80729265908,4065.71157603243
"LPCHMCBP_00659",3.6422690254161,2.71108860316644,0.989398022942198,3.47073654756088,0,1.06739605566617
"LPCHMCBP_00660",4781.38866311498,4525.71057488584,4347.41491280802,4734.08465087305,4384.00372754885,4829.96715188941
"LPCHMCBP_00661",2641.55561068302,2543.00110977012,2469.53746526373,2225.89903916905,2154.46420229474,2080.35491249336
"LPCHMCBP_00662",3996.47968813781,3885.89366453856,3821.05516460277,2178.46563968572,2226.57602566361,2107.03981388502
"LPCHMCBP_00663",11001.4735912693,10619.3340586029,10289.7394385989,34991.9658725088,34867.5483486462,33983.7556202995
"LPCHMCBP_00664",5982.42687424594,4948.64039697981,4741.19532593901,2928.14473395887,2777.78694949693,2753.88182361871
"LPCHMCBP_00665",10295.783967595,10309.3662616409,10386.7004448472,2552.14827463977,2485.38832323409,2538.26782037415
"LPCHMCBP_00666",1719.1509799964,2103.80475605716,1911.51698032433,3072.7587567739,3121.55290199513,3283.31026722913
"LPCHMCBP_00667",1138.20907044253,1253.42663086395,1251.58849902188,3334.22091002349,3080.0639077281,3342.01705029077
"LPCHMCBP_00668",1060.81085365244,1004.91017557369,1081.41203907582,849.173541969897,938.441536992205,887.006122258586
"LPCHMCBP_00669",514.470499840024,668.735188781055,661.907277348331,374.839547136576,496.880098007452,467.519472381782
"LPCHMCBP_00670",637.397079447817,657.890834368389,654.981491187735,160.810793370321,157.06547829659,173.985557073585
"LPCHMCBP_00671",11.8373743326023,13.5554430158322,7.91518418353759,1.1569121825203,1.9756663936678,6.40437633399701
"LPCHMCBP_00672",263.153937086313,298.219746348308,287.91482467618,93.7098867841439,138.296647556746,129.154922735606
"LPCHMCBP_00673",1160.06268459503,1252.52293466289,1167.48966707179,474.333994833321,437.610106197418,481.395621105442
"LPCHMCBP_00674",1117.26602354639,1262.46359287451,1257.52488715953,478.961643563402,485.026099645445,410.947481431475
"LPCHMCBP_00675",50.9917663558254,49.7032910580514,48.4805031241677,55.5317847609742,47.4159934480272,41.6284461709806
"LPCHMCBP_00676",101.072965455297,113.86572133299,89.0458220647978,75.1992918638192,62.2334914005357,78.9873081192964
"LPCHMCBP_00677",6.37397079447817,9.0369620105548,5.93638813765319,4.62764873008118,4.9391659841695,2.13479211133234
"LPCHMCBP_00678",139.316790222166,121.99898714249,107.8443845007,108.749745156908,79.026655746712,113.143981900614
"LPCHMCBP_00679",480.779511354925,545.83250543751,467.98526485166,650.184646576406,647.030743926205,678.863891403683
"LPCHMCBP_00680",471.673838791385,511.492049797402,487.773225310504,461.607960825598,457.366770134096,440.834570990127
"LPCHMCBP_00681",38.243824766869,53.3180758622733,40.5653189406301,33.5504532930886,16.7931643461763,24.5501092803219
"LPCHMCBP_00682",16.3902106143724,28.9182784337753,20.7773584817862,11.5691218252029,18.7688307398441,8.53916844532934
"LPCHMCBP_00683",50.0811990994713,35.2441518411637,35.6183288259191,26.6089801979668,30.6228291018509,34.1566737813174
"LPCHMCBP_00684",132.942819427688,99.4065821161028,148.40970344133,77.5131162288598,93.8441536992205,101.402625288286
"LPCHMCBP_00685",48154.4387850262,50374.7373354356,49513.4346601194,26298.9277330513,25456.4614824096,25381.6108076858
"LPCHMCBP_00686",4652.99867996907,4292.55695501353,4623.45696120889,3364.30062676902,3441.61085776931,3449.82405191305
"LPCHMCBP_00687",1661.78524284609,1570.62399743442,1463.31967593151,1204.34558200363,1165.643172264,1070.59824383317
"LPCHMCBP_00688",886.89250768882,933.51817569031,989.398022942198,742.737621178029,680.617072618557,738.638070520988
"LPCHMCBP_00689",10102.7437092479,8886.94844117959,9132.14375175649,2475.79207059343,2410.31300027472,2167.88138905799
"LPCHMCBP_00690",8342.61720271557,7344.33902597788,7548.11751702603,3818.96711449949,3745.86348239415,3427.40873474407
"LPCHMCBP_00691",3896.31728993887,2701.14794495483,2879.1482467618,1534.06555402191,1403.71097270097,1456.99561598432
"LPCHMCBP_00692",34955.7664041746,30640.7233929871,30195.4382621729,62586.6352499829,61962.8251046032,60960.0561351505
"LPCHMCBP_00693",18873.3275224499,16121.0365306287,16164.7848988296,19664.0363662975,19870.2647543139,18364.5491377364
"LPCHMCBP_00694",10192.8898676269,8757.71988442865,8860.05929544739,9510.97505249935,9903.02779825985,9540.38594554421
"LPCHMCBP_00695",7362.84683487864,6549.08636904906,6673.48966474513,6808.42819413194,6921.74721021514,6571.9575147366
"LPCHMCBP_00696",8969.9980423435,8752.29770722232,9298.36261961078,6825.78187686974,7249.70783156399,6881.50237087979
"LPCHMCBP_00697",7285.44861808855,7111.18540610557,7415.53818195178,6911.39337837624,7018.55486350486,6432.12863144433
"LPCHMCBP_00698",6514.19815195669,5934.57295233133,6068.96747272744,9344.37969821642,8851.97327682858,8625.6275258383
"LPCHMCBP_00699",59173.2131541663,73007.8086908701,67275.1079679777,20067.798717997,22616.4410415121,21864.5408042658
"LPCHMCBP_00700",5868.60596720169,6399.07279967385,6303.45480416474,3617.66439474096,3732.03381763848,3636.61836165463
"LPCHMCBP_00701",3024.90442560807,3166.5514884984,2882.11644083062,1676.36575247191,1899.60323751159,1882.88664219512
"LPCHMCBP_00702",56881.3153699232,57201.2584382087,58967.1327693321,11766.9538084139,11375.8870947392,11855.5679902841
"LPCHMCBP_00703",57447.6882033754,53234.0321155751,56320.4930579617,13867.9063318708,13472.0691384207,14105.6388756284
"LPCHMCBP_00704",136944.762519364,129374.955535505,137664.840912177,44545.7466757614,41785.344226074,43218.8662939231
"LPCHMCBP_00705",327180.473716846,330209.688169471,333499.359787196,114422.085587805,118138.923342153,121706.633059168
"LPCHMCBP_00706",10778.3846134626,10161.1600846678,11295.9572279311,1689.09178647963,1788.96591946619,1907.43675147544
"LPCHMCBP_00707",62569.6290203668,49418.6267547189,47901.7052807465,12833.6268406976,12010.0760071066,11959.1054076837
"LPCHMCBP_00708",26777.9618748591,29656.5982300377,31308.5110379829,6580.51649417544,6565.1394261581,6555.9465739016
"LPCHMCBP_00709",14682.8970087086,15132.392886674,15217.930990874,4164.88385707306,3734.99731722898,3742.29057116558
"LPCHMCBP_00710",48929.3315201835,54304.0084176248,54606.8556822258,11263.6970090176,11661.3708886242,11440.35092463
"LPCHMCBP_00711",26732.4335120415,27160.5893227224,26043.9241579075,4469.1517610759,4487.72621321641,4161.77722104239
"LPCHMCBP_00712",28630.0556742832,25349.5821358073,25979.6132864162,4843.99130821247,4991.5211436017,4879.06737045005
"LPCHMCBP_00713",88283.1377725481,71767.937503022,77012.7633097748,16401.5440115902,15686.7911657223,15145.2826338473
"LPCHMCBP_00714",40826.193505889,34375.6997919494,33912.6066343668,6880.15674944819,6974.10236964734,7228.40608897129
"LPCHMCBP_00715",10191.0687331142,13279.8156745103,14214.6813956106,2260.60640464466,2134.70753835806,2015.24375309773
"LPCHMCBP_00716",53767.1753531924,58736.638283802,51773.2197445194,9254.14054797984,9291.55904941967,9335.44590285631
"LPCHMCBP_00717",30881.8884992467,29330.3639014567,31184.8362851151,5092.72742745434,5124.87862517427,4997.548332629
"LPCHMCBP_00718",66453.1983687167,62585.4804040972,60546.2120139478,11731.0895307558,10622.1703655549,10425.2572756915
"LPCHMCBP_00719",36519.2103833345,33716.0015651789,36379.1759055617,5715.14618165026,5957.62201010525,5854.66736532893
"LPCHMCBP_00720",23467.1393307559,21852.2778377226,20517.1468017524,3049.6205131235,3452.47702293448,3265.16453428281
"LPCHMCBP_00721",31128.6522257187,33773.8381220464,36861.0127427345,4782.6749625389,5497.29174038066,5260.12776232288
"LPCHMCBP_00722",43805.5695686794,42712.2972466862,42093.9388860758,8543.79646791238,8323.48251652244,8716.35619056993
"LPCHMCBP_00723",43920.30104298,40645.5440348723,39831.185607607,6706.61992207015,6649.10524788898,6883.63716299112
"LPCHMCBP_00724",58646.9052799937,56942.8013247068,54844.3112077319,10613.5123624412,9581.98200928883,10347.3373636278
"LPCHMCBP_00725",12262.6092413196,12410.4599290949,12022.1753767707,1964.43688591946,2065.55921457969,1961.87395031442
"LPCHMCBP_00726",49107.8027024289,40494.626769296,46022.8384351793,6814.21275504454,6882.23388234178,6283.76057970673
"LPCHMCBP_00727",152870.583832995,142603.260526555,139602.082241098,22707.8723185083,21798.5151545337,21668.1399300232
"LPCHMCBP_00728",46898.766538514,45385.4306094083,45214.5002504355,5870.17241410798,5809.44703058017,6175.95357808445
"LPCHMCBP_00729",20645.2914033148,15618.5814428419,17264.9955003414,3147.95804863772,2842.98394048797,2935.33915308196
"LPCHMCBP_00730",19368.6761099065,16836.7639218646,18874.7460836683,3673.19617950194,3267.75221512654,3067.69626398457
"LPCHMCBP_00731",25984.8577945748,27577.193271409,27117.4210127998,5259.32278173726,5363.93425880808,5331.64329805251
"LPCHMCBP_00732",22254.2637452924,21587.4948508133,22360.3953184937,3573.70173180519,4016.52977832664,3770.04286861291
"LPCHMCBP_00733",80554.2429006151,64488.6646035201,73263.9342008468,14551.6414317403,14342.3501848314,13986.0905173938
"LPCHMCBP_00734",95957.3986090998,94224.7880992506,89657.2700429761,20131.4288880357,18298.6221381512,19518.4042739115
"LPCHMCBP_00735",2718.95382747312,2430.03908463818,2378.51284715304,3131.76127808244,2945.71859295869,3070.89845215157
"LPCHMCBP_00736",3265.29418128553,3008.40465331369,2957.31069057423,3871.02816271291,3583.85883811339,3549.09188509001
"LPCHMCBP_00737",1405.00527655426,1365.48495979483,1354.48589340787,1893.86524278572,1922.32340103877,1874.34747374979
"LPCHMCBP_00738",1191.02197131106,1149.50156774257,1034.91033199754,643.243173481284,601.590416871845,597.741791173054
"LPCHMCBP_00739",1281.16812969011,1143.17569433518,1135.82893033764,763.562040463395,822.865052962639,808.018814139289
"LPCHMCBP_00740",224.910112319444,190.679898422706,233.497933414359,163.124617735362,194.603139776278,189.996497908578
"LPCHMCBP_00741",142.959059247582,152.724657978376,129.611141005428,149.241671545118,156.077645099756,154.772428071594
"LPCHMCBP_00742",26.4064504342667,29.8219746348308,29.681940688266,37.0211898406494,49.391659841695,45.8980303936452
"LPCHMCBP_00743",58.2763044066576,71.3919998833829,73.2154536977227,577.299179077627,562.077088998489,505.945730385764
"LPCHMCBP_00744",50.0811990994713,47.8958986559404,43.5335130094567,1472.74920834834,1542.99545345455,1498.6240621553
"LPCHMCBP_00745",81.9510530718622,84.0437466981596,70.2472596288961,21.9813314678856,24.6958299208475,19.213129001991
"LPCHMCBP_00746",50.0811990994713,29.8219746348308,39.5759209176879,20.8244192853653,20.7444971335119,16.0109408349925
"LPCHMCBP_00747",3822.56134217419,3837.09406968157,3682.53944139086,5186.43731423848,4981.64281163336,4907.88706395304
"LPCHMCBP_00748",5970.58949991334,6790.37325473087,7312.64078756579,4735.24156305557,4316.83107016414,4435.03061129293
"LPCHMCBP_00749",2329.23104175359,2280.92921146403,2413.14177795602,2350.84555488124,2466.61949249425,2417.65206608387
"LPCHMCBP_00750",37446.1678503029,38187.4903680014,36265.3951329233,37979.1131277762,37761.8996153695,37341.7836114252
"LPCHMCBP_00751",6699.95387225291,6331.29558459469,6265.85767929294,6273.93476580756,6528.58959787525,6000.9006249552
"LPCHMCBP_00752",10668.2059754438,10137.6639834404,9656.52470391585,7587.03009296809,7106.47201802308,7128.07085973867
"LPCHMCBP_00753",8826.12841583956,7863.96434158478,9521.96657279572,3655.84249676413,3524.58884630336,3355.89319901443
"LPCHMCBP_00754",22.7641814088506,23.4961012274425,40.5653189406301,78.6700284113801,100.758986077058,65.1111593956362
"LPCHMCBP_00755",2550.49888504762,2079.40495862866,2195.47421290874,7000.4756164303,6462.40477368738,6709.65160591753
"LPCHMCBP_00756",3497.48883165581,3086.12252660446,3163.10547934621,7180.95391690347,6795.3045610204,7118.46429523767
"LPCHMCBP_00757",1688.19169328036,1583.2757442492,1686.92362911645,3423.30314807755,3657.94632787593,3636.61836165463
"LPCHMCBP_00758",1822.95564722076,1725.15604781491,1723.53135596531,3188.44997502593,3150.20006470331,3608.86606420731
"LPCHMCBP_00759",11983.065093619,11538.3930950764,11861.892897054,50606.8095999853,52213.8992850495,53537.383964048
"LPCHMCBP_00760",2722.59609649853,2861.10217254165,2738.65372750401,1980.63365647474,1922.32340103877,1911.70633569811
"LPCHMCBP_00761",14794.8967812402,14579.3308116281,14622.3133810627,16853.8966749557,16037.4719505984,15595.7237693384
"LPCHMCBP_00762",2288.25551521766,2052.29407259699,1986.71123006793,1529.43790529183,1661.53543707462,1627.77898489091
"LPCHMCBP_00763",4469.06409418555,3956.38196822089,4150.52470624252,3492.71787902877,3611.51816762474,3565.102825925
"LPCHMCBP_00764",6772.79925276123,6386.42105285907,6283.6668437059,6192.95091303114,6027.75816708046,5805.56714676829
"LPCHMCBP_00765",526.307874172626,562.099037056508,630.24654061418,1921.63113516621,2195.95319656176,2089.96147699436
"LPCHMCBP_00766",81.0404858155082,76.8141770897158,83.1094339271447,4810.44085491939,4932.25115179166,5112.82710664094
"LPCHMCBP_00767",185.755720296221,171.702278200541,142.473315303677,9719.219245353,8714.66446246867,10068.746993099
"LPCHMCBP_00768",129.300550402271,147.302480772043,107.8443845007,6057.59218767626,5554.58606579702,6336.06298643437
"LPCHMCBP_00769",333.267615825573,317.197366570473,287.91482467618,18737.3497080987,18353.9407971739,21506.9631256176
"LPCHMCBP_00770",27.3170176906207,38.8589366453856,33.6395327800347,10.4122096426827,12.8418315588407,14.9435447793264
"LPCHMCBP_00771",81.0404858155082,75.9104808886603,80.1412398583181,53.2179603959336,45.4403270543594,60.8415751729716
"LPCHMCBP_00772",81.9510530718622,99.4065821161028,95.9716082253932,21.9813314678856,23.7079967240136,26.6849013916542
"LPCHMCBP_00773",12.7479415889563,14.4591392168877,12.8621742982486,5.78456091260147,5.9269991810034,4.26958422266467
"LPCHMCBP_00774",2266.40190106517,2646.02247669044,2493.28301781434,5076.53065689905,4882.85949194997,4605.81398019951
"LPCHMCBP_00775",1537.03752872559,1409.76607364655,1484.0970344133,3825.90858759462,3718.2041528828,3751.89713566658
"LPCHMCBP_00776",13.6585088453104,9.94065821161028,17.8091644129596,6.94147309512177,4.9391659841695,9.60656450099551
"LPCHMCBP_00777",55.5446026375955,57.8365568675507,53.4274932388787,18.5105949203247,13.8296647556746,22.4153171689895
"LPCHMCBP_00778",130.211117658625,147.302480772043,138.515723211908,53.2179603959336,59.269991810034,59.7741791173054
"LPCHMCBP_00779",2.73170176906207,4.5184810052774,0,1.1569121825203,0.9878331968339,2.13479211133234
"LPCHMCBP_00780",16252.714958663,15360.12432934,16191.4986454491,3128.29054153488,3349.74237046376,3415.66737813174
"LPCHMCBP_00781",362.405768028902,322.619543776806,302.755795020313,210.558017218694,204.481471744617,248.703280970217
"LPCHMCBP_00782",519.933903378148,561.195340855453,547.137106687036,225.597875591458,279.556794703994,297.803499530861
"LPCHMCBP_00783",1644.48446497537,1649.24556692625,1642.40071808405,1295.74164442273,1185.39983620068,1226.43806796043
"LPCHMCBP_00784",106.536368993421,128.324860549878,122.685354844833,111.063569521948,99.7711528802239,101.402625288286
"LPCHMCBP_00785",2093.3941223579,1874.26592098906,1925.36855264552,1451.92478906297,1435.32163499966,1455.92821992865
"LPCHMCBP_00786",926.046899712043,957.917973118809,1038.86792408931,2847.16088118245,2707.65079252172,2838.20611201634
"LPCHMCBP_00787",509.917663558254,524.143796612178,461.059478691064,28819.8393787631,31769.7034433751,30316.1827730305
"LPCHMCBP_00788",43399.4565723455,48943.2825529637,51787.0713168405,10025.8009737209,9809.18364456063,10097.5666866019
"LPCHMCBP_00789",1044.42064303807,1153.11635254679,1146.71230859001,288.071133447553,310.179623805845,282.859954751535
"LPCHMCBP_00790",1725.52495079088,1491.09873174154,1534.55633358335,637.458612568682,559.113589407988,564.652513447403
"LPCHMCBP_00791",1997.78456044073,2001.68708533789,1993.63701622853,1288.80017132761,1202.19300054686,1284.0774549664
"LPCHMCBP_00792",1335.80216507135,1191.07159299112,1281.27043971015,562.259320704863,529.478593502971,548.64157261241
"LPCHMCBP_00793",576.389073272097,558.484252252286,568.903863191764,322.778498923162,314.13095659318,306.34266797619
"LPCHMCBP_00794",7681.54537460255,7761.84667086552,7272.07546862516,4080.42926774908,4168.65609063906,4063.5767839211
"LPCHMCBP_00795",6184.57280515653,5584.84252252286,5373.42066259908,4111.66589667713,3962.19895250077,4041.16146675211
"LPCHMCBP_00796",2514.98676204982,2366.7803505643,2092.57681852275,1357.05799009631,1316.78165137959,1415.36716981334
"LPCHMCBP_00797",2388.41791341661,2819.5321472931,2741.62192157283,453.509575547956,384.267113568387,430.160610433466
"LPCHMCBP_00798",1189.20083679836,1142.27199813413,1180.35184137004,661.753768401609,708.276402129907,647.909405789364
"LPCHMCBP_00799",1203.76991290002,1254.33032706501,1188.26702555358,3090.11243951171,3016.84258313073,2958.82186630662
"LPCHMCBP_00800",2701.65304960239,3005.69356471053,3081.97484146495,2092.85413817921,2101.12120966571,2071.81574404803
"LPCHMCBP_00801",5505.28963191643,5002.86216904314,4952.92650284864,4237.76932457184,3894.03846191924,3919.47831640617
"LPCHMCBP_00802",1951.34563036667,1779.37781987824,1800.7044017548,1642.81529917882,1365.18547802445,1432.445506704
"LPCHMCBP_00803",4582.88500122981,4438.05204338346,4569.04006994707,4472.62249762346,3976.02861725645,4239.69713310602
"LPCHMCBP_00804",5132.86762406764,5311.02257360305,4286.0722353856,14142.0945191281,13171.7678465832,15054.5539691156
"LPCHMCBP_00805",28.2275849469748,54.2217720633288,60.3532793994741,84.4545893239815,120.515650013736,78.9873081192964
"LPCHMCBP_00806",2257.29622850163,2402.92819860652,2444.80251469017,13827.4144054826,13866.2145839575,13817.4419405985
"LPCHMCBP_00807",761.234226311964,870.259441616427,896.394608785632,1852.21640421499,1950.97056374695,1778.28182873984
"LPCHMCBP_00808",1079.02219877952,1111.54632729824,1290.17502191663,1837.17654584223,2291.77301665465,2004.56979254106
"LPCHMCBP_00809",4352.51148537224,4286.23108160614,4415.68337639103,6453.25615409821,5792.65386623399,5825.84767182594
"LPCHMCBP_00810",7048.7011314365,6797.60282433932,6918.86037443479,9291.16173782049,8733.43329320851,9075.00126527376
"LPCHMCBP_00811",1679.08602071682,1593.21640246081,1700.77520143764,2778.90306241375,2823.22727655129,2791.24068556703
"LPCHMCBP_00812",814.957694436852,795.252656928822,917.171967267418,799.426318121524,687.531904996395,753.581615300315
"LPCHMCBP_00813",965.201291735266,959.725365520919,919.150763313302,637.458612568682,568.991921376327,627.628880731707
"LPCHMCBP_00814",1750.11026671244,1647.43817452414,1631.51733983168,1982.94748083979,1833.41841332372,1776.1470366285
"LPCHMCBP_00815",1591.67156410683,1558.8759468207,1644.37951412993,2415.63263710238,2247.32052279712,2367.48445146756
"LPCHMCBP_00816",1460.54987919186,1475.7358963236,1600.84600112048,460.451048643077,517.624595140964,517.687086998091
"LPCHMCBP_00817",27232.3349357798,25610.7503379123,20036.2993626025,10704.9084248603,11504.3054103276,12191.797747819
"LPCHMCBP_00818",20475.0153263766,20155.1363721404,20264.8503059021,26396.1083563831,24679.0367565013,24860.7215325207
"LPCHMCBP_00819",91.0567256354024,93.0807087087144,93.9928121795088,82.1407649589409,86.9293213213832,103.537417399618
"LPCHMCBP_00820",7150.68466414815,6979.24576075147,6867.4116772418,7897.08255788353,7926.37357139522,7889.12424742865
"LPCHMCBP_00821",970.66469527339,951.59209971142,944.875111909799,1043.53478863331,977.954864865561,970.263014600547
"LPCHMCBP_00822",2830.95360000466,2730.96991958966,2868.26486850943,5519.62802280433,5746.2257059828,5794.89318621163
"LPCHMCBP_00823",888.713642201528,855.800302399539,886.50062855621,3007.97167455277,2782.7261154811,2869.16059763066
"LPCHMCBP_00824",2383.86507713484,2190.55959135848,2139.07852560103,10515.174826927,10242.8424179707,10299.3045411229
"LPCHMCBP_00825",1983.21548433907,2197.78916096693,2111.37538095865,2472.32133404587,2336.22551051217,2278.89057884727
"LPCHMCBP_00826",753.039121004778,788.926783521434,785.582030216105,925.529746016236,864.354047229663,880.601745924589
"LPCHMCBP_00827",5100.99777009524,5173.66075104262,5603.95040194461,2001.45807576011,1859.1020764414,1808.16891829849
"LPCHMCBP_00828",7.2845380508322,6.32587340738836,8.90458220647978,1.1569121825203,3.9513327873356,2.13479211133234
"LPCHMCBP_00829",0.910567256354024,2.71108860316644,0.989398022942198,1.1569121825203,1.9756663936678,2.13479211133234
"LPCHMCBP_00830",13.6585088453104,18.0739240211096,14.840970344133,3.47073654756088,9.878331968339,3.2021881669985
"LPCHMCBP_00831",616.454032551675,501.551391585791,524.380952159365,301.954079637797,247.946132405309,250.838073081549
"LPCHMCBP_00832",793.104080284355,817.845061955209,802.401796606123,500.942975031288,529.478593502971,553.978552890741
"LPCHMCBP_00833",1290.27380225365,1346.50733957266,1309.96298237547,726.540850622745,691.48323778373,676.72909929235
"LPCHMCBP_00834",574.567938759389,536.795543426955,596.607007834146,244.108470511782,234.116467649634,284.994746862867
"LPCHMCBP_00835",662.89296262573,647.950176156779,575.829649352359,1742.30974687556,1633.87610756327,1590.42012294259
"LPCHMCBP_00836",54.6340353812415,45.184810052774,49.4699011471099,86.7684136890221,92.8563205023866,85.3916844532934
"LPCHMCBP_00837",6929.41682085413,6663.85578658311,6520.13297118909,2915.41869995114,3087.96657330277,2978.03499530861
"LPCHMCBP_00838",4772.28299055144,4973.04019440831,4688.75723072308,2235.15433662921,2198.91669615226,2001.36760437406
"LPCHMCBP_00839",26747.9131553995,27282.5883098649,27754.5933395745,7361.43221737664,7198.34050532863,7361.83059592956
"LPCHMCBP_00840",428.877177742746,430.159391702408,414.557771612781,549.53328669714,527.502927109303,597.741791173054
"LPCHMCBP_00841",2512.25506028075,2635.17812227778,2595.19101417739,3849.04683124502,3736.97298362265,3812.73871083955
"LPCHMCBP_00842",568.193967964911,619.935593924059,661.907277348331,888.508556175586,920.660539449195,913.69102365024
"LPCHMCBP_00843",122.016012351439,164.472708592097,162.261275762521,477.804731380882,502.807097188455,489.934789550771
"LPCHMCBP_00844",826.795068769454,788.926783521434,746.006109298418,3721.78649116779,3473.22152006799,3281.1754751178
"LPCHMCBP_00845",7615.98453214506,7489.83411434782,7144.44312366561,6659.18652258682,6721.21707125786,6831.33475626348
"LPCHMCBP_00846",5423.33857884457,4672.10935945683,4684.79963863131,1626.61852862353,1641.77877313794,1636.31815333624
"LPCHMCBP_00847",394.275622001293,462.692454940406,467.98526485166,666.38141713169,778.412559105113,644.707217622365
"LPCHMCBP_00848",604.616658219072,651.564960961001,711.377178495441,1358.21490227883,1203.18083374369,1191.21399812344
"LPCHMCBP_00849",30.9592867160368,31.6293670369418,37.5971248718035,20.8244192853653,19.756663936678,25.617505335988
"LPCHMCBP_00850",44.6177955613472,44.2811138517185,50.4592991700521,34.7073654756088,27.6593295113492,37.3588619483159
"LPCHMCBP_00851",151.154164554768,140.976607364655,124.664150890717,164.281529917882,179.78564182377,194.266082131243
"LPCHMCBP_00852",425.234908717329,450.040708125629,415.547169635723,738.109972447948,688.519738193229,711.953169129334
"LPCHMCBP_00853",134.763953940396,136.458126359377,142.473315303677,303.110991820317,242.019133224306,259.377241526879
"LPCHMCBP_00854",677.462038727394,723.860657045439,714.345372564267,1545.63467584711,1517.31179033687,1544.52209254895
"LPCHMCBP_00855",11848.3011396786,12066.1516764928,11811.433597884,6642.98975203153,6415.97661343618,6212.2450439771
"LPCHMCBP_00856",195.771960116115,200.620556634317,216.678167024341,242.951558329262,207.444971335119,216.681399300232
"LPCHMCBP_00857",3666.85434133766,3753.95401918446,3560.84348456897,4225.04329056412,3893.0506287224,4248.23630155135
"LPCHMCBP_00858",7675.17140380807,7201.55502621112,6847.62371678295,15633.3543223967,14668.3351397866,15778.2484948573
"LPCHMCBP_00859",1750.11026671244,1741.42257943391,1893.70781591137,428.057507532509,477.123434070774,397.071332707814
"LPCHMCBP_00860",12268.0726448578,12690.6057514221,11847.0519267099,10675.9856202973,9341.9385424582,9936.38988219636
"LPCHMCBP_00861",2.73170176906207,6.32587340738836,2.9681940688266,0,3.9513327873356,1.06739605566617
"LPCHMCBP_00862",3084.09129727108,3067.1449063823,2951.37430243658,100553.022343751,99166.5989637616,111951.700506435
"LPCHMCBP_00863",59.1868716630116,75.0067846876048,76.1836477665493,175.850651743085,225.225968878129,181.457329463249
"LPCHMCBP_00864",707.510758187077,1202.81964360484,848.903503684406,541.434901419498,761.619394758937,751.446823188982
"LPCHMCBP_00865",82.8616203282162,87.6585315023815,77.1730457894915,116.84813043455,93.8441536992205,104.604813455284
"LPCHMCBP_00866",37.333257510515,35.2441518411637,39.5759209176879,20.8244192853653,31.6106622986848,34.1566737813174
"LPCHMCBP_00867",23.6747486652046,19.8813164232206,14.840970344133,23.1382436504059,22.7201635271797,24.5501092803219
"LPCHMCBP_00868",21.8536141524966,14.4591392168877,15.8303683670752,11.5691218252029,18.7688307398441,19.213129001991
"LPCHMCBP_00869",24.5853159215587,36.1478480422192,27.7031446423816,35.8642776581291,43.4646606606916,40.5610501153144
"LPCHMCBP_00870",305.040030878598,321.715847575751,314.628571295619,281.129660352432,322.033622167852,309.544856143189
"LPCHMCBP_00871",473.494973304093,418.411341088687,417.525965681608,1532.90864183939,1355.30714605611,1510.36541876763
"LPCHMCBP_00872",419.771505179205,356.056303215859,375.971248718035,1029.65184244306,868.305380016998,1110.09189789281
"LPCHMCBP_00873",324.161943262033,368.708050030636,349.257502098596,510.19827249145,494.904431613784,551.843760779409
"LPCHMCBP_00874",2.73170176906207,3.61478480422192,4.94699011471099,2.31382436504059,0.9878331968339,4.26958422266467
"LPCHMCBP_00875",539.055815761582,580.172961077618,623.320754453585,399.134702969502,385.254946765221,373.588619483159
"LPCHMCBP_00876",4714.00668614478,4598.90996717134,4359.28768908333,2828.65028626212,2573.30547775231,2674.89451549942
"LPCHMCBP_00877",2959.34358315058,2822.24323589626,2720.84456309105,1235.58221093168,1326.65998334793,1098.35054128049
"LPCHMCBP_00878",1517.0050490858,1566.10551642915,1574.13225450104,483.589292293483,430.695273819581,462.182492103451
"LPCHMCBP_00879",2478.56407179565,2263.75898364398,2168.7604662893,468.549433920719,502.807097188455,516.619690942425
"LPCHMCBP_00880",2110.69490022863,1874.26592098906,2054.97969365095,628.20331510852,598.626917281344,587.067830616392
"LPCHMCBP_00881",834.99017407664,877.489011224871,941.906917840973,740.423796812989,750.753229593764,814.423190473286
"LPCHMCBP_00882",507.185961789192,559.387948453342,518.444564021712,382.937932414218,417.85344226074,399.206124819147
"LPCHMCBP_00883",55264.1479226385,55137.216314998,53688.6943169354,19377.1221450324,18772.7820726314,19651.8287808698
"LPCHMCBP_00884",11311.977025686,11132.6335008025,11531.4339573913,2626.19065432107,2702.71162653755,2666.35534705409
"LPCHMCBP_00885",20418.5601564826,20944.9668518629,20269.7972960168,4097.78295048689,4189.40058777257,4584.46605908619
"LPCHMCBP_00886",89.2355911226944,84.9474428992151,89.0458220647978,59.002521308535,54.3308258258645,65.1111593956362
"LPCHMCBP_00887",150.243597298414,140.072911163599,156.324887624867,91.3960624191033,86.9293213213832,100.33522923262
"LPCHMCBP_00888",9.10567256354024,14.4591392168877,10.8833782523642,9.25529746016236,7.9026655746712,9.60656450099551
"LPCHMCBP_00889",415.218668897435,478.055290358349,473.921652989313,562.259320704863,560.101422604822,563.585117391737
"LPCHMCBP_00890",74.66651502103,65.96982267705,106.854986477757,1176.57968962314,1189.35116898802,1125.03544267214
"LPCHMCBP_00891",330.535914056511,288.279088136698,254.275291896145,962.550935856885,915.721373465026,797.344853582627
"LPCHMCBP_00892",541.787517530645,441.003746115074,467.98526485166,1321.19371243818,1216.02266530253,1130.37242295047
"LPCHMCBP_00893",15714.5697101578,14582.9455964323,13929.7347650032,25860.4580158762,24345.1491359715,24126.3530462224
"LPCHMCBP_00894",23.6747486652046,28.0145822327199,33.6395327800347,33.5504532930886,34.5741618891865,20.2805250576572
"LPCHMCBP_00895",32.7804212287449,25.3034936295534,26.7137466194394,64.7870822211365,70.1361569752069,64.0437633399701
"LPCHMCBP_00896",3352.70863789552,3423.20120959816,3723.10476033149,2406.37733964221,2439.94799617973,2220.18379578563
"LPCHMCBP_00897",239.479188421108,292.797569141975,311.660377226792,319.307762375601,431.683107016414,383.195183984154
"LPCHMCBP_00898",3138.72533265232,3313.85396927044,3243.24671920453,7915.59315280386,7322.8074881297,7429.07654743653
"LPCHMCBP_00899",1249.29827571772,1211.8566056154,1306.99478830664,3193.07762375601,2935.84026099035,2815.79079484735
"LPCHMCBP_00900",2548.67775053491,2425.52060363291,2352.78849855655,8734.68697802823,7918.47090582055,8394.00258175874
"LPCHMCBP_00901",7874.5856329496,8319.42722691675,8119.00017626368,2928.14473395887,3017.83041632757,2979.10239136427
"LPCHMCBP_00902",6586.13296520866,6699.09993842427,6538.93153362499,7135.83434178518,6985.95636800934,7183.57545463331
"LPCHMCBP_00903",446.177955613472,462.692454940406,494.699011471099,230.225524321539,281.532461097662,254.040261248548
"LPCHMCBP_00904",16.3902106143724,18.0739240211096,16.8197663900174,13.8829461902435,15.8053311493424,13.8761487236602
"LPCHMCBP_00905",7.2845380508322,16.2665316189986,16.8197663900174,3.47073654756088,9.878331968339,6.40437633399701
"LPCHMCBP_00906",1227.44466156523,1371.81083320222,1347.56010724727,996.101389149974,1013.51685995158,1004.41968838186
"LPCHMCBP_00907",190.308556577991,178.931847808985,227.561545276706,183.949037020727,241.031300027472,212.411815077567
"LPCHMCBP_00908",2006.89023300427,1961.92445249145,1949.11410519613,1798.99844381906,1997.39872399815,1785.7536011295
"LPCHMCBP_00909",193.950825603407,212.368607248038,185.017430290191,239.480821781701,215.34763690979,276.455578417537
"LPCHMCBP_00910",131.12168491498,156.339442782598,152.367295533099,120.318866982111,146.199313131417,112.076585844948
"LPCHMCBP_00911",0,1.80739240211096,0.989398022942198,0,0,0
"LPCHMCBP_00912",54.6340353812415,54.2217720633288,67.2790655600695,92.5529746016236,101.746819273892,89.6612686759581
"LPCHMCBP_00913",9.10567256354024,13.5554430158322,10.8833782523642,9.25529746016236,14.8174979525085,14.9435447793264
"LPCHMCBP_00914",0.910567256354024,0,0,0,0,2.13479211133234
"LPCHMCBP_00915",3.6422690254161,7.22956960844384,6.92578616059539,3.47073654756088,2.9634995905017,2.13479211133234
"LPCHMCBP_00916",4.55283628177012,5.42217720633288,7.91518418353759,8.09838527764206,9.878331968339,8.53916844532934
"LPCHMCBP_00917",0.910567256354024,2.71108860316644,0.989398022942198,1.1569121825203,0,0
"LPCHMCBP_00918",18.2113451270805,19.8813164232206,31.6607367341503,19.667507102845,16.7931643461763,19.213129001991
"LPCHMCBP_00919",99.2518309425887,120.191594740379,98.9398022942198,146.927847180077,136.320981163078,132.357110902605
"LPCHMCBP_00920",526.307874172626,469.018328347794,517.45516599877,414.174561342266,444.524938575255,442.96936310146
"LPCHMCBP_00921",712.063594468847,786.215694918267,808.338184743776,755.463655185753,796.193556648124,694.874832238675
"LPCHMCBP_00922",1837.52472332242,1792.93326289407,1762.11787886006,2517.44090916416,2470.57082528158,2371.75403569023
"LPCHMCBP_00923",81.9510530718622,102.117670719269,105.865588454815,65.9439944036568,65.1969909910374,72.5829317852994
"LPCHMCBP_00924",22.7641814088506,21.6887088253315,26.7137466194394,28.9228045630074,29.634995905017,22.4153171689895
"LPCHMCBP_00925",27.3170176906207,43.377417650663,23.7455525506128,21.9813314678856,22.7201635271797,19.213129001991
"LPCHMCBP_00926",99.2518309425887,125.613771946712,102.897394385989,108.749745156908,85.9414881245493,101.402625288286
"LPCHMCBP_00927",234.926352139338,206.946430041705,222.614555161995,231.382436504059,244.982632814807,293.533915308196
"LPCHMCBP_00928",2116.15830376675,2168.87088253315,2269.6790646294,2372.82688634912,2232.50302484462,2204.17285495064
"LPCHMCBP_00929",805.852021873312,1085.33913746763,908.267385060938,1825.60742401703,2017.15538793482,2025.91771365439
"LPCHMCBP_00930",206.698767192364,153.628354179432,233.497933414359,217.499490313815,201.517972154116,188.929101852912
"LPCHMCBP_00931",409.755265359311,435.581568908741,401.695597314533,253.363767971945,286.471627081831,249.770677025883
"LPCHMCBP_00932",4074.78847218426,4442.57052438874,3849.74770726809,4464.52411234582,4766.29517472357,4501.20916674423
"LPCHMCBP_00933",80.1299185591541,89.4659239044925,99.929200317162,91.3960624191033,63.2213245973696,82.1894962862949
"LPCHMCBP_00934",78.3087840464461,54.2217720633288,66.2896675371273,39.33501420569,57.2943254163662,61.9089712286377
"LPCHMCBP_00935",28.2275849469748,31.6293670369418,27.7031446423816,27.7658923804871,21.7323303303458,22.4153171689895
"LPCHMCBP_00936",135.67452119675,93.0807087087144,94.982210202451,104.122096426827,81.0023221403798,91.7960607872904
"LPCHMCBP_00937",234.015784882984,180.739240211096,169.187061923116,123.789603529672,139.28448075358,129.154922735606
"LPCHMCBP_00938",200.324796397885,144.591392168877,159.293081693694,157.34005682276,152.126312312421,152.637635960262
"LPCHMCBP_00939",11.8373743326023,13.5554430158322,7.91518418353759,8.09838527764206,10.8661651651729,6.40437633399701
"LPCHMCBP_00940",63.7397079447817,49.7032910580514,40.5653189406301,75.1992918638192,73.0996565657086,75.7851199522979
"LPCHMCBP_00941",382.43824766869,358.767391819025,344.310511983885,592.339037450391,561.089255801655,599.876583284386
"LPCHMCBP_00942",425.234908717329,485.284859966793,443.250314278105,386.408668961779,434.646606606916,430.160610433466
"LPCHMCBP_00943",1107.24978372649,1133.23503612357,1195.19281171418,2065.08824579873,2172.24519983775,2158.27482455699
"LPCHMCBP_00944",329.625346800157,327.138024782084,388.833423016284,541.434901419498,516.63676194413,502.743542218765
"LPCHMCBP_00945",150.243597298414,175.317063004763,143.462713326619,56.6886969434944,68.1604905815391,55.5045948946407
"LPCHMCBP_00946",18.2113451270805,21.6887088253315,25.7243485964972,6.94147309512177,6.9148323778373,12.808752667994
"LPCHMCBP_00947",10.9268070762483,14.4591392168877,10.8833782523642,6.94147309512177,5.9269991810034,6.40437633399701
"LPCHMCBP_00948",1.82113451270805,0.90369620105548,0,0,0,0
"LPCHMCBP_00949",448.909657382534,439.196353712963,447.207906369874,144.614022815037,128.418315588407,116.346170067612
"LPCHMCBP_00950",354.210662721715,364.189569025358,370.034860580382,99.4944476967454,91.8684873055527,90.7286647316243
"LPCHMCBP_00951",1489.68803139518,1336.56668136105,1286.21742982486,537.964164871937,464.281602511933,469.654264493114
"LPCHMCBP_00952",58.2763044066576,50.6069872591069,58.3744833535897,90.239150236583,115.576484029566,104.604813455284
"LPCHMCBP_00953",84.6827548409243,81.3326580949932,72.2260556747805,150.398583727638,118.539983620068,119.548358234611
"LPCHMCBP_00954",1331.24932878958,1483.8691621331,1495.9698106886,615.477281100797,636.164578761032,622.291900453376
"LPCHMCBP_00955",4020.15443680302,4040.42571491905,4357.30889303744,665.22450494917,635.176745564198,624.426692564708
"LPCHMCBP_00956",221.267843294028,236.768404676536,247.34950573555,203.616544123572,157.06547829659,214.5466071889
"LPCHMCBP_00957",614.632898038966,594.632100294506,461.059478691064,170.066090830483,230.165134862299,196.400874242575
"LPCHMCBP_00958",505.364827276484,493.418125776292,490.74141937933,1433.41419414265,1420.50413704715,1309.69496030239
"LPCHMCBP_00959",825.8845015131,875.68161882276,800.423000560238,2161.11195694791,2310.54184739449,2105.97241782935
"LPCHMCBP_00960",461.65759897149,495.225518178403,457.101886599296,1657.85515755158,1532.12928828938,1614.97023222291
"LPCHMCBP_00961",300.487194596828,277.434733724032,259.222282010856,1232.11147438411,1128.10551078431,1237.11202851709
"LPCHMCBP_00962",199.414229141531,214.175999650149,196.890206565497,370.211898406494,334.875453726692,359.712470759499
"LPCHMCBP_00963",49.1706318431173,40.6663290474966,34.6289308029769,113.377393886989,108.661651651729,71.5155357296333
"LPCHMCBP_00964",10.9268070762483,6.32587340738836,13.8515723211908,15.0398583727638,12.8418315588407,13.8761487236602
"LPCHMCBP_00965",2081.5567480253,2023.37579416322,1858.08948708545,1239.05294747924,1206.14433333419,1214.6967113481
"LPCHMCBP_00966",642.860482985941,610.898631913504,706.43018838073,739.266884630468,764.582894349439,792.007873304297
"LPCHMCBP_00967",49.1706318431173,67.777215079161,65.3002695141851,83.2976771414612,85.9414881245493,77.9199120636303
"LPCHMCBP_00968",112.910339787899,140.976607364655,123.674752867775,137.672549719915,112.612984439065,147.300655681931
"LPCHMCBP_00969",91.9672928917565,93.0807087087144,86.0776279959713,69.4147309512177,78.0388225498781,80.0547041749626
"LPCHMCBP_00970",307.77173264766,294.604961544086,297.808804905602,424.586770984948,449.464104559425,462.182492103451
"LPCHMCBP_00971",1310.30628189344,1405.24759264127,1380.21024200437,2435.30014420522,2398.45900191271,2389.89976863655
"LPCHMCBP_00972",543.608652043353,443.714834718241,517.45516599877,1152.28453379021,977.954864865561,959.589054043885
"LPCHMCBP_00973",266.796206111729,219.598176856482,270.10566026322,459.294136460557,411.926443079736,373.588619483159
"LPCHMCBP_00974",954.274484659018,871.163137817482,840.988319500869,1950.55393972922,1918.37206825143,1944.79561342376
"LPCHMCBP_00975",1038.95723949994,1075.39847925602,996.323809102794,1970.22144683206,2029.99721949367,1957.60436609175
"LPCHMCBP_00976",1065.36368993421,900.081416251258,1045.7937102499,2004.92881230767,1949.98273055012,1944.79561342376
"LPCHMCBP_00977",604.616658219072,766.334378495047,569.893261214706,482.432380110963,519.600261534632,596.674395117388
"LPCHMCBP_00978",582.763044066576,601.86166990295,523.391554136423,1266.81883985972,1194.29033497219,1363.0647630857
"LPCHMCBP_00979",176.650047732681,198.813164232206,156.324887624867,701.088782607299,608.505249249683,656.448574234693
"LPCHMCBP_00980",417.039803410143,399.433720866522,451.165498461642,77.5131162288598,72.1118233688747,81.1221002306288
"LPCHMCBP_00981",166.633807912786,187.065113618484,186.006828313133,504.413711578849,521.575927928299,536.900216000083
"LPCHMCBP_00982",427.056043230037,450.944404326684,441.27151823222,738.109972447948,699.385903358401,692.740040127343
"LPCHMCBP_00983",124.747714120501,124.710075745656,107.8443845007,34.7073654756088,47.4159934480272,37.3588619483159
"LPCHMCBP_00984",4.55283628177012,1.80739240211096,0.989398022942198,0,1.9756663936678,0
"LPCHMCBP_00985",0.910567256354024,1.80739240211096,2.9681940688266,3.47073654756088,1.9756663936678,3.2021881669985
"LPCHMCBP_00986",323.251376005679,283.760607131421,310.67097920385,177.007563925605,159.041144690258,178.25514129625
"LPCHMCBP_00987",1361.29804824927,1463.08414950882,1403.95579455498,904.705326730871,894.976876331514,814.423190473286
"LPCHMCBP_00988",10417.7999799464,10445.8243880003,10679.5622596381,7342.92162245631,7615.20611439254,8007.60520960759
"LPCHMCBP_00989",9834.12636862346,10005.7243380863,9871.22407489431,359.799688763812,350.680784876035,379.992995817156
"LPCHMCBP_00990",3325.3916202049,3260.53589340817,3512.3629814448,189.733597933328,203.493638547783,189.996497908578
"LPCHMCBP_00991",362.405768028902,365.093265226414,341.342317915058,40.4919263882103,48.4038266448611,43.7632382823129
"LPCHMCBP_00992",335.088750338281,272.916252718755,268.126864217336,33.5504532930886,42.4768274638577,23.4827132246557
"LPCHMCBP_00993",2355.63749218786,2533.06045155851,2674.34285601276,764.718952645915,722.106066885581,789.873081192964
"LPCHMCBP_00994",339.641586620051,429.255695501353,405.653189406301,220.970226861376,222.262469287628,195.333478186909
"LPCHMCBP_00995",61.9185734320737,62.3550378728281,57.3850853306475,64.7870822211365,32.5984954955187,45.8980303936452
"LPCHMCBP_00996",240.389755677462,216.887088253315,225.582749230821,264.932889797148,271.654129129323,291.399123196864
"LPCHMCBP_00997",479.868944098571,459.077670136184,423.462353819261,837.604420144694,825.828552553141,909.421439427575
"LPCHMCBP_00998",84.6827548409243,83.1400504971041,87.0670260189135,75.1992918638192,93.8441536992205,84.3242883976273
"LPCHMCBP_00999",2161.68666658445,2341.47685693475,2300.35040334061,4203.06195909623,4032.33510947598,4081.72251686743
"LPCHMCBP_01000",142.048491991228,150.917265576265,145.441509372503,164.281529917882,161.016811083926,172.918161017919
"LPCHMCBP_01001",429.7877449991,398.530024665467,402.684995337475,598.123598362992,568.004088179493,560.382929224738
"LPCHMCBP_01002",70.1136787392599,70.4883036823274,84.0988319500869,91.3960624191033,82.9779885340476,78.9873081192964
"LPCHMCBP_01003",163.902106143724,169.89488579843,160.282479716636,64.7870822211365,63.2213245973696,52.3024067276422
"LPCHMCBP_01004",374.243142361504,424.737214496075,447.207906369874,1289.95708351013,1317.76948457642,1331.04288141571
"LPCHMCBP_01005",712.974161725201,743.74197346866,746.99550732136,232.539348686579,302.276958231174,305.275271920524
"LPCHMCBP_01006",1690.01282779307,1668.22318714842,1868.97286533781,87.9253258715424,108.661651651729,88.5938726202919
"LPCHMCBP_01007",2891.96160618038,2786.09538785404,2929.60754593185,286.914221265033,258.812297570482,282.859954751535
"LPCHMCBP_01008",94.6989946608185,94.8881011108254,101.907996363046,92.5529746016236,80.0144889435459,81.1221002306288
"LPCHMCBP_01009",71.0242459956139,91.2733163066034,81.1306378812603,43.9626629357712,67.1726573847052,67.2459515069686
"LPCHMCBP_01010",143.869626503936,172.605974401597,176.112848083711,148.084759362598,126.442649194739,133.424506958271
"LPCHMCBP_01011",278.633580444331,307.256708358863,316.607367341503,251.049943606904,208.432804531953,228.42275591256
"LPCHMCBP_01012",176.650047732681,184.354025015318,170.176459946058,168.909178647963,155.089811902922,153.705032015928
"LPCHMCBP_01013",2553.23058681668,2450.82409726246,2447.770708759,3250.92323288203,3016.84258313073,3147.75096815953
"LPCHMCBP_01014",254.048264522773,237.672100877591,275.052650377931,382.937932414218,402.048111111397,385.329976095487
"LPCHMCBP_01015",885.071373176112,831.400504971041,826.147349156736,1822.13668746946,1850.2115776699,1827.38204730048
"LPCHMCBP_01016",767.608197106443,760.008505087658,718.302964656036,172.379915195524,173.858642642766,208.142230854903
"LPCHMCBP_01017",225.820679575798,221.405569258593,221.625157139052,21.9813314678856,21.7323303303458,19.213129001991
"LPCHMCBP_01018",397.007323770355,419.315037289743,474.911051012255,357.485864398771,434.646606606916,331.960173312178
"LPCHMCBP_01019",573.657371503035,557.580556051231,620.352560384758,490.530765388605,494.904431613784,523.024067276422
"LPCHMCBP_01020",1822.0450799644,1969.15402209989,1914.48517439315,1250.62206930444,1316.78165137959,1344.91903013937
"LPCHMCBP_01021",1262.04621730668,1108.83523869507,1132.86073626882,767.032777010956,775.449059514612,747.177238966318
"LPCHMCBP_01022",1077.20106426681,1178.41984617635,1094.27421337407,2058.1467727036,2167.30603385358,2072.8831401037
"LPCHMCBP_01023",1133.65623416076,1064.55412484336,1212.01257810419,155.02623245772,150.150645918753,137.694091180936
"LPCHMCBP_01024",2501.32825320451,2644.21508428833,2695.12021449455,459.294136460557,550.223090636483,599.876583284386
"LPCHMCBP_01025",6493.25510506055,6274.3627239282,6026.42335774093,2179.62255186824,2421.17916543989,2428.32602664053
"LPCHMCBP_01026",571.836236990327,594.632100294506,592.649415742377,299.640255272756,295.362125853336,309.544856143189
"LPCHMCBP_01027",8087.65837093644,8182.96910055737,8227.83395878732,17369.8795083597,16696.3566928866,16890.4751848614
"LPCHMCBP_01028",21.8536141524966,27.1108860316644,18.7985624359018,143.457110632517,143.235813540916,206.00743874357
"LPCHMCBP_01029",30.9592867160368,51.5106834601623,42.5441149865145,587.71138872031,516.63676194413,680.998683515015
"LPCHMCBP_01030",1202.85934564367,1291.38187130828,1103.17879558055,3287.94442272268,2921.02276303784,3730.54921455326
"LPCHMCBP_01031",1815.67110916992,1809.19979451307,1808.61958593834,754.306743003232,770.509893530442,777.06432852497
"LPCHMCBP_01032",469.852704278677,488.899644771014,554.062892847631,237.16699741666,267.702796341987,278.59037052887
"LPCHMCBP_01033",162.99153888737,179.83554401004,186.996226336075,92.5529746016236,100.758986077058,111.009189789281
"LPCHMCBP_01034",1036.22553773088,1000.39169456842,1011.16477944693,823.72147395445,808.047555010131,774.929536413638
"LPCHMCBP_01035",4877.90879228851,4806.7600934141,4604.65839877299,705.71643133738,730.008732460252,708.750980962336
"LPCHMCBP_01036",381.527680412336,440.100049914019,368.056064534498,661.753768401609,685.556238602727,655.381178179027
"LPCHMCBP_01037",376.064276874212,317.197366570473,317.596765364446,82.1407649589409,103.72248566756,104.604813455284
"LPCHMCBP_01038",1018.0141926038,700.364555817997,849.892901707348,300.797167455277,246.958299208475,289.264331085532
"LPCHMCBP_01039",1333.07046330229,921.770125076589,1237.73692670069,565.730057252424,559.113589407988,590.270018783391
"LPCHMCBP_01040",400.649592795771,265.686683110311,325.511949547983,239.480821781701,210.408470925621,231.624944079558
"LPCHMCBP_01041",4588.34840476793,2841.22085611843,3744.87151683622,3129.4474537174,2763.95728474125,3245.95140528082
"LPCHMCBP_01042",789.461811258939,525.047492813234,675.758849669521,295.012606542675,223.250302484461,292.46651925253
"LPCHMCBP_01043",3998.30082265052,3658.16222187258,3995.1892166406,919.745185103635,951.283368551046,916.893211817238
"LPCHMCBP_01044",1042.59950852536,1185.64941578479,1085.36963116759,655.969207489007,832.743384930978,801.614437805292
"LPCHMCBP_01045",2929.2948636909,2867.42804594904,2837.59352979822,3107.46612224951,2949.66992574603,2869.16059763066
"LPCHMCBP_01046",256.779966291835,225.92405026387,211.73117690963,2820.55190098448,2646.40513431802,2578.82887048946
"LPCHMCBP_01047",79.2193513028001,97.5991897139918,105.865588454815,1075.92832974387,1085.62868332046,1142.1137795628
"LPCHMCBP_01048",0,0,0,0,0,0
"LPCHMCBP_01049",143.869626503936,152.724657978376,155.335489601925,1918.16039861865,1984.55689243931,1828.44944335615
"LPCHMCBP_01050",8316.21075228131,8526.37365695845,8445.5015238346,4723.67244123036,4546.99620502644,4626.09450525717
"LPCHMCBP_01051",8593.93376546928,9502.36555409837,9323.09757018433,2569.50195737757,2294.73651624515,2596.97460343579
"LPCHMCBP_01052",6234.65400425601,7577.4926458502,7001.96980836194,2023.439407228,1980.60555965197,2051.53521899037
"LPCHMCBP_01053",9703.91525096484,10700.6667166979,10492.566033302,4557.07708694744,4836.43133169878,4490.53520618757
"LPCHMCBP_01054",647.413319267711,578.365568675507,557.031086916458,6688.10932714982,6591.81092247262,7329.80871425958
"LPCHMCBP_01055",566.372833452203,523.240100411123,519.433962044654,5177.18201677832,4633.92552634783,5152.32076070059
"LPCHMCBP_01056",516.291634352732,494.321821977347,517.45516599877,3533.20980541698,3184.77422659249,3836.22142406421
"LPCHMCBP_01057",417.039803410143,423.83351829502,397.738005222764,2747.6664334857,2352.03084166152,2659.95097072009
"LPCHMCBP_01058",648.323886524065,506.973568792124,481.836837172851,2745.35260912066,2476.49782446259,2821.12777512568
"LPCHMCBP_01059",886.89250768882,812.422884748876,800.423000560238,4800.0286452767,4174.58308982006,4755.24942799278
"LPCHMCBP_01060",1556.15944110903,1486.58025073626,1322.82515667372,7506.04624019167,6367.57278679132,7414.1330026572
"LPCHMCBP_01061",824.973934256746,703.075644421163,748.974303367244,3825.90858759462,3438.64735817881,3977.11770341214
"LPCHMCBP_01062",1605.33007295215,1426.03260526555,1476.18185022976,6088.82881660431,5201.92961452732,6069.21397251783
"LPCHMCBP_01063",2942.95337253621,3034.6118431443,2803.95399701819,5502.27434006652,5201.92961452732,5326.30631777418
"LPCHMCBP_01064",0.910567256354024,0,0.989398022942198,0,0,0
"LPCHMCBP_01065",18.2113451270805,16.2665316189986,15.8303683670752,3.47073654756088,0.9878331968339,1.06739605566617
"LPCHMCBP_01066",538.145248505228,514.203138400568,530.317340297018,655.969207489007,607.517416052849,615.887524119379
"LPCHMCBP_01067",475.316107816801,521.432708009012,486.783827287562,423.429858802428,358.583450450706,360.779866815165
"LPCHMCBP_01068",1440.51739955207,1460.37306090566,1485.08643243624,1521.33952001419,1468.90796369201,1519.97198326862
"LPCHMCBP_01069",283.186416726102,266.590379311367,273.073854332047,211.714929401214,194.603139776278,226.287963801228
"LPCHMCBP_01070",246.763726471941,224.116657861759,199.858400634324,99.4944476967454,88.904987715051,113.143981900614
"LPCHMCBP_01071",1525.20015439299,1834.50328814262,1560.28068217985,27.7658923804871,47.4159934480272,38.426258003982
"LPCHMCBP_01072",252.227130010065,257.553417300812,240.423719574954,278.815835987391,245.970466011641,259.377241526879
"LPCHMCBP_01073",588.2264476047,609.091239511393,643.108714912429,426.900595349989,389.206279552557,419.486649876804
"LPCHMCBP_01074",182.113451270805,166.280100994208,168.197663900174,72.8854674987786,92.8563205023866,97.1330410656213
"LPCHMCBP_01075",2124.35340907394,1979.0946803115,1971.8702597238,4144.0594377877,3595.7128364754,3838.35621617554
"LPCHMCBP_01076",1766.50047732681,1687.20080737058,1875.89865149841,3228.94190141414,3366.53553480993,3466.90238880371
"LPCHMCBP_01077",860.486057254553,794.348960727767,830.104941248504,684.892012052015,721.118233688747,634.033257065704
"LPCHMCBP_01078",682.925442265518,687.71280900322,662.896675371273,679.107451139413,699.385903358401,682.066079570681
"LPCHMCBP_01079",2593.29554609626,2380.33579358013,2139.07852560103,2340.43334523856,2528.85298389479,2258.61005378961
"LPCHMCBP_01080",1745.55743043066,1771.24455406874,1708.69038562118,2481.57663150603,2214.7220273016,2393.10195680355
"LPCHMCBP_01081",3829.84588022503,3692.50267751269,3630.10134617493,6796.85907230673,6326.0837925243,6048.93344746017
"LPCHMCBP_01082",7879.13846923137,8907.73345380386,9978.07906137207,4347.67598191127,4899.65265629615,4684.80128831881
"LPCHMCBP_01083",471.673838791385,471.72941695096,458.091284622238,1027.33801807802,959.186034125717,1118.63106633814
"LPCHMCBP_01084",1272.06245712657,1306.74470672622,1312.9311764443,340.132181660967,364.510449631709,370.38643131616
"LPCHMCBP_01085",398.828458283063,293.701265343031,396.748607199821,62.4732578560959,79.026655746712,84.3242883976273
"LPCHMCBP_01086",709.331892699785,658.794530569445,573.850853306475,848.016629787376,828.792052143642,845.377676087605
"LPCHMCBP_01087",890.534776714236,908.214682060757,819.22156299614,2675.93787816944,2643.44163472752,2816.85819090302
"LPCHMCBP_01088",1357.65577922385,1419.70673185816,1255.54609111365,3759.96459319096,3522.61317990969,3840.49100828687
"LPCHMCBP_01089",83.7721875845702,75.0067846876048,96.9610062483354,252.206855789424,251.897465192645,254.040261248548
"LPCHMCBP_01090",1227.44466156523,1126.00546651513,1033.9209339746,11309.9734963184,10262.5990819074,9130.5058601684
"LPCHMCBP_01091",227.641814088506,192.487290824817,185.017430290191,4098.9398626694,3687.58132378095,3498.9242704737
"LPCHMCBP_01092",142.959059247582,131.9396453541,153.356693556041,3188.44997502593,2833.10560851963,2670.62493127675
"LPCHMCBP_01093",1181.91629874752,1076.30217545708,1190.24582159946,490.530765388605,491.940932023282,458.980303936452
"LPCHMCBP_01094",227.641814088506,221.405569258593,198.869002611382,359.799688763812,357.595617253872,336.229757534843
"LPCHMCBP_01095",75.577082277384,51.5106834601623,68.2684635830117,364.427337493893,298.325625443838,350.105906258503
"LPCHMCBP_01096",29.1381522033288,21.6887088253315,22.7561545276706,19.667507102845,20.7444971335119,11.7413566123278
"LPCHMCBP_01097",765.787062593735,780.793517711934,670.81185955481,362.113513128852,385.254946765221,378.92559976149
"LPCHMCBP_01098",432.519446768162,436.485265109797,425.441149865145,316.993938010561,329.936287742523,313.814440365853
"LPCHMCBP_01099",20.0324796397885,28.0145822327199,21.7667565047284,16.1967705552841,31.6106622986848,36.2914658926497
"LPCHMCBP_01100",40.0649592795771,60.5476454707171,61.3426774224163,39.33501420569,47.4159934480272,41.6284461709806
"LPCHMCBP_01101",79.2193513028001,68.6809112802165,76.1836477665493,1313.09532716053,1073.77468495845,1173.06826517712
"LPCHMCBP_01102",216.715007012258,194.294683226928,200.847798657266,765.875864828435,689.507571390062,748.244635021984
"LPCHMCBP_01103",63.7397079447817,54.2217720633288,70.2472596288961,236.01008523414,214.359803712956,238.029320413555
"LPCHMCBP_01104",49.1706318431173,55.1254682643843,50.4592991700521,122.632691347151,110.637318045397,98.2004371212875
"LPCHMCBP_01105",47.3494973304093,42.4737214496075,46.5017070782833,94.8667989666642,92.8563205023866,81.1221002306288
"LPCHMCBP_01106",87.4144566099863,74.1030884865493,62.3320754453585,120.318866982111,133.357481572577,114.21137795628
"LPCHMCBP_01107",10.0162398198943,5.42217720633288,6.92578616059539,9.25529746016236,10.8661651651729,11.7413566123278
"LPCHMCBP_01108",95.6095619171726,76.8141770897158,89.0458220647978,67.1009065861771,70.1361569752069,74.7177238966318
"LPCHMCBP_01109",7.2845380508322,9.0369620105548,6.92578616059539,3.47073654756088,11.8539983620068,16.0109408349925
"LPCHMCBP_01110",6.37397079447817,3.61478480422192,2.9681940688266,2.31382436504059,2.9634995905017,3.2021881669985
"LPCHMCBP_01111",31.8698539723909,28.9182784337753,20.7773584817862,19.667507102845,25.6836631176814,32.021881669985
"LPCHMCBP_01112",11.8373743326023,9.0369620105548,11.8727762753064,0,4.9391659841695,5.33698027833084
"LPCHMCBP_01113",2125.26397633029,2378.52840117802,2146.99370978457,2104.42326000442,2208.7950281206,2137.99429949933
"LPCHMCBP_01114",2113.42660199769,2111.0343256656,2010.45678261855,2054.67603615604,2072.47404695752,1908.50414753111
"LPCHMCBP_01115",9261.37956437678,10339.1882362757,11076.3108668379,1883.45303314304,1967.76372809313,1914.90852386511
"LPCHMCBP_01116",8349.90174076641,6570.77507787439,6764.51428285581,1276.07413731989,1301.96415342708,1406.82800136801
"LPCHMCBP_01117",4524.60869682315,4502.2144736584,4394.90601790924,8631.72179378392,7958.97206689074,8075.91855717023
"LPCHMCBP_01118",2285.5238134486,2427.32799603502,2362.68247878597,3477.67802065601,3612.50600082157,3584.31595492699
"LPCHMCBP_01119",2125.26397633029,1776.66673127507,1632.50673785463,771.660425741037,772.48555992411,817.625378640285
"LPCHMCBP_01120",522.66560514721,506.069872591069,507.561185769348,230.225524321539,249.921798798977,242.29890463622
"LPCHMCBP_01121",2908.35181679475,2721.9329575791,2689.18382635689,1624.30470425849,1424.45546983448,1436.71509092666
"LPCHMCBP_01122",2000.51626220979,1601.34966827031,1596.88840902871,1417.21742358736,1279.2439898999,1322.50371297038
"LPCHMCBP_01123",145.690761016644,149.109873174154,172.155255991943,109.906657339428,79.026655746712,103.537417399618
"LPCHMCBP_01124",6383.98703429807,6828.3284951752,6773.41886506229,6607.1254743734,6649.10524788898,6738.47129942052
"LPCHMCBP_01125",2024.191010875,1728.77083261913,1755.19209269946,2657.42728324912,2565.40281217764,2633.26606932844
"LPCHMCBP_01126",7258.13160039793,6274.3627239282,6705.15040147928,8926.7344003266,8432.14416817417,8164.51242979052
"LPCHMCBP_01127",2877.39253007872,2880.98348896487,2872.2224606012,1066.67303228371,1031.29785749459,1094.08095705782
"LPCHMCBP_01128",1741.00459414889,1923.96921204712,1847.20610883308,1143.02923633005,1033.27352388826,1072.7330359445
"LPCHMCBP_01129",393.365054744939,371.419138633802,373.992452672151,565.730057252424,489.965265629615,499.541354051767
"LPCHMCBP_01130",268.617340624437,279.242126126143,256.254087942029,854.958102882498,732.972232050754,824.029754974282
"LPCHMCBP_01131",5527.14324606893,5953.5505725535,5897.80161475844,6294.75918509292,6685.65507617184,6891.10893538078
"LPCHMCBP_01132",96.5201291735266,98.5028859150473,97.9504042712776,2687.50699999464,2741.23712121407,2953.48488602829
"LPCHMCBP_01133",118.373743326023,107.539847925602,115.759568684237,3581.80011708283,3293.43587824422,3803.13214633856
"LPCHMCBP_01134",136.585088453104,151.820961777321,141.483917280734,654.812295306487,680.617072618557,685.26826773768
"LPCHMCBP_01135",926.046899712043,903.69620105548,821.200359042025,912.803712008513,982.894030849731,931.836756596565
"LPCHMCBP_01136",1267.5096208448,1188.36050438796,1242.6839168154,1310.78150279549,1118.22717881598,1077.00262016716
"LPCHMCBP_01137",5690.1347849563,5356.20738365583,5559.42749091221,8121.52352129247,7717.94076686326,7587.05116367512
"LPCHMCBP_01138",1799.28089855555,1584.17944045026,1776.95884920419,640.929349116243,620.359247611689,583.865642449394
"LPCHMCBP_01139",744.844015697592,872.066834018538,816.253368927314,1905.43436461093,1767.23358913585,1824.17985913348
"LPCHMCBP_01140",1150.04644477513,1286.863390303,1287.2068278478,192.047422298369,198.554472563614,196.400874242575
"LPCHMCBP_01141",128.389983145917,172.605974401597,165.229469831347,69.4147309512177,78.0388225498781,67.2459515069686
"LPCHMCBP_01142",1107.24978372649,1210.04921321329,1237.73692670069,1582.65586568776,1497.55512640019,1566.93740971793
"LPCHMCBP_01143",8729.60828666603,8051.02945520327,7429.38975427297,4632.27637881126,4096.54426727018,4367.78465978596
"LPCHMCBP_01144",1161.88381910774,959.725365520919,1020.06936165341,581.926827807708,530.466426699805,537.967612055749
"LPCHMCBP_01145",2667.05149386094,2460.76475547407,2419.07816609368,1641.6583869963,1464.95663090467,1410.03018953501
"LPCHMCBP_01146",1937.68712152136,2154.41174331626,2169.74986431224,407.233088247144,395.13327873356,425.891026210801
"LPCHMCBP_01147",2199.93049135132,2005.30187014211,1833.35453651189,768.189689193476,681.604905815391,703.414000684005
"LPCHMCBP_01148",3145.0993034468,2833.08759030893,3011.72758183605,2777.74615023123,2629.61196997184,2538.26782037415
"LPCHMCBP_01149",1811.11827288815,1914.02855383551,1906.56999020962,1781.64476108125,1871.94390800024,1699.29452062054
"LPCHMCBP_01150",4198.62561904841,3976.26328464411,3884.37663807107,7907.49476752622,7330.71015370437,7069.36407667703
"LPCHMCBP_01151",1984.12605159542,1913.12485763445,1958.01868740261,4182.23753981087,3919.72212503692,3735.88619483159
"LPCHMCBP_01152",1629.00482161735,1640.2086049157,1464.30907395445,2369.35614980156,2321.40801255967,2371.75403569023
"LPCHMCBP_01153",5791.2077504116,5608.33862375031,5246.77771566248,10208.5930985591,10964.9484848563,10055.938240431
"LPCHMCBP_01154",779.445571439045,889.237061838592,871.659658212077,1718.01459104264,1804.77125061554,1770.81005635017
"LPCHMCBP_01155",376.064276874212,405.75959427391,418.51536370455,395.663966421941,383.279280371553,324.488400922515
"LPCHMCBP_01156",133.853386684042,136.458126359377,128.621742982486,69.4147309512177,75.0753229593764,71.5155357296333
"LPCHMCBP_01157",459.836464458782,487.995948569959,460.070080668122,359.799688763812,316.106622986848,379.992995817156
"LPCHMCBP_01158",317.787972467555,312.678885565196,336.395327800347,319.307762375601,278.56896150716,341.566737813174
"LPCHMCBP_01159",10.9268070762483,6.32587340738836,9.89398022942198,3.47073654756088,1.9756663936678,3.2021881669985
"LPCHMCBP_01160",62.8291406884277,70.4883036823274,60.3532793994741,26.6089801979668,34.5741618891865,17.0783368906587
"LPCHMCBP_01161",19.1219123834345,22.592405026387,18.7985624359018,5.78456091260147,7.9026655746712,8.53916844532934
"LPCHMCBP_01162",59.1868716630116,62.3550378728281,72.2260556747805,10.4122096426827,15.8053311493424,19.213129001991
"LPCHMCBP_01163",1953.16676487938,2048.67928779277,1965.93387158615,1358.21490227883,1329.62348293843,1213.62931529243
"LPCHMCBP_01164",2060.61370112916,1976.38359170833,2035.1917331921,1779.33093671621,1774.14842151369,1580.81355844159
"LPCHMCBP_01165",7406.55406318363,7587.43330406181,7392.78202742411,8992.67839473025,8316.56768414461,8237.09536157582
"LPCHMCBP_01166",0,2.71108860316644,0.989398022942198,0,1.9756663936678,2.13479211133234
"LPCHMCBP_01167",267.706773368083,264.782986909256,294.840610836775,260.305241067066,232.140801255967,239.096716469222
"LPCHMCBP_01168",83.7721875845702,85.8511391002706,101.907996363046,70.571643133738,59.269991810034,60.8415751729716
"LPCHMCBP_01169",43.7072283049932,60.5476454707171,51.4486971929943,33.5504532930886,25.6836631176814,26.6849013916542
"LPCHMCBP_01170",109.268070762483,121.095290941434,105.865588454815,139.986374084956,156.077645099756,107.807001622283
"LPCHMCBP_01171",13380.7858321224,14597.4047356492,14051.4307218251,2292.99994575522,2384.62933715704,2208.4424391733
"LPCHMCBP_01172",90.1461583790484,108.443544126658,104.876190431873,276.50201162235,260.78796396415,241.231508580554
"LPCHMCBP_01173",1265.68848633209,1126.00546651513,1037.87852606637,2379.76835944425,2335.23767731534,2117.71377444168
"LPCHMCBP_01174",98.3412636862346,97.5991897139918,79.1518418353759,139.986374084956,131.381815178909,133.424506958271
"LPCHMCBP_01175",5.46340353812415,18.9776202221651,10.8833782523642,35.8642776581291,32.5984954955187,36.2914658926497
"LPCHMCBP_01176",16.3902106143724,24.399797428498,17.8091644129596,23.1382436504059,41.4889942670238,35.2240698369835
"LPCHMCBP_01177",106.536368993421,128.324860549878,118.727762753064,149.241671545118,142.247980344082,166.513784683922
"LPCHMCBP_01178",313.235136185784,373.226531035913,380.918238832746,446.568102452834,414.889942670238,465.384680270449
"LPCHMCBP_01179",247.674293728295,201.524252835372,276.042048400873,119.16195479959,132.369648375743,131.289714846939
"LPCHMCBP_01180",29.1381522033288,45.184810052774,42.5441149865145,25.4520680154465,24.6958299208475,29.8870895586527
"LPCHMCBP_01181",485.332347636695,508.780961194235,531.30673831996,957.923287126804,939.429370189039,930.769360540898
"LPCHMCBP_01182",1237.46090138512,1333.85559275789,1374.27385386671,3227.78498923162,3070.18557575976,3017.52864936826
"LPCHMCBP_01183",892.355911226944,982.317770547306,774.698651963741,3607.25218509828,3410.00019547062,4056.10501153144
"LPCHMCBP_01184",1.82113451270805,0.90369620105548,0.989398022942198,2.31382436504059,0.9878331968339,3.2021881669985
"LPCHMCBP_01185",145.690761016644,128.324860549878,119.717160776006,293.855694360155,273.62979552299,304.207875864858
"LPCHMCBP_01186",346.926124670883,310.871493163085,301.76639699737,307.738640550398,331.911954136191,334.094965423511
"LPCHMCBP_01187",471.673838791385,531.373366220622,491.730817402273,890.822380540627,1035.24919028193,964.926034322216
"LPCHMCBP_01188",578.210207784806,516.914227003734,512.508175884059,1108.32187085444,1139.95950914632,1099.41793733615
"LPCHMCBP_01189",126.568848633209,140.072911163599,131.589937051312,411.860736977225,372.41311520638,379.992995817156
"LPCHMCBP_01190",3648.64299621058,3324.69832368311,3716.1789741709,102.965184244306,122.491316407404,133.424506958271
"LPCHMCBP_01191",4967.1443834112,4932.37386536081,4910.38238786213,275.34509943983,268.690629538821,282.859954751535
"LPCHMCBP_01192",6361.22285288921,5885.77335747434,6026.42335774093,482.432380110963,474.159934480272,445.104155212792
"LPCHMCBP_01193",647.413319267711,724.764353246495,701.483198266019,616.634193283317,593.687751297174,532.630631777418
"LPCHMCBP_01194",1345.81840489125,1340.18146616528,1444.52111349561,1450.76787688045,1474.83496287301,1264.86432596441
"LPCHMCBP_01195",586.405313091992,573.84708767023,631.235938637123,304.267904002838,239.055633633804,280.725162640202
"LPCHMCBP_01196",644.681617498649,669.63888498211,678.727043738348,342.446006026007,330.924120939357,324.488400922515
"LPCHMCBP_01197",1029.8515669364,962.436454124086,1071.5180588464,313.523201463,342.778119301363,291.399123196864
"LPCHMCBP_01198",1503.34654024049,1698.04516178325,1629.5385437858,1206.65940636867,1207.13216653103,1228.57286007176
"LPCHMCBP_01199",85.5933220972783,81.3326580949932,88.0564240418556,116.84813043455,131.381815178909,119.548358234611
"LPCHMCBP_01200",935.152572275583,853.089213796373,872.649056235019,5407.40754109986,5027.08313868772,4974.06561940434
"LPCHMCBP_01201",3666.85434133766,3464.77123484671,3555.89649445426,710.344080067461,712.227734917242,830.434131308279
"LPCHMCBP_01202",5510.75303545456,4829.35249844048,4882.67924321975,1657.85515755158,1591.39928009941,1622.44200461258
"LPCHMCBP_01203",1445.98080309019,1326.62602314944,1406.92398862381,891.979292723147,893.001209937846,928.634568429566
"LPCHMCBP_01204",104.715234480713,78.6215694918267,96.9610062483354,49.7472238483727,55.3186590226984,49.1002185606437
"LPCHMCBP_01205",43.7072283049932,38.8589366453856,33.6395327800347,24.2951558329262,27.6593295113492,21.3479211133234
"LPCHMCBP_01206",114.731474300607,122.902683343545,143.462713326619,87.9253258715424,71.1239901720408,69.3807436183009
"LPCHMCBP_01207",113.820907044253,153.628354179432,118.727762753064,105.279008609347,102.734652470726,113.143981900614
"LPCHMCBP_01208",1585.29759331236,1620.32728849248,1552.36549799631,2075.50045544141,2177.18436582192,2046.19823871204
"LPCHMCBP_01209",608.258927244488,641.624302749391,660.917879325388,3614.1936581934,3396.17053071495,3251.28838555915
"LPCHMCBP_01210",178.471182245389,140.976607364655,152.367295533099,2672.46714162188,2904.22959869167,2774.16234867637
"LPCHMCBP_01211",588.2264476047,600.054277500839,513.497573907001,2339.27643305604,2132.73187196439,2237.26213267629
"LPCHMCBP_01212",4617.48655697126,4623.30976459983,4274.1994591103,4190.33592508851,4595.4000316713,4145.7662802074
"LPCHMCBP_01213",540.87695027429,511.492049797402,487.773225310504,927.843570381277,940.417203385873,914.758419705906
"LPCHMCBP_01214",765.787062593735,719.342176040162,737.101527091938,2711.80215582757,2534.77998307579,2776.2971407877
"LPCHMCBP_01215",1102.69694744472,1099.79827668452,1132.86073626882,1479.69068144346,1337.5261485131,1331.04288141571
"LPCHMCBP_01216",91.9672928917565,87.6585315023815,94.982210202451,91.3960624191033,90.8806541087188,93.9308528986228
"LPCHMCBP_01217",276.812445931623,240.383189480758,265.158670148509,197.83198321097,187.688307398441,209.209626910569
"LPCHMCBP_01218",805.852021873312,641.624302749391,650.034501073024,628.20331510852,615.42008162752,655.381178179027
"LPCHMCBP_01219",1490.59859865154,1259.75250427134,1287.2068278478,724.227026257705,716.179067704578,692.740040127343
"LPCHMCBP_01220",4563.76308884637,4290.74956261142,4085.22443672834,4264.37830476981,4007.63927955513,4012.34177324913
"LPCHMCBP_01221",941.526543070061,979.60668194414,939.928121795088,1033.12257899062,1091.55568250146,1038.57636216318
"LPCHMCBP_01222",1567.99681544163,1767.62976926452,1741.34052037827,1582.65586568776,1711.91493011315,1681.14878767421
"LPCHMCBP_01223",165.723240656432,225.020354062814,198.869002611382,92.5529746016236,96.8076532897222,88.5938726202919
"LPCHMCBP_01224",4110.30059518207,3917.5230315755,3800.27780612098,1620.83396771093,1640.79093994111,1665.13784683922
"LPCHMCBP_01225",4496.38111187617,4214.83908172276,4253.42210062851,2938.55694360155,2877.55810237715,2876.63237002032
"LPCHMCBP_01226",2439.40967977243,2598.1265780345,2689.18382635689,1901.96362806336,1834.40624652055,1902.09977119711
"LPCHMCBP_01227",1608.97234197756,1595.92749106398,1561.27008020279,367.898074041454,324.997121758353,371.453827371826
"LPCHMCBP_01228",2374.7594045713,2318.88445190836,2381.48104122187,596.966686180472,615.42008162752,596.674395117388
"LPCHMCBP_01229",505.364827276484,495.225518178403,468.974662874602,202.459631941052,196.578806169946,179.322537351916
"LPCHMCBP_01230",1245.65600669231,1038.34693501275,1104.16819360349,595.809773997952,571.955420966828,549.708968668077
"LPCHMCBP_01231",1380.4199606327,1555.26116201648,1411.87097873852,978.747706412169,956.222534535216,1050.31771877551
"LPCHMCBP_01232",4911.59978077361,4591.68039756289,4527.4853529835,4247.024622032,4012.5784455393,4021.94833775012
"LPCHMCBP_01233",495.348587456589,495.225518178403,503.603593677579,751.992918638192,746.801896806429,682.066079570681
"LPCHMCBP_01234",2537.75094345867,2406.54298341074,2427.98274830015,3092.42626387675,3123.52856838879,3083.70720481956
"LPCHMCBP_01235",513.55993258367,541.314024432232,566.92506714588,511.35518467397,512.685429156794,504.878334330097
"LPCHMCBP_01236",6635.30359705178,6803.02500154565,6644.7971220798,2172.68107877311,2069.51054736702,2062.20917954704
"LPCHMCBP_01237",500.811990994713,385.87827785069,339.363521869174,372.525722771535,400.07244471773,415.217065654139
"LPCHMCBP_01238",725.722103314157,572.039695268119,581.766037490013,1014.6119840703,999.687195195907,943.578113208893
"LPCHMCBP_01239",640.128781216879,641.624302749391,664.875471417157,1288.80017132761,1278.25615670307,1218.96629557076
"LPCHMCBP_01240",973.396397042452,901.888808653369,1003.24959526339,1429.94345759508,1389.8813079453,1343.85163408371
"LPCHMCBP_01241",578.210207784806,583.78774588184,575.829649352359,1224.01308910647,1247.63332760122,1110.09189789281
"LPCHMCBP_01242",6153.6135184405,5575.80556051231,5403.10260328735,2510.49943606904,2384.62933715704,2340.79955007591
"LPCHMCBP_01243",34.6015557414529,31.6293670369418,27.7031446423816,71.7285553162583,47.4159934480272,70.4481396739671
"LPCHMCBP_01244",103.804667224359,144.591392168877,115.759568684237,123.789603529672,121.50348321057,128.08752667994
"LPCHMCBP_01245",742.11231392853,785.311998717212,739.080323137822,2122.93385492474,1921.33556784194,1913.84112780944
"LPCHMCBP_01246",408.844698102957,411.181771480243,396.748607199821,403.762351699583,414.889942670238,404.543105097478
"LPCHMCBP_01247",912.388390866732,828.689416367875,796.46540846847,776.288074471118,807.059721813297,1019.36323316119
"LPCHMCBP_01248",1770.14274635222,1724.25235161386,1866.00467126899,3418.67549934747,3294.42371144106,3296.11901989713
"LPCHMCBP_01249",931.510303250167,836.822682177374,858.797483913828,1525.96716874427,1464.95663090467,1429.243318537
"LPCHMCBP_01250",427.056043230037,456.366581533017,434.345732071625,646.713910028845,617.395748021188,566.787305558735
"LPCHMCBP_01251",709.331892699785,643.431695151502,704.451392334845,851.487366334937,874.232379198002,896.612686759581
"LPCHMCBP_01252",1153.68871380055,1122.39068171091,1008.1965853781,1431.1003697776,1501.50645918753,1416.434565869
"LPCHMCBP_01253",743.022881184884,787.119391119323,786.571428239048,1153.44144597273,1202.19300054686,1147.45075984113
"LPCHMCBP_01254",580.941909553868,521.432708009012,540.21132052644,128.417252259753,125.454815997905,102.470021343952
"LPCHMCBP_01255",1440.51739955207,1074.49478305497,1092.29541732819,770.503513558516,741.862730822259,687.403059849012
"LPCHMCBP_01256",682.014875009164,568.424910463897,603.532793994741,504.413711578849,495.892264810618,485.665205328106
"LPCHMCBP_01257",985.233771375054,825.074631563653,855.829289845002,640.929349116243,662.836075075547,655.381178179027
"LPCHMCBP_01258",2239.9954506309,2023.37579416322,1985.72183204499,1446.14022815037,1697.09743216064,1575.47657816326
"LPCHMCBP_01259",7945.60987894522,8355.57507495897,7858.78849622988,3762.278417556,3716.22848648913,3603.52908392898
"LPCHMCBP_01260",168.454942425495,150.917265576265,138.515723211908,5353.0326685214,4530.20304068027,5195.01660292724
"LPCHMCBP_01261",77.3982167900921,62.3550378728281,56.3956873077053,1777.01711235117,1673.38943543663,1838.05600785714
"LPCHMCBP_01262",122.926579607793,142.783999766766,105.865588454815,1650.91368445646,1651.65710510628,1935.18904892276
"LPCHMCBP_01263",130.211117658625,115.673113735101,114.770170661295,312.36628928048,283.508127491329,353.308094425502
"LPCHMCBP_01264",268.617340624437,287.375391935643,281.978436538527,144.614022815037,135.333147966244,135.559299069603
"LPCHMCBP_01265",242.21089019017,210.561214845927,239.434321552012,76.3562040463395,83.9658217308815,62.9763672843039
"LPCHMCBP_01266",246.763726471941,206.042733840649,179.081042152538,62.4732578560959,82.9779885340476,77.9199120636303
"LPCHMCBP_01267",408.844698102957,520.529011807956,526.35974820525,314.68011364552,282.520294294495,304.207875864858
"LPCHMCBP_01268",61.9185734320737,70.4883036823274,67.2790655600695,11.5691218252029,16.7931643461763,6.40437633399701
"LPCHMCBP_01269",166.633807912786,190.679898422706,174.134052037827,63.6301700386162,60.2578250068679,76.8525160079641
"LPCHMCBP_01270",33.6909884850989,37.9552404443301,51.4486971929943,19.667507102845,20.7444971335119,17.0783368906587
"LPCHMCBP_01271",525.397306916272,481.670075162571,492.720215425215,393.3501420569,412.91427627657,377.858203705823
"LPCHMCBP_01272",1706.40303840744,1714.31169340225,1711.65857969,968.335496769487,1018.45602593575,976.667390934544
"LPCHMCBP_01273",3.6422690254161,2.71108860316644,4.94699011471099,1.1569121825203,1.9756663936678,3.2021881669985
"LPCHMCBP_01274",8364.47081686807,8266.10915105447,8182.32164973198,7851.96298276524,7711.02593448543,9736.78681978678
"LPCHMCBP_01275",36765.9741098064,36700.0064210641,36905.5356537669,44450.8798767948,43575.297978737,50813.3892299879
"LPCHMCBP_01276",328.714779543803,328.041720983139,364.098472442729,255.677592336985,281.532461097662,274.320786306205
"LPCHMCBP_01277",7353.7411623151,6977.43836834936,7008.89559452253,1464.65082307069,1402.72313950414,1432.445506704
"LPCHMCBP_01278",186935.815460456,203893.744274539,194551.269639262,40105.5177192485,44380.3820341566,40566.3870955927
"LPCHMCBP_01279",5514.39530447997,4936.89234636609,4465.15327753814,4443.69969306045,4174.58308982006,4534.29844446988
"LPCHMCBP_01280",2737.1651726002,2485.16455290257,2326.07475193711,2239.78198535929,2159.40336827891,2249.00348928862
"LPCHMCBP_01281",22699.5311336495,28204.3584349415,27395.4418572465,6056.43527549374,6108.76048922084,6102.30325024348
"LPCHMCBP_01282",9.10567256354024,12.6517468147767,6.92578616059539,19.667507102845,12.8418315588407,16.0109408349925
"LPCHMCBP_01283",28.2275849469748,20.785012624276,18.7985624359018,37.0211898406494,44.4524938575255,30.9544856143189
"LPCHMCBP_01284",32.7804212287449,33.4367594390528,41.5547169635723,61.3163456735756,74.0874897625425,76.8525160079641
"LPCHMCBP_01285",73.755947764676,65.0661264759945,70.2472596288961,155.02623245772,147.187146328251,176.120349184918
"LPCHMCBP_01286",466.210435253261,419.315037289743,384.875830924515,2759.2355553109,3045.48974583892,2753.88182361871
"LPCHMCBP_01287",356.942364490778,485.284859966793,373.992452672151,101.808272061786,115.576484029566,96.0656450099551
"LPCHMCBP_01288",40.0649592795771,50.6069872591069,35.6183288259191,2.31382436504059,0.9878331968339,4.26958422266467
"LPCHMCBP_01289",605.527225475426,617.224505320893,609.469182132394,334.347620748365,361.546950041208,367.184243149162
"LPCHMCBP_01290",2596.93781512168,2646.9261728915,2607.06379045269,7510.67388892175,7034.3601946542,6847.34569709847
"LPCHMCBP_01291",2234.53204709278,2044.1608067875,1997.5946083203,6305.17139473561,6172.96964701504,6374.48924443835
"LPCHMCBP_01292",2687.99454075708,2800.55452707093,2742.61131959577,9633.6077438465,9777.57298226195,9460.33124136925
"LPCHMCBP_01293",7768.95983121254,7537.73001300376,7854.83090413811,5039.5094670584,4665.53618864651,4712.55358576613
"LPCHMCBP_01294",1191.93253856742,1364.58126359377,1332.71913690314,861.89957597762,915.721373465026,927.5671723739
"LPCHMCBP_01295",4397.12928093358,4253.69801836814,4289.04042945443,3463.79507446576,3226.26322085952,3105.05512593288
"LPCHMCBP_01296",5223.01378244668,5143.83877640779,5053.84510118875,4636.90402754134,4276.32990909395,4373.12164006429
"LPCHMCBP_01297",1415.02151637415,1397.11432683177,1565.22767229456,2000.30116357759,2008.26488916332,1828.44944335615
"LPCHMCBP_01298",3135.99363088326,3251.49893139762,3411.4443831047,1943.6124666341,1831.44274693005,1856.20174080347
"LPCHMCBP_01299",5261.25760721355,5063.40981451385,5425.85875781502,5665.39895780188,6238.16663800608,5867.47611799693
"LPCHMCBP_01300",742.11231392853,798.867441733044,962.684276322759,1097.90966121176,1059.94502020278,1004.41968838186
"LPCHMCBP_01301",1221.9812580271,1307.64840292728,1260.49308122836,615.477281100797,637.152411957866,628.696276787373
"LPCHMCBP_01302",1039.8678067563,1002.19908697053,937.949325749204,2239.78198535929,2151.50070270424,2145.466071889
"LPCHMCBP_01303",1445.98080309019,1303.129921922,1384.16783409614,616.634193283317,612.456582037018,753.581615300315
"LPCHMCBP_01304",8068.53645855301,7446.45669669715,7676.73926000852,6529.61235814454,6107.77265602401,6904.98508410444
"LPCHMCBP_01305",580.031342297514,510.588353596346,583.744833535897,1227.48382565403,1217.9983316962,1208.2923350141
"LPCHMCBP_01306",2586.92157530178,2541.19371736801,2704.02479670103,5762.57958113359,5575.33056293053,5413.8327943388
"LPCHMCBP_01307",2411.18209482546,2860.19847634059,2629.81994498036,539.121077054457,574.91892055733,571.0568897814
"LPCHMCBP_01308",2962.07528491964,2942.43483063664,3069.1126671667,1012.29815970526,1202.19300054686,1030.03719371785
"LPCHMCBP_01309",1192.84310582377,1398.01802303283,1165.51087102591,384.094844596738,420.816941851242,355.442886536834
"LPCHMCBP_01310",1865.7523082694,1829.08111093629,1952.08229926496,939.41269220648,1056.98152061227,852.849448477268
"LPCHMCBP_01311",1160.06268459503,1070.87999825074,970.599460506297,510.19827249145,521.575927928299,489.934789550771
"LPCHMCBP_01312",3215.21298218606,3204.50672894273,3198.72380817213,4856.7173422202,4895.70132350881,4728.56452660112
"LPCHMCBP_01313",2315.57253290828,2022.47209796216,2126.21635130278,3909.20626473608,4070.8606041525,3826.61485956321
"LPCHMCBP_01314",2115.2477365104,2109.22693326349,2229.11374568877,3121.34906843976,2950.65775894286,2743.20786306205
"LPCHMCBP_01315",3863.53686871013,3691.59898131163,3792.36262193745,6319.05434092585,5968.48817527043,5798.09537437862
"LPCHMCBP_01316",1557.07000836538,1701.65994658747,1654.27349435936,584.240652172749,548.247424242815,565.719909503069
"LPCHMCBP_01317",166.633807912786,206.042733840649,195.900808542555,69.4147309512177,72.1118233688747,62.9763672843039
"LPCHMCBP_01318",2435.76741074702,2543.90480597118,2633.77753707213,1044.69170081583,1101.4340144698,1034.30677794052
"LPCHMCBP_01320",181.202884014451,195.198379427984,216.678167024341,57.8456091260147,59.269991810034,54.4371988389746
"LPCHMCBP_01321",4846.94950557247,4794.10834659932,4432.50314278105,601.594334910553,574.91892055733,661.785554513024
"LPCHMCBP_01322",313.235136185784,333.463898189472,357.172686282134,550.69019887966,546.271757849147,482.463017161108
"LPCHMCBP_01323",59952.6587256053,66942.1997893857,61820.5566674974,12109.3998144399,11575.4294004996,11470.2380141886
"LPCHMCBP_01324",20407.6333494064,22369.1920647263,21340.3259568403,5090.4136030893,4606.26619683648,4715.75577393313
"LPCHMCBP_01325",65001.7541620884,58753.808511622,57926.2860491969,19412.9864226905,17683.2020565237,17171.2003475016
"LPCHMCBP_01326",7127.00991548295,7431.99755748026,7211.72218922568,12214.6788230493,12022.9178386654,12444.7706130119
"LPCHMCBP_01327",4871.53482149403,4833.87097944576,4850.02910846266,12590.6752823684,11439.1084193366,11128.6712763755
"LPCHMCBP_01328",11719.9111565326,12029.1001322495,11204.9326098204,37869.2064704368,34322.2644239939,34531.3297968562
"LPCHMCBP_01329",5071.85961789192,4832.96728324471,5070.66486757877,8746.25609985343,8491.41415998421,8715.28879451426
"LPCHMCBP_01330",5122.85138424774,4953.15887798508,5525.78795813218,7177.48318035591,7618.16961398304,7209.1929599693
"LPCHMCBP_01331",371.511440592442,369.611746231691,444.239712301047,739.266884630468,713.215568114076,690.605248016011
"LPCHMCBP_01332",783.087840464461,676.868454590554,705.440790357787,644.400085663804,594.675584494008,647.909405789364
"LPCHMCBP_01333",6081.67870518853,6051.14976226749,5646.49451693113,11055.4528161639,10696.2578553175,10821.2612123436
"LPCHMCBP_01334",9642.90724478912,10591.3194763702,9660.48229600762,20579.153902671,19174.8301837428,20374.4559105558
"LPCHMCBP_01335",3031.27839640255,3629.24394343881,3616.24977385373,5189.90805078604,6057.39316298548,5774.61266115397
"LPCHMCBP_01336",1674.53318443505,1599.5422758682,1676.04025086408,3051.93433748854,3011.90341714656,3059.15709553924
"LPCHMCBP_01337",2505.88108948628,2464.37954027829,2584.30763592502,4812.75467928443,4450.18855173672,4429.6936310146
"LPCHMCBP_01338",347.836691927237,345.211948803193,393.780413130995,473.177082650801,405.999443898733,375.723411594491
"LPCHMCBP_01339",1781.98012068483,1730.57822502124,1821.48176023659,2429.51558329262,2427.10616462089,2250.07088534428
"LPCHMCBP_01340",2127.085110843,2234.8407052102,2216.25157139052,3051.93433748854,2921.02276303784,2733.60129856106
"LPCHMCBP_01341",1581.65532428694,1488.38764313838,1534.55633358335,1915.84657425361,1851.19941086673,1558.39824127261
"LPCHMCBP_01342",8263.39785141277,8130.55472089615,7996.31482141885,11816.7010322623,11469.7312484384,11214.0629608288
"LPCHMCBP_01343",78.3087840464461,60.5476454707171,75.1942497436071,124.946515712192,120.515650013736,117.413566123278
"LPCHMCBP_01344",474.405540560447,548.543594040676,502.614195654637,1049.31934954591,1000.67502839274,1098.35054128049
"LPCHMCBP_01345",114.731474300607,105.732455523491,124.664150890717,96.0237111491845,112.612984439065,120.615754290277
"LPCHMCBP_01346",3481.09862104144,3061.72272917597,3109.67798610733,4152.15782306534,4384.00372754885,4091.32908136842
"LPCHMCBP_01347",6628.01905900094,6399.97649587491,6143.17232444811,8917.47910286643,9158.20156784709,10076.2187654886
"LPCHMCBP_01348",875.055133356218,1043.76911221908,1027.98454583694,1881.139208778,1858.11424324457,1866.87570136013
"LPCHMCBP_01349",13260.5909542837,11748.9543099223,11200.9750177286,7294.33131079046,6975.09020284417,7257.22578247428
"LPCHMCBP_01350",4801.42114275477,4655.84282783783,4594.76441854357,2751.13717003326,2803.47061261461,2621.52471271611
"LPCHMCBP_01351",3989.19515008698,3994.33720866522,3904.16459852991,1841.80419457231,1873.91957439391,1684.35097584121
"LPCHMCBP_01352",3480.18805378508,2977.67898247781,3095.82641378614,2253.66493154953,2187.06269779026,2079.2875164377
"LPCHMCBP_01353",7064.18077479452,7379.58317781905,7606.49200037962,5730.18604002302,5662.25988425192,5207.82535559523
"LPCHMCBP_01354",27173.1480641168,25528.5139836162,24735.9399715779,16630.6126237292,17056.915809731,16671.6589934499
"LPCHMCBP_01355",19650.9519593762,17520.8619460636,18613.5450056116,17421.9405565731,16429.6417297414,16506.2126048216
"LPCHMCBP_01356",4204.99958984289,3807.27209504674,4055.54249604007,6279.71932672016,5920.08434862557,5987.02447623154
"LPCHMCBP_01357",9158.48546440878,9111.06509904135,8411.86199105457,13223.506246207,13181.6461785516,12932.5706104513
"LPCHMCBP_01358",14759.3846582424,14121.1568376929,13319.2761848479,19670.9778393926,19551.1946317366,19759.6357824921
"LPCHMCBP_01359",17143.2497353772,17424.1664525507,15854.1139196258,21432.955093371,19170.8788509555,18220.4506702215
"LPCHMCBP_01360",12854.4779579498,12924.6630674955,13130.3011624659,2807.82586697676,2904.22959869167,2811.52121062469
"LPCHMCBP_01361",5066.39621435379,4902.55189072598,4958.8628909863,2697.91920963733,2833.10560851963,2883.03674635432
"LPCHMCBP_01362",1452.35477388467,1604.96445307453,1829.39694442012,644.400085663804,616.407914824354,586.000434560726
"LPCHMCBP_01363",315.966837954846,276.531037522977,288.904222699122,355.172040033731,339.814619710862,335.162361479177
"LPCHMCBP_01364",1515.1839145731,1789.31847808985,1790.81042152538,1479.69068144346,1407.66230548831,1397.22143686701
"LPCHMCBP_01365",2162.59723384081,2289.96617347459,2385.43863331364,2135.65988893246,2175.20869942825,2168.94878511365
"LPCHMCBP_01366",3290.79006446344,3313.85396927044,3175.96765364446,3101.68156133691,2954.6090917302,2941.74352941596
"LPCHMCBP_01367",2055.15029759103,2132.72303449093,1919.43216450786,3822.43785104705,3928.61262380842,3908.80435584951
"LPCHMCBP_01368",75.577082277384,74.1030884865493,66.2896675371273,3262.49235470723,2800.50711302411,3665.43805515762
"LPCHMCBP_01369",117.463176069669,140.072911163599,95.9716082253932,5056.86314979621,5130.80562435528,6622.12512935291
"LPCHMCBP_01370",179.381749501743,168.087493396319,148.40970344133,6634.89136675389,6238.16663800608,9195.61701956404
"LPCHMCBP_01371",6.37397079447817,4.5184810052774,1.9787960458844,204.773456306092,164.968143871261,230.557548023892
"LPCHMCBP_01372",1.82113451270805,0.90369620105548,0.989398022942198,65.9439944036568,41.4889942670238,56.5719909503069
"LPCHMCBP_01373",5.46340353812415,3.61478480422192,3.95759209176879,62.4732578560959,61.2456582037018,72.5829317852994
"LPCHMCBP_01374",300.487194596828,272.012556517699,238.44492352907,514.825921221531,539.35692547131,556.113345002074
"LPCHMCBP_01375",236.747486652046,273.81994891981,323.533153502099,1389.45153120687,1928.25040021977,1618.17242038991
"LPCHMCBP_01377",523.576172403564,573.84708767023,571.872057260591,926.686658198756,1002.65069478641,931.836756596565
"LPCHMCBP_01378",129.300550402271,133.747037756211,135.547529143081,204.773456306092,233.1286344528,243.366300691886
"LPCHMCBP_01379",628.291406884277,648.853872357834,655.970889210677,703.402606972339,782.363891892449,741.840258687987
"LPCHMCBP_01380",1072.64822798504,1024.79149199691,1007.20718735516,686.048924234535,757.668061971602,661.785554513024
"LPCHMCBP_01381",345.104990158175,334.367594390527,328.48014361681,251.049943606904,250.909631995811,229.490151968226
"LPCHMCBP_01382",427.056043230037,438.292657511908,446.218508346931,450.038839000395,423.780441441743,425.891026210801
"LPCHMCBP_01383",1059.90028639608,1220.89356762595,1234.76873263186,1009.98433534022,1057.96935380911,1055.65469905384
"LPCHMCBP_01384",96.5201291735266,114.769417534046,116.748966707179,2153.01357167027,2238.43002402562,2128.38773499834
"LPCHMCBP_01385",10.9268070762483,15.3628354179432,15.8303683670752,196.67507102845,250.909631995811,194.266082131243
"LPCHMCBP_01386",39.1543920232231,34.3404556401082,35.6183288259191,337.818357295926,430.695273819581,322.353608811183
"LPCHMCBP_01387",11.8373743326023,4.5184810052774,10.8833782523642,136.515637537395,119.527816816902,132.357110902605
"LPCHMCBP_01388",191.219123834345,183.450328814262,200.847798657266,1103.69422212436,1226.8888304677,1208.2923350141
"LPCHMCBP_01389",135.67452119675,123.806379544601,119.717160776006,1121.04790486217,1179.47283701968,1136.77679928447
"LPCHMCBP_01390",35.512122997807,53.3180758622733,32.6501347570925,367.898074041454,387.230613158889,343.701529924506
"LPCHMCBP_01391",0,0,0,0,0,0
"LPCHMCBP_01392",70.1136787392599,72.2956960844384,84.0988319500869,583.083739990229,575.906753754164,529.428443610419
"LPCHMCBP_01393",21.8536141524966,22.592405026387,10.8833782523642,163.124617735362,150.150645918753,212.411815077567
"LPCHMCBP_01394",5.46340353812415,3.61478480422192,2.9681940688266,17.3536827378044,15.8053311493424,37.3588619483159
"LPCHMCBP_01395",6.37397079447817,6.32587340738836,5.93638813765319,47.4333994833321,42.4768274638577,38.426258003982
"LPCHMCBP_01396",34.6015557414529,28.9182784337753,22.7561545276706,195.51815884593,170.895143052265,182.524725518915
"LPCHMCBP_01397",11.8373743326023,13.5554430158322,8.90458220647978,68.2578187686974,82.9779885340476,59.7741791173054
"LPCHMCBP_01398",26.4064504342667,32.5330632379973,15.8303683670752,181.635212655686,187.688307398441,185.726913685913
"LPCHMCBP_01399",17.3007778707265,11.7480506137212,17.8091644129596,83.2976771414612,84.9536549277154,70.4481396739671
"LPCHMCBP_01400",0,0,0,0,0,0
"LPCHMCBP_01401",0,0,0,0,0,0
"LPCHMCBP_01402",0,0,0,0,0,0
"LPCHMCBP_01403",0,0,0,0,0,0
"LPCHMCBP_01404",0,0,0,0,0,0
"LPCHMCBP_01405",0,0,0,0,0,0
"LPCHMCBP_01406",17.3007778707265,27.1108860316644,22.7561545276706,10.4122096426827,14.8174979525085,23.4827132246557
"LPCHMCBP_01407",5.46340353812415,4.5184810052774,2.9681940688266,72.8854674987786,79.026655746712,84.3242883976273
"LPCHMCBP_01408",16.3902106143724,13.5554430158322,13.8515723211908,87.9253258715424,70.1361569752069,73.6503278409656
"LPCHMCBP_01409",21.8536141524966,27.1108860316644,12.8621742982486,64.7870822211365,79.026655746712,99.2678331769536
"LPCHMCBP_01410",13.6585088453104,7.22956960844384,13.8515723211908,61.3163456735756,58.2821586132001,59.7741791173054
"LPCHMCBP_01411",89.2355911226944,106.636151724547,104.876190431873,484.746204476004,525.527260715635,510.215314608428
"LPCHMCBP_01412",29.1381522033288,30.7256708358863,28.6925426653237,318.150850193081,348.705118482367,293.533915308196
"LPCHMCBP_01413",2.73170176906207,1.80739240211096,4.94699011471099,238.323909599181,192.627473382611,173.985557073585
"LPCHMCBP_01414",44.6177955613472,45.184810052774,40.5653189406301,465.078697373159,469.220768496103,415.217065654139
"LPCHMCBP_01415",11.8373743326023,15.3628354179432,17.8091644129596,388.722493326819,350.680784876035,368.251639204828
"LPCHMCBP_01416",1.82113451270805,3.61478480422192,1.9787960458844,104.122096426827,127.430482391573,114.21137795628
"LPCHMCBP_01417",1.82113451270805,0,0.989398022942198,47.4333994833321,39.513327873356,34.1566737813174
"LPCHMCBP_01418",0,0,0,15.0398583727638,16.7931643461763,11.7413566123278
"LPCHMCBP_01419",4.55283628177012,5.42217720633288,8.90458220647978,149.241671545118,164.968143871261,159.042012294259
"LPCHMCBP_01420",20.9430468961426,11.7480506137212,20.7773584817862,356.328952216251,331.911954136191,341.566737813174
"LPCHMCBP_01421",1.82113451270805,0.90369620105548,1.9787960458844,59.002521308535,64.2091577942035,64.0437633399701
"LPCHMCBP_01422",76.4876495337381,66.8735188781055,93.9928121795088,1151.12762160769,1240.71849522338,1159.19211645346
"LPCHMCBP_01423",0.910567256354024,0,0,0,0,0
"LPCHMCBP_01424",12.7479415889563,9.94065821161028,7.91518418353759,82.1407649589409,79.026655746712,77.9199120636303
"LPCHMCBP_01425",71.9348132519679,60.5476454707171,86.0776279959713,253.363767971945,290.422959869167,281.792558695868
"LPCHMCBP_01426",138.406222965812,187.96880981954,144.452111349561,466.235609555679,438.597939394252,464.317284214783
"LPCHMCBP_01427",92.8778601481105,90.369620105548,78.1624438124337,247.579207059343,230.165134862299,200.67045846524
"LPCHMCBP_01428",0,0,0,0,0,0
"LPCHMCBP_01429",0,0,0,0,0,0
"LPCHMCBP_01430",0,0,0,0,0,0
"LPCHMCBP_01431",0,0,0,0,0,0
"LPCHMCBP_01432",0,0,0,0,0,0
"LPCHMCBP_01434",0,0,0,0,0,0
"LPCHMCBP_01435",0,0,0,0,0,0
"LPCHMCBP_01436",0,0,0,0,0,0
"LPCHMCBP_01437",0,0,0,0,0,0
"LPCHMCBP_01438",0,0,0,0,0,0
"LPCHMCBP_01439",0,0,0,0,0,0
"LPCHMCBP_01440",40.9755265359311,41.5700252485521,31.6607367341503,27.7658923804871,32.5984954955187,34.1566737813174
"LPCHMCBP_01441",63.7397079447817,72.2956960844384,85.0882299730291,97.1806233317048,64.2091577942035,88.5938726202919
"LPCHMCBP_01442",0,1.80739240211096,0,0,0,1.06739605566617
"LPCHMCBP_01443",27.3170176906207,18.9776202221651,26.7137466194394,39.33501420569,55.3186590226984,32.021881669985
"LPCHMCBP_01444",202.145930910593,200.620556634317,224.593351207879,565.730057252424,560.101422604822,517.687086998091
"LPCHMCBP_01445",390.633352975877,441.003746115074,410.600179521012,554.160935427221,542.320425061811,487.799997439439
"LPCHMCBP_01446",409.755265359311,368.708050030636,387.844024993342,495.158414118686,521.575927928299,465.384680270449
"LPCHMCBP_01447",5500.73679563466,5366.14804186744,5440.69972815915,4046.87881445599,4303.9892386053,3781.78422522523
"LPCHMCBP_01448",5264.89987623897,4721.81265051488,4614.55237900241,6035.61085620838,6035.66083265513,5599.55970802472
"LPCHMCBP_01449",307.77173264766,262.975594507145,264.169272125567,425.743683167469,411.926443079736,433.362798600464
"LPCHMCBP_01450",54.6340353812415,46.0885062538295,41.5547169635723,52.0610482134133,38.5254946765221,44.8306343379791
"LPCHMCBP_01451",35.512122997807,26.2071898306089,26.7137466194394,30.0797167455277,35.5619950860204,34.1566737813174
"LPCHMCBP_01452",46.4389300740552,52.4143796612178,46.5017070782833,48.5903116658524,53.3429926290306,42.6958422266467
"LPCHMCBP_01453",32.7804212287449,31.6293670369418,24.734950573555,40.4919263882103,38.5254946765221,41.6284461709806
"LPCHMCBP_01454",12.7479415889563,20.785012624276,15.8303683670752,9.25529746016236,21.7323303303458,20.2805250576572
"LPCHMCBP_01455",179.381749501743,164.472708592097,149.399101464272,244.108470511782,221.274636090794,231.624944079558
"LPCHMCBP_01456",114.731474300607,121.095290941434,148.40970344133,171.223003013004,190.651806988943,159.042012294259
"LPCHMCBP_01457",856.843788229137,830.496808769986,839.998921477926,806.367791216646,842.621716899317,851.782052421602
"LPCHMCBP_01458",135.67452119675,131.035949153045,155.335489601925,263.775977614627,217.323303303458,236.961924357889
"LPCHMCBP_01459",42.7966610486392,29.8219746348308,39.5759209176879,20.8244192853653,25.6836631176814,23.4827132246557
"LPCHMCBP_01460",3.6422690254161,8.13326580949932,0.989398022942198,4.62764873008118,2.9634995905017,2.13479211133234
"LPCHMCBP_01461",49.1706318431173,42.4737214496075,30.6713387112081,38.1781020231697,42.4768274638577,44.8306343379791
"LPCHMCBP_01462",249.495428241003,199.716860433261,198.869002611382,330.876884200804,304.252624624841,311.679648254521
"LPCHMCBP_01463",1560.7122773908,869.355745415371,900.3522008774,1336.23357081094,1301.96415342708,1319.30152480338
"LPCHMCBP_01464",1269.33075535751,1081.72435266341,1244.66271286129,947.511077484122,953.259034944714,847.512468198937
"LPCHMCBP_01465",61.9185734320737,49.7032910580514,50.4592991700521,107.592832974387,93.8441536992205,100.33522923262
"LPCHMCBP_01466",991.607742169533,853.992909997428,856.818687867944,1207.81631855119,1094.51918209196,1176.27045334412
"LPCHMCBP_01467",712.063594468847,874.777922621704,774.698651963741,1431.1003697776,1372.10031040229,1335.31246563838
"LPCHMCBP_01468",1621.72028356652,1494.71351654576,1500.91680080331,3481.14875720357,3287.50887906322,3434.88050713373
"LPCHMCBP_01469",3697.81362805369,4261.83128417764,3987.27403245706,1387.13770684183,1536.08062107672,1447.38905148332
"LPCHMCBP_01470",108.357503506129,125.613771946712,116.748966707179,163.124617735362,168.919476658597,198.535666353907
"LPCHMCBP_01471",478.047809585863,452.751796728795,477.879245081082,157.34005682276,132.369648375743,172.918161017919
"LPCHMCBP_01472",858.664922741845,902.792504854424,1013.14357549281,456.980312095517,471.196434889771,436.564986767463
"LPCHMCBP_01473",35.512122997807,20.785012624276,33.6395327800347,23.1382436504059,27.6593295113492,26.6849013916542
"LPCHMCBP_01474",1440.51739955207,1365.48495979483,1270.38706145778,945.197253119081,927.575371827032,888.073518314252
"LPCHMCBP_01475",2708.93758765322,2606.259843844,2566.49847151206,5016.371223408,4856.18799563545,4884.40435072838
"LPCHMCBP_01476",566.372833452203,544.928809236454,542.190116572325,652.498470941446,673.70224024072,628.696276787373
"LPCHMCBP_01477",4185.87767745945,4177.78753747948,4253.42210062851,4262.06448040477,4606.26619683648,4338.96496628297
"LPCHMCBP_01478",43.7072283049932,49.7032910580514,55.4062892847631,106.435920791867,112.612984439065,115.278774011946
"LPCHMCBP_01479",219.44670878132,243.094278083924,222.614555161995,352.85821566869,360.559116844374,319.151420644184
"LPCHMCBP_01480",209.430468961426,205.139037639594,208.762982840804,207.087280671133,223.250302484461,188.929101852912
"LPCHMCBP_01481",101.072965455297,90.369620105548,93.9928121795088,109.906657339428,103.72248566756,91.7960607872904
"LPCHMCBP_01482",44.6177955613472,59.6439492696617,56.3956873077053,13.8829461902435,17.7809975430102,14.9435447793264
"LPCHMCBP_01483",35.512122997807,32.5330632379973,27.7031446423816,12.7260340077232,12.8418315588407,13.8761487236602
"LPCHMCBP_01484",3.6422690254161,7.22956960844384,11.8727762753064,25.4520680154465,31.6106622986848,48.0328225049776
"LPCHMCBP_01485",1.82113451270805,0,3.95759209176879,5.78456091260147,0.9878331968339,3.2021881669985
"LPCHMCBP_01486",33.6909884850989,28.0145822327199,36.6077268488613,19.667507102845,20.7444971335119,12.808752667994
"LPCHMCBP_01487",1628.094254361,1655.57144033364,1635.47493192345,1200.87484545607,1181.44850341334,1168.79868095445
"LPCHMCBP_01488",3023.08329109536,3152.99604548257,3259.0770875716,1396.393004302,1436.30946819649,1481.54572526464
"LPCHMCBP_01489",558.177728145017,519.625315606901,517.45516599877,864.21340034266,829.779885340476,811.221002306288
"LPCHMCBP_01490",382.43824766869,394.915239861245,405.653189406301,730.011587170306,662.836075075547,625.494088620374
"LPCHMCBP_01491",1896.71159498543,1894.14723741229,1849.18490487897,3661.62705767673,3484.08768523317,3409.26300179774
"LPCHMCBP_01492",2121.62170730488,2384.85427458541,2300.35040334061,3645.43028712145,3436.67169178514,3374.03893196076
"LPCHMCBP_01493",459.836464458782,475.344201755182,480.847439149908,674.479802409332,632.213245973696,611.617939896714
"LPCHMCBP_01494",62.8291406884277,73.1993922854939,91.0246181106822,91.3960624191033,107.673818454895,88.5938726202919
"LPCHMCBP_01495",1522.46845262393,1569.72030123337,1542.47151776689,1951.71085191174,2170.26953344408,2260.74484590094
"LPCHMCBP_01496",40.9755265359311,32.5330632379973,36.6077268488613,35.8642776581291,19.756663936678,27.7522974473204
"LPCHMCBP_01497",58.2763044066576,48.7995948569959,77.1730457894915,68.2578187686974,67.1726573847052,73.6503278409656
"LPCHMCBP_01498",2101.58922766509,2251.1072368292,2354.76729460243,747.365269908111,766.558560743107,718.357545463331
"LPCHMCBP_01499",6183.66223790018,6071.93477489177,5751.370707363,3091.26935169423,3044.50191264208,2869.16059763066
"LPCHMCBP_01500",1551.60660482726,1382.65518761488,1484.0970344133,414.174561342266,410.938609882903,389.599560318151
"LPCHMCBP_01501",2626.07596732501,2530.34936295534,2569.46666558089,756.620567368273,753.716729184266,644.707217622365
"LPCHMCBP_01502",222.178410550382,294.604961544086,372.013656626267,150.398583727638,201.517972154116,140.896279347934
"LPCHMCBP_01503",5604.54146285902,5081.48373853496,4981.61904551397,8778.649640964,9135.48140431991,8959.72249126181
"LPCHMCBP_01504",1587.11872782506,1854.38460456584,1625.58095169403,7947.98669391443,7529.26462626799,7393.85247759955
"LPCHMCBP_01505",3195.18050254627,3036.41923554641,2974.13045696425,5572.84598320026,5630.64922195323,5522.70719201675
"LPCHMCBP_01506",331.446481312865,370.515442432747,382.897034878631,1513.24113473655,1784.02675348202,1663.00305472789
"LPCHMCBP_01508",450.730791895242,499.74399918368,511.518777861117,2026.91014377556,2263.12585394647,2203.10545889497
"LPCHMCBP_01509",132.942819427688,147.302480772043,154.346091578983,31.236628928048,52.3551594321967,39.4936540596482
"LPCHMCBP_01510",246.763726471941,295.508657745142,221.625157139052,428.057507532509,507.746263172625,492.069581662103
"LPCHMCBP_01511",6423.14142632129,6600.59705250922,6144.16172247105,2844.84705681741,2831.12994212596,2672.75972338808
"LPCHMCBP_01512",280.45471495704,255.746024898701,277.031446423816,446.568102452834,482.062600054943,476.058640827111
"LPCHMCBP_01513",250.405995497357,283.760607131421,266.148068171451,139.986374084956,131.381815178909,133.424506958271
"LPCHMCBP_01514",205.78819993601,215.98339205226,234.487331437301,119.16195479959,154.101978706088,107.807001622283
"LPCHMCBP_01515",823.152799744038,874.777922621704,860.776279959712,450.038839000395,437.610106197418,440.834570990127
"LPCHMCBP_01516",1696.38679858755,1596.83118726503,1497.94860673449,2313.82436504059,2053.70521621768,2166.81399300232
"LPCHMCBP_01517",7087.85552345973,6239.11857208703,6343.03072508243,5432.8596091153,5122.90295878061,5006.08750107433
"LPCHMCBP_01518",3307.18027507782,3473.80819685726,3404.5185969441,1479.69068144346,1391.85697433897,1574.4091821076
"LPCHMCBP_01519",427.056043230037,397.626328464411,418.51536370455,4315.2824408007,4749.50201037739,4663.45336720549
"LPCHMCBP_01520",206.698767192364,239.479493279702,197.87960458844,484.746204476004,409.950776686069,439.767174934461
"LPCHMCBP_01521",1071.73766072869,860.318783404817,798.444204514354,149813.186163283,147099.229173733,142212.378684571
"LPCHMCBP_01522",67.3819769701978,67.777215079161,73.2154536977227,6430.1179104478,5693.8705465506,5742.59077948398
"LPCHMCBP_01523",120.194877838731,101.213974518214,96.9610062483354,12867.1772939907,14157.6253770235,13608.232313688
"LPCHMCBP_01524",141.137924734874,131.035949153045,154.346091578983,11599.2015419485,12563.2625973335,11429.6769640733
"LPCHMCBP_01525",385.169949437752,338.886075395805,368.056064534498,23856.686115751,24611.8640991166,22942.6108204886
"LPCHMCBP_01526",374.243142361504,332.560201988417,338.374123846232,21360.0696258722,21336.2092184154,19236.6117152157
"LPCHMCBP_01527",549.072055581477,514.203138400568,475.900449035197,29077.8307954651,29757.4872214244,27285.8453709943
"LPCHMCBP_01528",2103.4103621778,2119.1675914751,2158.86648605988,4688.96507575476,5077.46263172625,4943.11113379002
"LPCHMCBP_01529",187.576854808929,316.293670369418,293.851212813833,266.089801979668,431.683107016414,426.958422266467
"LPCHMCBP_01530",19254.8552028622,18463.4170837645,18646.1951403687,13048.8125066464,12485.2237747837,12222.7522334333
"LPCHMCBP_01531",479.868944098571,446.425923321407,534.274932388787,615.477281100797,644.067244335703,683.133475626347
"LPCHMCBP_01532",2131.63794712477,1815.52566792046,1981.76423995322,1436.88493069021,1479.77412885718,1421.77154614734
"LPCHMCBP_01533",1112.71318726462,1276.01903589034,1257.52488715953,711.500992249981,619.371414414856,653.246386067695
"LPCHMCBP_01534",1060.81085365244,976.895593340974,1028.97394385989,812.152352129247,683.580572209059,643.639821566699
"LPCHMCBP_01535",2484.93804259013,2535.77154016168,2492.2936197914,1544.47776366459,1502.49429238436,1448.45644753899
"LPCHMCBP_01536",430.698312255454,399.433720866522,315.617969318561,17961.0616336276,19899.8997502189,20380.8602868898
"LPCHMCBP_01537",434.34058128087,459.077670136184,466.995866828718,2220.11447825645,2269.05285312747,2460.34790831052
"LPCHMCBP_01538",148.422462785706,146.398784570988,145.441509372503,743.89453336055,681.604905815391,722.627129685996
"LPCHMCBP_01539",12265.3409430887,11792.331727573,11141.6111363521,186748.764502426,160547.59031543,177340.382876544
"LPCHMCBP_01540",1832.97188704065,1752.26693384658,1835.33333255778,2218.95756607393,2102.10904286254,2045.13084265638
"LPCHMCBP_01541",1981.39434982636,2208.63351537959,2228.12434766583,1936.67099353897,1967.76372809313,1908.50414753111
"LPCHMCBP_01542",11.8373743326023,11.7480506137212,15.8303683670752,41.6488385707306,43.4646606606916,44.8306343379791
"LPCHMCBP_01543",113.820907044253,123.806379544601,112.791374615411,113.377393886989,124.466982801071,117.413566123278
"LPCHMCBP_01544",0,2.71108860316644,3.95759209176879,27.7658923804871,23.7079967240136,42.6958422266467
"LPCHMCBP_01545",10.9268070762483,5.42217720633288,4.94699011471099,31.236628928048,35.5619950860204,52.3024067276422
"LPCHMCBP_01546",1.82113451270805,8.13326580949932,9.89398022942198,23.1382436504059,15.8053311493424,18.1457329463249
"LPCHMCBP_01547",9.10567256354024,18.9776202221651,10.8833782523642,12.7260340077232,7.9026655746712,13.8761487236602
"LPCHMCBP_01548",52.8129008685334,46.9922024548849,33.6395327800347,12.7260340077232,27.6593295113492,13.8761487236602
"LPCHMCBP_01549",60.0974389193656,66.8735188781055,61.3426774224163,52.0610482134133,43.4646606606916,26.6849013916542
"LPCHMCBP_01550",2901.06727874392,2829.47280550471,2809.89038515584,2404.06351527717,2411.30083347155,2306.64287629459
"LPCHMCBP_01551",1.82113451270805,2.71108860316644,3.95759209176879,4.62764873008118,11.8539983620068,6.40437633399701
"LPCHMCBP_01552",3309.91197684688,2884.59827376909,2853.4238981653,3212.74513085886,2919.04709664418,2926.79998463663
"LPCHMCBP_01553",654.697857318544,638.009517945169,625.299550499469,537.964164871937,494.904431613784,542.237196278413
"LPCHMCBP_01554",100.162398198943,103.92506312138,90.03522008774,12.7260340077232,9.878331968339,8.53916844532934
"LPCHMCBP_01555",9551.85051915372,9099.31704842763,8820.4833745297,7080.30255702421,7101.53285203891,6989.30937250207
"LPCHMCBP_01556",6190.94677595101,5377.89609248116,5439.71033013621,4147.53017433526,4299.05007262113,3971.78072313381
"LPCHMCBP_01557",2362.01146298234,2131.81933828988,2539.78472489262,19306.5505018987,16247.880421524,16178.5220157321
"LPCHMCBP_01558",22.7641814088506,25.3034936295534,20.7773584817862,16.1967705552841,17.7809975430102,17.0783368906587
"LPCHMCBP_01559",24.5853159215587,34.3404556401082,23.7455525506128,16.1967705552841,7.9026655746712,18.1457329463249
"LPCHMCBP_01560",12279.9100191904,11574.5409431186,11315.7451883899,16306.6772126236,15263.0107242806,15646.9587800104
"LPCHMCBP_01561",81.9510530718622,89.4659239044925,90.03522008774,90.239150236583,70.1361569752069,87.5264765646258
"LPCHMCBP_01562",1228.35522882158,1189.26420058901,1058.65588454815,1485.47524235606,1258.49949276639,1383.34528814335
"LPCHMCBP_01563",1198.3065093619,1054.61346663174,1019.07996363046,1412.58977485728,1286.15882227774,1342.78423802804
"LPCHMCBP_01564",1638.11049418089,1584.17944045026,1496.95920871155,2110.20782091702,1993.44739121081,1882.88664219512
"LPCHMCBP_01565",4226.85320399538,4304.30500562725,4332.57394246389,3165.31173137553,3159.09056347481,3065.56147187323
"LPCHMCBP_01566",5109.19287540243,5141.12768780462,5448.61491234269,6374.58612568682,6127.52931996068,6182.35795441844
"LPCHMCBP_01567",146.601328272998,114.769417534046,156.324887624867,27.7658923804871,31.6106622986848,45.8980303936452
"LPCHMCBP_01568",86.5038893536323,97.5991897139918,108.833782523642,18.5105949203247,19.756663936678,20.2805250576572
"LPCHMCBP_01569",1832.0613197843,1717.92647820647,1779.92704327301,553.004023244701,542.320425061811,483.530413216774
"LPCHMCBP_01570",955.185051915372,843.148555584763,1085.36963116759,5341.4635466962,5631.63705515007,4976.20041151568
"LPCHMCBP_01571",220.357276037674,253.034936295534,257.243485964972,322.778498923162,393.157612339892,355.442886536834
"LPCHMCBP_01572",956.095619171726,981.414074346251,975.546450621008,544.905637967059,549.235257439649,467.519472381782
"LPCHMCBP_01573",41.8860937922851,28.0145822327199,58.3744833535897,133.044900989834,120.515650013736,147.300655681931
"LPCHMCBP_01574",1056.25801737067,983.221466748362,956.747888185106,1264.50501549468,1118.22717881598,1212.56191923677
"LPCHMCBP_01575",2506.79165674263,2419.19473022552,2543.74231698439,1859.15787731011,1878.85874037808,1740.92296679152
"LPCHMCBP_01576",2617.88086201782,2590.89700842606,2660.49128369157,2954.75371415683,2815.32461097662,2923.59779646963
"LPCHMCBP_01577",865.949460792677,900.081416251258,959.716082253932,871.154873437782,854.475715261324,837.905903697942
"LPCHMCBP_01578",458.015329946074,444.618530919296,429.398741956914,1200.87484545607,1160.70400627983,1083.40699650116
"LPCHMCBP_01579",520.844470634502,489.80334097207,537.243126457614,1119.89099267965,1099.45834807613,1143.18117561847
"LPCHMCBP_01580",7491.23681802456,6294.24404035142,6034.33854192447,4502.70221436899,4275.34207589712,4380.59341245395
"LPCHMCBP_01581",1021.65646162922,1070.87999825074,1038.86792408931,1247.15133275688,1367.16114441812,1220.03369162643
"LPCHMCBP_01582",868.681162561739,785.311998717212,875.617250303845,540.277989236978,557.13792301432,503.810938274431
"LPCHMCBP_01583",1951.34563036667,1841.73285775107,1950.10350321907,11019.5885385058,11047.9264733903,10112.5102313813
"LPCHMCBP_01584",0,0,0,0,0,0
"LPCHMCBP_01586",2.73170176906207,0,0,1.1569121825203,4.9391659841695,0
"LPCHMCBP_01587",0,0.90369620105548,0,2.31382436504059,3.9513327873356,4.26958422266467
"LPCHMCBP_01588",108.357503506129,115.673113735101,134.558131120139,835.290595779653,915.721373465026,808.018814139289
"LPCHMCBP_01589",61.0080061757196,75.9104808886603,77.1730457894915,180.478300473166,164.968143871261,186.794309741579
"LPCHMCBP_01592",152.975299067476,131.9396453541,145.441509372503,673.322890226812,615.42008162752,592.404810894723
"LPCHMCBP_01593",1898.53272949814,1893.24354121123,1753.21329665358,11503.1778307993,12324.2069636997,11884.3876837871
"LPCHMCBP_01594",371.511440592442,328.041720983139,316.607367341503,731.168499352826,654.933409500876,683.133475626347
"LPCHMCBP_01595",942.437110326415,908.214682060757,915.193171221533,1212.44396728127,1134.03250996532,1238.17942457275
"LPCHMCBP_01596",1913.10180559981,1766.72607306346,1771.02246106654,805.210879034125,782.363891892449,885.938726202919
"LPCHMCBP_01597",758.502524542902,738.319796262327,772.719855917857,1995.67351484751,2128.78053917706,1950.13259370209
"LPCHMCBP_01598",917.851794404857,731.090226653883,836.041329386158,2231.68360008165,2150.5128695074,2103.83762571802
"LPCHMCBP_01599",832.258472307578,871.163137817482,800.423000560238,1632.40308953614,1689.19476658597,1658.73347050523
"LPCHMCBP_01600",29944.9147924584,29757.8122045559,30397.2754588532,22713.6568794209,21189.0220720872,21569.9394929019
"LPCHMCBP_01601",2439.40967977243,2570.11199580178,2442.82371864429,989.159916054852,937.453703795371,1010.82406471586
"LPCHMCBP_01602",656.518991831252,675.964758389499,682.684635830117,348.230566938609,415.877775867072,376.790807650157
"LPCHMCBP_01603",2947.50620881798,2808.68779288043,2600.1380042921,2128.71841583734,2008.26488916332,1950.13259370209
"LPCHMCBP_01604",119.284310582377,122.902683343545,138.515723211908,657.126119671527,781.376058695615,683.133475626347
"LPCHMCBP_01605",18086.59741296,18084.7683755223,17623.1575846464,10053.5668661014,9876.35630194534,9225.50410912269
"LPCHMCBP_01606",2358.36919395692,2458.0536668709,2311.23378159298,2803.19821824667,2638.50246874335,2427.25863058487
"LPCHMCBP_01607",974.306964298806,912.733163066035,910.246181106822,1560.67453421988,1554.84945181656,1421.77154614734
"LPCHMCBP_01608",331.446481312865,313.582581766251,308.692183157966,92.5529746016236,103.72248566756,102.470021343952
"LPCHMCBP_01609",34549.6534078407,34733.5634875674,33868.0837233344,28911.2354411822,31086.122871166,31228.8064006251
"LPCHMCBP_01610",11337.472908864,11981.2042335935,11787.6880453334,9928.62035038917,9315.26704614368,9609.76668916251
"LPCHMCBP_01611",1907.63840206168,2397.50602140019,2399.29020563483,1288.80017132761,1447.17563336166,1418.56935798034
"LPCHMCBP_01612",1792.90692776107,1660.99361753997,1859.07888510839,1509.77039818898,1533.11712148621,1608.56585588892
"LPCHMCBP_01613",2781.78296816154,2871.94652695431,2744.59011564166,2441.08470511782,2310.54184739449,2463.55009647752
"LPCHMCBP_01614",545.429786556061,464.499847342517,494.699011471099,831.819859232092,787.303057876619,859.253824811265
"LPCHMCBP_01615",529.950143198042,600.957973701894,552.084096801747,789.014108478841,725.069566476083,671.39211901402
"LPCHMCBP_01616",3933.65054744939,4082.89943636866,4047.62731185653,1995.67351484751,2006.28922276965,2105.97241782935
"LPCHMCBP_01617",1150.95701203149,1247.10075745656,1350.5283013161,706.8733435199,779.400392301947,734.368486298324
"LPCHMCBP_01618",974.306964298806,896.466631447036,884.521832510325,738.109972447948,818.913720175303,779.199120636303
"LPCHMCBP_01619",1140.03020495524,1165.76809936157,1125.93495010822,1424.15889668248,1357.28281244978,1308.62756424672
"LPCHMCBP_01620",1596.2244003886,1528.15027598482,1489.04402452801,2982.51960653732,2847.92310647213,2717.59035772606
"LPCHMCBP_01621",16.3902106143724,11.7480506137212,8.90458220647978,28.9228045630074,14.8174979525085,19.213129001991
"LPCHMCBP_01622",87.4144566099863,56.9328606664952,64.3108714912429,359.799688763812,361.546950041208,382.127787928488
"LPCHMCBP_01623",357.852931747132,365.093265226414,333.427133731521,794.798669391443,789.278724270286,818.692774695951
"LPCHMCBP_01624",69.2031114829059,60.5476454707171,55.4062892847631,72.8854674987786,74.0874897625425,80.0547041749626
"LPCHMCBP_01625",21.8536141524966,9.94065821161028,17.8091644129596,35.8642776581291,19.756663936678,28.8196935029865
"LPCHMCBP_01626",12.7479415889563,25.3034936295534,17.8091644129596,12.7260340077232,14.8174979525085,19.213129001991
"LPCHMCBP_01627",26.4064504342667,22.592405026387,21.7667565047284,16.1967705552841,14.8174979525085,17.0783368906587
"LPCHMCBP_01628",88.3250238663404,104.828759322436,79.1518418353759,133.044900989834,104.710318864393,99.2678331769536
"LPCHMCBP_01629",88.3250238663404,85.8511391002706,102.897394385989,136.515637537395,114.588650832732,114.21137795628
"LPCHMCBP_01630",152.975299067476,140.976607364655,126.642946936601,204.773456306092,240.043466830638,245.501092803219
"LPCHMCBP_01631",2883.7665008732,3062.62642537702,2792.08122074288,4902.99382952101,4747.52634398373,4749.91244771445
"LPCHMCBP_01632",3159.66837954846,3253.30632379973,3111.65678215321,3814.33946576941,3505.82001556351,3586.45074703832
"LPCHMCBP_01633",69.2031114829059,67.777215079161,91.0246181106822,348.230566938609,412.91427627657,367.184243149162
"LPCHMCBP_01634",80.1299185591541,65.0661264759945,84.0988319500869,69.4147309512177,62.2334914005357,56.5719909503069
"LPCHMCBP_01635",93.7884274044645,127.421164348823,114.770170661295,91.3960624191033,79.026655746712,81.1221002306288
"LPCHMCBP_01636",9.10567256354024,14.4591392168877,22.7561545276706,5.78456091260147,7.9026655746712,6.40437633399701
"LPCHMCBP_01637",169.365509681849,177.124455406874,163.250673785463,149.241671545118,180.773475020604,150.50284384893
"LPCHMCBP_01638",340.552153876405,362.382176623247,365.087870465671,431.52824408007,410.938609882903,361.847262870831
"LPCHMCBP_01639",183.934585783513,193.390987025873,234.487331437301,369.054986223974,403.035944308231,372.521223427493
"LPCHMCBP_01640",513.55993258367,508.780961194235,493.709613448157,807.524703399166,854.475715261324,874.197369590592
"LPCHMCBP_01642",3029.45726188984,3098.77427341924,2986.9926312625,1129.14629013981,1047.10318864393,1033.23938188485
"LPCHMCBP_01643",2392.97074969838,2285.44769246931,2398.30080761189,7396.13958285225,6528.58959787525,6576.22709895926
"LPCHMCBP_01644",4713.09611888843,4055.78855033699,3958.58148979174,12789.6641777619,11878.6941919277,12373.2550772822
"LPCHMCBP_01645",6861.12427662757,6249.9629264997,5889.88643057491,19698.7437317731,18679.9257521291,18950.5495722971
"LPCHMCBP_01646",1440.51739955207,1406.15128884233,1480.13944232153,2114.8354696471,2245.34485640346,2244.73390506595
"LPCHMCBP_01647",830.43733779487,776.275036706657,845.93530961558,773.974250106077,833.731218127812,828.299339196946
"LPCHMCBP_01648",9.10567256354024,11.7480506137212,3.95759209176879,2.31382436504059,2.9634995905017,5.33698027833084
"LPCHMCBP_01649",10.0162398198943,11.7480506137212,10.8833782523642,5.78456091260147,6.9148323778373,6.40437633399701
"LPCHMCBP_01650",1.82113451270805,0,1.9787960458844,0,1.9756663936678,0
"LPCHMCBP_01651",6.37397079447817,4.5184810052774,17.8091644129596,8.09838527764206,7.9026655746712,6.40437633399701
"LPCHMCBP_01652",8.19510530718622,3.61478480422192,3.95759209176879,1.1569121825203,0.9878331968339,1.06739605566617
"LPCHMCBP_01653",17.3007778707265,10.8443544126658,9.89398022942198,4.62764873008118,3.9513327873356,4.26958422266467
"LPCHMCBP_01654",64.6502752011357,56.0291644654397,48.4805031241677,25.4520680154465,22.7201635271797,41.6284461709806
"LPCHMCBP_01655",162.080971631016,163.569012391042,153.356693556041,137.672549719915,122.491316407404,122.750546401609
"LPCHMCBP_01656",59.1868716630116,54.2217720633288,64.3108714912429,31.236628928048,27.6593295113492,28.8196935029865
"LPCHMCBP_01657",40.0649592795771,48.7995948569959,45.5123090553411,31.236628928048,31.6106622986848,37.3588619483159
"LPCHMCBP_01658",2.73170176906207,2.71108860316644,3.95759209176879,1.1569121825203,0.9878331968339,1.06739605566617
"LPCHMCBP_01659",20.9430468961426,17.1702278200541,21.7667565047284,5.78456091260147,8.8904987715051,1.06739605566617
"LPCHMCBP_01660",4.55283628177012,6.32587340738836,1.9787960458844,0,0.9878331968339,5.33698027833084
"LPCHMCBP_01661",47.3494973304093,42.4737214496075,48.4805031241677,20.8244192853653,24.6958299208475,20.2805250576572
"LPCHMCBP_01662",292.292089289642,276.531037522977,275.052650377931,124.946515712192,115.576484029566,112.076585844948
"LPCHMCBP_01663",90.1461583790484,106.636151724547,117.738364730122,37.0211898406494,51.3673262353628,41.6284461709806
"LPCHMCBP_01664",3.6422690254161,5.42217720633288,6.92578616059539,3.47073654756088,4.9391659841695,3.2021881669985
"LPCHMCBP_01665",2712.57985667864,2703.859033558,2700.06720460926,1943.6124666341,2080.37671253219,2034.45688209972
"LPCHMCBP_01666",185.755720296221,183.450328814262,161.271877739578,246.422294876823,289.435126672333,261.512033638211
"LPCHMCBP_01667",344.194422901821,280.145822327199,287.91482467618,731.168499352826,700.373736555235,620.157108342044
"LPCHMCBP_01668",36.422690254161,33.4367594390528,35.6183288259191,39.33501420569,46.4281602511933,40.5610501153144
"LPCHMCBP_01669",30.9592867160368,29.8219746348308,49.4699011471099,47.4333994833321,40.5011610701899,55.5045948946407
"LPCHMCBP_01670",175.739480476327,209.657518644871,186.996226336075,431.52824408007,462.305936118265,412.014877487141
"LPCHMCBP_01671",159.349269861954,167.183797195264,139.50512123485,268.403626344708,216.335470106624,377.858203705823
"LPCHMCBP_01672",5.46340353812415,6.32587340738836,3.95759209176879,12.7260340077232,15.8053311493424,13.8761487236602
"LPCHMCBP_01673",11.8373743326023,15.3628354179432,12.8621742982486,11.5691218252029,4.9391659841695,8.53916844532934
"LPCHMCBP_01674",8.19510530718622,9.0369620105548,7.91518418353759,2.31382436504059,4.9391659841695,7.47177238966318
"LPCHMCBP_01675",249.495428241003,262.071898306089,236.466127483185,196.67507102845,184.724807807939,215.614003244566
"LPCHMCBP_01676",384.259382181398,419.315037289743,414.557771612781,618.948017648358,636.164578761032,628.696276787373
"LPCHMCBP_01677",315.966837954846,311.77518936414,329.469541639752,385.251756779258,377.35228119055,361.847262870831
"LPCHMCBP_01678",466.210435253261,415.700252485521,385.865228947457,366.741161858933,319.07012257735,346.903718091505
"LPCHMCBP_01679",355.12122997807,371.419138633802,325.511949547983,451.195751182915,445.512771772089,391.734352429484
"LPCHMCBP_01680",798.567483822479,711.208910230662,742.048517206649,473.177082650801,453.41543734676,453.643323658121
"LPCHMCBP_01681",106.536368993421,111.154632729824,120.706558798948,113.377393886989,113.600817635899,131.289714846939
"LPCHMCBP_01682",641.039348473233,611.80232811456,593.638813765319,571.514618165026,550.223090636483,541.169800222747
"LPCHMCBP_01683",1150.04644477513,1294.09295991145,1319.85696260489,596.966686180472,580.845919738333,530.495839666085
"LPCHMCBP_01684",654.697857318544,657.890834368389,668.833063508926,485.903116658524,554.174423423818,494.204373773436
"LPCHMCBP_01685",12730.6408110856,12088.7440815192,11643.2359339838,12218.1495595968,11558.6362361535,11369.902784956
"LPCHMCBP_01686",1965.00413921198,1889.62875640701,1939.22012496671,2070.87280671133,2089.2672113037,2093.16366516136
"LPCHMCBP_01687",2005.06909849156,2127.3008572846,2015.40377273326,2552.14827463977,2398.45900191271,2396.30414497055
"LPCHMCBP_01688",1973.19924451917,1820.94784512679,1881.83503963606,3029.95300602065,2913.12009746317,2849.94746862867
"LPCHMCBP_01689",2964.8069866887,3008.40465331369,2940.49092418421,6559.69207489007,6601.68925444096,6692.57326902687
"LPCHMCBP_01690",1920.38634365064,1927.58399685134,1931.30494078317,2063.93133361621,1941.09223177861,2110.24200205201
"LPCHMCBP_01691",1066.27425719056,1170.28658036685,1178.37304532416,1766.60490270849,1631.9004411696,1748.39473918118
"LPCHMCBP_01692",1757.39480476327,1502.84678235526,1531.58813951452,1531.75172965687,1554.84945181656,1467.66957654098
"LPCHMCBP_01693",7544.96028614945,7313.613355142,7112.78238693146,7986.1647959376,7573.71712012551,7300.98902075659
"LPCHMCBP_01694",747.575717466654,669.63888498211,799.433602537296,900.077678000789,907.818707890355,887.006122258586
"LPCHMCBP_01695",1662.69581010245,1784.79999708457,1760.13908281417,2073.18663107637,1964.80022850263,1954.40217792475
"LPCHMCBP_01696",4596.54351007512,4063.92181614649,4031.79694348946,6345.66332112382,5869.70485558704,5977.41791173054
"LPCHMCBP_01697",1282.07869694647,1195.5900739964,1191.23521962241,1627.77544080606,1538.05628747038,1512.50021087896
"LPCHMCBP_01698",10621.7670453697,9502.36555409837,9529.88175697925,10584.5895578782,10423.6158929913,10358.0113241845
"LPCHMCBP_01699",11466.7734592662,10100.6124391971,9784.1570488754,14432.4794769407,13809.9080917379,13677.6130573063
"LPCHMCBP_01700",5520.76927527445,4902.55189072598,5135.96513709295,8166.64309641076,7445.29880453711,7529.41177666915
"LPCHMCBP_01701",5913.22376276303,4717.2941695096,5125.08175884059,6125.85000644496,5999.11100437228,5908.03716811224
"LPCHMCBP_01702",167.54437516914,166.280100994208,190.953818427844,65.9439944036568,76.0631561562103,80.0547041749626
"LPCHMCBP_01703",152.975299067476,137.361822560433,129.611141005428,27.7658923804871,27.6593295113492,37.3588619483159
"LPCHMCBP_01704",192.129691090699,173.509670602652,166.218867854289,101.808272061786,107.673818454895,111.009189789281
"LPCHMCBP_01705",1639.02106143724,1699.85255418536,1783.88463536478,5066.11844725637,5845.99685886302,5658.26649108636
"LPCHMCBP_01706",336.909884850989,279.242126126143,285.936028630295,387.565581144299,368.461782419045,388.532164262485
"LPCHMCBP_01707",2127.085110843,2012.53143975055,1827.41814837424,1347.80269263614,1299.98848703341,1328.90808930438
"LPCHMCBP_01708",1605.33007295215,1599.5422758682,1529.60934346864,1672.89501592435,1592.38711329625,1663.00305472789
"LPCHMCBP_01709",383.348814925044,375.033923438024,369.04546255744,180.478300473166,188.676140595275,215.614003244566
"LPCHMCBP_01710",556.356593632309,485.284859966793,511.518777861117,537.964164871937,492.928765220116,476.058640827111
"LPCHMCBP_01711",19507.0823328723,16994.0070608483,17597.4332360499,8394.55479636726,8157.52653945435,7817.60871169901
"LPCHMCBP_01712",96.5201291735266,80.4289618939377,92.0140161336244,163.124617735362,161.016811083926,155.839824127261
"LPCHMCBP_01713",250.405995497357,297.316050147253,253.285893873203,408.390000429664,421.804775048075,392.80174848515
"LPCHMCBP_01714",352.389528209007,387.685670252801,393.780413130995,572.671530347546,613.444415233852,560.382929224738
"LPCHMCBP_01716",589.137014861054,650.661264759945,669.822461531868,2878.39751011049,2838.0447745038,2741.07307095072
"LPCHMCBP_01717",7044.14829515473,6700.90733082638,7072.21706799083,2041.95000214832,2185.08703139659,2440.06738325286
"LPCHMCBP_01718",138287.849222486,162064.358216284,167086.56992041,61119.6706025472,63943.4306642552,64618.0224179185
"LPCHMCBP_01719",63916.3579925144,59712.6301809419,60594.692517072,38211.6524764628,38303.2322072345,38631.19804667
"LPCHMCBP_01720",66468.6780120747,62421.0076955051,58262.6813769972,24239.6240481652,22155.1229385907,23279.9079740791
"LPCHMCBP_01721",100695.990611166,99142.7028253946,104726.791330409,53750.1399998929,53688.7342479225,52925.7660241513
"LPCHMCBP_01722",0,0.90369620105548,0,1.1569121825203,1.9756663936678,0
"LPCHMCBP_01723",0,0,0,0,0,0
"LPCHMCBP_01724",4.55283628177012,2.71108860316644,4.94699011471099,2.31382436504059,3.9513327873356,5.33698027833084
"LPCHMCBP_01725",1196.48537484919,1248.90814985867,1209.04438403537,2523.22547007676,2364.87267322036,2432.5956108632
"LPCHMCBP_01726",3185.16426272638,2383.0468821833,2674.34285601276,1679.83648901947,1942.08006497545,1881.81924613945
"LPCHMCBP_01727",9600.11058374048,7585.6259116597,7708.39999674267,5992.80510545513,5523.96323669517,5664.67086742035
"LPCHMCBP_01728",964.290724478912,929.903390886089,936.959927726262,1648.59986009142,1547.93461943872,1491.15228976564
"LPCHMCBP_01729",707.510758187077,838.630074579485,780.635040101394,1840.64728238979,1684.2556006018,1620.30721250124
"LPCHMCBP_01730",1435.05399601394,1604.06075687348,1815.54537209893,2272.17552646986,2527.86515069795,2395.23674891488
"LPCHMCBP_01731",729.364372339574,745.549365870771,693.568014082481,1200.87484545607,1105.38534725713,1153.85513617513
"LPCHMCBP_01732",7027.75808454036,6600.59705250922,6232.21814651291,10282.6354782404,9910.93046383452,9832.85246479674
"LPCHMCBP_01733",1005.26625101484,1103.41306148874,1131.87133824587,1279.54487386745,1413.58930466931,1315.03194058072
"LPCHMCBP_01734",5314.07050808209,5360.72586466111,5728.61455283533,5022.1557843206,5165.37978624447,5071.19866046996
"LPCHMCBP_01735",1751.93140122514,1730.57822502124,1737.3829282865,1613.89249461581,1494.59162680969,1487.95010159864
"LPCHMCBP_01736",4862.42914893049,4322.37892964836,4600.70080668122,3788.88739775397,3488.0390180205,3406.06081363074
"LPCHMCBP_01737",2920.18919112736,2974.06419767358,3260.06648559454,2803.19821824667,2790.62878105577,2384.56278835822
"LPCHMCBP_01738",17819.8012068483,18204.9599702626,17783.4400643631,18560.3421441731,18074.3840024699,17186.143892281
"LPCHMCBP_01739",12619.5516058104,13221.9791176427,11581.8932565614,9654.43216313186,9994.8962855654,8943.71155042682
"LPCHMCBP_01740",15025.2702970978,15869.8089867353,16095.5270372237,15370.7352569646,14631.7853115037,14006.3710424515
"LPCHMCBP_01741",6721.80748640541,6407.20606548335,5995.75201902972,8568.0916237453,7516.42279470915,7354.3588235399
"LPCHMCBP_01742",1217.42842174533,1050.99868182752,1237.73692670069,1713.38694231256,1578.55744854057,1640.5877375589
"LPCHMCBP_01743",14671.9702016324,15324.8801774988,15077.4364716162,17273.8557972105,15904.1144690258,17014.2931273187
"LPCHMCBP_01744",775.803302413629,623.550378728281,657.949685256562,907.019151095911,766.558560743107,906.219251260577
"LPCHMCBP_01745",422.503206948267,395.8189360623,411.589577543954,590.02521308535,515.648928747296,605.213563562717
"LPCHMCBP_01746",382.43824766869,289.182784337754,315.617969318561,482.432380110963,473.172101283438,488.867393495105
"LPCHMCBP_01747",156.617568092892,150.01356937521,127.632344959544,178.164476108125,182.749141414272,170.783368906587
"LPCHMCBP_01748",588.2264476047,471.72941695096,576.819047375302,171.223003013004,175.834309036434,182.524725518915
"LPCHMCBP_01751",953.363917402664,1132.33133992252,1078.443845007,5143.63156348523,6089.00382528416,6372.35445232702
"LPCHMCBP_01752",703.868489161661,679.579543193721,722.260556747805,1006.51359879266,1065.87201938378,1017.22844104986
"LPCHMCBP_01753",427.056043230037,498.840302982625,495.688409494041,732.325411535347,697.410236964734,664.987742680023
"LPCHMCBP_01754",143.869626503936,129.228556750934,136.536927166023,141.143286267476,150.150645918753,143.031071459267
"LPCHMCBP_01755",378.795978643274,380.456100644357,395.759209176879,500.942975031288,564.052755392157,629.763672843039
"LPCHMCBP_01756",83.7721875845702,91.2733163066034,76.1836477665493,37.0211898406494,30.6228291018509,38.426258003982
"LPCHMCBP_01757",86.5038893536323,101.213974518214,107.8443845007,42.8057507532509,35.5619950860204,44.8306343379791
"LPCHMCBP_01758",7043.23772789838,7754.61710125707,6976.24545976544,39529.3754523534,39551.8533680325,40808.6860002289
"LPCHMCBP_01759",14379.6781123428,13626.8350157156,13323.2337769396,21497.7421755921,20843.2804531953,20285.8620379355
"LPCHMCBP_01760",3155.11554326669,2786.09538785404,2809.89038515584,2567.18813301253,2387.59283674754,2338.66475796457
"LPCHMCBP_01761",3472.90351573425,3125.8851594509,3071.09146321258,4883.32632241816,4981.64281163336,4921.7632126767
"LPCHMCBP_01762",3033.09953091526,3049.97467856224,3149.25390702502,7047.90901591364,6191.73847775489,6106.57283446615
"LPCHMCBP_01763",1206.50161466908,1189.26420058901,1192.22461764535,1715.7007666776,1732.65942724666,1721.70983778953
"LPCHMCBP_01764",1090.85957311212,1048.28759322436,1002.26019724045,1590.75425096541,1511.38479115587,1384.41268419902
"LPCHMCBP_01765",1345.81840489125,1265.17468147767,1236.74752867775,3041.52212784586,3085.00307371227,3048.48313498258
"LPCHMCBP_01766",845.006413896535,757.297416484492,768.762263826088,2400.59277872961,2154.46420229474,2119.84856655301
"LPCHMCBP_01767",1966.82527372469,1955.59857908406,2050.03270353623,4414.77688849745,4648.74302430034,4399.80654145594
"LPCHMCBP_01768",1915.83350736887,1778.47412367718,1819.5029641907,3635.01807747877,3524.58884630336,3399.65643729675
"LPCHMCBP_01769",2337.42614706078,2869.23543835115,2779.21904644463,5305.59926903807,5257.24827355002,5168.33170153559
"LPCHMCBP_01770",232.194650370276,218.694480655426,233.497933414359,194.36124666341,215.34763690979,218.816191411564
"LPCHMCBP_01771",97.4306964298806,92.1770125076589,106.854986477757,42.8057507532509,67.1726573847052,52.3024067276422
"LPCHMCBP_01772",7600.50488878704,7450.07148150137,7893.41742703286,11407.1541196501,10767.3818454895,10790.3067267293
"LPCHMCBP_01773",1515.1839145731,1503.75047855632,1502.8955968492,2137.97371329751,2289.79735026098,2469.95447281151
"LPCHMCBP_01774",151.154164554768,143.687695967821,161.271877739578,260.305241067066,240.043466830638,254.040261248548
"LPCHMCBP_01775",0.910567256354024,0.90369620105548,2.9681940688266,0,0,0
"LPCHMCBP_01776",2051.50802856562,1867.94004758168,1703.74339550647,2817.08116443692,2413.27649986522,2507.31333475983
"LPCHMCBP_01777",1174.63176069669,1257.04141566817,1225.86415042538,1435.72801850769,1483.72546164452,1503.96104243363
"LPCHMCBP_01778",4233.22717478986,3978.97437324728,3955.61329572291,7373.00133920184,7152.90017827427,7093.91418595735
"LPCHMCBP_01779",4894.29900290288,4903.45558692703,4750.09990814549,9316.61380583594,8730.46979361801,8685.40170495561
"LPCHMCBP_01780",696.583951110829,703.075644421163,710.387780472498,1830.23507274711,1816.62524897754,1822.04506702215
"LPCHMCBP_01781",5401.48496469207,5205.29011807956,4838.15633218735,18267.6433619955,17366.10760034,17836.1880901817
"LPCHMCBP_01782",3870.82140676096,3767.50946220029,4008.05139093885,4339.57759663363,4405.7360578792,4108.40741825908
"LPCHMCBP_01783",13199.5829481079,13142.4538519498,13208.4636062783,10526.7439487522,10395.95656348,10276.8892239539
"LPCHMCBP_01784",8468.27548409243,8661.92808711677,8403.94680687103,19327.374921184,19454.3869784468,19420.2038367903
"LPCHMCBP_01785",3378.20452107343,3393.37923496333,3304.58939662694,555.317847609742,547.259591045981,482.463017161108
"LPCHMCBP_01786",0.910567256354024,0.90369620105548,0.989398022942198,1.1569121825203,0,0
"LPCHMCBP_01787",414.308101641081,477.151594157293,497.667205539926,422.272946619908,442.549272181587,478.193432938443
"LPCHMCBP_01788",3717.84610769348,4766.99746056766,4147.5565121737,2616.93535686091,2567.37847857131,2633.26606932844
"LPCHMCBP_01789",1668.15921364057,1458.56566850354,1548.40790590454,1442.66949160281,1324.68431695426,1473.00655681931
"LPCHMCBP_01790",933.331437762875,877.489011224871,885.511230533268,3486.93331811617,3416.91502784846,3486.1155178057
"LPCHMCBP_01791",935.152572275583,924.481213679756,909.25678308388,3383.96813387186,3389.25569833711,3363.3649714041
"LPCHMCBP_01792",26.4064504342667,18.0739240211096,17.8091644129596,57.8456091260147,35.5619950860204,50.1676146163099
"LPCHMCBP_01793",117.463176069669,128.324860549878,102.897394385989,89.0822380540627,90.8806541087188,120.615754290277
"LPCHMCBP_01794",86.5038893536323,120.191594740379,110.812578569526,87.9253258715424,92.8563205023866,91.7960607872904
"LPCHMCBP_01795",215.804439755904,195.198379427984,186.006828313133,950.981814031682,963.137366913053,919.028003928571
"LPCHMCBP_01796",315.966837954846,327.138024782084,301.76639699737,859.585751612579,803.108389025961,753.581615300315
"LPCHMCBP_01797",4195.89391727934,3894.02693034806,3970.45426606704,3460.3243379182,3192.67689216717,3406.06081363074
"LPCHMCBP_01798",13348.0054108936,12245.9872205028,11371.1514776747,9351.32117131154,8417.32667022167,8859.38726202919
"LPCHMCBP_01799",417.039803410143,408.470682877077,457.101886599296,245.265382694303,260.78796396415,243.366300691886
"LPCHMCBP_01800",570.925669733973,602.765366104005,628.267744568296,559.945496339823,578.870253344666,611.617939896714
"LPCHMCBP_01801",620.096301577091,558.484252252286,543.179514595267,257.991416702026,199.542305760448,256.17505335988
"LPCHMCBP_01802",43442.2532333941,47568.7606311583,48112.4470596332,44601.2784605224,48854.2785826174,45643.9901323967
"LPCHMCBP_01803",30389.2716135592,30873.8770128594,31924.9060062759,37636.6671217502,32515.5175069847,34216.4479604347
"LPCHMCBP_01804",183.934585783513,193.390987025873,178.091644129596,167.752266465443,170.895143052265,203.872646632238
"LPCHMCBP_01805",2395.70245146744,2228.51483180281,2123.24815723396,3455.69668918812,3208.48222331651,3053.82011526091
"LPCHMCBP_01806",7514.91156668976,7595.56656987131,7170.16747226211,10946.703071007,10076.8864409026,9797.62839495976
"LPCHMCBP_01807",1231.08693059064,1253.42663086395,1263.46127529719,1876.51156004792,1862.0655760319,1873.28007769412
"LPCHMCBP_01808",835.900741332994,711.208910230662,756.889487550782,1027.33801807802,892.013376741012,952.117281654222
"LPCHMCBP_01809",6107.17458836644,5789.0778639614,5423.87996176913,6486.80660739129,6256.93546874593,6007.30500128919
"LPCHMCBP_01810",920.583496173919,917.251644071312,854.839891822059,734.639235900387,764.582894349439,691.672644071677
"LPCHMCBP_01811",2807.27885133946,2833.08759030893,2754.48409587108,290.384957812594,277.581128310326,309.544856143189
"LPCHMCBP_01812",11862.8702157802,11822.1537022078,11600.6918189973,2950.12606542675,3046.47757903575,2751.74703150738
"LPCHMCBP_01813",1165.52608813315,1147.69417534046,1207.06558798948,426.900595349989,434.646606606916,398.138728763481
"LPCHMCBP_01814",3084.09129727108,3162.03300749312,2867.27547048649,1462.33699870565,1546.94678624189,1427.10852642567
"LPCHMCBP_01815",1910.37010383074,1970.961414502,1933.28373682906,1064.35920791867,1100.44618127297,1081.27220438983
"LPCHMCBP_01816",1492.41973316425,1284.15230169984,1277.31284761838,871.154873437782,811.998887797466,872.062577479259
"LPCHMCBP_01817",1111.80262000826,1176.61245377423,1102.18939755761,407.233088247144,401.060277914564,359.712470759499
"LPCHMCBP_01818",2138.9224851756,2009.82035114739,2007.48858854972,894.293117088188,872.256712804334,873.129973534925
"LPCHMCBP_01819",1297.55834030448,1037.44323881169,1015.1223715387,592.339037450391,600.602583675011,573.191681892732
"LPCHMCBP_01820",967.022426247974,971.473416134641,863.744474028539,537.964164871937,531.454259896638,481.395621105442
"LPCHMCBP_01821",2614.2385929924,2423.7132112308,2487.34662967669,1557.20379767232,1554.84945181656,1385.48008025469
"LPCHMCBP_01822",1444.15966857748,1534.4761493922,1398.01940641733,874.625609985343,796.193556648124,778.131724580637
"LPCHMCBP_01823",1374.04598983822,1397.11432683177,1281.27043971015,522.924306499173,466.257268905601,430.160610433466
"LPCHMCBP_01824",635.575944935109,708.497821627496,606.500988063568,180.478300473166,191.639640185777,176.120349184918
"LPCHMCBP_01825",1212.87558546356,1153.11635254679,1081.41203907582,397.977790786981,406.987277095567,401.340916930479
"LPCHMCBP_01826",710.242459956139,643.431695151502,673.780053623637,298.483343090236,292.398626262835,243.366300691886
"LPCHMCBP_01827",1076.29049701046,1109.73893489613,1012.15417746987,458.137224278037,532.442093093472,453.643323658121
"LPCHMCBP_01828",631.023108653339,532.277062421678,540.21132052644,319.307762375601,364.510449631709,342.63413386884
"LPCHMCBP_01829",621.917436089799,490.707037173125,496.677807516984,259.148328884546,238.06780043697,245.501092803219
"LPCHMCBP_01830",845.916981152889,779.889821510879,802.401796606123,539.121077054457,576.894586950998,590.270018783391
"LPCHMCBP_01831",11.8373743326023,11.7480506137212,18.7985624359018,4.62764873008118,15.8053311493424,16.0109408349925
"LPCHMCBP_01832",728.45380508322,666.024100177888,665.864869440099,393.3501420569,379.327947584218,342.63413386884
"LPCHMCBP_01833",1136.38793592982,1437.78065587927,1244.66271286129,848.016629787376,772.48555992411,782.401308803301
"LPCHMCBP_01834",14.5690761016644,9.0369620105548,10.8833782523642,33.5504532930886,47.4159934480272,46.9654264493114
"LPCHMCBP_01835",11.8373743326023,8.13326580949932,10.8833782523642,47.4333994833321,54.3308258258645,75.7851199522979
"LPCHMCBP_01836",15.4796433580184,20.785012624276,13.8515723211908,28.9228045630074,27.6593295113492,32.021881669985
"LPCHMCBP_01837",3.6422690254161,4.5184810052774,7.91518418353759,6.94147309512177,5.9269991810034,6.40437633399701
"LPCHMCBP_01838",16.3902106143724,18.0739240211096,20.7773584817862,16.1967705552841,20.7444971335119,12.808752667994
"LPCHMCBP_01839",5412.41177176832,5454.71026957088,5859.2150918637,1360.52872664387,1332.58698252893,1357.72778280737
"LPCHMCBP_01840",399.739025539417,309.96779696203,315.617969318561,2908.47722685602,2822.23944335445,2738.93827883939
"LPCHMCBP_01841",820.421097974976,647.950176156779,656.96028723362,1221.69926474143,1208.11999972786,1022.56542132819
"LPCHMCBP_01842",2620.61256378688,2472.51280608779,2533.84833675497,8996.14913127781,8582.29481409293,8895.67872792184
"LPCHMCBP_01843",4782.29923037134,4726.33113152016,4548.26271146529,5956.940827797,5873.65618837437,5855.7347613846
"LPCHMCBP_01844",593.689851142824,477.151594157293,527.349146228192,273.03127507479,232.140801255967,256.17505335988
"LPCHMCBP_01845",1131.83509964805,1205.53073220801,1150.66990068178,1704.13164485239,1723.76892847516,1688.62056006388
"LPCHMCBP_01846",7001.35163410609,6914.17963427548,6940.62713093952,3162.99790701049,3410.98802866746,3229.94046444582
"LPCHMCBP_01847",25.4958831779127,44.2811138517185,40.5653189406301,59.002521308535,71.1239901720408,62.9763672843039
"LPCHMCBP_01848",1945.88222682855,1792.93326289407,1545.43971183571,12153.3624773757,11425.2787545809,11328.274338785
"LPCHMCBP_01849",37.333257510515,43.377417650663,44.5229110323989,26.6089801979668,39.513327873356,35.2240698369835
"LPCHMCBP_01850",101.072965455297,53.3180758622733,96.9610062483354,93.7098867841439,56.3064922195323,97.1330410656213
"LPCHMCBP_01851",14521.726604334,12245.0835243018,15338.6375496729,9501.71975503918,10119.3632683665,10388.9658097988
"LPCHMCBP_01852",3024.90442560807,3041.84141275274,3034.48373636372,2183.0932884158,2100.13337646887,2069.6809519367
"LPCHMCBP_01853",1635.37879241183,1209.14551701223,1297.10080807722,1225.17000128899,1132.05684357165,1132.5072150618
"LPCHMCBP_01854",6396.73497588702,5805.3443955804,5797.87241444128,4658.88535900923,4226.93824925226,4163.91201315372
"LPCHMCBP_01855",8318.94245405037,8360.09355596424,8661.190292836,5999.74657855025,6429.80627819186,5783.1518295993
"LPCHMCBP_01856",440.714552075348,407.566986676021,400.70619929159,535.650340506897,527.502927109303,563.585117391737
"LPCHMCBP_01857",285.918118495164,256.649721099756,290.883018745006,394.507054239421,379.327947584218,424.823630155135
"LPCHMCBP_01858",94.6989946608185,71.3919998833829,81.1306378812603,135.358725354875,150.150645918753,149.435447793264
"LPCHMCBP_01859",1035.31497047453,941.65144149981,966.641868414528,1706.44546921743,1620.0464428076,1611.76804405591
"LPCHMCBP_01860",8000.24391432646,8551.677150588,9000.55381470518,3705.5897206125,4191.37625416624,3743.35796722125
"LPCHMCBP_01861",1.82113451270805,0,2.9681940688266,2.31382436504059,0.9878331968339,0
"LPCHMCBP_01862",23.6747486652046,28.9182784337753,28.6925426653237,106.435920791867,112.612984439065,101.402625288286
"LPCHMCBP_01863",362.405768028902,378.648708242246,325.511949547983,276.50201162235,269.678462735655,292.46651925253
"LPCHMCBP_01864",116.552608813315,120.191594740379,94.982210202451,158.49696900528,132.369648375743,129.154922735606
"LPCHMCBP_01865",1507.89937652226,1632.97903530725,1503.88499487214,1898.4928915158,1766.24575593901,1863.67351319313
"LPCHMCBP_01866",1812.93940740086,2015.24252835372,1980.77484193028,3329.59326129341,3420.8663606358,3327.07350551145
"LPCHMCBP_01867",35.512122997807,25.3034936295534,42.5441149865145,48.5903116658524,52.3551594321967,57.6393870059731
"LPCHMCBP_01868",81.0404858155082,81.3326580949932,89.0458220647978,173.536827378044,135.333147966244,132.357110902605
"LPCHMCBP_01869",10.0162398198943,10.8443544126658,13.8515723211908,45.1195751182915,36.5498282828543,33.0892777256512
"LPCHMCBP_01870",3.6422690254161,6.32587340738836,6.92578616059539,15.0398583727638,15.8053311493424,17.0783368906587
"LPCHMCBP_01871",21.8536141524966,28.9182784337753,35.6183288259191,134.201813172354,86.9293213213832,104.604813455284
"LPCHMCBP_01872",36.422690254161,28.0145822327199,33.6395327800347,45.1195751182915,48.4038266448611,73.6503278409656
"LPCHMCBP_01873",14.5690761016644,21.6887088253315,18.7985624359018,23.1382436504059,21.7323303303458,26.6849013916542
"LPCHMCBP_01874",1818.40281093899,1880.59179439645,1863.03647720016,2092.85413817921,2332.27417772484,2175.35316144765
"LPCHMCBP_01875",196.682527372469,237.672100877591,217.667565047284,136.515637537395,154.101978706088,177.187745240584
"LPCHMCBP_01876",0,1.80739240211096,0.989398022942198,0,0.9878331968339,0
"LPCHMCBP_01877",0,0,0.989398022942198,0,0,0
"LPCHMCBP_01878",1.82113451270805,1.80739240211096,0.989398022942198,1.1569121825203,3.9513327873356,1.06739605566617
"LPCHMCBP_01879",0.910567256354024,0,0,0,0,0
"LPCHMCBP_01880",2.73170176906207,0.90369620105548,4.94699011471099,8.09838527764206,1.9756663936678,0
"LPCHMCBP_01881",249.495428241003,275.627341321921,264.169272125567,85.6115015065018,81.9901553372137,73.6503278409656
"LPCHMCBP_01882",100.162398198943,93.0807087087144,92.0140161336244,498.629150666247,536.393425880808,452.575927602455
"LPCHMCBP_01883",8.19510530718622,33.4367594390528,26.7137466194394,9.25529746016236,18.7688307398441,3.2021881669985
"LPCHMCBP_01884",3044.93690524786,2896.34632438281,2848.47690805059,4030.68204390071,4093.58076767968,3997.3982284698
"LPCHMCBP_01885",10.9268070762483,18.0739240211096,10.8833782523642,5.78456091260147,8.8904987715051,3.2021881669985
"LPCHMCBP_01886",15.4796433580184,24.399797428498,19.787960458844,10.4122096426827,13.8296647556746,8.53916844532934
"LPCHMCBP_01887",51.9023336121794,52.4143796612178,61.3426774224163,61.3163456735756,51.3673262353628,59.7741791173054
"LPCHMCBP_01888",203.967065423301,224.116657861759,222.614555161995,210.558017218694,215.34763690979,226.287963801228
"LPCHMCBP_01889",500.811990994713,438.292657511908,572.861455283533,146.927847180077,170.895143052265,159.042012294259
"LPCHMCBP_01890",276.812445931623,221.405569258593,247.34950573555,824.87838613697,867.317546820165,828.299339196946
"LPCHMCBP_01891",0,0,0,1.1569121825203,0.9878331968339,0
"LPCHMCBP_01892",61.0080061757196,84.0437466981596,77.1730457894915,60.1594334910553,81.9901553372137,53.3698027833084
"LPCHMCBP_01893",847.738115665597,825.978327764708,797.454806491412,347.073654756089,346.729452088699,297.803499530861
"LPCHMCBP_01894",2492.22258064096,2314.36597090308,2429.96154434604,6637.20519111893,6205.56814251056,6190.89712286377
"LPCHMCBP_01895",799.478051078833,879.296403626982,827.136747179678,1888.08068187312,1922.32340103877,1819.91027491082
"LPCHMCBP_01896",1522.46845262393,1259.75250427134,1255.54609111365,1677.52266465443,1767.23358913585,1781.48401690683
"LPCHMCBP_01897",769.429331619151,722.053264643328,700.493800243076,873.468697802823,853.48788206449,896.612686759581
"LPCHMCBP_01898",4890.65673387747,4597.10257476923,4583.8810402912,6081.88734350919,6520.68693230058,6177.02097414011
"LPCHMCBP_01899",434.34058128087,410.278075279188,367.066666511556,330.876884200804,322.033622167852,336.229757534843
"LPCHMCBP_01900",415.218668897435,391.300455057023,373.992452672151,323.935411105683,352.656451269702,360.779866815165
"LPCHMCBP_01901",560.909429914079,553.965771247009,514.486971929943,860.742663795099,829.779885340476,838.973299753608
"LPCHMCBP_01902",15952.2277640662,18504.9871090131,22328.7345817595,4732.92773869053,4324.73373573882,4565.2529300842
"LPCHMCBP_01903",4025.61784034114,3098.77427341924,3544.02371817895,514.825921221531,623.322747202191,580.663454282395
"LPCHMCBP_01904",355.12122997807,404.855898072855,369.04546255744,384.094844596738,335.863286923526,336.229757534843
"LPCHMCBP_01905",922.404630686627,1145.88678293835,1237.73692670069,731.168499352826,716.179067704578,676.72909929235
"LPCHMCBP_01906",2662.49865757917,2486.06824910362,2494.27241583728,2399.43586654709,2247.32052279712,2267.14922223494
"LPCHMCBP_01907",14120.1664442819,17755.8229583381,18136.6551585534,4405.52159103728,5236.50377641651,4615.42054470051
"LPCHMCBP_01908",270.438475137145,224.116657861759,236.466127483185,75.1992918638192,85.9414881245493,72.5829317852994
"LPCHMCBP_01909",19.1219123834345,8.13326580949932,18.7985624359018,11.5691218252029,19.756663936678,16.0109408349925
"LPCHMCBP_01910",1.82113451270805,0,0.989398022942198,0,0,0
"LPCHMCBP_01911",0.910567256354024,0.90369620105548,0,3.47073654756088,1.9756663936678,0
"LPCHMCBP_01912",0,0,0,1.1569121825203,0.9878331968339,1.06739605566617
"LPCHMCBP_01913",36.422690254161,30.7256708358863,38.5865228947457,33.5504532930886,37.5376614796882,34.1566737813174
"LPCHMCBP_01914",0,0,0,0,0,0
"LPCHMCBP_01915",51.9023336121794,30.7256708358863,35.6183288259191,21.9813314678856,39.513327873356,29.8870895586527
"LPCHMCBP_01916",8.19510530718622,9.94065821161028,9.89398022942198,6.94147309512177,2.9634995905017,2.13479211133234
"LPCHMCBP_01917",0,0.90369620105548,0,0,0,1.06739605566617
"LPCHMCBP_01918",0.910567256354024,2.71108860316644,1.9787960458844,4.62764873008118,2.9634995905017,2.13479211133234
"LPCHMCBP_01919",0.910567256354024,0.90369620105548,0,0,0,0
"LPCHMCBP_01920",0,0,0,0,0,0
"LPCHMCBP_01921",3.6422690254161,8.13326580949932,8.90458220647978,5.78456091260147,1.9756663936678,3.2021881669985
"LPCHMCBP_01922",944.258244839123,865.74096061115,942.896315863915,1928.57260826133,1878.85874037808,1809.23631435415
"LPCHMCBP_01923",353.300095465361,306.353012157808,323.533153502099,903.54841454835,844.597383292985,825.097151029948
"LPCHMCBP_01924",8.19510530718622,14.4591392168877,13.8515723211908,5.78456091260147,6.9148323778373,3.2021881669985
"LPCHMCBP_01925",39.1543920232231,57.8365568675507,49.4699011471099,24.2951558329262,19.756663936678,20.2805250576572
"LPCHMCBP_01926",0,0,0,1.1569121825203,1.9756663936678,0
"LPCHMCBP_01927",29.1381522033288,33.4367594390528,42.5441149865145,15.0398583727638,20.7444971335119,10.6739605566617
"LPCHMCBP_01928",16.3902106143724,6.32587340738836,5.93638813765319,5.78456091260147,2.9634995905017,6.40437633399701
"LPCHMCBP_01929",15.4796433580184,13.5554430158322,10.8833782523642,5.78456091260147,6.9148323778373,6.40437633399701
"LPCHMCBP_01930",37.333257510515,66.8735188781055,54.4168912618209,19.667507102845,18.7688307398441,18.1457329463249
"LPCHMCBP_01931",115.642041556961,122.902683343545,131.589937051312,62.4732578560959,62.2334914005357,62.9763672843039
"LPCHMCBP_01932",50.9917663558254,47.8958986559404,53.4274932388787,41.6488385707306,55.3186590226984,42.6958422266467
"LPCHMCBP_01933",65.5608424574898,75.9104808886603,49.4699011471099,34.7073654756088,39.513327873356,44.8306343379791
"LPCHMCBP_01934",645.592184755003,675.061062188443,722.260556747805,55.5317847609742,63.2213245973696,77.9199120636303
"LPCHMCBP_01935",445.267388357118,443.714834718241,416.536567658665,115.691218252029,118.539983620068,123.817942457275
"LPCHMCBP_01936",977.038666067868,938.940352896643,945.864509932742,248.736119241863,220.28680289396,262.579429693877
"LPCHMCBP_01937",2806.3682840831,2402.92819860652,2461.62228108019,1848.74566766743,1596.33844608358,1565.87001366227
"LPCHMCBP_01938",140.22735747852,148.206176973099,135.547529143081,113.377393886989,124.466982801071,107.807001622283
"LPCHMCBP_01939",28.2275849469748,39.7626328464411,24.734950573555,34.7073654756088,36.5498282828543,36.2914658926497
"LPCHMCBP_01940",15.4796433580184,10.8443544126658,9.89398022942198,10.4122096426827,5.9269991810034,7.47177238966318
"LPCHMCBP_01941",31.8698539723909,23.4961012274425,24.734950573555,30.0797167455277,24.6958299208475,32.021881669985
"LPCHMCBP_01942",34.6015557414529,29.8219746348308,27.7031446423816,12.7260340077232,20.7444971335119,19.213129001991
"LPCHMCBP_01943",6.37397079447817,2.71108860316644,1.9787960458844,2.31382436504059,1.9756663936678,5.33698027833084
"LPCHMCBP_01944",10.9268070762483,12.6517468147767,9.89398022942198,17.3536827378044,10.8661651651729,12.808752667994
"LPCHMCBP_01945",15.4796433580184,14.4591392168877,12.8621742982486,28.9228045630074,25.6836631176814,28.8196935029865
"LPCHMCBP_01946",9.10567256354024,9.94065821161028,6.92578616059539,9.25529746016236,13.8296647556746,17.0783368906587
"LPCHMCBP_01947",11.8373743326023,19.8813164232206,8.90458220647978,11.5691218252029,5.9269991810034,12.808752667994
"LPCHMCBP_01948",55.5446026375955,55.1254682643843,41.5547169635723,41.6488385707306,58.2821586132001,40.5610501153144
"LPCHMCBP_01949",40.9755265359311,33.4367594390528,37.5971248718035,30.0797167455277,29.634995905017,36.2914658926497
"LPCHMCBP_01950",0,0,0.989398022942198,0,0,0
"LPCHMCBP_01951",0,0,0,0,0,0
"LPCHMCBP_01952",471.673838791385,564.810125659675,584.734231558839,1581.49895350524,1681.2921010113,1680.08139161855
"LPCHMCBP_01953",8.19510530718622,9.94065821161028,4.94699011471099,6.94147309512177,6.9148323778373,6.40437633399701
"LPCHMCBP_01954",0.910567256354024,1.80739240211096,0.989398022942198,3.47073654756088,1.9756663936678,3.2021881669985
"LPCHMCBP_01955",65.5608424574898,52.4143796612178,68.2684635830117,57.8456091260147,62.2334914005357,68.3133475626347
"LPCHMCBP_01956",63.7397079447817,68.6809112802165,61.3426774224163,79.8269405939003,71.1239901720408,45.8980303936452
"LPCHMCBP_01957",657.429559087606,661.505619172611,661.907277348331,1221.69926474143,1223.9253308772,1238.17942457275
"LPCHMCBP_01958",59.1868716630116,66.8735188781055,73.2154536977227,151.555495910159,158.053311493424,176.120349184918
"LPCHMCBP_01959",66.4714097138438,63.2587340738836,66.2896675371273,49.7472238483727,40.5011610701899,45.8980303936452
"LPCHMCBP_01960",12.7479415889563,7.22956960844384,9.89398022942198,12.7260340077232,5.9269991810034,7.47177238966318
"LPCHMCBP_01961",16.3902106143724,19.8813164232206,25.7243485964972,12.7260340077232,13.8296647556746,7.47177238966318
"LPCHMCBP_01962",10.9268070762483,18.0739240211096,19.787960458844,8.09838527764206,11.8539983620068,14.9435447793264
"LPCHMCBP_01963",57.3657371503035,49.7032910580514,50.4592991700521,47.4333994833321,43.4646606606916,40.5610501153144
"LPCHMCBP_01964",67.3819769701978,48.7995948569959,68.2684635830117,47.4333994833321,51.3673262353628,50.1676146163099
"LPCHMCBP_01965",0.910567256354024,0,0.989398022942198,0,0,0
"LPCHMCBP_01966",757.591957286548,757.297416484492,800.423000560238,329.719972018284,346.729452088699,338.364549646175
"LPCHMCBP_01967",61.0080061757196,71.3919998833829,63.3214734683007,33.5504532930886,36.5498282828543,48.0328225049776
"LPCHMCBP_01968",282.275849469748,194.294683226928,193.922012496671,225.597875591458,226.213802074963,184.659517630247
"LPCHMCBP_01969",130.211117658625,110.250936528769,112.791374615411,149.241671545118,151.138479115587,146.233259626265
"LPCHMCBP_01970",279.544147700686,326.234328581028,249.328301781434,372.525722771535,378.340114387384,414.149669598473
"LPCHMCBP_01971",280.45471495704,281.95321472931,263.179874102625,359.799688763812,323.021455364685,320.21881669985
"LPCHMCBP_01972",0,0,0,0,0,0
"LPCHMCBP_01973",19.1219123834345,18.0739240211096,21.7667565047284,9.25529746016236,9.878331968339,13.8761487236602
"LPCHMCBP_01974",7.2845380508322,8.13326580949932,8.90458220647978,4.62764873008118,7.9026655746712,2.13479211133234
"LPCHMCBP_01975",9.10567256354024,18.0739240211096,10.8833782523642,23.1382436504059,17.7809975430102,26.6849013916542
"LPCHMCBP_01976",2547.76718327856,2582.76374261656,2361.69308076303,375.996459319096,406.987277095567,368.251639204828
"LPCHMCBP_01977",569.104535221265,399.433720866522,391.801617085111,79.8269405939003,104.710318864393,93.9308528986228
"LPCHMCBP_01978",2009.62193477333,2080.30865482971,1960.98688147144,566.886969434944,540.344758668144,529.428443610419
"LPCHMCBP_01979",883.250238663404,900.985112452313,928.055345519782,1131.46011450485,1162.6796726735,1152.78774011946
"LPCHMCBP_01980",177.560614989035,145.495088369932,137.526325188966,3685.92221350966,2907.19309828217,3507.46343891903
"LPCHMCBP_01981",10.0162398198943,18.9776202221651,14.840970344133,38.1781020231697,51.3673262353628,49.1002185606437
"LPCHMCBP_01982",0.910567256354024,1.80739240211096,3.95759209176879,5.78456091260147,3.9513327873356,2.13479211133234
"LPCHMCBP_01984",2.73170176906207,0.90369620105548,1.9787960458844,4.62764873008118,2.9634995905017,2.13479211133234
"LPCHMCBP_01986",1506.07824200956,1469.41002291621,1440.56352140384,829.506034867051,888.062043953676,897.680082815247
"LPCHMCBP_01987",401.560160052125,371.419138633802,336.395327800347,180.478300473166,209.420637728787,172.918161017919
"LPCHMCBP_01988",4.55283628177012,3.61478480422192,4.94699011471099,6.94147309512177,1.9756663936678,1.06739605566617
"LPCHMCBP_01989",1084.48560231764,949.784707309309,1033.9209339746,1156.91218252029,1110.3245132413,1151.7203440638
"LPCHMCBP_01990",836.811308589348,754.586327881326,751.942497436071,1097.90966121176,1055.99368741544,1063.1264714435
"LPCHMCBP_01991",398.828458283063,435.581568908741,494.699011471099,594.652861815432,588.748585313005,552.911156835075
"LPCHMCBP_01992",91.9672928917565,78.6215694918267,81.1306378812603,63.6301700386162,55.3186590226984,71.5155357296333
"LPCHMCBP_01993",104.715234480713,122.902683343545,120.706558798948,102.965184244306,112.612984439065,143.031071459267
"LPCHMCBP_01994",8435.49506286368,8681.80940353999,8738.3633386255,14020.6187399635,13866.2145839575,14246.5351549763
"LPCHMCBP_01995",1468.74498449904,1334.75928895894,1387.13602816496,1141.87232414753,1189.35116898802,1085.54178861249
"LPCHMCBP_01996",597.33212016824,629.876252135669,628.267744568296,917.431360738594,925.599705433365,907.286647316243
"LPCHMCBP_01997",648.323886524065,629.876252135669,573.850853306475,1005.35668661014,1045.12752225027,1030.03719371785
"LPCHMCBP_01998",1088.12787134306,905.503593457591,1000.28140119456,1485.47524235606,1482.73762844768,1391.88445658868
"LPCHMCBP_01999",4413.51949154796,4216.64647412487,4093.13962091187,7316.31264225835,7625.08444636088,7199.5863954683
"LPCHMCBP_02000",18092.0608164981,20545.5331309963,20753.6129292356,21625.0025156694,21805.4299869115,21097.0830402418
"LPCHMCBP_02001",4.55283628177012,6.32587340738836,10.8833782523642,5.78456091260147,1.9756663936678,5.33698027833084
"LPCHMCBP_02002",30.9592867160368,26.2071898306089,33.6395327800347,74.0423796812989,75.0753229593764,81.1221002306288
"LPCHMCBP_02003",0,0,0,0,0,0
"LPCHMCBP_02004",1.82113451270805,13.5554430158322,9.89398022942198,3.47073654756088,3.9513327873356,4.26958422266467
"LPCHMCBP_02005",194.861392859761,243.094278083924,290.883018745006,198.988895393491,227.201635271797,187.861705797246
"LPCHMCBP_02006",609.169494500842,724.764353246495,825.157951133793,8026.65672232581,7035.34802785104,7140.87961240666
"LPCHMCBP_02007",6.37397079447817,14.4591392168877,15.8303683670752,12.7260340077232,12.8418315588407,13.8761487236602
"LPCHMCBP_02008",1075.3799297541,1216.37508662068,966.641868414528,9822.1844295973,8102.20788043165,7580.64678734112
"LPCHMCBP_02009",2229.97921081101,2157.12283191943,2136.11033153221,1210.13014291623,1184.41200300385,1183.74222573378
"LPCHMCBP_02010",647.413319267711,667.831492579999,748.974303367244,756.620567368273,794.217890254456,767.457764023975
"LPCHMCBP_02011",6.37397079447817,9.94065821161028,6.92578616059539,8.09838527764206,11.8539983620068,6.40437633399701
"LPCHMCBP_02012",101.072965455297,107.539847925602,113.780772638353,276.50201162235,276.593295113492,256.17505335988
"LPCHMCBP_02013",156.617568092892,169.89488579843,150.388499487214,539.121077054457,539.35692547131,544.371988389746
"LPCHMCBP_02014",0,0,0.989398022942198,0,0.9878331968339,0
"LPCHMCBP_02015",37.333257510515,42.4737214496075,37.5971248718035,59.002521308535,58.2821586132001,58.7067830616392
"LPCHMCBP_02016",4983.53459402558,4743.50135934021,4847.06091439383,13114.7565010501,13151.0233494497,12435.1640485109
"LPCHMCBP_02018",485.332347636695,489.80334097207,515.476369952885,261.462153249587,224.238135681295,235.894528302223
"LPCHMCBP_02019",1771.05331360858,1865.22895897851,1781.9058393189,3496.18861557633,3040.55057985475,3322.80392128878
"LPCHMCBP_02020",866.860028049031,1070.87999825074,970.599460506297,993.787564784933,1035.24919028193,942.510717153226
"LPCHMCBP_02021",205.78819993601,209.657518644871,208.762982840804,247.579207059343,214.359803712956,241.231508580554
"LPCHMCBP_02022",1048.06291206348,1105.22045389085,1023.03755572223,1078.24215410891,933.502371008036,971.330410656213
"LPCHMCBP_02023",244.032024702879,263.8792907082,279.0102424697,2127.56150365482,1953.93406333745,1748.39473918118
"LPCHMCBP_02024",344.194422901821,332.560201988417,325.511949547983,1266.81883985972,1263.43865875056,1258.45994963041
"LPCHMCBP_02025",342.373288389113,223.212961660703,228.550943299648,1292.27090787517,1167.61883865767,1327.84069324871
"LPCHMCBP_02026",22.7641814088506,18.0739240211096,25.7243485964972,42.8057507532509,41.4889942670238,45.8980303936452
"LPCHMCBP_02027",485.332347636695,504.262480188958,510.529379838174,2633.13212741619,2471.55865847842,2452.87613592085
"LPCHMCBP_02028",1099.05467841931,1073.59108685391,1108.12578569526,5715.14618165026,5372.82475757958,5582.48137113406
"LPCHMCBP_02029",316.8774052112,371.419138633802,336.395327800347,1492.41671545118,1610.16811083926,1653.39649022689
"LPCHMCBP_02030",408.844698102957,436.485265109797,436.324528117509,1745.78048342313,1930.22606661344,1779.3492247955
"LPCHMCBP_02031",429.7877449991,449.137011924573,381.907636855689,2268.7047899223,2118.90220720872,2187.09451805998
"LPCHMCBP_02032",75.577082277384,53.3180758622733,72.2260556747805,321.621586740642,290.422959869167,346.903718091505
"LPCHMCBP_02033",28.2275849469748,21.6887088253315,21.7667565047284,87.9253258715424,98.78331968339,93.9308528986228
"LPCHMCBP_02034",47.3494973304093,40.6663290474966,28.6925426653237,142.300198449996,130.393981982075,130.222318791272
"LPCHMCBP_02035",313.235136185784,334.367594390527,288.904222699122,990.316828237372,857.439214851826,920.095399984237
"LPCHMCBP_02036",84.6827548409243,72.2956960844384,84.0988319500869,245.265382694303,244.982632814807,232.692340135225
"LPCHMCBP_02037",70.1136787392599,95.7917973118808,87.0670260189135,208.244192853653,224.238135681295,243.366300691886
"LPCHMCBP_02038",0,0,0,0,0,0
"LPCHMCBP_02039",0,0,0,1.1569121825203,0,1.06739605566617
"LPCHMCBP_02040",370.600873336088,360.574784221136,381.907636855689,1359.37181446135,1476.81062926668,1483.68051737597
"LPCHMCBP_02041",1.82113451270805,1.80739240211096,0,4.62764873008118,7.9026655746712,7.47177238966318
"LPCHMCBP_02042",753.039121004778,861.222479605872,847.914105661464,1449.61096469793,1578.55744854057,1648.05950994856
"LPCHMCBP_02043",446.177955613472,408.470682877077,426.430547888087,2135.65988893246,1962.82456210896,2131.58992316534
"LPCHMCBP_02044",825.8845015131,795.252656928822,759.857681619608,1009.98433534022,1030.31002429776,894.477894648249
"LPCHMCBP_02045",72.845380508322,69.5846074812719,66.2896675371273,70.571643133738,68.1604905815391,61.9089712286377
"LPCHMCBP_02046",55.5446026375955,41.5700252485521,40.5653189406301,75.1992918638192,46.4281602511933,57.6393870059731
"LPCHMCBP_02047",75.577082277384,87.6585315023815,84.0988319500869,72.8854674987786,83.9658217308815,91.7960607872904
"LPCHMCBP_02048",116.552608813315,97.5991897139918,92.0140161336244,119.16195479959,112.612984439065,134.491903013937
"LPCHMCBP_02049",274.080744162561,272.916252718755,265.158670148509,414.174561342266,374.388781600048,400.273520874813
"LPCHMCBP_02050",216.715007012258,269.301467914533,231.519137368474,251.049943606904,278.56896150716,286.062142918533
"LPCHMCBP_02051",231.284083113922,235.86470847548,228.550943299648,217.499490313815,251.897465192645,281.792558695868
"LPCHMCBP_02052",604.616658219072,621.74298632617,598.58580388003,776.288074471118,775.449059514612,788.805685137298
"LPCHMCBP_02053",15.4796433580184,12.6517468147767,6.92578616059539,17.3536827378044,11.8539983620068,20.2805250576572
"LPCHMCBP_02054",66.4714097138438,111.154632729824,99.929200317162,77.5131162288598,71.1239901720408,106.739605566617
"LPCHMCBP_02055",11.8373743326023,13.5554430158322,15.8303683670752,8.09838527764206,15.8053311493424,13.8761487236602
"LPCHMCBP_02056",75.577082277384,82.2363542960487,73.2154536977227,84.4545893239815,71.1239901720408,101.402625288286
"LPCHMCBP_02057",138.406222965812,113.86572133299,116.748966707179,153.869320275199,154.101978706088,154.772428071594
"LPCHMCBP_02058",181.202884014451,161.761619988931,155.335489601925,226.754787773978,254.860964783146,292.46651925253
"LPCHMCBP_02059",470.763271535031,300.027138750419,334.416531754463,333.190708565845,348.705118482367,350.105906258503
"LPCHMCBP_02060",105.625801737067,75.9104808886603,82.1200359042025,63.6301700386162,79.026655746712,81.1221002306288
"LPCHMCBP_02061",552.714324606893,536.795543426955,501.624797631695,568.043881617465,594.675584494008,618.022316230711
"LPCHMCBP_02062",0,0,0,0,0,0
"LPCHMCBP_02063",0,0,0,0,0,0
"LPCHMCBP_02064",0,0,0,0,0,0
"LPCHMCBP_02065",19.1219123834345,20.785012624276,12.8621742982486,8.09838527764206,20.7444971335119,22.4153171689895
"LPCHMCBP_02066",13.6585088453104,5.42217720633288,8.90458220647978,18.5105949203247,14.8174979525085,16.0109408349925
"LPCHMCBP_02067",16.3902106143724,7.22956960844384,11.8727762753064,11.5691218252029,12.8418315588407,13.8761487236602
"LPCHMCBP_02068",18.2113451270805,14.4591392168877,15.8303683670752,26.6089801979668,21.7323303303458,21.3479211133234
"LPCHMCBP_02069",205.78819993601,233.153619872314,204.805390749035,188.576685750808,191.639640185777,173.985557073585
"LPCHMCBP_02070",10.0162398198943,23.4961012274425,20.7773584817862,2.31382436504059,13.8296647556746,9.60656450099551
"LPCHMCBP_02071",0.910567256354024,0,0.989398022942198,0,0,0
"LPCHMCBP_02072",50.9917663558254,53.3180758622733,57.3850853306475,21.9813314678856,22.7201635271797,20.2805250576572
"LPCHMCBP_02073",5.46340353812415,7.22956960844384,5.93638813765319,10.4122096426827,9.878331968339,7.47177238966318
"LPCHMCBP_02074",68.2925442265518,74.1030884865493,67.2790655600695,38.1781020231697,33.5863286923526,38.426258003982
"LPCHMCBP_02075",3.6422690254161,0.90369620105548,1.9787960458844,1.1569121825203,1.9756663936678,0
"LPCHMCBP_02076",15592.5536978063,16589.1511627754,15500.8988254354,7124.26521995998,7124.25301556609,7296.71943653392
"LPCHMCBP_02077",305.950598134952,283.760607131421,294.840610836775,2465.37986095075,1900.59107070842,1972.54791087108
"LPCHMCBP_02078",1450.53363937196,1816.42936412151,2026.28715098562,222.127139043897,249.921798798977,236.961924357889
"LPCHMCBP_02079",2068.80880643634,1939.33204746506,1938.23072694377,299.640255272756,331.911954136191,310.612252198855
"LPCHMCBP_02080",519.933903378148,504.262480188958,515.476369952885,7131.2066930551,7368.24781518406,7442.95269616019
"LPCHMCBP_02081",297.755492827766,300.930834951475,296.81940688266,454.666487730476,473.172101283438,421.621441988136
"LPCHMCBP_02082",94.6989946608185,91.2733163066034,107.8443845007,180.478300473166,188.676140595275,216.681399300232
"LPCHMCBP_02083",174.828913219973,188.872506020595,186.996226336075,289.228045630074,308.203957412177,277.522974473204
"LPCHMCBP_02084",669.266933420208,601.86166990295,603.532793994741,330.876884200804,333.887620529858,335.162361479177
"LPCHMCBP_02085",631.023108653339,521.432708009012,538.232524480556,313.523201463,322.033622167852,297.803499530861
"LPCHMCBP_02086",1432.32229424488,1188.36050438796,1067.56046675463,319.307762375601,348.705118482367,335.162361479177
"LPCHMCBP_02087",7546.78142066215,6334.91036939891,6218.36657419172,1731.89753723288,1843.29674529206,1643.7899257259
"LPCHMCBP_02088",1713.68757645827,1415.18825085288,1602.82479716636,1084.02671502152,1099.45834807613,939.308528986228
"LPCHMCBP_02089",162.080971631016,168.991189597375,148.40970344133,378.310283684136,360.559116844374,322.353608811183
"LPCHMCBP_02090",644.681617498649,572.039695268119,611.447978178279,1763.13416616093,1699.07309855431,1695.02493639787
"LPCHMCBP_02091",916.941227148503,1088.0502260708,1291.16441993957,5739.44133748318,6365.59712039765,5489.6179142911
"LPCHMCBP_02092",4924.34772236256,4871.82621989009,4687.76783270014,4878.69867368808,4380.05239476151,4882.26955861705
"LPCHMCBP_02093",6767.33584922311,6932.25355829658,6118.43737387455,6091.14264096935,5329.36009691889,5924.04810894723
"LPCHMCBP_02094",1943.15052505949,1964.63554109461,1772.01185908948,1328.1351855333,1250.59682719172,1331.04288141571
"LPCHMCBP_02095",1166.43665538951,1220.89356762595,1306.0053902837,307.738640550398,275.605461916658,259.377241526879
"LPCHMCBP_02096",709.331892699785,668.735188781055,804.380592652007,216.342578131295,206.457138138285,203.872646632238
"LPCHMCBP_02097",2051.50802856562,1904.0878956239,1718.5843658506,426.900595349989,451.439770953092,405.610501153144
"LPCHMCBP_02098",4762.26675073155,4466.06662561618,4382.043843611,1280.70178604997,1276.2804903094,1190.14660206778
"LPCHMCBP_02099",688.388845803642,639.81691034728,609.469182132394,257.991416702026,259.800130767316,275.388182361871
"LPCHMCBP_02100",6368.50739094005,7060.57841884646,6601.26360907035,4034.15278044827,3799.20647502318,4519.35489969056
"LPCHMCBP_02101",3960.05699788365,3507.24495629632,3319.43036697108,1153.44144597273,1081.67735053312,1210.42712712543
"LPCHMCBP_02102",1124.55056159722,911.829466864979,979.504042712776,212.871841583734,212.384137319289,210.277022966235
"LPCHMCBP_02103",13497.3384409357,14046.1500530053,12959.1353044969,115392.734908939,115575.49619637,117142.447525139
"LPCHMCBP_02104",37.333257510515,36.1478480422192,35.6183288259191,19.667507102845,27.6593295113492,30.9544856143189
"LPCHMCBP_02105",0.910567256354024,0,0,1.1569121825203,0.9878331968339,0
"LPCHMCBP_02106",59.1868716630116,45.184810052774,53.4274932388787,26.6089801979668,42.4768274638577,50.1676146163099
"LPCHMCBP_02107",1444.15966857748,1493.80982034471,1523.67295533099,1506.29966164142,1407.66230548831,1473.00655681931
"LPCHMCBP_02108",46634.7020341714,50290.6935887374,51879.0853329742,7388.0411975746,7418.62730822259,7013.85948178239
"LPCHMCBP_02109",57764.5656085866,54295.8751518153,52684.4553236491,12828.9991919676,12132.567323514,11998.5990617434
"LPCHMCBP_02110",7359.20456585323,6672.89274859366,6166.91787699872,2579.91416702026,2712.58995850589,2562.81792965447
"LPCHMCBP_02111",4287.8612101711,3482.84515886782,3679.57124732204,3822.43785104705,3750.80264837832,3602.46168787332
"LPCHMCBP_02112",2987.57116809755,3047.26358995908,3041.40952252432,1296.89855660525,1280.23182309673,1247.78598907375
"LPCHMCBP_02113",922.404630686627,941.65144149981,1062.61347663992,472.02017046828,526.515093912469,511.282710664094
"LPCHMCBP_02114",5212.08697537044,4475.10358762674,4610.59478691064,3341.16238311861,3382.34086595928,3191.51420644184
"LPCHMCBP_02115",14189.3695557648,12206.2245876564,11794.6138314939,9616.25406110869,8952.73226290564,8835.90454880454
"LPCHMCBP_02116",11017.8638018837,10677.1706154705,10576.6648652521,8326.29697759856,8196.05203413087,7952.10061471295
"LPCHMCBP_02117",5223.01378244668,5655.33082620519,5806.77699664776,1398.70682866704,1401.7353063073,1372.67132758669
"LPCHMCBP_02118",13697.6632373336,13806.6705597256,13990.0880444027,4452.95499052061,4231.87741523643,4235.42754888335
"LPCHMCBP_02119",2707.11645314051,2421.90581882869,2545.72111303028,834.133683597133,953.259034944714,924.364984206901
"LPCHMCBP_02120",4944.38020200235,4159.71361345837,3925.93135503464,1534.06555402191,1416.55280425981,1556.26344916127
"LPCHMCBP_02121",21794.4272808336,19937.345587686,20896.0862445392,11060.080464894,10500.6668823444,10780.7001622283
"LPCHMCBP_02122",6872.05108370382,7553.0928484217,6531.01634944145,5428.23196038522,5569.40356374953,5711.63629386966
"LPCHMCBP_02123",203.967065423301,205.139037639594,175.123450060769,1038.90713990322,1034.26135708509,1037.50896610752
"LPCHMCBP_02124",718.437565263325,681.386935595832,670.81185955481,4365.02966464907,4007.63927955513,4094.53126953542
"LPCHMCBP_02125",314.145703442138,338.886075395805,326.501347570925,1920.47422298369,1882.81007316541,1816.70808674382
"LPCHMCBP_02126",962.469589966204,779.889821510879,767.772865803146,323.935411105683,329.936287742523,369.319035260494
"LPCHMCBP_02127",1584.387026056,1454.95088369932,1493.00161661978,393.3501420569,408.962943489235,476.058640827111
"LPCHMCBP_02128",989.786607656825,916.347947870256,1008.1965853781,6061.06292422383,6064.30799536331,5698.82754120167
"LPCHMCBP_02129",580.941909553868,506.069872591069,546.147708664093,5011.74357467792,4739.62367840905,4683.73389226315
"LPCHMCBP_02130",60.0974389193656,62.3550378728281,76.1836477665493,456.980312095517,422.792608244909,429.0932143778
"LPCHMCBP_02131",87.4144566099863,119.287898539323,105.865588454815,438.469717175192,432.670940213248,431.228006489132
"LPCHMCBP_02132",59.1868716630116,64.1624302749391,67.2790655600695,55.5317847609742,40.5011610701899,48.0328225049776
"LPCHMCBP_02133",227.641814088506,259.360809702923,242.402515620839,311.209377097959,340.802452907696,327.690589089514
"LPCHMCBP_02134",498.080289225651,572.943391469174,543.179514595267,600.437422728033,559.113589407988,627.628880731707
"LPCHMCBP_02135",171.186644194557,170.798581999486,159.293081693694,1882.29612096052,1518.29962353371,1848.7299684138
"LPCHMCBP_02136",128.389983145917,95.7917973118808,106.854986477757,60.1594334910553,68.1604905815391,90.7286647316243
"LPCHMCBP_02137",914.20952537944,759.104808886603,707.419586403672,933.628131293878,970.05219929089,894.477894648249
"LPCHMCBP_02138",6253.77591663944,6665.66317898522,6614.1257833686,1461.18008652313,1423.46763663765,1496.48927004397
"LPCHMCBP_02139",6366.68625642734,6212.00768605537,6358.86109344951,1575.71439259264,1373.08814359912,1433.51290275966
"LPCHMCBP_02140",34386.6618689534,35977.0494602197,34785.2556906018,13857.4941222281,13307.1009945495,13204.7566046462
"LPCHMCBP_02141",7582.29354365996,6064.70520528332,5966.07007834146,2201.60388333612,2100.13337646887,2108.10720994068
"LPCHMCBP_02142",10.9268070762483,9.94065821161028,10.8833782523642,1.1569121825203,4.9391659841695,2.13479211133234
"LPCHMCBP_02143",19132.8391905108,17865.1701986658,17753.7581236748,10391.3852233973,10423.6158929913,9967.34436781068
"LPCHMCBP_02144",27408.0744162561,27607.9189422449,28650.9879483602,13959.3023942899,13305.1253281558,14075.7517860698
"LPCHMCBP_02145",2371.11713554588,2322.49923671258,2265.72147253763,4581.37224278037,4314.85540377048,4364.58247161896
"LPCHMCBP_02146",4171.30860135779,3836.19037348051,3761.69128322624,8074.09012180914,8081.46338329814,7957.43759499128
"LPCHMCBP_02147",7846.35804800263,7525.07826618898,7822.18076938102,3319.18105165073,3361.59636882576,3242.74921711382
"LPCHMCBP_02148",8052.14624793864,8453.17426467296,7873.62946657401,4053.82028755111,3884.1601299509,3709.20129343993
"LPCHMCBP_02149",2539.57207797137,2516.79391993951,2451.72830085077,3835.16388505478,3462.35535490282,3552.29407325701
"LPCHMCBP_02150",4288.77177742746,4402.8078915423,4292.00862352326,5944.21479378928,5647.44238629941,5570.74001452173
"LPCHMCBP_02151",2091.57298784519,2188.75219895637,2274.62605474411,2758.07864312838,2910.15659787267,2848.880072573
"LPCHMCBP_02152",28.2275849469748,28.9182784337753,34.6289308029769,49.7472238483727,40.5011610701899,59.7741791173054
"LPCHMCBP_02153",36.422690254161,39.7626328464411,46.5017070782833,69.4147309512177,70.1361569752069,70.4481396739671
"LPCHMCBP_02154",129.300550402271,116.576809936157,136.536927166023,379.467195866657,411.926443079736,355.442886536834
"LPCHMCBP_02155",7.2845380508322,3.61478480422192,2.9681940688266,11.5691218252029,8.8904987715051,11.7413566123278
"LPCHMCBP_02156",115.642041556961,103.021366920325,101.907996363046,171.223003013004,158.053311493424,162.244200461258
"LPCHMCBP_02157",26.4064504342667,18.9776202221651,29.681940688266,233.6962608691,200.530138957282,260.444637582545
"LPCHMCBP_02158",29.1381522033288,26.2071898306089,23.7455525506128,262.619065432107,275.605461916658,251.905469137216
"LPCHMCBP_02159",30.9592867160368,35.2441518411637,25.7243485964972,127.260340077232,110.637318045397,129.154922735606
"LPCHMCBP_02160",1380.4199606327,1369.09974459905,1239.71572274657,2684.03626344708,2490.32748921826,2563.88532571014
"LPCHMCBP_02161",7003.1727686188,5969.8171041725,6176.81185722814,5644.57453851652,5384.67875594159,5357.2608033885
"LPCHMCBP_02162",3066.79051940035,2430.94278083924,2518.01796838789,5518.47111062181,5788.70253344666,5748.99515581798
"LPCHMCBP_02163",8079.46326562926,6876.22439383114,6841.6873286453,14273.9825079354,12735.1455735826,12779.932974491
"LPCHMCBP_02164",10005.313012818,8495.64798612257,8168.47007741079,15240.0041803398,15141.50724107,15240.2808828015
"LPCHMCBP_02165",18864.2218498863,18741.7555136896,18894.5340441272,8195.56590097377,8197.0398673277,9215.89754462169
"LPCHMCBP_02166",767.608197106443,656.987138167334,732.154536977227,934.785043476398,928.563205023866,872.062577479259
"LPCHMCBP_02167",2627.89710183771,2350.5138189453,2319.14896577651,5333.36516141856,5127.84212476478,5152.32076070059
"LPCHMCBP_02168",983.412636862346,915.444251669201,938.938723772146,1846.43184330239,2078.40104613853,2006.7045846524
"LPCHMCBP_02169",883.250238663404,872.970530219593,891.447618670921,423.429858802428,381.303613977886,391.734352429484
"LPCHMCBP_02170",41335.2006021909,42206.2273740951,41398.3920759475,9685.66879205991,9748.92581955376,9668.47347222415
"LPCHMCBP_02171",10004.4024455617,10626.5636282114,10001.8246139227,8392.24097200222,8802.58161698689,9350.38944763563
"LPCHMCBP_02172",11946.6424033648,11109.137399575,10508.3964016691,11806.2888226196,11112.1356311845,11962.3075958507
"LPCHMCBP_02173",4480.90146851815,4196.76515770165,4172.29146274725,2519.7547335292,2458.71682691958,2411.24768974987
"LPCHMCBP_02174",700.226220136245,609.994935712449,629.257142591238,5377.32782435433,4987.56981081436,5138.44461197693
"LPCHMCBP_02175",46.4389300740552,47.8958986559404,41.5547169635723,1597.69572406053,1449.15129975533,1442.05207120499
"LPCHMCBP_02176",15.4796433580184,16.2665316189986,17.8091644129596,281.129660352432,199.542305760448,262.579429693877
"LPCHMCBP_02177",10896.7583567886,11227.5216019133,9948.3971206838,245.265382694303,251.897465192645,259.377241526879
"LPCHMCBP_02178",16061.4958348286,19924.6938408712,16431.922365024,224.440963408937,274.617628719824,306.34266797619
"LPCHMCBP_02179",15784.683388897,15945.7194676239,16342.8765429592,348.230566938609,364.510449631709,355.442886536834
"LPCHMCBP_02180",1692.74452956213,1680.87493396319,1643.39011610699,1234.42529874915,1279.2439898999,1207.22493895844
"LPCHMCBP_02181",5485.25715227664,5312.82996600517,5210.16998881362,4043.40807790843,3871.31829839206,3954.70238624315
"LPCHMCBP_02182",5330.46071869646,4453.4148788014,4503.73980043289,3514.69921049666,3331.96137292075,3304.65818834246
"LPCHMCBP_02183",3003.05081145557,2310.75118609886,2263.74267649175,1410.27595049224,1594.36277968992,1506.09583454496
"LPCHMCBP_02184",5194.78619749971,4369.37113210324,4564.09307983236,3165.31173137553,3452.47702293448,3329.20829762278
"LPCHMCBP_02185",8961.80293703631,7416.63472206232,7708.39999674267,8315.88476795588,8062.6945525583,7912.6069606533
"LPCHMCBP_02186",16577.7874691814,14270.2667108671,13382.5976583162,14375.7907799972,14004.5112315142,14699.1110825788
"LPCHMCBP_02187",5138.33102760576,4982.98085261991,4791.65462510907,1043.53478863331,958.198200928883,984.139163324207
"LPCHMCBP_02188",91.0567256354024,84.9474428992151,120.706558798948,28.9228045630074,24.6958299208475,29.8870895586527
"LPCHMCBP_02189",1398.63130575978,1229.93052963651,1385.15723211908,596.966686180472,603.566083265513,625.494088620374
"LPCHMCBP_02190",308.682299904014,255.746024898701,237.455525506128,598.123598362992,601.590416871845,662.85295056869
"LPCHMCBP_02191",153.88586632383,185.257721216373,149.399101464272,119.16195479959,105.698152061227,112.076585844948
"LPCHMCBP_02192",80.1299185591541,64.1624302749391,61.3426774224163,101.808272061786,85.9414881245493,80.0547041749626
"LPCHMCBP_02193",83.7721875845702,71.3919998833829,80.1412398583181,133.044900989834,128.418315588407,119.548358234611
"LPCHMCBP_02194",1931.31315072689,1867.94004758168,1811.58778000717,587.71138872031,581.833752935167,587.067830616392
"LPCHMCBP_02195",2184.4508479933,1919.45073104184,1961.97627949438,854.958102882498,928.563205023866,906.219251260577
"LPCHMCBP_02196",3329.03388923031,3121.36667844563,2879.1482467618,1417.21742358736,1367.16114441812,1270.20130624274
"LPCHMCBP_02197",2786.33580444331,2735.48840059494,2714.90817495339,1226.32691347151,1251.58466038855,1253.12296935208
"LPCHMCBP_02198",3796.15489173993,3291.26156424406,3363.95327800347,1396.393004302,1444.21213377116,1320.36892085905
"LPCHMCBP_02199",716.616430750617,762.719593690825,778.65624405551,275.34509943983,273.62979552299,266.849013916542
"LPCHMCBP_02200",2099.76809315238,2397.50602140019,2191.51662081697,822.56456177193,834.719051324646,787.738289081632
"LPCHMCBP_02201",366.958604310672,368.708050030636,410.600179521012,203.616544123572,203.493638547783,223.085775634229
"LPCHMCBP_02202",35.512122997807,38.8589366453856,36.6077268488613,56.6886969434944,53.3429926290306,50.1676146163099
"LPCHMCBP_02203",39.1543920232231,60.5476454707171,56.3956873077053,94.8667989666642,87.9171545182171,112.076585844948
"LPCHMCBP_02204",100.162398198943,109.347240327713,108.833782523642,55.5317847609742,45.4403270543594,50.1676146163099
"LPCHMCBP_02205",64.6502752011357,62.3550378728281,73.2154536977227,39.33501420569,30.6228291018509,42.6958422266467
"LPCHMCBP_02206",19.1219123834345,18.9776202221651,29.681940688266,15.0398583727638,28.6471627081831,23.4827132246557
"LPCHMCBP_02207",40.0649592795771,45.184810052774,39.5759209176879,74.0423796812989,64.2091577942035,81.1221002306288
"LPCHMCBP_02208",81.0404858155082,76.8141770897158,79.1518418353759,91.3960624191033,82.9779885340476,84.3242883976273
"LPCHMCBP_02209",29.1381522033288,21.6887088253315,24.734950573555,31.236628928048,31.6106622986848,29.8870895586527
"LPCHMCBP_02210",784.908974977169,796.156353129878,799.433602537296,658.283031854048,744.826230412761,713.020565185
"LPCHMCBP_02211",533.592412223458,488.899644771014,516.465767975827,409.546912612184,396.121111930394,406.67789720881
"LPCHMCBP_02212",1184.64800051659,1278.7301244935,1182.33063741593,882.723995262985,820.889386568971,805.884022027957
"LPCHMCBP_02213",967.932993504328,979.60668194414,912.224977152707,599.280510545513,530.466426699805,503.810938274431
"LPCHMCBP_02214",1373.13542258187,1384.46258001699,1336.67672899491,661.753768401609,618.383581218022,692.740040127343
"LPCHMCBP_02215",31496.5213972857,30535.8946336647,30438.8301758167,8885.08556175586,8678.11463418581,8412.14831470507
"LPCHMCBP_02216",699.315652879891,646.142783754668,693.568014082481,85.6115015065018,92.8563205023866,72.5829317852994
"LPCHMCBP_02217",0.910567256354024,0,0,0,0,0
"LPCHMCBP_02218",1232.90806510335,1131.42764372146,1077.45444698405,1694.87634739223,1732.65942724666,1460.19780415132
"LPCHMCBP_02219",1003.44511650213,853.089213796373,828.12614520262,2421.41719801498,2243.36919000979,2263.94703406794
"LPCHMCBP_02220",3516.61074403924,3494.59320948154,3336.25013336109,3053.09124967106,2876.57026918032,2986.57416375394
"LPCHMCBP_02221",1743.73629591796,1912.2211614334,1672.08265877232,1499.3581885463,1485.70112803819,1443.11946726066
"LPCHMCBP_02222",1734.63062335442,1541.70571900065,1500.91680080331,1235.58221093168,1282.2074894904,1199.75316656877
"LPCHMCBP_02223",12665.9905358845,13041.2398774316,13184.7180537277,6068.00439731895,6087.02815889049,5803.43235465695
"LPCHMCBP_02224",1938.59768877772,2174.29305973948,2130.17394339455,2985.99034308488,3166.99322904948,2966.29363869628
"LPCHMCBP_02225",6247.40194584496,6495.76829318679,5917.58957521729,12066.5940636867,12566.226096924,12379.6594536162
"LPCHMCBP_02226",5090.98153027535,5123.05376378351,4938.08553250451,5569.3752466527,5671.15038302342,5307.09318877219
"LPCHMCBP_02227",1841.16699234784,1699.85255418536,1704.73279352941,3239.35411105683,2858.78927163731,2836.07131990501
"LPCHMCBP_02228",529.950143198042,447.329619522462,448.197304392816,901.23459018331,803.108389025961,754.649011355981
"LPCHMCBP_02229",2036.0283852076,1980.90207271361,2088.61922643098,12860.2358208956,11872.7671927466,10893.8441441289
"LPCHMCBP_02230",954.274484659018,925.384909880811,962.684276322759,2513.9701726166,2515.02331913911,2394.16935285921
"LPCHMCBP_02231",3269.8470175673,3628.34024723775,3646.92111256494,6998.16179206526,7108.44768441675,6914.59164860544
"LPCHMCBP_02232",227.641814088506,232.249923671258,267.137466194394,328.563059835764,380.315780781052,379.992995817156
"LPCHMCBP_02233",3493.84656263039,3383.43857675172,3327.34555115461,7877.41505078069,7584.58328529069,7757.83453258171
"LPCHMCBP_02234",2453.9787558741,2643.31138808728,2328.05354798299,6462.51145155837,6247.05713677759,6348.87173910237
"LPCHMCBP_02235",0,0,0,0,0,0
"LPCHMCBP_02236",412.486967128373,420.218733490798,426.430547888087,467.392521738199,405.011610701899,358.645074703832
"LPCHMCBP_02237",12.7479415889563,6.32587340738836,12.8621742982486,10.4122096426827,9.878331968339,12.808752667994
"LPCHMCBP_02238",307.77173264766,300.027138750419,298.798202928544,316.993938010561,321.045788971018,308.477460087523
"LPCHMCBP_02239",834.99017407664,881.103796029093,840.988319500869,1264.50501549468,1214.04699890886,1270.20130624274
"LPCHMCBP_02240",2200.84105860768,2245.68505962287,2023.3189569168,671.009065861771,662.836075075547,771.727348246639
"LPCHMCBP_02241",489.885183918465,451.84810052774,463.038274736949,212.871841583734,215.34763690979,198.535666353907
"LPCHMCBP_02242",993.428876682241,1052.80607422963,1011.16477944693,406.076176064623,449.464104559425,441.901967045794
"LPCHMCBP_02243",3230.69262554408,3141.24799486885,3188.8298279427,2370.51306198408,2149.52503631057,2333.32777768624
"LPCHMCBP_02244",591.868716630116,647.046479955723,634.204132705949,826.035298319491,921.648372646029,914.758419705906
"LPCHMCBP_02245",942.437110326415,852.185517595317,857.808085890886,1823.29359965198,1516.32395714004,1621.37460855691
"LPCHMCBP_02246",1427.76945796311,1391.69214962544,1433.63773524325,2525.5392944418,2537.74348266629,2310.91246051725
"LPCHMCBP_02247",7176.18054732607,7103.95583649713,6900.06181199889,5011.74357467792,4935.21465138217,4799.01266627509
"LPCHMCBP_02248",79.2193513028001,71.3919998833829,91.0246181106822,23.1382436504059,28.6471627081831,27.7522974473204
"LPCHMCBP_02249",1.82113451270805,1.80739240211096,0.989398022942198,2.31382436504059,5.9269991810034,1.06739605566617
"LPCHMCBP_02250",3.6422690254161,9.94065821161028,7.91518418353759,4.62764873008118,5.9269991810034,2.13479211133234
"LPCHMCBP_02251",476.226675073155,550.350986442787,486.783827287562,2124.09076710726,2044.81471744617,2113.44419021901
"LPCHMCBP_02252",167.54437516914,205.139037639594,188.97502238196,326.249235470723,305.240457821675,289.264331085532
"LPCHMCBP_02253",417.039803410143,348.826733607415,373.003054649209,9790.94780066926,9585.93334207617,9602.29491677285
"LPCHMCBP_02254",28.2275849469748,13.5554430158322,20.7773584817862,11.5691218252029,5.9269991810034,10.6739605566617
"LPCHMCBP_02255",46.4389300740552,24.399797428498,40.5653189406301,38.1781020231697,30.6228291018509,34.1566737813174
"LPCHMCBP_02256",4.55283628177012,5.42217720633288,4.94699011471099,3.47073654756088,8.8904987715051,4.26958422266467
"LPCHMCBP_02257",10.0162398198943,13.5554430158322,8.90458220647978,10.4122096426827,6.9148323778373,1.06739605566617
"LPCHMCBP_02258",33.6909884850989,28.9182784337753,26.7137466194394,27.7658923804871,27.6593295113492,26.6849013916542
"LPCHMCBP_02259",0,0,0,0,0,0
"LPCHMCBP_02260",23.6747486652046,18.0739240211096,17.8091644129596,30.0797167455277,20.7444971335119,25.617505335988
"LPCHMCBP_02261",40.9755265359311,58.7402530686062,51.4486971929943,46.2764873008118,44.4524938575255,39.4936540596482
"LPCHMCBP_02262",1306.66401286803,1481.15807352993,1504.87439289508,237.16699741666,274.617628719824,273.253390250539
"LPCHMCBP_02263",654.697857318544,444.618530919296,383.886432901573,2798.57056951659,2620.72147120034,2740.00567489505
"LPCHMCBP_02264",55.5446026375955,49.7032910580514,46.5017070782833,181.635212655686,197.56663936678,180.389933407582
"LPCHMCBP_02265",50.9917663558254,53.3180758622733,61.3426774224163,174.693739560565,162.00464428076,175.052953129252
"LPCHMCBP_02266",263.153937086313,298.219746348308,304.734591066197,713.814816615022,717.166900901412,723.694525741662
"LPCHMCBP_02267",8.19510530718622,8.13326580949932,9.89398022942198,10.4122096426827,9.878331968339,8.53916844532934
"LPCHMCBP_02268",205.78819993601,249.420151491312,246.360107712607,39.33501420569,39.513327873356,35.2240698369835
"LPCHMCBP_02269",50.9917663558254,50.6069872591069,70.2472596288961,60.1594334910553,40.5011610701899,55.5045948946407
"LPCHMCBP_02270",85.5933220972783,82.2363542960487,84.0988319500869,128.417252259753,121.50348321057,133.424506958271
"LPCHMCBP_02271",289.56038752058,242.190581882869,256.254087942029,475.490907015841,398.096778324062,467.519472381782
"LPCHMCBP_02272",322.340808749325,321.715847575751,345.299910006827,179.321388290646,179.78564182377,194.266082131243
"LPCHMCBP_02273",11.8373743326023,5.42217720633288,3.95759209176879,19.667507102845,20.7444971335119,18.1457329463249
"LPCHMCBP_02274",1.82113451270805,2.71108860316644,0.989398022942198,10.4122096426827,12.8418315588407,17.0783368906587
"LPCHMCBP_02275",0,0,0,3.47073654756088,4.9391659841695,1.06739605566617
"LPCHMCBP_02276",2.73170176906207,0.90369620105548,3.95759209176879,2.31382436504059,0.9878331968339,0
"LPCHMCBP_02277",1.82113451270805,1.80739240211096,0,1.1569121825203,2.9634995905017,0
"LPCHMCBP_02278",2.73170176906207,3.61478480422192,2.9681940688266,2.31382436504059,1.9756663936678,2.13479211133234
"LPCHMCBP_02279",1.82113451270805,2.71108860316644,3.95759209176879,2.31382436504059,2.9634995905017,1.06739605566617
"LPCHMCBP_02280",0.910567256354024,3.61478480422192,1.9787960458844,1.1569121825203,0.9878331968339,1.06739605566617
"LPCHMCBP_02281",4.55283628177012,0,0.989398022942198,1.1569121825203,0,0
"LPCHMCBP_02282",5.46340353812415,1.80739240211096,2.9681940688266,2.31382436504059,4.9391659841695,2.13479211133234
"LPCHMCBP_02283",19.1219123834345,17.1702278200541,13.8515723211908,18.5105949203247,14.8174979525085,12.808752667994
"LPCHMCBP_02284",16.3902106143724,16.2665316189986,20.7773584817862,8.09838527764206,6.9148323778373,12.808752667994
"LPCHMCBP_02285",220.357276037674,245.80536668709,306.713387112081,315.837025828041,355.619950860204,320.21881669985
"LPCHMCBP_02286",14162.0525380741,17316.6266046251,18147.5385368058,9547.99624233999,11908.3291878327,10990.9771851945
"LPCHMCBP_02287",20.9430468961426,17.1702278200541,23.7455525506128,11.5691218252029,29.634995905017,23.4827132246557
"LPCHMCBP_02288",154.796433580184,168.087493396319,164.240071808405,307.738640550398,306.228291018509,321.286212755517
"LPCHMCBP_02289",274.080744162561,253.93863249659,271.095058286162,351.70130348617,360.559116844374,398.138728763481
"LPCHMCBP_02290",143.869626503936,170.798581999486,191.943216450786,247.579207059343,253.873131586312,239.096716469222
"LPCHMCBP_02291",180.292316758097,140.072911163599,169.187061923116,326.249235470723,251.897465192645,273.253390250539
"LPCHMCBP_02293",63.7397079447817,77.7178732907713,83.1094339271447,2581.07107920278,2275.96768550531,2370.68663963456
"LPCHMCBP_02294",91.9672928917565,89.4659239044925,78.1624438124337,1858.00096512759,1709.93926371948,1810.30371040982
"LPCHMCBP_02295",46.4389300740552,46.9922024548849,42.5441149865145,7819.56944165467,7126.22868195976,7540.08573722581
"LPCHMCBP_02296",37.333257510515,37.0515442432747,34.6289308029769,5040.66637924093,4497.60454518475,4749.91244771445
"LPCHMCBP_02297",8.19510530718622,3.61478480422192,5.93638813765319,490.530765388605,467.245102102435,423.756234099469
"LPCHMCBP_02298",58.2763044066576,51.5106834601623,56.3956873077053,7828.82473911484,6591.81092247262,6680.83191241455
"LPCHMCBP_02299",152.975299067476,131.035949153045,96.9610062483354,22634.9868510096,17552.8080745416,19136.2764859831
"LPCHMCBP_02300",518.11276886544,413.89286008341,477.879245081082,6239.22740033195,5271.07793830569,5545.12250918574
"LPCHMCBP_02301",1588.02929508142,1507.36526336054,1442.54231744973,33051.8241424223,27607.9621851138,28114.1447101912
"LPCHMCBP_02302",219.44670878132,249.420151491312,259.222282010856,3034.58065475073,2762.96945154442,2934.2717570263
"LPCHMCBP_02303",131.12168491498,183.450328814262,164.240071808405,24.2951558329262,21.7323303303458,24.5501092803219
"LPCHMCBP_02304",54.6340353812415,62.3550378728281,60.3532793994741,16.1967705552841,30.6228291018509,28.8196935029865
"LPCHMCBP_02305",136.585088453104,119.287898539323,130.60053902837,101.808272061786,80.0144889435459,78.9873081192964
"LPCHMCBP_02306",31.8698539723909,22.592405026387,33.6395327800347,38.1781020231697,51.3673262353628,29.8870895586527
"LPCHMCBP_02307",1588.93986233777,1436.87695967821,1455.40449174797,14999.3664463756,12447.686113304,13098.0169990795
"LPCHMCBP_02308",606.43779273178,481.670075162571,396.748607199821,5781.09017605391,4612.19319601748,5092.54658158329
"LPCHMCBP_02309",1152.77814654419,1366.38865599589,1304.02659423782,11763.4830718664,11395.6437586759,10904.5181046856
"LPCHMCBP_02310",146.601328272998,131.035949153045,166.218867854289,1379.03932156419,1171.57017144501,1237.11202851709
"LPCHMCBP_02311",0,0.90369620105548,0,0,0,0
"LPCHMCBP_02312",71.9348132519679,47.8958986559404,74.2048517206649,108.749745156908,109.649484848563,99.2678331769536
"LPCHMCBP_02313",91.0567256354024,100.310278317158,116.748966707179,186.262861385767,209.420637728787,188.929101852912
"LPCHMCBP_02314",59.1868716630116,69.5846074812719,64.3108714912429,13.8829461902435,27.6593295113492,27.7522974473204
"LPCHMCBP_02315",43.7072283049932,49.7032910580514,43.5335130094567,34.7073654756088,27.6593295113492,19.213129001991
"LPCHMCBP_02316",5151.98953645107,5076.96525752969,4676.88445444777,624.732578560959,605.541749659181,611.617939896714
"LPCHMCBP_02317",340.552153876405,353.345214612693,317.596765364446,106.435920791867,102.734652470726,94.998248954289
"LPCHMCBP_02318",631.023108653339,534.988151024844,473.921652989313,146.927847180077,116.5643172264,111.009189789281
"LPCHMCBP_02319",3499.30996616852,3732.26531035913,3458.93548820593,1169.63821652802,1074.76251815528,1128.23763083914
"LPCHMCBP_02320",214.89387249955,250.323847692368,302.755795020313,54.3748725784539,66.1848241878713,60.8415751729716
"LPCHMCBP_02321",937.884274044645,859.415087203761,859.78688193677,822.56456177193,841.633883702483,845.377676087605
"LPCHMCBP_02322",182.113451270805,186.161417417429,190.953818427844,241.794646146742,233.1286344528,248.703280970217
"LPCHMCBP_02323",4732.21803127186,4010.60374028422,3999.14680873237,6948.41456821689,6538.46792984359,6767.2909929235
"LPCHMCBP_02324",54513.8405034027,52950.2715084437,52130.3924308015,89541.5321905233,87124.9122943563,83637.9527338339
"LPCHMCBP_02325",478.047809585863,506.069872591069,510.529379838174,547.2194623321,585.785085722503,600.943979340053
"LPCHMCBP_02326",182.113451270805,200.620556634317,209.752380863746,153.869320275199,169.907309855431,166.513784683922
"LPCHMCBP_02327",524.486739659918,570.232302866008,581.766037490013,926.686658198756,948.319868960544,940.375925041894
"LPCHMCBP_02328",295.934358315058,285.567999533532,282.967834561469,138.829461902435,108.661651651729,131.289714846939
"LPCHMCBP_02329",17407.3142397199,19528.8749048089,17694.3942422983,784.38645974876,782.363891892449,727.964109964327
"LPCHMCBP_02330",5361.4200054125,6071.93477489177,5678.15525366528,156.18314464024,192.627473382611,206.00743874357
"LPCHMCBP_02331",171.186644194557,215.079695851204,187.985624359018,138.829461902435,142.247980344082,185.726913685913
"LPCHMCBP_02332",237.6580539084,297.316050147253,273.073854332047,83.2976771414612,58.2821586132001,73.6503278409656
"LPCHMCBP_02333",103.804667224359,118.384202338268,104.876190431873,33.5504532930886,34.5741618891865,37.3588619483159
"LPCHMCBP_02334",360.584633516194,365.093265226414,350.246900121538,111.063569521948,97.7954864865561,74.7177238966318
"LPCHMCBP_02335",117.463176069669,135.554430158322,154.346091578983,87.9253258715424,96.8076532897222,76.8525160079641
"LPCHMCBP_02336",152.064731811122,152.724657978376,137.526325188966,74.0423796812989,86.9293213213832,96.0656450099551
"LPCHMCBP_02337",893.266478483298,797.963745531989,810.31698078966,178.164476108125,171.882976249099,156.907220182927
"LPCHMCBP_02338",1028.94099968005,1077.20587165813,1008.1965853781,753.149830820712,761.619394758937,736.503278409656
"LPCHMCBP_02339",96.5201291735266,121.99898714249,93.0034141565666,291.541869995114,261.775797160984,248.703280970217
"LPCHMCBP_02340",63.7397079447817,70.4883036823274,58.3744833535897,100.651359879266,93.8441536992205,82.1894962862949
"LPCHMCBP_02341",170.276076938203,182.546632613207,193.922012496671,595.809773997952,710.252068523574,670.324722958354
"LPCHMCBP_02342",21.8536141524966,15.3628354179432,17.8091644129596,76.3562040463395,71.1239901720408,99.2678331769536
"LPCHMCBP_02343",81.0404858155082,65.96982267705,61.3426774224163,1035.43640335566,932.514537811202,1301.15579185706
"LPCHMCBP_02344",75.577082277384,66.8735188781055,73.2154536977227,109.906657339428,112.612984439065,131.289714846939
"LPCHMCBP_02345",21.8536141524966,29.8219746348308,31.6607367341503,21.9813314678856,12.8418315588407,20.2805250576572
"LPCHMCBP_02346",35.512122997807,37.9552404443301,35.6183288259191,9.25529746016236,13.8296647556746,11.7413566123278
"LPCHMCBP_02347",6526.94609354565,7102.14844409502,7064.3018838073,1350.11651700118,1331.5991493321,1402.55841714534
"LPCHMCBP_02348",2680.71000270625,2576.43786920917,2632.78813904919,2591.48328884546,2410.31300027472,2399.50633313755
"LPCHMCBP_02349",6039.79261139624,5953.5505725535,5547.55471463691,6180.22487902342,6185.81147857388,6210.11025186577
"LPCHMCBP_02350",2051.50802856562,1856.19199696796,1934.273134852,4765.32127980109,4372.14972918684,3732.68400666459
"LPCHMCBP_02351",703.868489161661,675.964758389499,650.034501073024,1932.04334480889,1967.76372809313,1585.08314266426
"LPCHMCBP_02352",395.186189257647,315.389974168362,271.095058286162,1101.38039775932,1171.57017144501,1056.72209510951
"LPCHMCBP_02353",260.422235317251,293.701265343031,305.723989089139,149.241671545118,174.8464758396,156.907220182927
"LPCHMCBP_02354",903.282718303192,862.126175806928,876.606648326788,931.314306928837,882.135044772673,891.27570648125
"LPCHMCBP_02355",742.11231392853,759.104808886603,783.603234170221,805.210879034125,747.789730003263,752.514219244648
"LPCHMCBP_02356",859.575489998199,862.126175806928,856.818687867944,48.5903116658524,55.3186590226984,46.9654264493114
"LPCHMCBP_02357",3239.79829810762,3401.51250077283,3506.42659330715,402.605439517063,414.889942670238,389.599560318151
"LPCHMCBP_02358",5231.20888775387,5285.7190799735,5464.44528070976,554.160935427221,614.432248430686,577.461266115397
"LPCHMCBP_02359",1842.07755960419,1798.3554401004,2101.48140072923,267.246714162188,304.252624624841,276.455578417537
"LPCHMCBP_02360",1842.98812686055,1988.13164232206,1957.02928937967,2120.6200305597,2069.51054736702,2146.53346794466
"LPCHMCBP_02361",2897.42500971851,3034.6118431443,3220.49056467686,4148.68708651778,3899.96546110024,3687.85337232661
"LPCHMCBP_02362",564.551698939495,645.239087553613,610.458580155336,196.67507102845,194.603139776278,220.950983522897
"LPCHMCBP_02363",875.055133356218,892.851846642814,801.412398583181,270.717450709749,280.544627900828,315.949232477186
"LPCHMCBP_02364",1015.28249083474,942.555137700865,1022.04815769929,423.429858802428,416.865609063906,368.251639204828
"LPCHMCBP_02365",2760.8399212654,3485.55624747098,3291.72722232869,470.86325828576,465.269435708767,479.260828994109
"LPCHMCBP_02366",400.649592795771,344.308252602138,405.653189406301,43.9626629357712,42.4768274638577,48.0328225049776
"LPCHMCBP_02367",6367.59682368369,6175.85983801315,6729.88535205283,1144.18614851257,1174.53367103551,1111.15929394848
"LPCHMCBP_02368",3885.39048286262,4007.89265168105,3885.36603609401,642.086261298764,619.371414414856,556.113345002074
"LPCHMCBP_02369",1583.47645879965,1784.79999708457,1468.26666604622,1081.71289065648,1027.34652470726,1066.3286596105
"LPCHMCBP_02370",4559.2102525646,4795.01204280038,4789.67582906318,5482.60683296368,5228.60111084184,5107.49012636261
"LPCHMCBP_02371",2066.98767192364,2075.79017382444,1996.60521029736,5098.51198836694,4879.89599235947,4896.14570734071
"LPCHMCBP_02372",767.608197106443,706.690429225385,704.451392334845,3296.04280800032,3527.55234589386,3301.45600017546
"LPCHMCBP_02373",1294.82663853542,1215.47139041962,1179.3624433471,4514.27133619419,4508.47071034992,4664.52076326115
"LPCHMCBP_02374",1704.58190389473,1995.3612119305,1804.66199384657,3469.57963537836,3999.73661398046,3744.42536327692
"LPCHMCBP_02375",1439.60683229571,1308.55209912833,1370.31626177494,4691.2789001198,4526.25170789293,4555.6463655832
"LPCHMCBP_02376",334.178183081927,335.271290591583,316.607367341503,1416.06051140484,1471.87146328251,1431.37811064833
"LPCHMCBP_02377",475.316107816801,478.055290358349,433.356334048683,24554.3041618107,21584.1553508207,22140.9963826833
"LPCHMCBP_02378",312.32456892943,320.812151374695,312.649775249735,640.929349116243,583.809419328835,575.326474004064
"LPCHMCBP_02379",262.243369829959,270.205164115588,291.872416767948,394.507054239421,458.35460333093,481.395621105442
"LPCHMCBP_02380",217.625574268612,239.479493279702,193.922012496671,23.1382436504059,21.7323303303458,22.4153171689895
"LPCHMCBP_02381",19.1219123834345,19.8813164232206,23.7455525506128,1.1569121825203,0,1.06739605566617
"LPCHMCBP_02382",37.333257510515,39.7626328464411,27.7031446423816,5.78456091260147,3.9513327873356,2.13479211133234
"LPCHMCBP_02383",219.44670878132,230.442531269147,222.614555161995,334.347620748365,315.118789790014,312.747044310187
"LPCHMCBP_02384",64.6502752011357,56.9328606664952,74.2048517206649,12.7260340077232,14.8174979525085,16.0109408349925
"LPCHMCBP_02385",23.6747486652046,20.785012624276,26.7137466194394,6.94147309512177,15.8053311493424,11.7413566123278
"LPCHMCBP_02386",152.975299067476,137.361822560433,136.536927166023,80.9838527764206,66.1848241878713,77.9199120636303
"LPCHMCBP_02387",66.4714097138438,62.3550378728281,84.0988319500869,61.3163456735756,49.391659841695,39.4936540596482
"LPCHMCBP_02388",91.0567256354024,120.191594740379,120.706558798948,63.6301700386162,70.1361569752069,61.9089712286377
"LPCHMCBP_02389",278.633580444331,265.686683110311,250.317699804376,180.478300473166,214.359803712956,198.535666353907
"LPCHMCBP_02390",452.55192640795,536.795543426955,585.723629581781,106.435920791867,109.649484848563,115.278774011946
"LPCHMCBP_02391",3165.13178308659,3115.04080503824,3097.80520983202,912.803712008513,1017.46819273892,851.782052421602
"LPCHMCBP_02392",4006.49592795771,3702.4433357243,3976.39065420469,1542.16393929955,1462.98096451101,1523.17417143562
"LPCHMCBP_02393",167.54437516914,168.087493396319,147.420305418388,4640.3747640889,3945.4057881546,4981.53739179401
"LPCHMCBP_02394",19.1219123834345,21.6887088253315,11.8727762753064,107.592832974387,114.588650832732,165.446388628256
"LPCHMCBP_02395",51.9023336121794,53.3180758622733,52.4380952159365,146.927847180077,101.746819273892,150.50284384893
"LPCHMCBP_02396",149.33303004206,138.265518761488,133.568733097197,90.239150236583,79.026655746712,72.5829317852994
"LPCHMCBP_02397",31.8698539723909,33.4367594390528,35.6183288259191,10.4122096426827,15.8053311493424,19.213129001991
"LPCHMCBP_02398",4.55283628177012,4.5184810052774,7.91518418353759,2.31382436504059,3.9513327873356,3.2021881669985
"LPCHMCBP_02399",0.910567256354024,0,0,0,0,0
"LPCHMCBP_02400",4167.66633233237,4114.5288034056,4187.13243309138,6703.14918552259,7386.02881272707,6955.15269872075
"LPCHMCBP_02401",41.8860937922851,46.0885062538295,47.4911051012255,115.691218252029,139.28448075358,139.828883292268
"LPCHMCBP_02402",271.349042393499,277.434733724032,303.745193043255,568.043881617465,618.383581218022,582.798246393728
"LPCHMCBP_02403",904.193285559546,656.083441966278,675.758849669521,214.028753766255,243.994799617973,195.333478186909
"LPCHMCBP_02404",6468.66978913899,5617.37558576086,5836.45893733603,1890.39450623816,1840.33324570156,1794.29276957483
"LPCHMCBP_02405",1921.29691090699,1644.72708592097,1607.77178728107,2967.47974816456,2510.08415315494,2735.73609067239
"LPCHMCBP_02406",4428.99913490597,4286.23108160614,3903.17520050697,3102.83847351943,3482.1120188395,3319.60173312178
"LPCHMCBP_02407",819.510530718622,773.563948103491,733.143935000169,483.589292293483,555.162256620652,574.259077948398
"LPCHMCBP_02408",779.445571439045,913.63685926709,883.532434487383,4425.18909814013,4313.86757057364,4559.91594980587
"LPCHMCBP_02409",491.706318431173,455.462885331962,463.038274736949,2808.98277915928,2776.79911630009,2941.74352941596
"LPCHMCBP_02410",1011.64022180932,1031.1173654043,1051.73009838756,8499.83380497661,8590.1974796676,8800.68047896756
"LPCHMCBP_02411",521.755037890856,573.84708767023,558.0204849394,652.498470941446,711.239901720408,652.178990012029
"LPCHMCBP_02412",0.910567256354024,1.80739240211096,1.9787960458844,4.62764873008118,2.9634995905017,4.26958422266467
"LPCHMCBP_02413",6528.76722805836,6170.43766080682,6050.16891029154,10333.5396142713,9880.30763473267,10323.8546504032
"LPCHMCBP_02414",3798.88659350899,3724.13204454963,3736.95633265268,4530.46810674947,3884.1601299509,3901.33258345984
"LPCHMCBP_02415",2207.21502940216,2182.42632554898,2093.56621654569,2606.52314721822,2247.32052279712,2349.33871852124
"LPCHMCBP_02416",1305.75344561167,1454.04718749827,1244.66271286129,1584.9696900528,1593.37494649308,1530.64594382528
"LPCHMCBP_02417",998.892280220365,919.059036473423,886.50062855621,2136.81680111498,2072.47404695752,2749.61223939605
"LPCHMCBP_02418",930.599735993813,892.851846642814,896.394608785632,1569.92983168004,1634.86394076011,2141.19648766633
"LPCHMCBP_02419",535.413546736166,490.707037173125,499.64600158581,1170.79512871054,1182.43633661018,1455.92821992865
"LPCHMCBP_02420",278.633580444331,226.827746464925,206.784186794919,631.674051656081,482.062600054943,755.716407411647
"LPCHMCBP_02421",315.056270698492,370.515442432747,370.034860580382,1183.52116271826,1020.43169232942,1364.13215914136
"LPCHMCBP_02422",3108.67661319264,3032.80445074219,3050.3141047308,8654.86003743433,8190.12503494987,11515.0686485266
"LPCHMCBP_02423",932.420870506521,966.954935129363,922.118957382129,2745.35260912066,2806.43411220511,4130.82273542807
"LPCHMCBP_02424",670.177500676562,704.883036823274,677.737645715406,1925.10187171377,1834.40624652055,2709.05118928073
"LPCHMCBP_02425",563.641131683141,587.402530686062,606.500988063568,1464.65082307069,1456.06613213317,2177.48795355898
"LPCHMCBP_02426",780.356138695399,755.490024082381,761.836477665493,1554.88997330728,1595.35061288675,2316.24944079558
"LPCHMCBP_02427",473.494973304093,508.780961194235,466.006468805775,1390.60844338939,1348.39231367827,1981.08707931641
"LPCHMCBP_02428",3650.46413072328,4112.72141100349,3904.16459852991,5173.71128023076,4851.24882965128,4864.12382567073
"LPCHMCBP_02429",1224.71295979616,1150.40526394363,1093.28481535113,1885.76685750808,1841.32107889839,1866.87570136013
"LPCHMCBP_02430",510.828230814608,625.357771130392,659.928481302446,963.707848039406,926.587538630199,876.332161701924
"LPCHMCBP_02431",1581.65532428694,1387.17366862016,1262.47187727425,2192.34858587596,2009.25272236015,2227.65556817529
"LPCHMCBP_02432",1963.18300469928,1734.19300982547,1802.68319780069,23201.8738204445,24454.79862082,22490.0348928862
"LPCHMCBP_02433",1576.19192074882,1585.08313665131,1634.48553390051,3879.12654799055,3735.98515042581,3559.76584564667
"LPCHMCBP_02434",1594.4032658759,1524.53549118059,1401.97699850909,1565.30218294996,1596.33844608358,1591.48751899826
"LPCHMCBP_02435",490.795751174819,443.714834718241,416.536567658665,456.980312095517,392.169779143058,413.082273542807
"LPCHMCBP_02436",1663.6063773588,1656.47513653469,1592.93081693694,1709.916205765,1764.27008954535,1758.00130368218
"LPCHMCBP_02437",1487.86689688248,1567.0092126302,1495.9698106886,1951.71085191174,2054.69304941451,2071.81574404803
"LPCHMCBP_02438",22648.5393672937,22715.3077097305,22773.9636920835,5280.14720102263,5431.10691619278,5325.23892171851
"LPCHMCBP_02439",176.650047732681,178.028151607929,197.87960458844,305.424816185358,268.690629538821,282.859954751535
"LPCHMCBP_02440",11774.5451919139,11379.3425636906,11223.7311722563,6735.54272663316,6606.62842042513,6543.13782123361
"LPCHMCBP_02441",1999.60569495344,2126.39716108354,2087.62982840804,2134.50297674994,2202.8680289396,2210.57723128463
"LPCHMCBP_02442",30.9592867160368,42.4737214496075,39.5759209176879,68.2578187686974,87.9171545182171,86.4590805089596
"LPCHMCBP_02443",96.5201291735266,112.058328930879,70.2472596288961,59.002521308535,43.4646606606916,46.9654264493114
"LPCHMCBP_02444",30.9592867160368,30.7256708358863,34.6289308029769,34.7073654756088,29.634995905017,33.0892777256512
"LPCHMCBP_02445",53.7234681248874,71.3919998833829,69.2578616059539,50.904136030893,56.3064922195323,51.2350106719761
"LPCHMCBP_02446",14.5690761016644,22.592405026387,12.8621742982486,28.9228045630074,23.7079967240136,20.2805250576572
"LPCHMCBP_02447",1040.77837401265,946.169922505087,934.981131680377,910.489887643472,853.48788206449,853.916844532934
"LPCHMCBP_02448",7034.13205533484,7071.42277325913,6962.39388744425,8494.049244064,8125.91587715566,7881.65247503898
"LPCHMCBP_02449",7900.99208338387,7708.52859500324,7649.03611536614,5670.02660653197,5539.76856784451,5438.38290361913
"LPCHMCBP_02450",5196.60733201242,6492.15350838257,6524.09056328086,4789.61643563402,5049.8033022149,5087.20960130496
"LPCHMCBP_02451",806.762589129666,834.111593574208,738.09092511488,447.725014635354,446.500604968923,508.080522497096
"LPCHMCBP_02452",913.298958123087,883.814884632259,972.578256552181,289.228045630074,337.838953317194,334.094965423511
"LPCHMCBP_02453",11538.7082725182,10791.9400330045,10329.3153595165,5727.87221565798,5899.33985149205,5728.71463076032
"LPCHMCBP_02454",0,0,0,0,0,0
"LPCHMCBP_02455",93.7884274044645,112.962025131935,105.865588454815,24.2951558329262,25.6836631176814,23.4827132246557
"LPCHMCBP_02456",1845.71982862961,1585.98683285237,1526.64114939981,2480.41971932351,2333.26201092167,2382.42799624689
"LPCHMCBP_02457",1447.8019376029,1538.09093419643,1476.18185022976,1181.20733835322,1189.35116898802,1091.94616494649
"LPCHMCBP_02458",276.812445931623,279.242126126143,275.052650377931,402.605439517063,423.780441441743,379.992995817156
"LPCHMCBP_02459",109.268070762483,131.9396453541,121.69595682189,204.773456306092,201.517972154116,162.244200461258
"LPCHMCBP_02460",883.250238663404,835.015289775263,731.165138954285,5045.29402797101,4566.75286896312,4631.4314855355
"LPCHMCBP_02461",5411.50120451197,5376.08870007905,5007.34339411047,9477.42459920626,8593.1609792581,9251.12161445868
"LPCHMCBP_02462",1384.97279691447,1360.0627825885,1602.82479716636,1205.50249418615,1162.6796726735,1067.39605566617
"LPCHMCBP_02463",4181.32484117768,4185.01710708793,3703.31679987265,14267.0410348403,13698.2829404957,13728.8480679783
"LPCHMCBP_02464",940.615975813707,832.304201172097,881.553638441499,278.815835987391,266.714963145153,327.690589089514
"LPCHMCBP_02465",193.950825603407,231.346227470203,261.20107805674,237.16699741666,284.495960688163,276.455578417537
"LPCHMCBP_02466",29476.8832226925,25974.9399069377,25783.7124778737,77234.3003928724,73832.6287977594,76822.6289184054
"LPCHMCBP_02467",1168.25778990221,1475.7358963236,1694.83881329999,1325.82136116826,1525.21445591154,1277.6730786324
"LPCHMCBP_02468",2439.40967977243,2250.20354062814,2377.5234491301,2249.03728281945,2325.359345347,2163.61180483532
"LPCHMCBP_02469",327.804212287449,295.508657745142,352.225696167423,3635.01807747877,3653.9949950886,3906.66956373817
"LPCHMCBP_02470",7282.71691631949,6364.73234403374,6636.88193789627,1361.68563882639,1395.8083071263,1398.28883292268
"LPCHMCBP_02471",17433.7206901542,16406.6045301622,15722.5239825745,4573.27385750273,4387.95506033619,4502.2765627999
"LPCHMCBP_02472",1069.00595895962,951.59209971142,974.557052598065,2155.32739603531,1774.14842151369,1777.21443268417
"LPCHMCBP_02473",1503.34654024049,1400.72911163599,1331.7297388802,1676.36575247191,1706.97576412898,1707.83368906587
"LPCHMCBP_02474",2040.58122148937,1939.33204746506,1920.42156253081,1177.73660180566,1124.15417799698,1202.95535473577
"LPCHMCBP_02475",4367.0805614739,3798.23513303618,3780.48984566214,9867.3040047156,9467.3933584561,9448.58988475692
"LPCHMCBP_02476",13918.9310806276,10988.0421086336,10824.0143709877,5081.15830562914,4979.66714523969,5114.96189875228
"LPCHMCBP_02477",3979.17891026709,4155.1951324531,4010.03018698473,30255.5673972708,28853.6198463214,29409.9635217699
"LPCHMCBP_02478",2866.46572300247,2693.91837534638,2663.4594777604,662.910680584129,650.98207671354,595.606999061722
"LPCHMCBP_02479",20.0324796397885,20.785012624276,21.7667565047284,30.0797167455277,18.7688307398441,29.8870895586527
"LPCHMCBP_02480",886.89250768882,928.999694685033,848.903503684406,821.407649589409,834.719051324646,788.805685137298
"LPCHMCBP_02481",3603.11463339287,3076.18186839285,2806.92219108702,762.405128280874,777.42472590828,777.06432852497
"LPCHMCBP_02482",8257.93444787465,7684.12879757474,7744.01832556859,831.819859232092,870.281046410666,775.996932469304
"LPCHMCBP_02483",11980.3333918499,13728.0489902338,12988.8172451852,981.06153077721,1124.15417799698,993.745727825202
"LPCHMCBP_02484",5071.85961789192,5288.43016857667,5202.25480463008,4225.04329056412,3918.73429184008,4079.58772475609
"LPCHMCBP_02485",971.575262529744,986.836251552584,1083.39083512171,375.996459319096,385.254946765221,431.228006489132
"LPCHMCBP_02486",1828.41905075888,1783.89630088352,1815.54537209893,1143.02923633005,1059.94502020278,1032.17198582918
"LPCHMCBP_02487",332.357048569219,328.945417184195,348.268104075654,247.579207059343,265.727129948319,206.00743874357
"LPCHMCBP_02488",4039.27634918645,3921.13781637973,3859.64168749752,2423.73102238002,2321.40801255967,2241.53171689895
"LPCHMCBP_02489",1198.3065093619,1353.73690918111,1292.15381796251,452.352663365435,468.232935299269,409.880085375809
"LPCHMCBP_02490",1311.2168491498,1213.66399801751,1272.36585750367,1028.49493026054,1053.03018782494,1118.63106633814
"LPCHMCBP_02491",892.355911226944,766.334378495047,821.200359042025,554.160935427221,579.8580865415,565.719909503069
"LPCHMCBP_02492",6439.53163693566,5551.40576308381,5284.37484053428,5196.84952388116,4601.32703085231,4849.1802808914
"LPCHMCBP_02493",3834.3987165068,4083.80313256971,3983.31644036529,3911.52008910112,3906.88029347808,4078.52032870043
"LPCHMCBP_02494",4508.21848620878,4092.84009458027,4255.40089667439,1277.23104950241,1315.79381818276,1344.91903013937
"LPCHMCBP_02495",14267.6783398112,13689.1900535884,13306.4140105496,4021.42674644055,3933.55178979259,3750.82973961091
"LPCHMCBP_02496",5915.9554645321,5996.92799020416,5834.48014129014,864.21340034266,852.500048867656,780.266516691969
"LPCHMCBP_02497",3262.56247951647,3170.16627330262,3344.16531754463,5670.02660653197,5797.59303221816,5439.45029967479
"LPCHMCBP_02498",8404.53577614765,8462.21122668351,8376.24366222865,12355.8221093168,11588.2712320585,11964.4423879621
"LPCHMCBP_02499",4840.57553477799,4899.84080212281,4601.69020470416,7506.04624019167,7333.67365329488,7482.44635021984
"LPCHMCBP_02500",2004.15853123521,2266.47007224714,2256.81689033115,2725.68510201781,2838.0447745038,2751.74703150738
"LPCHMCBP_02501",0.910567256354024,1.80739240211096,1.9787960458844,1.1569121825203,0,1.06739605566617
"LPCHMCBP_02502",1969.55697549375,1933.00617405767,2257.8062883541,1118.73408049713,1225.90099727087,1180.54003756678
"LPCHMCBP_02503",4083.8941447478,4529.32535969006,4299.92380770679,2137.97371329751,2330.29851133117,2194.56629044964
"LPCHMCBP_02504",435.251148537224,581.980353479729,562.967475054111,100.651359879266,112.612984439065,117.413566123278
"LPCHMCBP_02505",416.129236153789,437.388961310852,456.112488576353,990.316828237372,951.283368551046,984.139163324207
"LPCHMCBP_02506",331.446481312865,371.419138633802,344.310511983885,591.182125267871,576.894586950998,637.235445232702
"LPCHMCBP_02507",483.511213123987,465.403543543572,471.942856943429,359.799688763812,322.033622167852,371.453827371826
"LPCHMCBP_02508",910.567256354024,756.393720283437,780.635040101394,5255.8520451897,4925.33631941383,4981.53739179401
"LPCHMCBP_02510",862.307191767261,667.831492579999,601.553997948857,669.852153679251,619.371414414856,709.818377018002
"LPCHMCBP_02511",158.4387026056,120.191594740379,115.759568684237,27898.9372814769,30390.6883005949,26731.8668181035
"LPCHMCBP_02512",633.754810422401,505.166176390013,423.462353819261,1381.35314592923,1310.85465219859,1297.95360369006
"LPCHMCBP_02513",1187.37970228565,1125.10177031407,1112.08337778703,2607.68005940074,2543.67048184729,2561.7505335988
"LPCHMCBP_02514",30.9592867160368,45.184810052774,51.4486971929943,59.002521308535,61.2456582037018,59.7741791173054
"LPCHMCBP_02515",190.308556577991,166.280100994208,173.144654014885,2002.61498794263,1981.5933928488,1922.38029625477
"LPCHMCBP_02516",64.6502752011357,61.4513416717726,56.3956873077053,780.915723201199,719.14256729508,761.053387689978
"LPCHMCBP_02517",223.088977806736,250.323847692368,211.73117690963,1834.86272147719,1468.90796369201,1619.23981644558
"LPCHMCBP_02518",1432.32229424488,1647.43817452414,1564.23827427162,4147.53017433526,4900.64048949298,4721.09275421146
"LPCHMCBP_02520",172.097211450911,157.243138983653,164.240071808405,268.403626344708,281.532461097662,263.646825749543
"LPCHMCBP_02521",2566.88909566199,2486.97194530468,2450.73890282783,7360.27530519412,8146.66037428918,7884.85466320598
"LPCHMCBP_02522",1264.77791907574,1145.88678293835,1118.01976592468,676.793626774373,685.556238602727,602.011375395719
"LPCHMCBP_02523",1564.35454641621,1635.69012391042,1602.82479716636,1549.10541239467,1607.20461124876,1508.2306266563
"LPCHMCBP_02524",2224.51580727288,2165.25609772893,2180.63324256461,3173.41011665317,3089.94223969644,3234.21004866849
"LPCHMCBP_02525",1385.88336417083,1687.20080737058,1667.1356686576,1483.16141799102,1675.3651018303,1498.6240621553
"LPCHMCBP_02526",766.697629850089,677.77215079161,727.207546862516,1285.32943478005,1313.81815178909,1299.02099974573
"LPCHMCBP_02527",1329.42819427688,1481.15807352993,1679.99784295585,439.626629357712,536.393425880808,477.126036882777
"LPCHMCBP_02528",4624.77109502209,5042.62480188958,4845.08211834794,1065.51612010119,1027.34652470726,1019.36323316119
"LPCHMCBP_02529",633.754810422401,685.905416601109,701.483198266019,311.209377097959,322.033622167852,357.577678648166
"LPCHMCBP_02530",875.965700612571,781.69721391299,801.412398583181,332.033796383325,299.313458640672,327.690589089514
"LPCHMCBP_02531",9542.74484659018,10267.7962363924,10366.9124843884,1630.0892651711,2016.16755473799,2050.46782293471
"LPCHMCBP_02532",1256.58281376855,1210.04921321329,1240.70512076952,1911.21892552353,1825.51574774905,1758.00130368218
"LPCHMCBP_02533",339.641586620051,365.093265226414,353.215094190365,1036.59331553818,1070.81118536795,975.599994878878
"LPCHMCBP_02534",605.527225475426,535.891847225899,560.988679008226,424.586770984948,483.050433251777,464.317284214783
"LPCHMCBP_02535",302.308329109536,290.086480538809,286.925426653237,172.379915195524,180.773475020604,175.052953129252
"LPCHMCBP_02536",168.454942425495,142.783999766766,172.155255991943,106.435920791867,101.746819273892,90.7286647316243
"LPCHMCBP_02537",73.755947764676,60.5476454707171,71.2366576518383,38.1781020231697,32.5984954955187,44.8306343379791
"LPCHMCBP_02538",2940.22167076715,2845.73933712371,2773.28265830698,2358.94394015888,2322.3958457565,2406.97810552721
"LPCHMCBP_02539",733.00664136499,738.319796262327,762.825875688435,713.814816615022,747.789730003263,693.807436183009
"LPCHMCBP_02540",1191.02197131106,1239.87118784812,1169.46846311768,838.761332327214,823.852886159473,830.434131308279
"LPCHMCBP_02541",2260.93849752704,2304.42531269147,2121.26936118807,2967.47974816456,2958.56042451753,2996.18072825493
"LPCHMCBP_02542",1864.84174101304,1673.64536435475,1680.98724097879,2143.75827421011,2187.06269779026,2130.52252710967
"LPCHMCBP_02543",4107.568893413,4147.0618666436,4125.78975566897,4306.02714334054,4073.82410374301,4013.40916930479
"LPCHMCBP_02544",23656.5373200776,20250.9281694522,20583.4364692895,18853.0409263507,18899.2247218262,17936.5233194143
"LPCHMCBP_02545",6355.75944935109,6194.83745823531,5972.00646647911,4796.55790872914,4608.24186323015,4484.13082985357
"LPCHMCBP_02546",1220.16012351439,1232.64161823967,1122.9667560394,1012.29815970526,1096.49484848563,1070.59824383317
"LPCHMCBP_02547",3188.80653175179,3094.25579241396,3107.69919006144,1978.3198321097,1879.84657357491,1992.82843592874
"LPCHMCBP_02548",23655.6267528212,24008.4969734409,24189.7922629138,8495.20615624653,8418.3145034185,8126.08617178654
"LPCHMCBP_02549",1443.24910132113,1266.07837767873,1200.13980182889,797.112493756483,798.169223041791,810.153606250621
"LPCHMCBP_02550",451.641359151596,426.544606898186,483.815633218735,385.251756779258,390.194112749391,335.162361479177
"LPCHMCBP_02551",10593.5394604227,9751.78570558968,9332.00215239081,5011.74357467792,4854.21232924179,4316.54964911398
"LPCHMCBP_02552",12581.3077810436,12069.766461297,11964.79029144,5779.93326387139,5389.61792192576,5176.87086998091
"LPCHMCBP_02553",5090.070963019,5191.73467506373,4751.08930616844,1757.34960524833,1667.46243625562,1660.86826261656
"LPCHMCBP_02554",7945.60987894522,8564.32889740278,7966.63288073058,2258.29258027962,2258.1866879623,2213.77941945163
"LPCHMCBP_02555",498.080289225651,408.470682877077,440.282120209278,573.828442530066,576.894586950998,569.989493725734
"LPCHMCBP_02556",2923.83146015277,2406.54298341074,2595.19101417739,2673.6240538044,3002.02508517822,2658.88357466442
"LPCHMCBP_02557",18.2113451270805,11.7480506137212,12.8621742982486,12.7260340077232,26.6714963145153,23.4827132246557
"LPCHMCBP_02558",10.9268070762483,9.0369620105548,7.91518418353759,10.4122096426827,8.8904987715051,8.53916844532934
"LPCHMCBP_02559",10.0162398198943,2.71108860316644,10.8833782523642,3.47073654756088,2.9634995905017,1.06739605566617
"LPCHMCBP_02560",33.6909884850989,34.3404556401082,35.6183288259191,24.2951558329262,19.756663936678,30.9544856143189
"LPCHMCBP_02561",36.422690254161,44.2811138517185,42.5441149865145,46.2764873008118,35.5619950860204,46.9654264493114
"LPCHMCBP_02562",78.3087840464461,68.6809112802165,73.2154536977227,39.33501420569,34.5741618891865,29.8870895586527
"LPCHMCBP_02563",1201.94877838731,1151.30896014468,1043.81491420402,59204.9809404761,60300.3018343318,73480.6118681147
"LPCHMCBP_02564",341.462721132759,188.872506020595,212.720574932573,73429.2162245631,71882.6460672093,86481.4958261286
"LPCHMCBP_02565",288.649820264226,171.702278200541,155.335489601925,64283.8254217402,60680.6176151128,72642.7059644167
"LPCHMCBP_02566",74.66651502103,42.4737214496075,52.4380952159365,15666.9047756898,13921.5332429802,16714.3548356765
"LPCHMCBP_02567",183.024018527159,112.962025131935,110.812578569526,43923.3279215655,44016.8594177218,50468.6203040078
"LPCHMCBP_02568",161.170404374662,96.6954935129363,79.1518418353759,48459.5805892276,47211.5119762826,54384.8964322469
"LPCHMCBP_02569",365.137469797964,168.087493396319,151.377897510156,109749.317282605,106480.51595312,116810.487351827
"LPCHMCBP_02570",91.9672928917565,31.6293670369418,38.5865228947457,31303.7298346341,29791.0735501168,32488.3337463112
"LPCHMCBP_02571",15.4796433580184,10.8443544126658,5.93638813765319,7466.71122598598,6941.50387415182,7373.57195254189
"LPCHMCBP_02572",111.999772531545,56.9328606664952,50.4592991700521,37332.3992177474,37156.3578657103,38133.7914847295
"LPCHMCBP_02573",237.6580539084,273.81994891981,273.073854332047,1987.57512956987,2138.65887114539,2137.99429949933
"LPCHMCBP_02574",3884.47991560627,4138.9286008341,3776.53225357037,52188.3085534905,54882.0367496978,51248.8868206997
"LPCHMCBP_02575",1569.81794995434,1548.03159240804,1649.32650424464,18269.9571863605,17754.3260466957,17394.2861231359
"LPCHMCBP_02576",127.479415889563,110.250936528769,124.664150890717,6026.35555874822,6624.40941796814,5649.72732264103
"LPCHMCBP_02577",5539.89118765788,6116.21588874349,5988.82623286913,12746.8584270086,13976.8519020029,12794.8765192704
"LPCHMCBP_02578",2929.2948636909,2792.42126126143,2960.27888464306,8366.78890398677,8216.79653126438,8111.14262700721
"LPCHMCBP_02579",61.0080061757196,62.3550378728281,43.5335130094567,75.1992918638192,65.1969909910374,62.9763672843039
"LPCHMCBP_02580",5.46340353812415,18.0739240211096,17.8091644129596,15.0398583727638,17.7809975430102,21.3479211133234
"LPCHMCBP_02581",22.7641814088506,22.592405026387,20.7773584817862,30.0797167455277,17.7809975430102,24.5501092803219
"LPCHMCBP_02582",11.8373743326023,15.3628354179432,19.787960458844,15.0398583727638,19.756663936678,25.617505335988
"LPCHMCBP_02583",20.9430468961426,28.0145822327199,27.7031446423816,24.2951558329262,17.7809975430102,21.3479211133234
"LPCHMCBP_02584",1951.34563036667,1872.45852858695,1884.80323370489,4215.78799310396,3779.4498110865,3851.16496884353
"LPCHMCBP_02585",2124.35340907394,1884.20657920068,1921.41096055375,3709.06045716007,3396.17053071495,3375.10632801642
"LPCHMCBP_02586",3936.38224921845,3562.3704245607,3569.74806677545,6578.2026698104,6168.03048103087,6193.03191497511
"LPCHMCBP_02587",1065.36368993421,864.837264410094,984.451032827487,1893.86524278572,1520.27528992737,1551.99386493861
"LPCHMCBP_02588",1391.34676770895,1369.09974459905,1402.96639653204,1640.50147481378,1589.42361370575,1542.38730043761
"LPCHMCBP_02589",331.446481312865,350.634126009526,363.109074419787,861.89957597762,860.402714442327,800.547041749626
"LPCHMCBP_02590",236.747486652046,220.501873057537,265.158670148509,255.677592336985,231.152968059133,236.961924357889
"LPCHMCBP_02591",2005.06909849156,1993.55381952839,1920.42156253081,5106.61037364458,4615.15669560798,4844.91069666874
"LPCHMCBP_02592",529.039575941688,409.374379078132,455.123090553411,1515.55495910159,1411.61363827564,1363.0647630857
"LPCHMCBP_02593",62.8291406884277,50.6069872591069,66.2896675371273,927.843570381277,959.186034125717,955.31946982122
"LPCHMCBP_02594",43.7072283049932,39.7626328464411,34.6289308029769,531.022691776815,468.232935299269,505.945730385764
"LPCHMCBP_02595",50.9917663558254,42.4737214496075,48.4805031241677,395.663966421941,328.948454545689,367.184243149162
"LPCHMCBP_02596",49.1706318431173,63.2587340738836,58.3744833535897,118.00504261707,145.211479934583,131.289714846939
"LPCHMCBP_02597",14.5690761016644,14.4591392168877,24.734950573555,11.5691218252029,14.8174979525085,21.3479211133234
"LPCHMCBP_02598",7429.31824459249,7728.40991142646,7370.02587289644,5499.96051570148,5310.59126617905,5436.24811150779
"LPCHMCBP_02599",3191.53823352086,3024.67118493269,3167.06307143798,2983.67651871984,2762.96945154442,2695.17504055707
"LPCHMCBP_02600",4257.81249071142,4111.81771480243,4201.97340343552,3703.27589624746,3558.17517499571,3775.37984889124
"LPCHMCBP_02601",76.4876495337381,69.5846074812719,93.9928121795088,92.5529746016236,101.746819273892,85.3916844532934
"LPCHMCBP_02603",444.356821100764,459.981366337239,437.313926140452,200.145807576011,244.982632814807,203.872646632238
"LPCHMCBP_02604",338.731019363697,341.597163998971,398.727403245706,241.794646146742,270.666295932489,254.040261248548
"LPCHMCBP_02605",16.3902106143724,25.3034936295534,11.8727762753064,15.0398583727638,27.6593295113492,20.2805250576572
"LPCHMCBP_02606",345.104990158175,394.915239861245,408.621383475128,229.068612139018,281.532461097662,286.062142918533
"LPCHMCBP_02607",66.4714097138438,67.777215079161,64.3108714912429,155.02623245772,163.980310674427,163.311596516924
"LPCHMCBP_02608",386.080516694106,393.107847459134,365.087870465671,1476.2199448959,1645.73010592528,1511.43281482329
"LPCHMCBP_02609",715.705863494263,694.038682410608,683.674033853059,942.88342875404,893.001209937846,912.623627594574
"LPCHMCBP_02610",2351.99522316245,2578.24526161128,2466.5692711949,4253.96609512712,4546.00837182961,4685.86868437448
"LPCHMCBP_02611",346.926124670883,315.389974168362,345.299910006827,1307.31076624793,1149.83784111466,1151.7203440638
"LPCHMCBP_02612",233.10521762663,247.612759089201,213.709972955515,758.934391733314,744.826230412761,715.155357296333
"LPCHMCBP_02613",472.584406047739,478.958986559404,453.144294507527,1273.76031295484,1179.47283701968,1252.05557329642
"LPCHMCBP_02614",311.414001673076,270.205164115588,313.639173272677,967.178584586967,967.088699700388,999.082708103533
"LPCHMCBP_02615",1731.89892158535,1747.7484528413,1662.18867854289,2994.08872836252,2969.4265896827,2713.3207735034
"LPCHMCBP_02616",135.67452119675,94.8881011108254,83.1094339271447,244.108470511782,178.797808626936,144.098467514933
"LPCHMCBP_02617",1002.53454924578,958.821669319864,934.981131680377,1580.34204132272,1558.80078460389,1479.41093315331
"LPCHMCBP_02618",1775.60614989035,1769.43716166663,1697.80700736881,2043.10691433084,2163.35470106624,1902.09977119711
"LPCHMCBP_02619",66.4714097138438,88.562227703437,107.8443845007,25.4520680154465,22.7201635271797,33.0892777256512
"LPCHMCBP_02620",2101.58922766509,2360.45447715691,2273.63665672117,322.778498923162,358.583450450706,358.645074703832
"LPCHMCBP_02621",2714.40099119135,2611.68202105034,3013.70637788194,8135.40646748271,8084.42688288864,7477.10936994151
"LPCHMCBP_02622",663.803529882084,638.009517945169,656.96028723362,1362.84255100891,1318.75731777326,1305.42537607972
"LPCHMCBP_02623",79.2193513028001,77.7178732907713,63.3214734683007,1239.05294747924,1089.58001610779,1215.76410740377
"LPCHMCBP_02624",38.243824766869,44.2811138517185,50.4592991700521,757.777479550793,643.079411138869,648.97680184503
"LPCHMCBP_02625",497.169721969297,482.573771363626,526.35974820525,1036.59331553818,887.074210756843,951.049885598556
"LPCHMCBP_02626",67.3819769701978,74.1030884865493,88.0564240418556,581.926827807708,677.653573028056,656.448574234693
"LPCHMCBP_02627",1360.38748099291,1341.98885856739,1425.72255105971,539.121077054457,531.454259896638,469.654264493114
"LPCHMCBP_02628",7413.83860123447,7508.81173456998,7483.80664553479,3647.74411148649,3576.94400573555,3481.84593358304
"LPCHMCBP_02629",1629.9153888737,1733.28931362441,1656.25229040524,799.426318121524,694.446737374232,804.816625972291
"LPCHMCBP_02630",5322.26561338927,6195.74115443637,6358.86109344951,3043.8359522109,2992.14675320988,3240.61442500249
"LPCHMCBP_02631",17971.8659386594,16989.488579843,16888.0348536004,13000.2221949806,12086.1391632628,11821.4113165028
"LPCHMCBP_02632",13089.4043100891,11894.4493982922,11165.3566889027,5929.17493541651,5883.53452034271,5714.83848203666
"LPCHMCBP_02633",1226.53409430887,1104.3167576898,1127.91374615411,1582.65586568776,1353.33147966244,1281.94266285507
"LPCHMCBP_02634",2512.25506028075,2539.3863249659,2538.79532686968,1411.43286267476,1482.73762844768,1469.80436865231
"LPCHMCBP_02635",2996.67684066109,3290.357868043,3461.90368227475,1964.43688591946,2032.96071908417,1822.04506702215
"LPCHMCBP_02636",5122.85138424774,5801.72961077618,4955.89469691747,2332.33495996091,2531.81648348529,2615.12033638211
"LPCHMCBP_02637",9611.94795807308,8980.93284608936,8763.09828919905,4658.88535900923,4364.24706361217,3961.10676257715
"LPCHMCBP_02638",3886.30105011898,3543.39280433854,3075.04905530435,800.583230304044,803.108389025961,792.007873304297
"LPCHMCBP_02639",2362.01146298234,2356.83969235269,2502.18760002082,590.02521308535,568.004088179493,562.517721336071
"LPCHMCBP_02640",6628.9296262573,6803.02500154565,6744.72632239697,2341.59025742108,2372.77533879503,2456.07832408785
"LPCHMCBP_02641",11680.7567645094,11585.3852975312,10865.5690879512,2343.90408178612,2283.87035107998,2244.73390506595
"LPCHMCBP_02642",428.877177742746,500.647695384736,493.709613448157,127.260340077232,118.539983620068,116.346170067612
"LPCHMCBP_02643",1608.97234197756,1689.00819977269,1587.98382682223,972.963145499568,1042.16402265976,901.949667037912
"LPCHMCBP_02644",2064.25597015457,2063.13842700966,1991.65822018265,1030.80875462558,1012.52902675475,955.31946982122
"LPCHMCBP_02645",97.4306964298806,92.1770125076589,98.9398022942198,3422.14623589503,3310.2290425904,3269.43411850547
"LPCHMCBP_02646",254.958831779127,280.145822327199,272.084456309105,7825.35400256727,8293.84752061743,8649.11023906296
"LPCHMCBP_02647",3083.18073001473,2812.30257768465,2952.36370045952,3737.98326172307,3460.37968850915,3792.45818578189
"LPCHMCBP_02648",393.365054744939,423.83351829502,426.430547888087,409.546912612184,483.050433251777,471.789056604446
"LPCHMCBP_02649",1696.38679858755,1733.28931362441,1743.31931642415,2181.93637623328,2117.91437401188,2178.55534961465
"LPCHMCBP_02650",1484.22462785706,1584.17944045026,1590.95202089105,1757.34960524833,1883.79790636225,1755.86651157085
"LPCHMCBP_02651",3398.23700071322,3077.98926079496,3017.6639699737,3587.58467799543,3489.02685121734,3419.9369623544
"LPCHMCBP_02652",9393.41181654812,9220.41233936906,9216.24258370658,5788.03164914904,5497.29174038066,5524.84198412809
"LPCHMCBP_02653",644.681617498649,580.172961077618,574.840251329417,2623.87682995603,2913.12009746317,2826.46475540401
"LPCHMCBP_02654",1120.9082925718,950.688403510365,1144.73351254412,996.101389149974,998.699361999073,1003.3522923262
"LPCHMCBP_02655",1737.36232512348,1935.71726266084,1878.86684556723,1561.8314464024,1588.43578050891,1530.64594382528
"LPCHMCBP_02656",4496.38111187617,4632.34672661039,4565.0824778553,2970.95048471212,3238.11721922153,3111.45950226688
"LPCHMCBP_02657",5467.95637440592,4805.85639721304,4996.4600158581,1272.60340077232,1282.2074894904,1214.6967113481
"LPCHMCBP_02658",1386.79393142718,1445.01022548771,1455.40449174797,271.874362892269,285.483793884997,266.849013916542
"LPCHMCBP_02659",1858.46777021856,1853.48090836479,1682.96603702468,2436.45705638774,2308.56618100083,2421.92165030653
"LPCHMCBP_02660",3061.32711586223,3012.01943811791,3025.57915415724,3520.48377140926,3360.60853562893,3210.72733544383
"LPCHMCBP_02661",953.363917402664,944.362530102976,937.949325749204,767.032777010956,641.103744745201,640.437633399701
"LPCHMCBP_02662",347.836691927237,319.004758972584,311.660377226792,248.736119241863,242.019133224306,230.557548023892
"LPCHMCBP_02663",2557.78342309845,2249.29984442709,2103.46019677511,3149.11496082024,3137.35823314447,3033.53959020325
"LPCHMCBP_02664",5422.42801158822,5048.04697909591,4774.83485871905,6345.66332112382,5874.64402157121,5951.80040639455
"LPCHMCBP_02665",753.949688261132,624.454074929336,636.182928751834,1346.64578045362,1253.56032678222,1354.52559464037
"LPCHMCBP_02666",21807.1752224225,25074.8584906864,27205.4774368416,24919.8884114872,28041.6209585239,27665.8383668114
"LPCHMCBP_02667",12203.4223696566,10955.5090453956,11346.4165271011,3993.66085406006,3873.29396478572,3871.44549390119
"LPCHMCBP_02668",20888.4128607613,19640.0295375387,20313.3308090263,30080.8736577102,27323.4662244257,26631.5315888709
"LPCHMCBP_02669",3965.52040142178,3600.32566500503,3488.61742889419,746.20835772559,774.461226317778,832.568923419611
"LPCHMCBP_02670",7575.91957286548,7276.56181089872,7024.72596288961,2623.87682995603,2512.05981954861,2748.54484334038
"LPCHMCBP_02671",346.015557414529,368.708050030636,347.278706052712,767.032777010956,638.1402451547,716.222753351999
"LPCHMCBP_02672",64.6502752011357,43.377417650663,53.4274932388787,78.6700284113801,76.0631561562103,80.0547041749626
"LPCHMCBP_02673",665.624664394792,653.372353363112,745.016711275475,948.667989666642,1067.84768577745,988.408747546871
"LPCHMCBP_02674",427.056043230037,399.433720866522,404.663791383359,262.619065432107,272.641962326156,275.388182361871
"LPCHMCBP_02675",8588.47036193116,8140.49537910776,8221.89757064967,13349.6096741017,12928.7608801621,13122.5671083599
"LPCHMCBP_02676",11065.2132992141,12071.5738536991,11664.0132924656,9728.47454281316,10125.2902675475,10302.5067292899
"LPCHMCBP_02677",1004.35568375849,758.201112685548,812.295776835545,1259.8773667646,1422.47980344082,1215.76410740377
"LPCHMCBP_02678",3996.47968813781,3738.59118376652,3644.94231651906,3165.31173137553,2985.23192083205,3030.33740203625
"LPCHMCBP_02679",2484.02747533378,2102.9010598561,1856.11069103956,1768.91872707353,1736.610760034,1703.5641048432
"LPCHMCBP_02680",2916.54692210194,2586.37852742078,2469.53746526373,2286.0584726601,2184.09919819975,2216.98160761863
"LPCHMCBP_02681",930.599735993813,816.037669553098,838.020125432042,772.817337923557,650.98207671354,638.302841288368
"LPCHMCBP_02682",3890.85388640075,3411.45315898444,3467.84007041241,2954.75371415683,2849.8987728658,2836.07131990501
"LPCHMCBP_02683",8.19510530718622,4.5184810052774,4.94699011471099,0,0.9878331968339,0
"LPCHMCBP_02684",2073.36164271811,1675.45275675686,1798.72560570892,1023.86728153046,1088.59218291096,953.184677709888
"LPCHMCBP_02685",2308.28799485745,2639.69660328306,2453.70709689665,1674.05192810687,1666.47460305879,1646.9921138929
"LPCHMCBP_02686",7752.56962059816,7461.8195321151,7979.49505502883,3095.89700042431,3024.7452487054,3063.4266797619
"LPCHMCBP_02687",2.73170176906207,0,1.9787960458844,2.31382436504059,0,3.2021881669985
"LPCHMCBP_02688",14499.8729901815,11874.568081869,12277.4400666897,13967.4007795675,13565.91329212,13560.199491183
"LPCHMCBP_02689",8730.51885392239,7185.28849459212,7232.49954770747,5955.78391561448,5795.61736582449,5806.63454282395
"LPCHMCBP_02690",8254.29217884923,7606.41092428397,7668.82407582498,2266.39096555726,2280.90685148948,2320.51902501825
"LPCHMCBP_02691",839.543010358411,654.276049564167,763.815273711377,1106.0080464894,1101.4340144698,1079.1374122785
"LPCHMCBP_02692",151.154164554768,158.146835184709,157.31428564781,372.525722771535,292.398626262835,314.88183642152
"LPCHMCBP_02693",472.584406047739,511.492049797402,454.133692530469,194.36124666341,186.700474201607,198.535666353907
"LPCHMCBP_02694",2531.37697266419,2674.03705892316,2698.08840856337,1766.60490270849,1684.2556006018,1736.65338256886
"LPCHMCBP_02695",5514.39530447997,4798.6268276046,4610.59478691064,38971.7437803787,38575.8741695606,35186.7109750352
"LPCHMCBP_02696",1175.54232795305,1331.14450415472,1244.66271286129,2389.02365690441,2408.33733388105,2392.03456074788
"LPCHMCBP_02697",3215.21298218606,2899.05741298598,2753.49469784814,937.098867841439,859.414881245493,869.927785367927
"LPCHMCBP_02698",2301.91402406297,2237.55179381337,2022.32955889385,11779.6798424216,11692.9815509229,11141.4800290435
"LPCHMCBP_02699",139.316790222166,123.806379544601,139.50512123485,869.997961255262,795.20572345129,700.211812517006
"LPCHMCBP_02700",8094.94290898728,8244.42044222914,9022.32057120991,2233.99742444669,2466.61949249425,2160.40961666832
"LPCHMCBP_02701",8155.04034790664,7272.04332989344,7053.41850555493,4537.4095798446,4541.06920584544,4345.36934261697
"LPCHMCBP_02702",5118.29854796597,5041.72110568852,4920.27636809155,1922.78804734873,1904.54240349576,1910.63893964244
"LPCHMCBP_02703",4819.63248788185,4848.33011866265,4662.04348410364,2051.20529960848,2089.2672113037,2040.86125843371
"LPCHMCBP_02704",441.625119331702,464.499847342517,458.091284622238,203.616544123572,207.444971335119,218.816191411564
"LPCHMCBP_02705",15405.8874102537,14827.8472669183,15311.9238030535,12431.0214011806,12325.1947968966,12072.2493895844
"LPCHMCBP_02706",4531.89323487398,4982.98085261991,4593.77502052063,2318.45201377067,2389.5685031412,2374.95622385722
"LPCHMCBP_02707",1883.96365339648,1744.13366803708,1726.49955003414,1001.88595006258,909.794374284022,940.375925041894
"LPCHMCBP_02708",22.7641814088506,23.4961012274425,35.6183288259191,15.0398583727638,5.9269991810034,8.53916844532934
"LPCHMCBP_02709",91.9672928917565,107.539847925602,95.9716082253932,31.236628928048,24.6958299208475,33.0892777256512
"LPCHMCBP_02710",722.079834288741,648.853872357834,767.772865803146,393.3501420569,360.559116844374,355.442886536834
"LPCHMCBP_02711",213.072737986842,225.020354062814,210.741778886688,41.6488385707306,75.0753229593764,53.3698027833084
"LPCHMCBP_02712",1129.10339787899,1108.83523869507,940.917519818031,2802.04130606415,2465.63165929742,2949.21530180562
"LPCHMCBP_02713",466.210435253261,412.989163882354,416.536567658665,246.422294876823,265.727129948319,238.029320413555
"LPCHMCBP_02714",43.7072283049932,37.9552404443301,37.5971248718035,43.9626629357712,34.5741618891865,37.3588619483159
"LPCHMCBP_02715",769.429331619151,782.600910114045,710.387780472498,624.732578560959,553.186590226984,597.741791173054
"LPCHMCBP_02716",120.194877838731,150.917265576265,167.208265877232,65.9439944036568,69.148323778373,92.8634568429566
"LPCHMCBP_02717",50.0811990994713,52.4143796612178,48.4805031241677,30.0797167455277,27.6593295113492,28.8196935029865
"LPCHMCBP_02718",19.1219123834345,19.8813164232206,22.7561545276706,33.5504532930886,18.7688307398441,16.0109408349925
"LPCHMCBP_02719",5.46340353812415,5.42217720633288,3.95759209176879,6.94147309512177,1.9756663936678,1.06739605566617
"LPCHMCBP_02720",23.6747486652046,24.399797428498,23.7455525506128,23.1382436504059,20.7444971335119,27.7522974473204
"LPCHMCBP_02721",0.910567256354024,0.90369620105548,2.9681940688266,11.5691218252029,11.8539983620068,3.2021881669985
"LPCHMCBP_02722",0.910567256354024,2.71108860316644,2.9681940688266,6.94147309512177,2.9634995905017,3.2021881669985
"LPCHMCBP_02723",81.9510530718622,95.7917973118808,128.621742982486,30.0797167455277,48.4038266448611,37.3588619483159
"LPCHMCBP_02724",219.44670878132,246.709062888146,234.487331437301,141.143286267476,153.114145509255,169.715972850921
"LPCHMCBP_02725",84.6827548409243,77.7178732907713,80.1412398583181,45.1195751182915,47.4159934480272,28.8196935029865
"LPCHMCBP_02726",365.137469797964,397.626328464411,371.024258603324,422.272946619908,465.269435708767,391.734352429484
"LPCHMCBP_02727",162.99153888737,175.317063004763,176.112848083711,885.037819628026,707.288568933073,803.749229916624
"LPCHMCBP_02728",157.528135349246,157.243138983653,160.282479716636,99.4944476967454,72.1118233688747,76.8525160079641
"LPCHMCBP_02729",323.251376005679,362.382176623247,356.183288259191,285.757309082513,316.106622986848,320.21881669985
"LPCHMCBP_02730",113.820907044253,119.287898539323,100.918598340104,938.255780023959,862.378380835995,1035.37417399618
"LPCHMCBP_02731",449.820224638888,424.737214496075,365.087870465671,3599.15379982064,3028.69658149274,3449.82405191305
"LPCHMCBP_02732",136.585088453104,115.673113735101,105.865588454815,144.614022815037,118.539983620068,125.952734568608
"LPCHMCBP_02733",136.585088453104,147.302480772043,136.536927166023,157.34005682276,154.101978706088,137.694091180936
"LPCHMCBP_02734",128.389983145917,122.902683343545,112.791374615411,131.887988807314,100.758986077058,102.470021343952
"LPCHMCBP_02735",46.4389300740552,42.4737214496075,42.5441149865145,38.1781020231697,46.4281602511933,29.8870895586527
"LPCHMCBP_02736",67.3819769701978,52.4143796612178,48.4805031241677,61.3163456735756,60.2578250068679,74.7177238966318
"LPCHMCBP_02737",10.9268070762483,11.7480506137212,12.8621742982486,19.667507102845,9.878331968339,10.6739605566617
"LPCHMCBP_02738",36.422690254161,39.7626328464411,33.6395327800347,33.5504532930886,33.5863286923526,33.0892777256512
"LPCHMCBP_02739",2.73170176906207,0,0,1.1569121825203,3.9513327873356,0
"LPCHMCBP_02740",10.0162398198943,22.592405026387,9.89398022942198,25.4520680154465,19.756663936678,12.808752667994
"LPCHMCBP_02741",206.698767192364,182.546632613207,203.815992726093,402.605439517063,374.388781600048,366.116847093496
"LPCHMCBP_02742",0.910567256354024,0.90369620105548,1.9787960458844,0,5.9269991810034,3.2021881669985
"LPCHMCBP_02743",40.9755265359311,52.4143796612178,38.5865228947457,174.693739560565,158.053311493424,167.581180739588
"LPCHMCBP_02744",80.1299185591541,77.7178732907713,65.3002695141851,211.714929401214,194.603139776278,198.535666353907
"LPCHMCBP_02745",168.454942425495,169.89488579843,174.134052037827,111.063569521948,109.649484848563,134.491903013937
"LPCHMCBP_02746",19.1219123834345,16.2665316189986,26.7137466194394,42.8057507532509,36.5498282828543,36.2914658926497
"LPCHMCBP_02747",8.19510530718622,6.32587340738836,16.8197663900174,24.2951558329262,22.7201635271797,12.808752667994
"LPCHMCBP_02748",15.4796433580184,9.94065821161028,16.8197663900174,33.5504532930886,13.8296647556746,22.4153171689895
"LPCHMCBP_02749",4.55283628177012,7.22956960844384,5.93638813765319,6.94147309512177,8.8904987715051,5.33698027833084
"LPCHMCBP_02750",15.4796433580184,19.8813164232206,10.8833782523642,17.3536827378044,16.7931643461763,12.808752667994
"LPCHMCBP_02751",2.73170176906207,2.71108860316644,2.9681940688266,4.62764873008118,3.9513327873356,2.13479211133234
"LPCHMCBP_02752",13.6585088453104,2.71108860316644,4.94699011471099,5.78456091260147,6.9148323778373,11.7413566123278
"LPCHMCBP_02753",84.6827548409243,70.4883036823274,64.3108714912429,105.279008609347,78.0388225498781,69.3807436183009
"LPCHMCBP_02754",1559.80171013444,1447.72131409088,1481.12884034447,728.854674987786,749.76539639693,714.087961240666
"LPCHMCBP_02755",251.316562753711,228.635138867036,247.34950573555,592.339037450391,581.833752935167,562.517721336071
"LPCHMCBP_02756",4.55283628177012,2.71108860316644,1.9787960458844,4.62764873008118,5.9269991810034,9.60656450099551
"LPCHMCBP_02757",19.1219123834345,18.0739240211096,15.8303683670752,16.1967705552841,22.7201635271797,24.5501092803219
"LPCHMCBP_02758",0,0,0,0,0,0
"LPCHMCBP_02759",0,0,0,0,0,0
"LPCHMCBP_02760",0,0,0,0,0,0
"LPCHMCBP_02761",0,0,0,0,0,0
"LPCHMCBP_02762",0,0,0,0,0,0
"LPCHMCBP_02778",0,0,0,0,0,0
"LPCHMCBP_02779",0,3.61478480422192,3.95759209176879,0,0,0
"LPCHMCBP_02780",2.73170176906207,2.71108860316644,2.9681940688266,0,0.9878331968339,3.2021881669985
"LPCHMCBP_02781",308.682299904014,368.708050030636,351.23629814448,230.225524321539,218.311136500292,208.142230854903
"LPCHMCBP_02782",770.339898875505,882.007492230148,870.670260189135,432.68515626259,386.242779962055,391.734352429484
"LPCHMCBP_02783",138.406222965812,104.828759322436,128.621742982486,465.078697373159,409.950776686069,431.228006489132
"LPCHMCBP_02784",90.1461583790484,95.7917973118808,105.865588454815,261.462153249587,249.921798798977,261.512033638211
"LPCHMCBP_02785",30.0487194596828,29.8219746348308,32.6501347570925,70.571643133738,88.904987715051,92.8634568429566
"LPCHMCBP_02786",140.22735747852,123.806379544601,100.918598340104,444.254278087793,414.889942670238,491.002185606437
"LPCHMCBP_02787",165.723240656432,180.739240211096,186.996226336075,343.602918208528,372.41311520638,413.082273542807
"LPCHMCBP_02788",241.300322933816,291.89387294092,247.34950573555,382.937932414218,393.157612339892,418.419253821138
"LPCHMCBP_02789",54.6340353812415,49.7032910580514,51.4486971929943,227.911699956498,252.885298389478,226.287963801228
"LPCHMCBP_02790",388.812218463168,403.048505670744,380.918238832746,1951.71085191174,1955.90972973112,2019.51333732039
"LPCHMCBP_02791",185.755720296221,135.554430158322,163.250673785463,820.250737406889,683.580572209059,859.253824811265
"LPCHMCBP_02792",149.33303004206,153.628354179432,135.547529143081,947.511077484122,911.77004067769,893.410498592583
"LPCHMCBP_02793",40.9755265359311,46.0885062538295,50.4592991700521,139.986374084956,145.211479934583,169.715972850921
"LPCHMCBP_02794",536.32411399252,523.240100411123,535.264330411729,1704.13164485239,1791.9294190567,1748.39473918118
"LPCHMCBP_02795",980.680935093284,1024.79149199691,1145.72291056707,1041.22096426827,1001.66286158957,1011.89146077153
"LPCHMCBP_02796",94.6989946608185,95.7917973118808,69.2578616059539,128.417252259753,134.34531476941,147.300655681931
"LPCHMCBP_02797",35.512122997807,23.4961012274425,34.6289308029769,123.789603529672,118.539983620068,111.009189789281
"LPCHMCBP_02798",274.080744162561,260.264505903978,260.211680033798,697.618046059738,619.371414414856,679.931287459349
"LPCHMCBP_02799",156.617568092892,199.716860433261,175.123450060769,598.123598362992,620.359247611689,534.76542388875
"LPCHMCBP_02800",0,0,0,0,0,0
"LPCHMCBP_02801",73.755947764676,71.3919998833829,59.3638813765319,163.124617735362,172.870809445933,172.918161017919
"LPCHMCBP_02802",26.4064504342667,17.1702278200541,17.8091644129596,46.2764873008118,58.2821586132001,43.7632382823129
"LPCHMCBP_02803",0,0,0,0,0,0
"LPCHMCBP_02804",0,0,0,0,0,0
"LPCHMCBP_02805",0,0,0,0,0,0
"LPCHMCBP_02806",0,0,0,0,0,0
"LPCHMCBP_02807",33.6909884850989,25.3034936295534,35.6183288259191,61.3163456735756,62.2334914005357,49.1002185606437
"LPCHMCBP_02808",43.7072283049932,47.8958986559404,36.6077268488613,114.534306069509,116.5643172264,103.537417399618
"LPCHMCBP_02809",64.6502752011357,62.3550378728281,58.3744833535897,158.49696900528,133.357481572577,157.974616238593
"LPCHMCBP_02810",6.37397079447817,6.32587340738836,7.91518418353759,21.9813314678856,13.8296647556746,13.8761487236602
"LPCHMCBP_02811",122.016012351439,113.86572133299,102.897394385989,244.108470511782,235.104300846468,243.366300691886
"LPCHMCBP_02812",17.3007778707265,28.9182784337753,19.787960458844,40.4919263882103,38.5254946765221,51.2350106719761
"LPCHMCBP_02813",11.8373743326023,24.399797428498,22.7561545276706,40.4919263882103,48.4038266448611,28.8196935029865
"LPCHMCBP_02814",20.9430468961426,14.4591392168877,15.8303683670752,34.7073654756088,38.5254946765221,52.3024067276422
"LPCHMCBP_02815",98.3412636862346,99.4065821161028,93.0034141565666,314.68011364552,276.593295113492,273.253390250539
"LPCHMCBP_02816",20.0324796397885,25.3034936295534,22.7561545276706,63.6301700386162,65.1969909910374,52.3024067276422
"LPCHMCBP_02817",40.0649592795771,40.6663290474966,26.7137466194394,77.5131162288598,81.0023221403798,75.7851199522979
"LPCHMCBP_02818",8.19510530718622,6.32587340738836,3.95759209176879,19.667507102845,30.6228291018509,23.4827132246557
"LPCHMCBP_02819",130.211117658625,143.687695967821,141.483917280734,362.113513128852,422.792608244909,405.610501153144
"LPCHMCBP_02820",83.7721875845702,91.2733163066034,103.886792408931,246.422294876823,274.617628719824,250.838073081549
"LPCHMCBP_02821",114.731474300607,93.0807087087144,88.0564240418556,227.911699956498,255.84879797998,251.905469137216
"LPCHMCBP_02822",13.6585088453104,20.785012624276,22.7561545276706,49.7472238483727,54.3308258258645,49.1002185606437
"LPCHMCBP_02823",396.096756514001,358.767391819025,390.812219062168,885.037819628026,829.779885340476,819.760170751617
"LPCHMCBP_02824",715.705863494263,716.631087436995,693.568014082481,1456.55243779305,1358.27064564661,1321.43631691472
"LPCHMCBP_02825",90.1461583790484,94.8881011108254,96.9610062483354,156.18314464024,148.174979525085,150.50284384893
"LPCHMCBP_02826",356.031797234424,272.916252718755,284.946630607353,852.644278517457,731.98439885392,781.333912747635
"LPCHMCBP_02827",23.6747486652046,18.0739240211096,17.8091644129596,69.4147309512177,65.1969909910374,50.1676146163099
"LPCHMCBP_02828",4.55283628177012,6.32587340738836,1.9787960458844,5.78456091260147,4.9391659841695,9.60656450099551
"LPCHMCBP_02829",3.6422690254161,1.80739240211096,0.989398022942198,2.31382436504059,5.9269991810034,6.40437633399701
"LPCHMCBP_02830",0.910567256354024,0.90369620105548,0,3.47073654756088,1.9756663936678,4.26958422266467
"LPCHMCBP_02831",0.910567256354024,3.61478480422192,4.94699011471099,5.78456091260147,0.9878331968339,3.2021881669985
"LPCHMCBP_02832",11.8373743326023,11.7480506137212,7.91518418353759,31.236628928048,32.5984954955187,25.617505335988
"LPCHMCBP_02833",8.19510530718622,6.32587340738836,5.93638813765319,18.5105949203247,14.8174979525085,24.5501092803219
"LPCHMCBP_02834",10.9268070762483,12.6517468147767,13.8515723211908,19.667507102845,21.7323303303458,27.7522974473204
"LPCHMCBP_02835",18.2113451270805,18.0739240211096,17.8091644129596,20.8244192853653,25.6836631176814,24.5501092803219
"LPCHMCBP_02836",53.7234681248874,47.8958986559404,56.3956873077053,11.5691218252029,26.6714963145153,16.0109408349925
"LPCHMCBP_02837",173.918345963619,189.776202221651,215.688769001399,35.8642776581291,67.1726573847052,51.2350106719761
"LPCHMCBP_02838",2.73170176906207,4.5184810052774,0.989398022942198,4.62764873008118,3.9513327873356,6.40437633399701
"LPCHMCBP_02839",936.063139531937,983.221466748362,914.203773198591,1288.80017132761,1358.27064564661,1364.13215914136
"LPCHMCBP_02840",141.137924734874,140.976607364655,143.462713326619,97.1806233317048,113.600817635899,108.874397677949
"LPCHMCBP_02841",827.705636025808,694.942378611664,685.652829898943,318.150850193081,353.644284466536,396.003936652148
"LPCHMCBP_02842",34.6015557414529,43.377417650663,45.5123090553411,30.0797167455277,23.7079967240136,28.8196935029865
"LPCHMCBP_02843",264.975071599021,263.8792907082,281.978436538527,128.417252259753,128.418315588407,120.615754290277
"LPCHMCBP_02844",802.209752847896,851.281821394262,709.398382449556,534.493428324376,541.332591864977,516.619690942425
"LPCHMCBP_02845",458.925897202428,398.530024665467,353.215094190365,310.052464915439,313.143123396346,268.983806027874
"LPCHMCBP_02846",2968.44925571412,3151.18865308046,3220.49056467686,6977.3373727799,7286.25765984685,6995.71374883606
"LPCHMCBP_02847",9.10567256354024,6.32587340738836,8.90458220647978,12.7260340077232,5.9269991810034,7.47177238966318
"LPCHMCBP_02848",6.37397079447817,3.61478480422192,11.8727762753064,12.7260340077232,14.8174979525085,11.7413566123278
"LPCHMCBP_02849",170.276076938203,200.620556634317,186.006828313133,141.143286267476,121.50348321057,106.739605566617
"LPCHMCBP_02850",180.292316758097,221.405569258593,202.826594703151,285.757309082513,263.751463554651,254.040261248548
"LPCHMCBP_02851",31.8698539723909,47.8958986559404,40.5653189406301,308.895552732919,352.656451269702,379.992995817156
"LPCHMCBP_02852",0.910567256354024,0,0,2.31382436504059,0,1.06739605566617
"LPCHMCBP_02853",919.672928917565,844.052251785818,809.327582766718,173.536827378044,168.919476658597,161.176804405591
"LPCHMCBP_02854",173.918345963619,225.020354062814,160.282479716636,179.321388290646,164.968143871261,187.861705797246
"LPCHMCBP_02855",4232.31660753351,4793.20465039826,4756.03629628315,197.83198321097,209.420637728787,236.961924357889
"LPCHMCBP_02856",7684.27707637161,8240.80565742492,7984.44204514354,1101.38039775932,1127.11767758748,1126.10283872781
"LPCHMCBP_02857",2631.53937086313,2539.3863249659,2572.43485964972,402.605439517063,479.099100464442,413.082273542807
"LPCHMCBP_02858",165.723240656432,183.450328814262,220.63575911611,292.698782177635,341.79028610453,326.623193033847
"LPCHMCBP_02859",123.837146864147,109.347240327713,120.706558798948,150.398583727638,179.78564182377,186.794309741579
"LPCHMCBP_02860",35.512122997807,50.6069872591069,38.5865228947457,40.4919263882103,41.4889942670238,43.7632382823129
"LPCHMCBP_02861",12.7479415889563,6.32587340738836,11.8727762753064,12.7260340077232,10.8661651651729,7.47177238966318
"LPCHMCBP_02862",0,1.80739240211096,1.9787960458844,2.31382436504059,0,1.06739605566617
"LPCHMCBP_02863",133.853386684042,108.443544126658,120.706558798948,98.3375355142251,99.7711528802239,78.9873081192964
"LPCHMCBP_02864",556.356593632309,524.143796612178,535.264330411729,290.384957812594,290.422959869167,296.736103475195
"LPCHMCBP_02865",289.56038752058,274.723645120866,309.681581180908,83.2976771414612,92.8563205023866,61.9089712286377
"LPCHMCBP_02866",478.047809585863,399.433720866522,440.282120209278,238.323909599181,274.617628719824,234.827132246557
"LPCHMCBP_02867",0,0,0,0,0,0
"LPCHMCBP_02868",132.942819427688,140.072911163599,145.441509372503,87.9253258715424,130.393981982075,107.807001622283
"LPCHMCBP_02869",0,0,0,0,1.9756663936678,0
"LPCHMCBP_02870",977.038666067868,1086.24283366869,1021.05875967635,2164.58269349547,1975.6663936678,1971.48051481541
"LPCHMCBP_02871",855.933220972783,985.028859150473,903.320394946227,696.461133877218,714.20340131091,713.020565185
"LPCHMCBP_02872",56.4551698939495,81.3326580949932,74.2048517206649,31.236628928048,37.5376614796882,32.021881669985
"LPCHMCBP_02873",598.242687424594,618.128201521948,675.758849669521,369.054986223974,383.279280371553,358.645074703832
"LPCHMCBP_02874",276.812445931623,329.84911338525,281.978436538527,377.153371501616,438.597939394252,401.340916930479
"LPCHMCBP_02875",487.153482149403,461.78875873935,449.186702415758,992.630652602413,910.782207480856,906.219251260577
"LPCHMCBP_02876",1173.72119344034,1227.21944103334,1202.11859787477,1851.05949203247,1847.24807807939,1829.51683941181
"LPCHMCBP_02877",450.730791895242,529.565973818511,495.688409494041,460.451048643077,442.549272181587,391.734352429484
"LPCHMCBP_02878",14.5690761016644,23.4961012274425,15.8303683670752,55.5317847609742,44.4524938575255,34.1566737813174
"LPCHMCBP_02879",1.82113451270805,1.80739240211096,0.989398022942198,0,1.9756663936678,0
"LPCHMCBP_02880",17.3007778707265,13.5554430158322,20.7773584817862,16.1967705552841,11.8539983620068,8.53916844532934
"LPCHMCBP_02881",3.6422690254161,3.61478480422192,2.9681940688266,3.47073654756088,6.9148323778373,4.26958422266467
"LPCHMCBP_02882",448.909657382534,435.581568908741,453.144294507527,337.818357295926,357.595617253872,366.116847093496
"LPCHMCBP_02883",30.9592867160368,39.7626328464411,33.6395327800347,65.9439944036568,61.2456582037018,70.4481396739671
"LPCHMCBP_02884",93.7884274044645,103.92506312138,95.9716082253932,84.4545893239815,93.8441536992205,88.5938726202919
"LPCHMCBP_02885",451.641359151596,449.137011924573,421.483557773377,488.216941023564,574.91892055733,527.293651499087
"LPCHMCBP_02886",137.495655709458,138.265518761488,146.430907395445,244.108470511782,251.897465192645,213.479211133234
"LPCHMCBP_02887",16.3902106143724,17.1702278200541,8.90458220647978,24.2951558329262,33.5863286923526,30.9544856143189
"LPCHMCBP_02888",3.6422690254161,2.71108860316644,3.95759209176879,5.78456091260147,2.9634995905017,8.53916844532934
"LPCHMCBP_02889",0.910567256354024,0,0,0,0.9878331968339,1.06739605566617
"LPCHMCBP_02890",1.82113451270805,0,0,1.1569121825203,0.9878331968339,0
"LPCHMCBP_02891",214.89387249955,216.887088253315,233.497933414359,181.635212655686,173.858642642766,161.176804405591
"LPCHMCBP_02892",157.528135349246,153.628354179432,142.473315303677,119.16195479959,124.466982801071,107.807001622283
"LPCHMCBP_02893",3.6422690254161,6.32587340738836,2.9681940688266,3.47073654756088,2.9634995905017,2.13479211133234
"LPCHMCBP_02894",177.560614989035,146.398784570988,178.091644129596,71.7285553162583,110.637318045397,67.2459515069686
"LPCHMCBP_02895",3748.80539440952,4306.11239802936,4194.05821925198,1818.6659509219,1939.11656538495,1872.21268163846
"LPCHMCBP_02896",6584.31183069595,5942.70621814083,5570.31086916458,2733.78348729546,2875.58243598348,2744.27525911772
"LPCHMCBP_02897",50.0811990994713,65.0661264759945,71.2366576518383,35.8642776581291,39.513327873356,29.8870895586527
"LPCHMCBP_02898",813.136559924144,762.719593690825,778.65624405551,397.977790786981,426.743941032245,373.588619483159
"LPCHMCBP_02899",1528.84242341841,1416.09194705394,1461.34087988563,664.067592766649,722.106066885581,723.694525741662
"LPCHMCBP_02900",170.276076938203,190.679898422706,186.006828313133,61.3163456735756,74.0874897625425,64.0437633399701
"LPCHMCBP_02901",425.234908717329,384.974581649634,448.197304392816,200.145807576011,187.688307398441,186.794309741579
"LPCHMCBP_02902",557.267160888663,546.736201638565,604.522192017683,172.379915195524,161.016811083926,168.648576795255
"LPCHMCBP_02903",246.763726471941,243.094278083924,244.381311666723,136.515637537395,119.527816816902,135.559299069603
"LPCHMCBP_02904",246.763726471941,281.95321472931,250.317699804376,225.597875591458,205.469304941451,235.894528302223
"LPCHMCBP_02905",240.389755677462,258.457113501867,279.999640492642,251.049943606904,266.714963145153,268.983806027874
"LPCHMCBP_02906",51.9023336121794,44.2811138517185,44.5229110323989,37.0211898406494,36.5498282828543,35.2240698369835
"LPCHMCBP_02907",74.66651502103,65.96982267705,88.0564240418556,71.7285553162583,96.8076532897222,98.2004371212875
"LPCHMCBP_02908",21.8536141524966,20.785012624276,20.7773584817862,15.0398583727638,26.6714963145153,13.8761487236602
"LPCHMCBP_02909",16.3902106143724,14.4591392168877,13.8515723211908,15.0398583727638,15.8053311493424,21.3479211133234
"LPCHMCBP_02910",143.869626503936,121.99898714249,117.738364730122,716.128640980063,698.398070161568,906.219251260577
"LPCHMCBP_02911",132.942819427688,138.265518761488,137.526325188966,219.813314678856,169.907309855431,250.838073081549
"LPCHMCBP_02912",20.9430468961426,29.8219746348308,20.7773584817862,16.1967705552841,14.8174979525085,21.3479211133234
"LPCHMCBP_02913",134.763953940396,121.095290941434,114.770170661295,268.403626344708,251.897465192645,257.242449415547
"LPCHMCBP_02914",52.8129008685334,41.5700252485521,69.2578616059539,138.829461902435,123.479149604238,129.154922735606
"LPCHMCBP_02915",36.422690254161,41.5700252485521,53.4274932388787,135.358725354875,154.101978706088,147.300655681931
"LPCHMCBP_02916",50.0811990994713,49.7032910580514,50.4592991700521,204.773456306092,155.089811902922,155.839824127261
"LPCHMCBP_02917",131.12168491498,133.747037756211,143.462713326619,382.937932414218,364.510449631709,371.453827371826
"LPCHMCBP_02918",310.503434416722,316.293670369418,317.596765364446,1140.71541196501,1133.04467676848,1051.38511483118
"LPCHMCBP_02919",203.056498166947,215.98339205226,228.550943299648,724.227026257705,803.108389025961,773.862140357972
"LPCHMCBP_02920",77.3982167900921,69.5846074812719,71.2366576518383,223.284051226417,214.359803712956,227.355359856894
"LPCHMCBP_02921",172.097211450911,121.095290941434,158.303683670752,244.108470511782,186.700474201607,198.535666353907
"LPCHMCBP_02922",6.37397079447817,7.22956960844384,0,30.0797167455277,27.6593295113492,40.5610501153144
"LPCHMCBP_02923",3.6422690254161,0.90369620105548,0.989398022942198,2.31382436504059,3.9513327873356,5.33698027833084
"LPCHMCBP_02924",31.8698539723909,35.2441518411637,32.6501347570925,9.25529746016236,16.7931643461763,17.0783368906587
"LPCHMCBP_02925",39.1543920232231,46.0885062538295,45.5123090553411,68.2578187686974,97.7954864865561,96.0656450099551
"LPCHMCBP_02926",1.82113451270805,1.80739240211096,1.9787960458844,0,0,1.06739605566617
"LPCHMCBP_02927",39.1543920232231,29.8219746348308,25.7243485964972,25.4520680154465,24.6958299208475,25.617505335988
"LPCHMCBP_02928",2313.75139839558,2301.71422408831,2325.08535391417,1757.34960524833,1687.2191001923,1630.9811730579
"LPCHMCBP_02929",319.609106980263,250.323847692368,261.20107805674,233.6962608691,199.542305760448,199.603062409573
"LPCHMCBP_02930",256.779966291835,271.108860316644,257.243485964972,275.34509943983,255.84879797998,251.905469137216
"LPCHMCBP_02931",118.373743326023,112.962025131935,82.1200359042025,143.457110632517,148.174979525085,159.042012294259
"LPCHMCBP_02932",14.5690761016644,22.592405026387,22.7561545276706,23.1382436504059,28.6471627081831,42.6958422266467
"LPCHMCBP_02933",460.747031715136,456.366581533017,479.858041126966,515.982833404052,497.867931204286,473.923848715779
"LPCHMCBP_02934",465.299867996906,475.344201755182,514.486971929943,378.310283684136,413.902109473404,353.308094425502
"LPCHMCBP_02935",32.7804212287449,55.1254682643843,73.2154536977227,8.09838527764206,10.8661651651729,4.26958422266467
"LPCHMCBP_02936",553.624891863247,562.099037056508,571.872057260591,451.195751182915,432.670940213248,426.958422266467
"LPCHMCBP_02937",121.105445095085,164.472708592097,158.303683670752,57.8456091260147,55.3186590226984,64.0437633399701
"LPCHMCBP_02938",621.006868833445,603.66906230506,626.288948522411,657.126119671527,628.261913186361,645.774613678032
"LPCHMCBP_02939",197.593094628823,158.146835184709,167.208265877232,93.7098867841439,123.479149604238,98.2004371212875
"LPCHMCBP_02940",106.536368993421,126.517468147767,94.982210202451,151.555495910159,173.858642642766,162.244200461258
"LPCHMCBP_02941",0.910567256354024,0,0,0,0,0
"LPCHMCBP_02942",390.633352975877,319.90845517364,372.013656626267,532.179603959336,477.123434070774,435.497590711797
"LPCHMCBP_02943",18.2113451270805,32.5330632379973,28.6925426653237,18.5105949203247,17.7809975430102,18.1457329463249
"LPCHMCBP_02944",669.266933420208,692.231290008497,669.822461531868,901.23459018331,904.855208299853,841.10809186494
"LPCHMCBP_02945",22.7641814088506,26.2071898306089,23.7455525506128,38.1781020231697,63.2213245973696,64.0437633399701
"LPCHMCBP_02946",9.10567256354024,9.0369620105548,11.8727762753064,52.0610482134133,54.3308258258645,52.3024067276422
"LPCHMCBP_02947",59.1868716630116,55.1254682643843,66.2896675371273,306.581728367878,302.276958231174,301.005687697859
"LPCHMCBP_02948",45.5283628177012,46.0885062538295,34.6289308029769,234.85317305162,234.116467649634,192.13129001991
"LPCHMCBP_02949",199.414229141531,163.569012391042,189.964420404902,3274.06147653243,3113.65023642045,2912.92383591297
"LPCHMCBP_02950",522.66560514721,523.240100411123,465.017070782833,11935.8629870619,11708.7868820722,10536.2664654807
"LPCHMCBP_02951",962.469589966204,921.770125076589,848.903503684406,39812.8189370709,38077.0184051595,35885.8553914966
"LPCHMCBP_02952",76.4876495337381,94.8881011108254,100.918598340104,52.0610482134133,49.391659841695,64.0437633399701
"LPCHMCBP_02953",32.7804212287449,31.6293670369418,29.681940688266,72.8854674987786,86.9293213213832,78.9873081192964
"LPCHMCBP_02954",7.2845380508322,24.399797428498,17.8091644129596,9.25529746016236,3.9513327873356,6.40437633399701
"LPCHMCBP_02955",2.73170176906207,4.5184810052774,4.94699011471099,3.47073654756088,3.9513327873356,8.53916844532934
"LPCHMCBP_02956",193.040258347053,180.739240211096,186.996226336075,192.047422298369,189.663973792109,184.659517630247
"LPCHMCBP_02957",229.462948601214,215.98339205226,247.34950573555,312.36628928048,364.510449631709,335.162361479177
"LPCHMCBP_02958",256.779966291835,256.649721099756,251.307097827318,356.328952216251,358.583450450706,314.88183642152
"LPCHMCBP_02959",421.592639691913,442.811138517185,498.656603562868,568.043881617465,582.821586132001,618.022316230711
"LPCHMCBP_02960",225.820679575798,221.405569258593,240.423719574954,351.70130348617,363.522616434875,339.431945701841
"LPCHMCBP_02961",10.0162398198943,22.592405026387,21.7667565047284,8.09838527764206,6.9148323778373,16.0109408349925
"LPCHMCBP_02962",1982.30491708271,2018.85731315794,1805.65139186951,2304.56906758043,2293.74868304832,2291.69933151526
"LPCHMCBP_02963",2099.76809315238,2092.05670544344,2033.21293714622,2966.32283598204,2815.32461097662,2922.53040041397
"LPCHMCBP_02964",1814.76054191357,1967.34662969778,1843.24851674132,16645.652482102,15531.7013538194,15878.5837240899
"LPCHMCBP_02965",16.3902106143724,27.1108860316644,30.6713387112081,124.946515712192,121.50348321057,117.413566123278
"LPCHMCBP_02966",53.7234681248874,52.4143796612178,47.4911051012255,61.3163456735756,49.391659841695,54.4371988389746
"LPCHMCBP_02967",43.7072283049932,29.8219746348308,44.5229110323989,78.6700284113801,81.9901553372137,96.0656450099551
"LPCHMCBP_02968",2.73170176906207,9.94065821161028,5.93638813765319,11.5691218252029,5.9269991810034,9.60656450099551
"LPCHMCBP_02969",12.7479415889563,10.8443544126658,10.8833782523642,19.667507102845,19.756663936678,17.0783368906587
"LPCHMCBP_02970",129.300550402271,121.095290941434,115.759568684237,129.574164442273,108.661651651729,104.604813455284
"LPCHMCBP_02971",277.723013187977,255.746024898701,300.776998974428,406.076176064623,393.157612339892,397.071332707814
"LPCHMCBP_02972",57.3657371503035,55.1254682643843,63.3214734683007,175.850651743085,170.895143052265,156.907220182927
"LPCHMCBP_02973",10.0162398198943,13.5554430158322,11.8727762753064,18.5105949203247,24.6958299208475,27.7522974473204
"LPCHMCBP_02974",127.479415889563,135.554430158322,164.240071808405,134.201813172354,127.430482391573,127.020130624274
"LPCHMCBP_02975",59.1868716630116,46.9922024548849,39.5759209176879,75.1992918638192,71.1239901720408,73.6503278409656
"LPCHMCBP_02976",305.040030878598,303.641923554641,292.861814790891,403.762351699583,377.35228119055,370.38643131616
"LPCHMCBP_02977",2.73170176906207,5.42217720633288,11.8727762753064,4.62764873008118,5.9269991810034,8.53916844532934
"LPCHMCBP_02978",197.593094628823,195.198379427984,200.847798657266,447.725014635354,408.962943489235,483.530413216774
"LPCHMCBP_02979",37.333257510515,37.0515442432747,40.5653189406301,188.576685750808,188.676140595275,202.805250576572
"LPCHMCBP_02980",38.243824766869,46.0885062538295,37.5971248718035,385.251756779258,341.79028610453,419.486649876804
"LPCHMCBP_02981",68.2925442265518,50.6069872591069,54.4168912618209,976.433882047129,823.852886159473,1059.9242832765
"LPCHMCBP_02982",15.4796433580184,10.8443544126658,5.93638813765319,393.3501420569,403.035944308231,421.621441988136
"LPCHMCBP_02983",53.7234681248874,66.8735188781055,56.3956873077053,1060.88847137111,1001.66286158957,1122.90065056081
"LPCHMCBP_02984",166.633807912786,193.390987025873,173.144654014885,141.143286267476,162.00464428076,176.120349184918
"LPCHMCBP_02985",5.46340353812415,9.94065821161028,2.9681940688266,20.8244192853653,20.7444971335119,24.5501092803219
"LPCHMCBP_02986",0,0,0,0,0,1.06739605566617
"LPCHMCBP_02987",403.381294564833,397.626328464411,374.981850695093,334.347620748365,333.887620529858,368.251639204828
"LPCHMCBP_02988",78.3087840464461,67.777215079161,101.907996363046,75.1992918638192,98.78331968339,92.8634568429566
"LPCHMCBP_02989",4.55283628177012,6.32587340738836,8.90458220647978,5.78456091260147,7.9026655746712,5.33698027833084
"LPCHMCBP_02990",333.267615825573,285.567999533532,333.427133731521,1183.52116271826,1280.23182309673,1168.79868095445
"LPCHMCBP_02991",0,0.90369620105548,0.989398022942198,1.1569121825203,1.9756663936678,2.13479211133234
"LPCHMCBP_02992",106.536368993421,80.4289618939377,107.8443845007,62.4732578560959,57.2943254163662,52.3024067276422
"LPCHMCBP_02993",76.4876495337381,53.3180758622733,50.4592991700521,28.9228045630074,25.6836631176814,37.3588619483159
"LPCHMCBP_02994",204.877632679656,132.843341555156,156.324887624867,109.906657339428,90.8806541087188,128.08752667994
"LPCHMCBP_02995",72.845380508322,65.0661264759945,77.1730457894915,37.0211898406494,46.4281602511933,48.0328225049776
"LPCHMCBP_02996",238.568621164754,204.235341438538,220.63575911611,135.358725354875,147.187146328251,192.13129001991
"LPCHMCBP_02997",162.080971631016,147.302480772043,142.473315303677,61.3163456735756,67.1726573847052,84.3242883976273
"LPCHMCBP_02998",58.2763044066576,55.1254682643843,58.3744833535897,26.6089801979668,24.6958299208475,41.6284461709806
"LPCHMCBP_02999",10.0162398198943,8.13326580949932,11.8727762753064,9.25529746016236,3.9513327873356,1.06739605566617
"LPCHMCBP_03000",52.8129008685334,30.7256708358863,41.5547169635723,19.667507102845,25.6836631176814,36.2914658926497
"LPCHMCBP_03001",31.8698539723909,28.0145822327199,39.5759209176879,12.7260340077232,15.8053311493424,19.213129001991
"LPCHMCBP_03002",66.4714097138438,54.2217720633288,57.3850853306475,34.7073654756088,37.5376614796882,53.3698027833084
"LPCHMCBP_03003",55.5446026375955,56.9328606664952,46.5017070782833,30.0797167455277,28.6471627081831,33.0892777256512
"LPCHMCBP_03004",2274.59700637235,2465.28323647935,2249.89110417056,1180.0504261707,1282.2074894904,1217.8988995151
"LPCHMCBP_03005",33.6909884850989,34.3404556401082,41.5547169635723,6.94147309512177,6.9148323778373,9.60656450099551
"LPCHMCBP_03006",372.422007848796,397.626328464411,447.207906369874,255.677592336985,277.581128310326,261.512033638211
"LPCHMCBP_03007",336.909884850989,354.248910813748,396.748607199821,158.49696900528,129.406148785241,150.50284384893
"LPCHMCBP_03008",12.7479415889563,9.94065821161028,14.840970344133,3.47073654756088,7.9026655746712,5.33698027833084
"LPCHMCBP_03009",188.487422065283,152.724657978376,170.176459946058,188.576685750808,193.615306579444,149.435447793264
"LPCHMCBP_03010",16.3902106143724,21.6887088253315,19.787960458844,18.5105949203247,16.7931643461763,8.53916844532934
"LPCHMCBP_03011",300.487194596828,252.131240094479,205.794788771977,291.541869995114,293.386459459668,279.657766584536
"LPCHMCBP_03012",902.372151046838,744.645669669715,717.313566633094,1123.36172922721,1187.37550259435,1113.29408605981
"LPCHMCBP_03013",199.414229141531,212.368607248038,208.762982840804,210.558017218694,235.104300846468,250.838073081549
"LPCHMCBP_03014",1166.43665538951,1367.29235219694,1116.0409698788,7398.45340721729,7360.34514960939,7613.73606506678
"LPCHMCBP_03015",2168.06063737893,2597.22288183345,2445.79191271311,8458.18496640588,10256.6720827264,9324.77194229964
"LPCHMCBP_03016",66.4714097138438,59.6439492696617,60.3532793994741,46.2764873008118,61.2456582037018,51.2350106719761
"LPCHMCBP_03017",15.4796433580184,12.6517468147767,16.8197663900174,8.09838527764206,17.7809975430102,22.4153171689895
"LPCHMCBP_03018",432.519446768162,481.670075162571,513.497573907001,544.905637967059,588.748585313005,541.169800222747
"LPCHMCBP_03019",83.7721875845702,96.6954935129363,89.0458220647978,94.8667989666642,116.5643172264,112.076585844948
"LPCHMCBP_03020",25.4958831779127,22.592405026387,22.7561545276706,35.8642776581291,39.513327873356,30.9544856143189
"LPCHMCBP_03021",8.19510530718622,5.42217720633288,6.92578616059539,15.0398583727638,14.8174979525085,12.808752667994
"LPCHMCBP_03022",14.5690761016644,18.9776202221651,18.7985624359018,20.8244192853653,18.7688307398441,17.0783368906587
"LPCHMCBP_03023",188.487422065283,197.005771830095,207.773584817862,689.519660782096,652.957743107208,631.898464954371
"LPCHMCBP_03024",359.67406625984,308.160404559919,308.692183157966,358.642776581291,339.814619710862,319.151420644184
"LPCHMCBP_03025",434.34058128087,543.121416834343,473.921652989313,488.216941023564,432.670940213248,429.0932143778
"LPCHMCBP_03026",290.470954776934,257.553417300812,270.10566026322,164.281529917882,154.101978706088,143.031071459267
"LPCHMCBP_03027",3.6422690254161,4.5184810052774,5.93638813765319,6.94147309512177,1.9756663936678,4.26958422266467
"LPCHMCBP_03028",142.048491991228,139.169214962544,146.430907395445,76.3562040463395,86.9293213213832,90.7286647316243
"LPCHMCBP_03029",94.6989946608185,87.6585315023815,104.876190431873,43.9626629357712,46.4281602511933,50.1676146163099
"LPCHMCBP_03030",73.755947764676,48.7995948569959,69.2578616059539,49.7472238483727,54.3308258258645,38.426258003982
"LPCHMCBP_03031",0,0,0,0,0,0
"LPCHMCBP_03032",0,0,0,0,0.9878331968339,1.06739605566617
"LPCHMCBP_03033",12.7479415889563,4.5184810052774,7.91518418353759,3.47073654756088,4.9391659841695,7.47177238966318
"LPCHMCBP_03034",88.3250238663404,72.2956960844384,72.2260556747805,52.0610482134133,49.391659841695,39.4936540596482
"LPCHMCBP_03035",0,0,0,0,0,0
"LPCHMCBP_03036",62.8291406884277,72.2956960844384,78.1624438124337,34.7073654756088,48.4038266448611,44.8306343379791
"LPCHMCBP_03037",63.7397079447817,57.8365568675507,55.4062892847631,39.33501420569,35.5619950860204,40.5610501153144
"LPCHMCBP_03038",29.1381522033288,18.9776202221651,28.6925426653237,6.94147309512177,7.9026655746712,18.1457329463249
"LPCHMCBP_03039",33.6909884850989,35.2441518411637,27.7031446423816,240.637733964221,208.432804531953,209.209626910569
"LPCHMCBP_03040",23.6747486652046,19.8813164232206,23.7455525506128,124.946515712192,87.9171545182171,106.739605566617
"LPCHMCBP_03041",0.910567256354024,3.61478480422192,2.9681940688266,8.09838527764206,9.878331968339,16.0109408349925
"LPCHMCBP_03042",14.5690761016644,13.5554430158322,12.8621742982486,15.0398583727638,16.7931643461763,16.0109408349925
"LPCHMCBP_03043",25.4958831779127,23.4961012274425,26.7137466194394,10.4122096426827,12.8418315588407,12.808752667994
"LPCHMCBP_03044",30.0487194596828,28.9182784337753,28.6925426653237,19.667507102845,30.6228291018509,10.6739605566617
"LPCHMCBP_03045",34.6015557414529,28.9182784337753,31.6607367341503,18.5105949203247,12.8418315588407,19.213129001991
"LPCHMCBP_03046",84.6827548409243,59.6439492696617,74.2048517206649,18.5105949203247,42.4768274638577,39.4936540596482
"LPCHMCBP_03047",34.6015557414529,26.2071898306089,31.6607367341503,19.667507102845,21.7323303303458,23.4827132246557
"LPCHMCBP_03048",0,0,0,0,0,0
"LPCHMCBP_03049",0,0,0,0,0,0
"LPCHMCBP_03050",0,0,0,0,0,0
"LPCHMCBP_03051",0,0,0,0,0,0
"LPCHMCBP_03052",0,0,0,0,0,0
"LPCHMCBP_03053",0,0,0,0,0,0
"LPCHMCBP_03054",0,0,0,0,0,0
"LPCHMCBP_03055",0,0,0,0,0,0
"LPCHMCBP_03056",0,0,0,0,0,0
"LPCHMCBP_03057",0,0,0,0,0,0
"LPCHMCBP_03058",0,0,0,1.1569121825203,0,0
"LPCHMCBP_03059",0,0,0,0,0,0
"LPCHMCBP_03060",0,0,0,0,0,0
"LPCHMCBP_03061",0,0,0,0,0,0
"LPCHMCBP_03062",0.910567256354024,0,0.989398022942198,0,0,1.06739605566617
"LPCHMCBP_03063",0,0,0,0,0,0
"LPCHMCBP_03064",0,0,0,0,0,0
"LPCHMCBP_03065",0,0,0,0,0,0
"LPCHMCBP_03066",38.243824766869,27.1108860316644,42.5441149865145,55.5317847609742,61.2456582037018,60.8415751729716
"LPCHMCBP_03067",97.4306964298806,109.347240327713,128.621742982486,224.440963408937,219.298969697126,215.614003244566
"LPCHMCBP_03068",0,0,0,0,0,0
"LPCHMCBP_03069",0,0,0,0,0,0
"LPCHMCBP_03070",541.787517530645,469.922024548849,446.218508346931,1240.20985966176,1491.62812721919,1305.42537607972
"LPCHMCBP_03071",173.918345963619,163.569012391042,199.858400634324,452.352663365435,477.123434070774,517.687086998091
"LPCHMCBP_03072",552.714324606893,524.143796612178,538.232524480556,893.136204905668,810.023221403798,874.197369590592
"LPCHMCBP_03073",4216.83696417549,4253.69801836814,3907.13279259874,11599.2015419485,12714.4010764491,12932.5706104513
"LPCHMCBP_03074",52.8129008685334,43.377417650663,46.5017070782833,20.8244192853653,8.8904987715051,25.617505335988
"LPCHMCBP_03075",325.072510518387,295.508657745142,297.808804905602,242.951558329262,325.984954955187,261.512033638211
"LPCHMCBP_03076",72.845380508322,68.6809112802165,74.2048517206649,62.4732578560959,76.0631561562103,58.7067830616392
"LPCHMCBP_03077",537.234681248874,506.973568792124,503.603593677579,792.484845026402,725.069566476083,746.109842910651
"LPCHMCBP_03078",0,0.90369620105548,0,0,0.9878331968339,0
"LPCHMCBP_03079",19.1219123834345,23.4961012274425,26.7137466194394,101.808272061786,107.673818454895,106.739605566617
"LPCHMCBP_03080",315.966837954846,264.782986909256,257.243485964972,385.251756779258,391.181945946225,414.149669598473
"LPCHMCBP_03081",403.381294564833,362.382176623247,356.183288259191,496.315326301207,515.648928747296,530.495839666085
"LPCHMCBP_03082",25296.4689487712,23475.3162148182,22273.3282924748,146456.983921792,159551.854453021,155529.211875062
"LPCHMCBP_03083",5355.04603461802,5299.27452298933,5251.72470577719,36060.9527291576,35610.3989126653,33594.1560599813
"LPCHMCBP_03084",1249.29827571772,1197.39746639851,1150.66990068178,2192.34858587596,2280.90685148948,2132.657319221
"LPCHMCBP_03085",278.633580444331,227.731442665981,244.381311666723,616.634193283317,691.48323778373,619.089712286377
"LPCHMCBP_03086",254.048264522773,178.931847808985,182.049236221364,761.248216098354,793.230057057622,832.568923419611
"LPCHMCBP_03087",186.666287552575,168.991189597375,189.964420404902,329.719972018284,396.121111930394,351.173302314169
"LPCHMCBP_03088",1735.54119061077,1867.94004758168,1698.79640539175,3061.1896349487,3059.31941059459,3076.2354324299
"LPCHMCBP_03089",16.3902106143724,19.8813164232206,16.8197663900174,33.5504532930886,48.4038266448611,49.1002185606437
"LPCHMCBP_03090",315.056270698492,257.553417300812,251.307097827318,733.482323717867,631.225412776862,668.189930847021
"LPCHMCBP_03091",428.877177742746,466.307239744628,472.932254966371,285.757309082513,297.337792247004,265.781617860876
"LPCHMCBP_03092",0,0,0,0,0,0
"LPCHMCBP_03093",555.446026375955,639.81691034728,556.041688893515,496.315326301207,492.928765220116,491.002185606437
"LPCHMCBP_03094",1052.61574834525,1036.53954261064,1006.21778933222,963.707848039406,958.198200928883,952.117281654222
"LPCHMCBP_03095",238.568621164754,232.249923671258,340.352919892116,901.23459018331,988.821030030734,868.860389312261
"LPCHMCBP_03096",56.4551698939495,32.5330632379973,49.4699011471099,100.651359879266,91.8684873055527,78.9873081192964
"LPCHMCBP_03097",337.820452107343,362.382176623247,308.692183157966,723.070114075184,750.753229593764,707.683584906669
"LPCHMCBP_03098",172.097211450911,176.220759205819,193.922012496671,238.323909599181,204.481471744617,207.074834799237
"LPCHMCBP_03099",0,0,0,0,0,0
"LPCHMCBP_03100",2.73170176906207,4.5184810052774,5.93638813765319,19.667507102845,21.7323303303458,25.617505335988
"LPCHMCBP_03101",755.77082277384,774.467644304546,685.652829898943,1013.45507188778,1066.85985258061,1125.03544267214
"LPCHMCBP_03102",1538.8586632383,1568.81660503231,1648.3371062217,2088.22648944913,2045.80255064301,2072.8831401037
"LPCHMCBP_03103",163.902106143724,139.169214962544,174.134052037827,91.3960624191033,98.78331968339,77.9199120636303
"LPCHMCBP_03104",0,0,0,0,0,0
"LPCHMCBP_03105",0,0,0,0,0,0
"LPCHMCBP_03106",0,0,0,0,1.9756663936678,0
"LPCHMCBP_03107",0,0,0,0,0,0
"LPCHMCBP_03108",0.910567256354024,0,0,5.78456091260147,7.9026655746712,3.2021881669985
"LPCHMCBP_03109",1.82113451270805,0.90369620105548,0.989398022942198,0,5.9269991810034,1.06739605566617
"LPCHMCBP_03110",0,0,0,0,0,0
"LPCHMCBP_03111",0,0,0,0,0,0
"LPCHMCBP_03112",0,0,0,0,0,0
"LPCHMCBP_03113",0,0,0,0,0,0
"LPCHMCBP_03114",0,0,0,0,0,0
"LPCHMCBP_03115",0,0,0,0,0,0
"LPCHMCBP_03116",0,0,0,0,0,0
"LPCHMCBP_03117",0,0,0,0,0,0
"LPCHMCBP_03118",80.1299185591541,72.2956960844384,72.2260556747805,31.236628928048,41.4889942670238,42.6958422266467
"LPCHMCBP_03119",127.479415889563,124.710075745656,116.748966707179,46.2764873008118,55.3186590226984,59.7741791173054
"LPCHMCBP_03120",0,0.90369620105548,0.989398022942198,1.1569121825203,0.9878331968339,4.26958422266467
"LPCHMCBP_03121",0,1.80739240211096,0.989398022942198,3.47073654756088,0,1.06739605566617
"LPCHMCBP_03122",22.7641814088506,20.785012624276,25.7243485964972,5.78456091260147,12.8418315588407,11.7413566123278
"LPCHMCBP_03123",122.016012351439,86.7548353013261,93.0034141565666,55.5317847609742,36.5498282828543,42.6958422266467
"LPCHMCBP_03124",33.6909884850989,21.6887088253315,17.8091644129596,20.8244192853653,16.7931643461763,25.617505335988
"LPCHMCBP_03125",4.55283628177012,3.61478480422192,1.9787960458844,1.1569121825203,0,3.2021881669985
"LPCHMCBP_03126",56.4551698939495,51.5106834601623,57.3850853306475,17.3536827378044,26.6714963145153,33.0892777256512
"LPCHMCBP_03127",14.5690761016644,11.7480506137212,13.8515723211908,2.31382436504059,2.9634995905017,5.33698027833084
"LPCHMCBP_03128",26.4064504342667,24.399797428498,33.6395327800347,9.25529746016236,7.9026655746712,11.7413566123278
"LPCHMCBP_03129",91.0567256354024,56.0291644654397,71.2366576518383,25.4520680154465,21.7323303303458,25.617505335988
"LPCHMCBP_03130",34.6015557414529,30.7256708358863,25.7243485964972,4.62764873008118,8.8904987715051,5.33698027833084
"LPCHMCBP_03131",71.0242459956139,65.0661264759945,60.3532793994741,38.1781020231697,61.2456582037018,48.0328225049776
"LPCHMCBP_03132",11.8373743326023,5.42217720633288,3.95759209176879,1.1569121825203,0.9878331968339,7.47177238966318
"LPCHMCBP_03133",0,1.80739240211096,0,1.1569121825203,6.9148323778373,2.13479211133234
"LPCHMCBP_03134",0,0,0,0,0,0
"LPCHMCBP_03135",0,0,0,0,0,0
"LPCHMCBP_03136",0,0,0,0,0,0
"LPCHMCBP_03137",373.33257510515,412.085467681299,397.738005222764,2932.77238268895,2521.93815151695,2327.99079740791
"LPCHMCBP_03138",0.910567256354024,0,0,0,0.9878331968339,5.33698027833084
"LPCHMCBP_03139",1.82113451270805,1.80739240211096,2.9681940688266,6.94147309512177,17.7809975430102,5.33698027833084
"LPCHMCBP_03140",0,0,0,0,0,0
"LPCHMCBP_03141",325.072510518387,279.242126126143,301.76639699737,687.205836417055,678.64140622489,664.987742680023
"LPCHMCBP_03142",53.7234681248874,49.7032910580514,49.4699011471099,64.7870822211365,65.1969909910374,53.3698027833084
"LPCHMCBP_03143",515.381067096378,430.159391702408,497.667205539926,664.067592766649,678.64140622489,727.964109964327
"LPCHMCBP_03144",139.316790222166,120.191594740379,110.812578569526,123.789603529672,135.333147966244,148.368051737597
"LPCHMCBP_03145",7.2845380508322,5.42217720633288,5.93638813765319,5.78456091260147,9.878331968339,4.26958422266467
"LPCHMCBP_03146",10.0162398198943,7.22956960844384,12.8621742982486,11.5691218252029,19.756663936678,16.0109408349925
"LPCHMCBP_03147",733.00664136499,777.178732907713,796.46540846847,1377.88240938167,1247.63332760122,1184.80962178945
"LPCHMCBP_03148",625.559705115215,615.417112918782,623.320754453585,1403.33447739712,1356.29497925295,1382.27789208769
"LPCHMCBP_03149",437.072283049932,509.684657395291,487.773225310504,236.01008523414,208.432804531953,217.748795355898
"LPCHMCBP_03150",0,1.80739240211096,0,8.09838527764206,5.9269991810034,6.40437633399701
"LPCHMCBP_03151",0.910567256354024,1.80739240211096,0.989398022942198,8.09838527764206,6.9148323778373,2.13479211133234
"LPCHMCBP_03152",0,0,0,0,0,0
"LPCHMCBP_03153",0,0,0,0,0,0
"LPCHMCBP_03154",0,0,0,0,0,0
"LPCHMCBP_03155",0,0,0,0,0,0
"LPCHMCBP_03156",0,0,0,8.09838527764206,2.9634995905017,1.06739605566617
"LPCHMCBP_03157",0,1.80739240211096,1.9787960458844,1.1569121825203,5.9269991810034,4.26958422266467
"LPCHMCBP_03158",0,0,0,0,0,1.06739605566617
"LPCHMCBP_03159",90.1461583790484,91.2733163066034,83.1094339271447,188.576685750808,269.678462735655,255.107657304214
"LPCHMCBP_03160",142.959059247582,132.843341555156,151.377897510156,305.424816185358,343.765952498197,309.544856143189
"LPCHMCBP_03161",16.3902106143724,14.4591392168877,18.7985624359018,55.5317847609742,64.2091577942035,49.1002185606437
"LPCHMCBP_03162",43.7072283049932,51.5106834601623,61.3426774224163,47.4333994833321,42.4768274638577,49.1002185606437
"LPCHMCBP_03163",8.19510530718622,8.13326580949932,16.8197663900174,10.4122096426827,16.7931643461763,17.0783368906587
"LPCHMCBP_03164",24.5853159215587,12.6517468147767,31.6607367341503,33.5504532930886,33.5863286923526,33.0892777256512
"LPCHMCBP_03165",11.8373743326023,24.399797428498,17.8091644129596,15.0398583727638,31.6106622986848,34.1566737813174
"LPCHMCBP_03166",40.9755265359311,32.5330632379973,39.5759209176879,50.904136030893,33.5863286923526,56.5719909503069
"LPCHMCBP_03167",5.46340353812415,8.13326580949932,8.90458220647978,9.25529746016236,9.878331968339,8.53916844532934
"LPCHMCBP_03168",10.9268070762483,12.6517468147767,18.7985624359018,12.7260340077232,10.8661651651729,21.3479211133234
"LPCHMCBP_03169",15.4796433580184,9.94065821161028,18.7985624359018,15.0398583727638,19.756663936678,19.213129001991
"LPCHMCBP_03170",9.10567256354024,5.42217720633288,5.93638813765319,5.78456091260147,2.9634995905017,12.808752667994
"LPCHMCBP_03171",10.0162398198943,5.42217720633288,9.89398022942198,16.1967705552841,17.7809975430102,21.3479211133234
"LPCHMCBP_03172",28.2275849469748,26.2071898306089,26.7137466194394,19.667507102845,11.8539983620068,20.2805250576572
"LPCHMCBP_03173",0.910567256354024,0.90369620105548,2.9681940688266,3.47073654756088,2.9634995905017,1.06739605566617
"LPCHMCBP_03174",53.7234681248874,66.8735188781055,57.3850853306475,71.7285553162583,55.3186590226984,60.8415751729716
"LPCHMCBP_03175",30.0487194596828,39.7626328464411,35.6183288259191,53.2179603959336,36.5498282828543,40.5610501153144
"LPCHMCBP_03176",44.6177955613472,31.6293670369418,32.6501347570925,54.3748725784539,65.1969909910374,49.1002185606437
"LPCHMCBP_03177",0,0.90369620105548,0.989398022942198,1.1569121825203,2.9634995905017,3.2021881669985
"LPCHMCBP_03178",59.1868716630116,35.2441518411637,57.3850853306475,50.904136030893,74.0874897625425,60.8415751729716
"LPCHMCBP_03179",374.243142361504,353.345214612693,377.95004476392,498.629150666247,447.488438165757,487.799997439439
"LPCHMCBP_03180",10.0162398198943,5.42217720633288,1.9787960458844,1.1569121825203,2.9634995905017,2.13479211133234
"LPCHMCBP_03181",16.3902106143724,18.0739240211096,15.8303683670752,11.5691218252029,5.9269991810034,3.2021881669985
"LPCHMCBP_03182",19.1219123834345,5.42217720633288,14.840970344133,5.78456091260147,7.9026655746712,8.53916844532934
"LPCHMCBP_03183",22.7641814088506,29.8219746348308,18.7985624359018,20.8244192853653,25.6836631176814,17.0783368906587
"LPCHMCBP_03184",10.9268070762483,8.13326580949932,6.92578616059539,8.09838527764206,9.878331968339,8.53916844532934
"LPCHMCBP_03185",6.37397079447817,13.5554430158322,5.93638813765319,10.4122096426827,15.8053311493424,23.4827132246557
"LPCHMCBP_03186",1.82113451270805,0,0,2.31382436504059,1.9756663936678,1.06739605566617
"LPCHMCBP_03187",52.8129008685334,39.7626328464411,47.4911051012255,41.6488385707306,31.6106622986848,48.0328225049776
"LPCHMCBP_03188",30.9592867160368,42.4737214496075,31.6607367341503,28.9228045630074,46.4281602511933,40.5610501153144
"LPCHMCBP_03189",101.072965455297,81.3326580949932,84.0988319500869,137.672549719915,108.661651651729,113.143981900614
"LPCHMCBP_03190",4.55283628177012,7.22956960844384,12.8621742982486,5.78456091260147,6.9148323778373,8.53916844532934
"LPCHMCBP_03191",20.9430468961426,19.8813164232206,15.8303683670752,43.9626629357712,52.3551594321967,30.9544856143189
"LPCHMCBP_03192",0,0,0,0,0,0
"LPCHMCBP_03193",0,0,0,0,0,0
"LPCHMCBP_03194",0,0,0,0,0,0
"LPCHMCBP_03195",0,0,0,0,0,0
"LPCHMCBP_03196",0,0,0,0,0,0
"LPCHMCBP_03197",158.4387026056,221.405569258593,302.755795020313,284.600396899993,351.668618072869,336.229757534843
"LPCHMCBP_03198",0,0,0,0,0,0
"LPCHMCBP_03199",188.487422065283,213.272303449093,216.678167024341,197.83198321097,199.542305760448,206.00743874357
"LPCHMCBP_03200",0,0.90369620105548,0,0,0,0
"LPCHMCBP_03201",346.015557414529,412.989163882354,350.246900121538,369.054986223974,405.999443898733,389.599560318151
"LPCHMCBP_03202",837.721875845702,875.68161882276,776.677448009626,927.843570381277,927.575371827032,924.364984206901
"LPCHMCBP_03203",277.723013187977,267.494075512422,319.57556141033,239.480821781701,310.179623805845,288.196935029865
"LPCHMCBP_03204",86.5038893536323,84.9474428992151,66.2896675371273,64.7870822211365,75.0753229593764,60.8415751729716
"LPCHMCBP_03205",0,0,0,0,0,0
"LPCHMCBP_03206",0.910567256354024,0.90369620105548,0.989398022942198,0,0,0
"LPCHMCBP_03207",0,0,0,0,0,0
"LPCHMCBP_03208",0,0.90369620105548,0,0,0,1.06739605566617
"LPCHMCBP_03209",0,0,0,0,0,0
"LPCHMCBP_03210",0.910567256354024,0,1.9787960458844,2.31382436504059,1.9756663936678,0
"LPCHMCBP_03211",0,0,0,0,0,0
"LPCHMCBP_03212",0,0,0.989398022942198,0,1.9756663936678,0
