+ set -euo pipefail
+ REPO_ROOT=/home/gorgis/projects/genome/Genome_Analysis_26
+ cd /home/gorgis/projects/genome/Genome_Analysis_26
+ module load BWA/0.7.19-GCCcore-13.3.0
+ '[' -z '' ']'
+ case "$-" in
+ __lmod_sh_dbg=x
+ '[' -n x ']'
+ set +x
Shell debugging temporarily silenced: export LMOD_SH_DBG_ON=1 for Lmod's output
Shell debugging restarted
+ unset __lmod_sh_dbg
+ return 0
+ module load SAMtools/1.22.1-GCC-13.3.0
+ '[' -z '' ']'
+ case "$-" in
+ __lmod_sh_dbg=x
+ '[' -n x ']'
+ set +x
Shell debugging temporarily silenced: export LMOD_SH_DBG_ON=1 for Lmod's output
Shell debugging restarted
+ unset __lmod_sh_dbg
+ return 0
+ REF=data/tmp/2_canu_assembly/paper1_e745.contigs.fasta
+ OUT_DIR=data/tmp/7_bwa_rna
+ mkdir -p data/tmp/7_bwa_rna
+ '[' -f data/tmp/2_canu_assembly/paper1_e745.contigs.fasta.bwt ']'
+ BH_TRIM=data/1_Zhang_2017/transcriptomics_data/RNA-Seq_BH/trimmed
+ for acc in ERR1797972 ERR1797973 ERR1797974
+ bwa mem -t 4 data/tmp/2_canu_assembly/paper1_e745.contigs.fasta data/1_Zhang_2017/transcriptomics_data/RNA-Seq_BH/trimmed/trim_paired_ERR1797972_pass_1.fastq.gz data/1_Zhang_2017/transcriptomics_data/RNA-Seq_BH/trimmed/trim_paired_ERR1797972_pass_2.fastq.gz
+ samtools sort -@ 4 -o data/tmp/7_bwa_rna/BH_ERR1797972.sorted.bam -
[M::bwa_idx_load_from_disk] read 0 ALT contigs
[M::process] read 401802 sequences (40000160 bp)...
[M::process] read 402010 sequences (40000034 bp)...
[M::mem_pestat] # candidate unique pairs for (FF, FR, RF, RR): (5, 194472, 11, 4)
[M::mem_pestat] skip orientation FF as there are not enough pairs
[M::mem_pestat] analyzing insert size distribution for orientation FR...
[M::mem_pestat] (25, 50, 75) percentile: (106, 128, 165)
[M::mem_pestat] low and high boundaries for computing mean and std.dev: (1, 283)
[M::mem_pestat] mean and std.dev: (136.48, 44.24)
[M::mem_pestat] low and high boundaries for proper pairs: (1, 342)
[M::mem_pestat] analyzing insert size distribution for orientation RF...
[M::mem_pestat] (25, 50, 75) percentile: (13, 17, 144)
[M::mem_pestat] low and high boundaries for computing mean and std.dev: (1, 406)
[M::mem_pestat] mean and std.dev: (37.44, 45.09)
[M::mem_pestat] low and high boundaries for proper pairs: (1, 537)
[M::mem_pestat] skip orientation RR as there are not enough pairs
[M::mem_pestat] skip orientation RF
[M::mem_process_seqs] Processed 401802 reads in 13.629 CPU sec, 3.775 real sec
[M::process] read 401964 sequences (40000140 bp)...
[M::mem_pestat] # candidate unique pairs for (FF, FR, RF, RR): (4, 194685, 10, 7)
[M::mem_pestat] skip orientation FF as there are not enough pairs
[M::mem_pestat] analyzing insert size distribution for orientation FR...
[M::mem_pestat] (25, 50, 75) percentile: (106, 128, 165)
[M::mem_pestat] low and high boundaries for computing mean and std.dev: (1, 283)
[M::mem_pestat] mean and std.dev: (136.67, 44.31)
[M::mem_pestat] low and high boundaries for proper pairs: (1, 342)
[M::mem_pestat] analyzing insert size distribution for orientation RF...
[M::mem_pestat] (25, 50, 75) percentile: (14, 26, 62)
[M::mem_pestat] low and high boundaries for computing mean and std.dev: (1, 158)
[M::mem_pestat] mean and std.dev: (25.12, 20.29)
[M::mem_pestat] low and high boundaries for proper pairs: (1, 206)
[M::mem_pestat] skip orientation RR as there are not enough pairs
[M::mem_pestat] skip orientation RF
[M::mem_process_seqs] Processed 402010 reads in 14.238 CPU sec, 3.797 real sec
[M::process] read 401888 sequences (40000108 bp)...
[M::mem_pestat] # candidate unique pairs for (FF, FR, RF, RR): (3, 194530, 12, 2)
[M::mem_pestat] skip orientation FF as there are not enough pairs
[M::mem_pestat] analyzing insert size distribution for orientation FR...
[M::mem_pestat] (25, 50, 75) percentile: (106, 128, 164)
[M::mem_pestat] low and high boundaries for computing mean and std.dev: (1, 280)
[M::mem_pestat] mean and std.dev: (136.23, 43.62)
[M::mem_pestat] low and high boundaries for proper pairs: (1, 338)
[M::mem_pestat] analyzing insert size distribution for orientation RF...
[M::mem_pestat] (25, 50, 75) percentile: (20, 37, 66)
[M::mem_pestat] low and high boundaries for computing mean and std.dev: (1, 158)
[M::mem_pestat] mean and std.dev: (30.40, 16.49)
[M::mem_pestat] low and high boundaries for proper pairs: (1, 204)
[M::mem_pestat] skip orientation RR as there are not enough pairs
[M::mem_pestat] skip orientation RF
[M::mem_process_seqs] Processed 401964 reads in 14.351 CPU sec, 3.825 real sec
[M::process] read 402170 sequences (40000076 bp)...
[M::mem_pestat] # candidate unique pairs for (FF, FR, RF, RR): (9, 194471, 6, 2)
[M::mem_pestat] skip orientation FF as there are not enough pairs
[M::mem_pestat] analyzing insert size distribution for orientation FR...
[M::mem_pestat] (25, 50, 75) percentile: (106, 128, 164)
[M::mem_pestat] low and high boundaries for computing mean and std.dev: (1, 280)
[M::mem_pestat] mean and std.dev: (136.05, 43.72)
[M::mem_pestat] low and high boundaries for proper pairs: (1, 338)
[M::mem_pestat] skip orientation RF as there are not enough pairs
[M::mem_pestat] skip orientation RR as there are not enough pairs
[M::mem_process_seqs] Processed 401888 reads in 13.973 CPU sec, 3.688 real sec
[M::process] read 402146 sequences (40000125 bp)...
[M::mem_pestat] # candidate unique pairs for (FF, FR, RF, RR): (3, 194547, 4, 2)
[M::mem_pestat] skip orientation FF as there are not enough pairs
[M::mem_pestat] analyzing insert size distribution for orientation FR...
[M::mem_pestat] (25, 50, 75) percentile: (106, 128, 164)
[M::mem_pestat] low and high boundaries for computing mean and std.dev: (1, 280)
[M::mem_pestat] mean and std.dev: (135.98, 43.76)
[M::mem_pestat] low and high boundaries for proper pairs: (1, 338)
[M::mem_pestat] skip orientation RF as there are not enough pairs
[M::mem_pestat] skip orientation RR as there are not enough pairs
[M::mem_process_seqs] Processed 402170 reads in 14.366 CPU sec, 3.837 real sec
[M::process] read 402190 sequences (40000119 bp)...
[M::mem_pestat] # candidate unique pairs for (FF, FR, RF, RR): (4, 194516, 8, 1)
[M::mem_pestat] skip orientation FF as there are not enough pairs
[M::mem_pestat] analyzing insert size distribution for orientation FR...
[M::mem_pestat] (25, 50, 75) percentile: (106, 128, 164)
[M::mem_pestat] low and high boundaries for computing mean and std.dev: (1, 280)
[M::mem_pestat] mean and std.dev: (136.01, 43.66)
[M::mem_pestat] low and high boundaries for proper pairs: (1, 338)
[M::mem_pestat] skip orientation RF as there are not enough pairs
[M::mem_pestat] skip orientation RR as there are not enough pairs
[M::mem_process_seqs] Processed 402146 reads in 14.585 CPU sec, 3.914 real sec
[M::process] read 402302 sequences (40000177 bp)...
[M::mem_pestat] # candidate unique pairs for (FF, FR, RF, RR): (3, 194515, 13, 4)
[M::mem_pestat] skip orientation FF as there are not enough pairs
[M::mem_pestat] analyzing insert size distribution for orientation FR...
[M::mem_pestat] (25, 50, 75) percentile: (106, 128, 163)
[M::mem_pestat] low and high boundaries for computing mean and std.dev: (1, 277)
[M::mem_pestat] mean and std.dev: (135.42, 43.25)
[M::mem_pestat] low and high boundaries for proper pairs: (1, 334)
[M::mem_pestat] analyzing insert size distribution for orientation RF...
[M::mem_pestat] (25, 50, 75) percentile: (11, 43, 128)
[M::mem_pestat] low and high boundaries for computing mean and std.dev: (1, 362)
[M::mem_pestat] mean and std.dev: (56.77, 48.60)
[M::mem_pestat] low and high boundaries for proper pairs: (1, 479)
[M::mem_pestat] skip orientation RR as there are not enough pairs
[M::mem_pestat] skip orientation RF
[M::mem_process_seqs] Processed 402190 reads in 13.924 CPU sec, 3.692 real sec
[M::process] read 402224 sequences (40000005 bp)...
[M::mem_pestat] # candidate unique pairs for (FF, FR, RF, RR): (4, 194606, 8, 6)
[M::mem_pestat] skip orientation FF as there are not enough pairs
[M::mem_pestat] analyzing insert size distribution for orientation FR...
[M::mem_pestat] (25, 50, 75) percentile: (106, 128, 163)
[M::mem_pestat] low and high boundaries for computing mean and std.dev: (1, 277)
[M::mem_pestat] mean and std.dev: (135.39, 43.30)
[M::mem_pestat] low and high boundaries for proper pairs: (1, 334)
[M::mem_pestat] skip orientation RF as there are not enough pairs
[M::mem_pestat] skip orientation RR as there are not enough pairs
[M::mem_process_seqs] Processed 402302 reads in 14.747 CPU sec, 3.850 real sec
[M::process] read 402396 sequences (40000000 bp)...
[M::mem_pestat] # candidate unique pairs for (FF, FR, RF, RR): (1, 194447, 11, 1)
[M::mem_pestat] skip orientation FF as there are not enough pairs
[M::mem_pestat] analyzing insert size distribution for orientation FR...
[M::mem_pestat] (25, 50, 75) percentile: (105, 128, 163)
[M::mem_pestat] low and high boundaries for computing mean and std.dev: (1, 279)
[M::mem_pestat] mean and std.dev: (135.52, 43.58)
[M::mem_pestat] low and high boundaries for proper pairs: (1, 337)
[M::mem_pestat] analyzing insert size distribution for orientation RF...
[M::mem_pestat] (25, 50, 75) percentile: (21, 35, 125)
[M::mem_pestat] low and high boundaries for computing mean and std.dev: (1, 333)
[M::mem_pestat] mean and std.dev: (37.67, 34.83)
[M::mem_pestat] low and high boundaries for proper pairs: (1, 437)
[M::mem_pestat] skip orientation RR as there are not enough pairs
[M::mem_pestat] skip orientation RF
[M::mem_process_seqs] Processed 402224 reads in 13.520 CPU sec, 3.667 real sec
[M::process] read 402444 sequences (40000134 bp)...
[M::mem_pestat] # candidate unique pairs for (FF, FR, RF, RR): (1, 194481, 11, 2)
[M::mem_pestat] skip orientation FF as there are not enough pairs
[M::mem_pestat] analyzing insert size distribution for orientation FR...
[M::mem_pestat] (25, 50, 75) percentile: (105, 128, 163)
[M::mem_pestat] low and high boundaries for computing mean and std.dev: (1, 279)
[M::mem_pestat] mean and std.dev: (135.39, 43.47)
[M::mem_pestat] low and high boundaries for proper pairs: (1, 337)
[M::mem_pestat] analyzing insert size distribution for orientation RF...
[M::mem_pestat] (25, 50, 75) percentile: (6, 35, 65)
[M::mem_pestat] low and high boundaries for computing mean and std.dev: (1, 183)
[M::mem_pestat] mean and std.dev: (26.56, 23.75)
[M::mem_pestat] low and high boundaries for proper pairs: (1, 242)
[M::mem_pestat] skip orientation RR as there are not enough pairs
[M::mem_pestat] skip orientation RF
[M::mem_process_seqs] Processed 402396 reads in 14.740 CPU sec, 3.899 real sec
[M::process] read 402478 sequences (40000031 bp)...
[M::mem_pestat] # candidate unique pairs for (FF, FR, RF, RR): (4, 194467, 4, 2)
[M::mem_pestat] skip orientation FF as there are not enough pairs
[M::mem_pestat] analyzing insert size distribution for orientation FR...
[M::mem_pestat] (25, 50, 75) percentile: (105, 127, 162)
[M::mem_pestat] low and high boundaries for computing mean and std.dev: (1, 276)
[M::mem_pestat] mean and std.dev: (135.04, 42.88)
[M::mem_pestat] low and high boundaries for proper pairs: (1, 333)
[M::mem_pestat] skip orientation RF as there are not enough pairs
[M::mem_pestat] skip orientation RR as there are not enough pairs
[M::mem_process_seqs] Processed 402444 reads in 15.290 CPU sec, 3.971 real sec
[M::process] read 402730 sequences (40000003 bp)...
[M::mem_pestat] # candidate unique pairs for (FF, FR, RF, RR): (2, 194402, 13, 5)
[M::mem_pestat] skip orientation FF as there are not enough pairs
[M::mem_pestat] analyzing insert size distribution for orientation FR...
[M::mem_pestat] (25, 50, 75) percentile: (105, 127, 163)
[M::mem_pestat] low and high boundaries for computing mean and std.dev: (1, 279)
[M::mem_pestat] mean and std.dev: (135.27, 43.44)
[M::mem_pestat] low and high boundaries for proper pairs: (1, 337)
[M::mem_pestat] analyzing insert size distribution for orientation RF...
[M::mem_pestat] (25, 50, 75) percentile: (27, 53, 101)
[M::mem_pestat] low and high boundaries for computing mean and std.dev: (1, 249)
[M::mem_pestat] mean and std.dev: (48.09, 31.80)
[M::mem_pestat] low and high boundaries for proper pairs: (1, 323)
[M::mem_pestat] skip orientation RR as there are not enough pairs
[M::mem_pestat] skip orientation RF
[M::mem_process_seqs] Processed 402478 reads in 14.269 CPU sec, 3.710 real sec
[M::process] read 402916 sequences (40000078 bp)...
[M::mem_pestat] # candidate unique pairs for (FF, FR, RF, RR): (1, 194608, 8, 3)
[M::mem_pestat] skip orientation FF as there are not enough pairs
[M::mem_pestat] analyzing insert size distribution for orientation FR...
[M::mem_pestat] (25, 50, 75) percentile: (105, 127, 163)
[M::mem_pestat] low and high boundaries for computing mean and std.dev: (1, 279)
[M::mem_pestat] mean and std.dev: (135.30, 43.40)
[M::mem_pestat] low and high boundaries for proper pairs: (1, 337)
[M::mem_pestat] skip orientation RF as there are not enough pairs
[M::mem_pestat] skip orientation RR as there are not enough pairs
[M::mem_process_seqs] Processed 402730 reads in 13.122 CPU sec, 3.425 real sec
[M::process] read 403808 sequences (40000173 bp)...
[M::mem_pestat] # candidate unique pairs for (FF, FR, RF, RR): (1, 194705, 9, 1)
[M::mem_pestat] skip orientation FF as there are not enough pairs
[M::mem_pestat] analyzing insert size distribution for orientation FR...
[M::mem_pestat] (25, 50, 75) percentile: (105, 127, 162)
[M::mem_pestat] low and high boundaries for computing mean and std.dev: (1, 276)
[M::mem_pestat] mean and std.dev: (134.88, 42.94)
[M::mem_pestat] low and high boundaries for proper pairs: (1, 333)
[M::mem_pestat] skip orientation RF as there are not enough pairs
[M::mem_pestat] skip orientation RR as there are not enough pairs
[M::mem_process_seqs] Processed 402916 reads in 13.672 CPU sec, 3.718 real sec
[M::process] read 404074 sequences (40000052 bp)...
[M::mem_pestat] # candidate unique pairs for (FF, FR, RF, RR): (4, 195207, 8, 4)
[M::mem_pestat] skip orientation FF as there are not enough pairs
[M::mem_pestat] analyzing insert size distribution for orientation FR...
[M::mem_pestat] (25, 50, 75) percentile: (105, 127, 161)
[M::mem_pestat] low and high boundaries for computing mean and std.dev: (1, 273)
[M::mem_pestat] mean and std.dev: (134.35, 42.31)
[M::mem_pestat] low and high boundaries for proper pairs: (1, 329)
[M::mem_pestat] skip orientation RF as there are not enough pairs
[M::mem_pestat] skip orientation RR as there are not enough pairs
[M::mem_process_seqs] Processed 403808 reads in 14.550 CPU sec, 3.929 real sec
[M::process] read 404120 sequences (40000182 bp)...
[M::mem_pestat] # candidate unique pairs for (FF, FR, RF, RR): (2, 195136, 12, 2)
[M::mem_pestat] skip orientation FF as there are not enough pairs
[M::mem_pestat] analyzing insert size distribution for orientation FR...
[M::mem_pestat] (25, 50, 75) percentile: (105, 127, 161)
[M::mem_pestat] low and high boundaries for computing mean and std.dev: (1, 273)
[M::mem_pestat] mean and std.dev: (134.41, 42.33)
[M::mem_pestat] low and high boundaries for proper pairs: (1, 329)
[M::mem_pestat] analyzing insert size distribution for orientation RF...
[M::mem_pestat] (25, 50, 75) percentile: (13, 43, 130)
[M::mem_pestat] low and high boundaries for computing mean and std.dev: (1, 364)
[M::mem_pestat] mean and std.dev: (60.67, 59.52)
[M::mem_pestat] low and high boundaries for proper pairs: (1, 481)
[M::mem_pestat] skip orientation RR as there are not enough pairs
[M::mem_pestat] skip orientation RF
[M::mem_process_seqs] Processed 404074 reads in 13.427 CPU sec, 3.553 real sec
[M::process] read 402080 sequences (40000004 bp)...
[M::mem_pestat] # candidate unique pairs for (FF, FR, RF, RR): (2, 195494, 6, 3)
[M::mem_pestat] skip orientation FF as there are not enough pairs
[M::mem_pestat] analyzing insert size distribution for orientation FR...
[M::mem_pestat] (25, 50, 75) percentile: (105, 127, 161)
[M::mem_pestat] low and high boundaries for computing mean and std.dev: (1, 273)
[M::mem_pestat] mean and std.dev: (134.39, 42.30)
[M::mem_pestat] low and high boundaries for proper pairs: (1, 329)
[M::mem_pestat] skip orientation RF as there are not enough pairs
[M::mem_pestat] skip orientation RR as there are not enough pairs
[M::mem_process_seqs] Processed 404120 reads in 13.482 CPU sec, 3.491 real sec
[M::process] read 402058 sequences (40000053 bp)...
[M::mem_pestat] # candidate unique pairs for (FF, FR, RF, RR): (2, 194686, 7, 1)
[M::mem_pestat] skip orientation FF as there are not enough pairs
[M::mem_pestat] analyzing insert size distribution for orientation FR...
[M::mem_pestat] (25, 50, 75) percentile: (106, 128, 164)
[M::mem_pestat] low and high boundaries for computing mean and std.dev: (1, 280)
[M::mem_pestat] mean and std.dev: (136.31, 43.82)
[M::mem_pestat] low and high boundaries for proper pairs: (1, 338)
[M::mem_pestat] skip orientation RF as there are not enough pairs
[M::mem_pestat] skip orientation RR as there are not enough pairs
[M::mem_process_seqs] Processed 402080 reads in 14.936 CPU sec, 3.952 real sec
[M::process] read 402016 sequences (40000188 bp)...
[M::mem_pestat] # candidate unique pairs for (FF, FR, RF, RR): (2, 194675, 18, 4)
[M::mem_pestat] skip orientation FF as there are not enough pairs
[M::mem_pestat] analyzing insert size distribution for orientation FR...
[M::mem_pestat] (25, 50, 75) percentile: (106, 128, 165)
[M::mem_pestat] low and high boundaries for computing mean and std.dev: (1, 283)
[M::mem_pestat] mean and std.dev: (136.60, 44.19)
[M::mem_pestat] low and high boundaries for proper pairs: (1, 342)
[M::mem_pestat] analyzing insert size distribution for orientation RF...
[M::mem_pestat] (25, 50, 75) percentile: (20, 36, 85)
[M::mem_pestat] low and high boundaries for computing mean and std.dev: (1, 215)
[M::mem_pestat] mean and std.dev: (53.17, 44.80)
[M::mem_pestat] low and high boundaries for proper pairs: (1, 280)
[M::mem_pestat] skip orientation RR as there are not enough pairs
[M::mem_pestat] skip orientation RF
[M::mem_process_seqs] Processed 402058 reads in 14.754 CPU sec, 3.891 real sec
[M::process] read 401882 sequences (40000190 bp)...
[M::mem_pestat] # candidate unique pairs for (FF, FR, RF, RR): (5, 194598, 4, 3)
[M::mem_pestat] skip orientation FF as there are not enough pairs
[M::mem_pestat] analyzing insert size distribution for orientation FR...
[M::mem_pestat] (25, 50, 75) percentile: (106, 128, 164)
[M::mem_pestat] low and high boundaries for computing mean and std.dev: (1, 280)
[M::mem_pestat] mean and std.dev: (136.20, 43.64)
[M::mem_pestat] low and high boundaries for proper pairs: (1, 338)
[M::mem_pestat] skip orientation RF as there are not enough pairs
[M::mem_pestat] skip orientation RR as there are not enough pairs
[M::mem_process_seqs] Processed 402016 reads in 14.363 CPU sec, 3.830 real sec
[M::process] read 402090 sequences (40000040 bp)...
[M::mem_pestat] # candidate unique pairs for (FF, FR, RF, RR): (4, 194454, 10, 6)
[M::mem_pestat] skip orientation FF as there are not enough pairs
[M::mem_pestat] analyzing insert size distribution for orientation FR...
[M::mem_pestat] (25, 50, 75) percentile: (106, 128, 165)
[M::mem_pestat] low and high boundaries for computing mean and std.dev: (1, 283)
[M::mem_pestat] mean and std.dev: (136.63, 44.27)
[M::mem_pestat] low and high boundaries for proper pairs: (1, 342)
[M::mem_pestat] analyzing insert size distribution for orientation RF...
[M::mem_pestat] (25, 50, 75) percentile: (21, 57, 889)
[M::mem_pestat] low and high boundaries for computing mean and std.dev: (1, 2625)
[M::mem_pestat] mean and std.dev: (450.90, 698.81)
[M::mem_pestat] low and high boundaries for proper pairs: (1, 3493)
[M::mem_pestat] skip orientation RR as there are not enough pairs
[M::mem_pestat] skip orientation RF
[M::mem_process_seqs] Processed 401882 reads in 14.509 CPU sec, 3.776 real sec
[M::process] read 402086 sequences (40000103 bp)...
[M::mem_pestat] # candidate unique pairs for (FF, FR, RF, RR): (10, 194550, 11, 4)
[M::mem_pestat] analyzing insert size distribution for orientation FF...
[M::mem_pestat] (25, 50, 75) percentile: (5319, 7290, 9084)
[M::mem_pestat] low and high boundaries for computing mean and std.dev: (1, 16614)
[M::mem_pestat] mean and std.dev: (6789.00, 2283.61)
[M::mem_pestat] low and high boundaries for proper pairs: (1, 20379)
[M::mem_pestat] analyzing insert size distribution for orientation FR...
[M::mem_pestat] (25, 50, 75) percentile: (106, 128, 164)
[M::mem_pestat] low and high boundaries for computing mean and std.dev: (1, 280)
[M::mem_pestat] mean and std.dev: (136.06, 43.80)
[M::mem_pestat] low and high boundaries for proper pairs: (1, 338)
[M::mem_pestat] analyzing insert size distribution for orientation RF...
[M::mem_pestat] (25, 50, 75) percentile: (36, 48, 471)
[M::mem_pestat] low and high boundaries for computing mean and std.dev: (1, 1341)
[M::mem_pestat] mean and std.dev: (82.44, 138.70)
[M::mem_pestat] low and high boundaries for proper pairs: (1, 1776)
[M::mem_pestat] skip orientation RR as there are not enough pairs
[M::mem_pestat] skip orientation FF
[M::mem_pestat] skip orientation RF
[M::mem_process_seqs] Processed 402090 reads in 14.880 CPU sec, 3.897 real sec
[M::process] read 402232 sequences (40000046 bp)...
[M::mem_pestat] # candidate unique pairs for (FF, FR, RF, RR): (1, 194475, 2, 2)
[M::mem_pestat] skip orientation FF as there are not enough pairs
[M::mem_pestat] analyzing insert size distribution for orientation FR...
[M::mem_pestat] (25, 50, 75) percentile: (106, 128, 165)
[M::mem_pestat] low and high boundaries for computing mean and std.dev: (1, 283)
[M::mem_pestat] mean and std.dev: (136.54, 44.16)
[M::mem_pestat] low and high boundaries for proper pairs: (1, 342)
[M::mem_pestat] skip orientation RF as there are not enough pairs
[M::mem_pestat] skip orientation RR as there are not enough pairs
[M::mem_process_seqs] Processed 402086 reads in 14.727 CPU sec, 3.941 real sec
[M::process] read 402052 sequences (40000009 bp)...
[M::mem_pestat] # candidate unique pairs for (FF, FR, RF, RR): (3, 194637, 8, 3)
[M::mem_pestat] skip orientation FF as there are not enough pairs
[M::mem_pestat] analyzing insert size distribution for orientation FR...
[M::mem_pestat] (25, 50, 75) percentile: (106, 128, 164)
[M::mem_pestat] low and high boundaries for computing mean and std.dev: (1, 280)
[M::mem_pestat] mean and std.dev: (135.81, 43.60)
[M::mem_pestat] low and high boundaries for proper pairs: (1, 338)
[M::mem_pestat] skip orientation RF as there are not enough pairs
[M::mem_pestat] skip orientation RR as there are not enough pairs
[M::mem_process_seqs] Processed 402232 reads in 14.086 CPU sec, 3.781 real sec
[M::process] read 402298 sequences (40000030 bp)...
[M::mem_pestat] # candidate unique pairs for (FF, FR, RF, RR): (2, 194304, 2, 2)
[M::mem_pestat] skip orientation FF as there are not enough pairs
[M::mem_pestat] analyzing insert size distribution for orientation FR...
[M::mem_pestat] (25, 50, 75) percentile: (105, 127, 163)
[M::mem_pestat] low and high boundaries for computing mean and std.dev: (1, 279)
[M::mem_pestat] mean and std.dev: (135.48, 43.50)
[M::mem_pestat] low and high boundaries for proper pairs: (1, 337)
[M::mem_pestat] skip orientation RF as there are not enough pairs
[M::mem_pestat] skip orientation RR as there are not enough pairs
[M::mem_process_seqs] Processed 402052 reads in 14.450 CPU sec, 3.889 real sec
[M::process] read 402256 sequences (40000107 bp)...
[M::mem_pestat] # candidate unique pairs for (FF, FR, RF, RR): (3, 194425, 13, 8)
[M::mem_pestat] skip orientation FF as there are not enough pairs
[M::mem_pestat] analyzing insert size distribution for orientation FR...
[M::mem_pestat] (25, 50, 75) percentile: (106, 127, 163)
[M::mem_pestat] low and high boundaries for computing mean and std.dev: (1, 277)
[M::mem_pestat] mean and std.dev: (135.32, 42.98)
[M::mem_pestat] low and high boundaries for proper pairs: (1, 334)
[M::mem_pestat] analyzing insert size distribution for orientation RF...
[M::mem_pestat] (25, 50, 75) percentile: (39, 64, 4120)
[M::mem_pestat] low and high boundaries for computing mean and std.dev: (1, 12282)
[M::mem_pestat] mean and std.dev: (1209.69, 2145.59)
[M::mem_pestat] low and high boundaries for proper pairs: (1, 16363)
[M::mem_pestat] skip orientation RR as there are not enough pairs
[M::mem_pestat] skip orientation RF
[M::mem_process_seqs] Processed 402298 reads in 14.184 CPU sec, 4.017 real sec
[M::process] read 402300 sequences (40000066 bp)...
[M::mem_pestat] # candidate unique pairs for (FF, FR, RF, RR): (2, 194581, 8, 5)
[M::mem_pestat] skip orientation FF as there are not enough pairs
[M::mem_pestat] analyzing insert size distribution for orientation FR...
[M::mem_pestat] (25, 50, 75) percentile: (106, 128, 163)
[M::mem_pestat] low and high boundaries for computing mean and std.dev: (1, 277)
[M::mem_pestat] mean and std.dev: (135.42, 43.38)
[M::mem_pestat] low and high boundaries for proper pairs: (1, 334)
[M::mem_pestat] skip orientation RF as there are not enough pairs
[M::mem_pestat] skip orientation RR as there are not enough pairs
[M::mem_process_seqs] Processed 402256 reads in 15.046 CPU sec, 3.957 real sec
[M::process] read 402420 sequences (40000035 bp)...
[M::mem_pestat] # candidate unique pairs for (FF, FR, RF, RR): (4, 194386, 5, 7)
[M::mem_pestat] skip orientation FF as there are not enough pairs
[M::mem_pestat] analyzing insert size distribution for orientation FR...
[M::mem_pestat] (25, 50, 75) percentile: (105, 127, 163)
[M::mem_pestat] low and high boundaries for computing mean and std.dev: (1, 279)
[M::mem_pestat] mean and std.dev: (135.40, 43.37)
[M::mem_pestat] low and high boundaries for proper pairs: (1, 337)
[M::mem_pestat] skip orientation RF as there are not enough pairs
[M::mem_pestat] skip orientation RR as there are not enough pairs
[M::mem_process_seqs] Processed 402300 reads in 13.478 CPU sec, 3.588 real sec
[E::hts_open_format] Failed to open file "data/tmp/7_bwa_rna/BH_ERR1797972.sorted.bam.tmp.0000.bam" : File exists
samtools sort: failed to create "data/tmp/7_bwa_rna/BH_ERR1797972.sorted.bam.tmp.0000.bam": File exists
[M::mem_pestat] # candidate unique pairs for (FF, FR, RF, RR): (5, 194655, 6, 5)
[M::mem_pestat] skip orientation FF as there are not enough pairs
[M::mem_pestat] analyzing insert size distribution for orientation FR...
[M::mem_pestat] (25, 50, 75) percentile: (105, 127, 163)
[M::mem_pestat] low and high boundaries for computing mean and std.dev: (1, 279)
[M::mem_pestat] mean and std.dev: (135.46, 43.41)
[M::mem_pestat] low and high boundaries for proper pairs: (1, 337)
[M::mem_pestat] skip orientation RF as there are not enough pairs
[M::mem_pestat] skip orientation RR as there are not enough pairs
[M::mem_process_seqs] Processed 402420 reads in 14.163 CPU sec, 4.800 real sec
[M::process] read 402780 sequences (40000190 bp)...
[M::process] read 402708 sequences (40000157 bp)...
[M::mem_pestat] # candidate unique pairs for (FF, FR, RF, RR): (4, 194709, 8, 4)
[M::mem_pestat] skip orientation FF as there are not enough pairs
[M::mem_pestat] analyzing insert size distribution for orientation FR...
[M::mem_pestat] (25, 50, 75) percentile: (105, 127, 163)
[M::mem_pestat] low and high boundaries for computing mean and std.dev: (1, 279)
[M::mem_pestat] mean and std.dev: (135.43, 43.24)
[M::mem_pestat] low and high boundaries for proper pairs: (1, 337)
[M::mem_pestat] skip orientation RF as there are not enough pairs
[M::mem_pestat] skip orientation RR as there are not enough pairs
[M::mem_process_seqs] Processed 402780 reads in 13.236 CPU sec, 3.447 real sec
[M::process] read 402894 sequences (40000168 bp)...
[M::mem_pestat] # candidate unique pairs for (FF, FR, RF, RR): (2, 194675, 7, 5)
[M::mem_pestat] skip orientation FF as there are not enough pairs
[M::mem_pestat] analyzing insert size distribution for orientation FR...
[M::mem_pestat] (25, 50, 75) percentile: (105, 127, 162)
[M::mem_pestat] low and high boundaries for computing mean and std.dev: (1, 276)
[M::mem_pestat] mean and std.dev: (134.72, 42.85)
[M::mem_pestat] low and high boundaries for proper pairs: (1, 333)
[M::mem_pestat] skip orientation RF as there are not enough pairs
[M::mem_pestat] skip orientation RR as there are not enough pairs
[M::mem_process_seqs] Processed 402708 reads in 13.435 CPU sec, 3.509 real sec
[M::process] read 405580 sequences (40000143 bp)...
[M::mem_pestat] # candidate unique pairs for (FF, FR, RF, RR): (2, 194721, 6, 3)
[M::mem_pestat] skip orientation FF as there are not enough pairs
[M::mem_pestat] analyzing insert size distribution for orientation FR...
[M::mem_pestat] (25, 50, 75) percentile: (105, 127, 162)
[M::mem_pestat] low and high boundaries for computing mean and std.dev: (1, 276)
[M::mem_pestat] mean and std.dev: (134.76, 42.80)
[M::mem_pestat] low and high boundaries for proper pairs: (1, 333)
[M::mem_pestat] skip orientation RF as there are not enough pairs
[M::mem_pestat] skip orientation RR as there are not enough pairs
[M::mem_process_seqs] Processed 402894 reads in 14.068 CPU sec, 3.735 real sec
[M::process] read 403814 sequences (40000124 bp)...
[M::mem_pestat] # candidate unique pairs for (FF, FR, RF, RR): (3, 195947, 13, 4)
[M::mem_pestat] skip orientation FF as there are not enough pairs
[M::mem_pestat] analyzing insert size distribution for orientation FR...
[M::mem_pestat] (25, 50, 75) percentile: (105, 127, 162)
[M::mem_pestat] low and high boundaries for computing mean and std.dev: (1, 276)
[M::mem_pestat] mean and std.dev: (134.91, 42.85)
[M::mem_pestat] low and high boundaries for proper pairs: (1, 333)
[M::mem_pestat] analyzing insert size distribution for orientation RF...
[M::mem_pestat] (25, 50, 75) percentile: (49, 68, 1601)
[M::mem_pestat] low and high boundaries for computing mean and std.dev: (1, 4705)
[M::mem_pestat] mean and std.dev: (197.00, 444.61)
[M::mem_pestat] low and high boundaries for proper pairs: (1, 6257)
[M::mem_pestat] skip orientation RR as there are not enough pairs
[M::mem_pestat] skip orientation RF
[M::mem_process_seqs] Processed 405580 reads in 13.331 CPU sec, 3.549 real sec
[M::process] read 402350 sequences (40000018 bp)...
[M::mem_pestat] # candidate unique pairs for (FF, FR, RF, RR): (3, 195147, 11, 4)
[M::mem_pestat] skip orientation FF as there are not enough pairs
[M::mem_pestat] analyzing insert size distribution for orientation FR...
[M::mem_pestat] (25, 50, 75) percentile: (105, 127, 161)
[M::mem_pestat] low and high boundaries for computing mean and std.dev: (1, 273)
[M::mem_pestat] mean and std.dev: (134.37, 42.11)
[M::mem_pestat] low and high boundaries for proper pairs: (1, 329)
[M::mem_pestat] analyzing insert size distribution for orientation RF...
[M::mem_pestat] (25, 50, 75) percentile: (68, 84, 3299)
[M::mem_pestat] low and high boundaries for computing mean and std.dev: (1, 9761)
[M::mem_pestat] mean and std.dev: (1777.45, 3071.39)
[M::mem_pestat] low and high boundaries for proper pairs: (1, 14063)
[M::mem_pestat] skip orientation RR as there are not enough pairs
[M::mem_pestat] skip orientation RF
[M::mem_process_seqs] Processed 403814 reads in 13.308 CPU sec, 3.502 real sec
[M::process] read 402192 sequences (40000012 bp)...
[M::mem_pestat] # candidate unique pairs for (FF, FR, RF, RR): (1, 194782, 9, 2)
[M::mem_pestat] skip orientation FF as there are not enough pairs
[M::mem_pestat] analyzing insert size distribution for orientation FR...
[M::mem_pestat] (25, 50, 75) percentile: (106, 128, 164)
[M::mem_pestat] low and high boundaries for computing mean and std.dev: (1, 280)
[M::mem_pestat] mean and std.dev: (135.98, 43.65)
[M::mem_pestat] low and high boundaries for proper pairs: (1, 338)
[M::mem_pestat] skip orientation RF as there are not enough pairs
[M::mem_pestat] skip orientation RR as there are not enough pairs
[M::mem_process_seqs] Processed 402350 reads in 14.402 CPU sec, 3.774 real sec
[M::process] read 401822 sequences (40000162 bp)...
[M::mem_pestat] # candidate unique pairs for (FF, FR, RF, RR): (4, 194841, 7, 2)
[M::mem_pestat] skip orientation FF as there are not enough pairs
[M::mem_pestat] analyzing insert size distribution for orientation FR...
[M::mem_pestat] (25, 50, 75) percentile: (106, 128, 165)
[M::mem_pestat] low and high boundaries for computing mean and std.dev: (1, 283)
[M::mem_pestat] mean and std.dev: (136.78, 44.28)
[M::mem_pestat] low and high boundaries for proper pairs: (1, 342)
[M::mem_pestat] skip orientation RF as there are not enough pairs
[M::mem_pestat] skip orientation RR as there are not enough pairs
[M::mem_process_seqs] Processed 402192 reads in 14.024 CPU sec, 3.721 real sec
[M::process] read 401790 sequences (40000101 bp)...
[M::mem_pestat] # candidate unique pairs for (FF, FR, RF, RR): (2, 194566, 10, 4)
[M::mem_pestat] skip orientation FF as there are not enough pairs
[M::mem_pestat] analyzing insert size distribution for orientation FR...
[M::mem_pestat] (25, 50, 75) percentile: (106, 128, 165)
[M::mem_pestat] low and high boundaries for computing mean and std.dev: (1, 283)
[M::mem_pestat] mean and std.dev: (136.74, 44.14)
[M::mem_pestat] low and high boundaries for proper pairs: (1, 342)
[M::mem_pestat] analyzing insert size distribution for orientation RF...
[M::mem_pestat] (25, 50, 75) percentile: (24, 44, 176)
[M::mem_pestat] low and high boundaries for computing mean and std.dev: (1, 480)
[M::mem_pestat] mean and std.dev: (48.00, 49.95)
[M::mem_pestat] low and high boundaries for proper pairs: (1, 632)
[M::mem_pestat] skip orientation RR as there are not enough pairs
[M::mem_pestat] skip orientation RF
[M::mem_process_seqs] Processed 401822 reads in 14.079 CPU sec, 3.718 real sec
[M::process] read 402138 sequences (40000132 bp)...
[M::mem_pestat] # candidate unique pairs for (FF, FR, RF, RR): (2, 194405, 8, 2)
[M::mem_pestat] skip orientation FF as there are not enough pairs
[M::mem_pestat] analyzing insert size distribution for orientation FR...
[M::mem_pestat] (25, 50, 75) percentile: (106, 128, 164)
[M::mem_pestat] low and high boundaries for computing mean and std.dev: (1, 280)
[M::mem_pestat] mean and std.dev: (136.28, 43.66)
[M::mem_pestat] low and high boundaries for proper pairs: (1, 338)
[M::mem_pestat] skip orientation RF as there are not enough pairs
[M::mem_pestat] skip orientation RR as there are not enough pairs
[M::mem_process_seqs] Processed 401790 reads in 13.872 CPU sec, 3.712 real sec
[M::process] read 402068 sequences (40000032 bp)...
[M::mem_pestat] # candidate unique pairs for (FF, FR, RF, RR): (5, 194476, 11, 2)
[M::mem_pestat] skip orientation FF as there are not enough pairs
[M::mem_pestat] analyzing insert size distribution for orientation FR...
[M::mem_pestat] (25, 50, 75) percentile: (106, 128, 164)
[M::mem_pestat] low and high boundaries for computing mean and std.dev: (1, 280)
[M::mem_pestat] mean and std.dev: (136.18, 43.68)
[M::mem_pestat] low and high boundaries for proper pairs: (1, 338)
[M::mem_pestat] analyzing insert size distribution for orientation RF...
[M::mem_pestat] (25, 50, 75) percentile: (14, 25, 39)
[M::mem_pestat] low and high boundaries for computing mean and std.dev: (1, 89)
[M::mem_pestat] mean and std.dev: (24.30, 16.26)
[M::mem_pestat] low and high boundaries for proper pairs: (1, 114)
[M::mem_pestat] skip orientation RR as there are not enough pairs
[M::mem_pestat] skip orientation RF
[M::mem_process_seqs] Processed 402138 reads in 14.216 CPU sec, 3.738 real sec
[M::process] read 402050 sequences (40000097 bp)...
[M::mem_pestat] # candidate unique pairs for (FF, FR, RF, RR): (6, 194270, 7, 1)
[M::mem_pestat] skip orientation FF as there are not enough pairs
[M::mem_pestat] analyzing insert size distribution for orientation FR...
[M::mem_pestat] (25, 50, 75) percentile: (106, 128, 164)
[M::mem_pestat] low and high boundaries for computing mean and std.dev: (1, 280)
[M::mem_pestat] mean and std.dev: (136.04, 43.71)
[M::mem_pestat] low and high boundaries for proper pairs: (1, 338)
[M::mem_pestat] skip orientation RF as there are not enough pairs
[M::mem_pestat] skip orientation RR as there are not enough pairs
[M::mem_process_seqs] Processed 402068 reads in 14.590 CPU sec, 4.071 real sec
[M::process] read 402090 sequences (40000070 bp)...
[M::mem_pestat] # candidate unique pairs for (FF, FR, RF, RR): (6, 194554, 12, 4)
[M::mem_pestat] skip orientation FF as there are not enough pairs
[M::mem_pestat] analyzing insert size distribution for orientation FR...
[M::mem_pestat] (25, 50, 75) percentile: (106, 128, 164)
[M::mem_pestat] low and high boundaries for computing mean and std.dev: (1, 280)
[M::mem_pestat] mean and std.dev: (136.06, 43.67)
[M::mem_pestat] low and high boundaries for proper pairs: (1, 338)
[M::mem_pestat] analyzing insert size distribution for orientation RF...
[M::mem_pestat] (25, 50, 75) percentile: (13, 32, 146)
[M::mem_pestat] low and high boundaries for computing mean and std.dev: (1, 412)
[M::mem_pestat] mean and std.dev: (73.91, 109.83)
[M::mem_pestat] low and high boundaries for proper pairs: (1, 545)
[M::mem_pestat] skip orientation RR as there are not enough pairs
[M::mem_pestat] skip orientation RF
[M::mem_process_seqs] Processed 402050 reads in 14.259 CPU sec, 3.993 real sec
[M::process] read 402262 sequences (40000182 bp)...
[M::mem_pestat] # candidate unique pairs for (FF, FR, RF, RR): (5, 194491, 10, 4)
[M::mem_pestat] skip orientation FF as there are not enough pairs
[M::mem_pestat] analyzing insert size distribution for orientation FR...
[M::mem_pestat] (25, 50, 75) percentile: (106, 128, 164)
[M::mem_pestat] low and high boundaries for computing mean and std.dev: (1, 280)
[M::mem_pestat] mean and std.dev: (135.97, 43.63)
[M::mem_pestat] low and high boundaries for proper pairs: (1, 338)
[M::mem_pestat] analyzing insert size distribution for orientation RF...
[M::mem_pestat] (25, 50, 75) percentile: (13, 36, 74)
[M::mem_pestat] low and high boundaries for computing mean and std.dev: (1, 196)
[M::mem_pestat] mean and std.dev: (39.80, 32.15)
[M::mem_pestat] low and high boundaries for proper pairs: (1, 257)
[M::mem_pestat] skip orientation RR as there are not enough pairs
[M::mem_pestat] skip orientation RF
[M::mem_process_seqs] Processed 402090 reads in 14.516 CPU sec, 3.881 real sec
[M::process] read 402150 sequences (40000017 bp)...
[M::mem_pestat] # candidate unique pairs for (FF, FR, RF, RR): (3, 194474, 13, 3)
[M::mem_pestat] skip orientation FF as there are not enough pairs
[M::mem_pestat] analyzing insert size distribution for orientation FR...
[M::mem_pestat] (25, 50, 75) percentile: (106, 128, 164)
[M::mem_pestat] low and high boundaries for computing mean and std.dev: (1, 280)
[M::mem_pestat] mean and std.dev: (135.86, 43.71)
[M::mem_pestat] low and high boundaries for proper pairs: (1, 338)
[M::mem_pestat] analyzing insert size distribution for orientation RF...
[M::mem_pestat] (25, 50, 75) percentile: (26, 36, 6684)
[M::mem_pestat] low and high boundaries for computing mean and std.dev: (1, 20000)
[M::mem_pestat] mean and std.dev: (1927.92, 3499.15)
[M::mem_pestat] low and high boundaries for proper pairs: (1, 26658)
[M::mem_pestat] skip orientation RR as there are not enough pairs
[M::mem_pestat] skip orientation RF
[M::mem_process_seqs] Processed 402262 reads in 14.695 CPU sec, 4.106 real sec
[M::process] read 402314 sequences (40000162 bp)...
[M::mem_pestat] # candidate unique pairs for (FF, FR, RF, RR): (2, 194571, 13, 2)
[M::mem_pestat] skip orientation FF as there are not enough pairs
[M::mem_pestat] analyzing insert size distribution for orientation FR...
[M::mem_pestat] (25, 50, 75) percentile: (105, 128, 163)
[M::mem_pestat] low and high boundaries for computing mean and std.dev: (1, 279)
[M::mem_pestat] mean and std.dev: (135.60, 43.51)
[M::mem_pestat] low and high boundaries for proper pairs: (1, 337)
[M::mem_pestat] analyzing insert size distribution for orientation RF...
[M::mem_pestat] (25, 50, 75) percentile: (21, 86, 838)
[M::mem_pestat] low and high boundaries for computing mean and std.dev: (1, 2472)
[M::mem_pestat] mean and std.dev: (141.18, 232.96)
[M::mem_pestat] low and high boundaries for proper pairs: (1, 3289)
[M::mem_pestat] skip orientation RR as there are not enough pairs
[M::mem_pestat] skip orientation RF
[M::mem_process_seqs] Processed 402150 reads in 13.860 CPU sec, 3.890 real sec
[M::process] read 402564 sequences (40000053 bp)...
[M::mem_pestat] # candidate unique pairs for (FF, FR, RF, RR): (2, 194410, 9, 4)
[M::mem_pestat] skip orientation FF as there are not enough pairs
[M::mem_pestat] analyzing insert size distribution for orientation FR...
[M::mem_pestat] (25, 50, 75) percentile: (105, 128, 163)
[M::mem_pestat] low and high boundaries for computing mean and std.dev: (1, 279)
[M::mem_pestat] mean and std.dev: (135.48, 43.41)
[M::mem_pestat] low and high boundaries for proper pairs: (1, 337)
[M::mem_pestat] skip orientation RF as there are not enough pairs
[M::mem_pestat] skip orientation RR as there are not enough pairs
[M::mem_process_seqs] Processed 402314 reads in 14.075 CPU sec, 3.764 real sec
[M::process] read 402596 sequences (40000023 bp)...
[M::mem_pestat] # candidate unique pairs for (FF, FR, RF, RR): (2, 194627, 13, 2)
[M::mem_pestat] skip orientation FF as there are not enough pairs
[M::mem_pestat] analyzing insert size distribution for orientation FR...
[M::mem_pestat] (25, 50, 75) percentile: (105, 127, 162)
[M::mem_pestat] low and high boundaries for computing mean and std.dev: (1, 276)
[M::mem_pestat] mean and std.dev: (135.12, 43.00)
[M::mem_pestat] low and high boundaries for proper pairs: (1, 333)
[M::mem_pestat] analyzing insert size distribution for orientation RF...
[M::mem_pestat] (25, 50, 75) percentile: (29, 39, 74)
[M::mem_pestat] low and high boundaries for computing mean and std.dev: (1, 164)
[M::mem_pestat] mean and std.dev: (37.73, 23.13)
[M::mem_pestat] low and high boundaries for proper pairs: (1, 209)
[M::mem_pestat] skip orientation RR as there are not enough pairs
[M::mem_pestat] skip orientation RF
[M::mem_process_seqs] Processed 402564 reads in 15.427 CPU sec, 4.047 real sec
[M::process] read 402760 sequences (40000199 bp)...
[M::mem_pestat] # candidate unique pairs for (FF, FR, RF, RR): (7, 194755, 11, 2)
[M::mem_pestat] skip orientation FF as there are not enough pairs
[M::mem_pestat] analyzing insert size distribution for orientation FR...
[M::mem_pestat] (25, 50, 75) percentile: (105, 127, 163)
[M::mem_pestat] low and high boundaries for computing mean and std.dev: (1, 279)
[M::mem_pestat] mean and std.dev: (135.48, 43.39)
[M::mem_pestat] low and high boundaries for proper pairs: (1, 337)
[M::mem_pestat] analyzing insert size distribution for orientation RF...
[M::mem_pestat] (25, 50, 75) percentile: (14, 27, 65)
[M::mem_pestat] low and high boundaries for computing mean and std.dev: (1, 167)
[M::mem_pestat] mean and std.dev: (37.30, 38.39)
[M::mem_pestat] low and high boundaries for proper pairs: (1, 218)
[M::mem_pestat] skip orientation RR as there are not enough pairs
[M::mem_pestat] skip orientation RF
[M::mem_process_seqs] Processed 402596 reads in 14.569 CPU sec, 3.947 real sec
[M::process] read 402868 sequences (40000079 bp)...
[M::mem_pestat] # candidate unique pairs for (FF, FR, RF, RR): (2, 194519, 7, 3)
[M::mem_pestat] skip orientation FF as there are not enough pairs
[M::mem_pestat] analyzing insert size distribution for orientation FR...
[M::mem_pestat] (25, 50, 75) percentile: (105, 127, 162)
[M::mem_pestat] low and high boundaries for computing mean and std.dev: (1, 276)
[M::mem_pestat] mean and std.dev: (134.84, 42.90)
[M::mem_pestat] low and high boundaries for proper pairs: (1, 333)
[M::mem_pestat] skip orientation RF as there are not enough pairs
[M::mem_pestat] skip orientation RR as there are not enough pairs
[M::mem_process_seqs] Processed 402760 reads in 13.741 CPU sec, 3.629 real sec
[M::process] read 404316 sequences (40000189 bp)...
[M::mem_pestat] # candidate unique pairs for (FF, FR, RF, RR): (2, 194663, 4, 6)
[M::mem_pestat] skip orientation FF as there are not enough pairs
[M::mem_pestat] analyzing insert size distribution for orientation FR...
[M::mem_pestat] (25, 50, 75) percentile: (105, 127, 162)
[M::mem_pestat] low and high boundaries for computing mean and std.dev: (1, 276)
[M::mem_pestat] mean and std.dev: (134.84, 43.01)
[M::mem_pestat] low and high boundaries for proper pairs: (1, 333)
[M::mem_pestat] skip orientation RF as there are not enough pairs
[M::mem_pestat] skip orientation RR as there are not enough pairs
[M::mem_process_seqs] Processed 402868 reads in 13.003 CPU sec, 3.866 real sec
[M::process] read 404120 sequences (40000054 bp)...
[M::mem_pestat] # candidate unique pairs for (FF, FR, RF, RR): (5, 195519, 8, 2)
[M::mem_pestat] skip orientation FF as there are not enough pairs
[M::mem_pestat] analyzing insert size distribution for orientation FR...
[M::mem_pestat] (25, 50, 75) percentile: (105, 127, 162)
[M::mem_pestat] low and high boundaries for computing mean and std.dev: (1, 276)
[M::mem_pestat] mean and std.dev: (134.79, 42.65)
[M::mem_pestat] low and high boundaries for proper pairs: (1, 333)
[M::mem_pestat] skip orientation RF as there are not enough pairs
[M::mem_pestat] skip orientation RR as there are not enough pairs
[M::mem_process_seqs] Processed 404316 reads in 14.493 CPU sec, 3.868 real sec
[M::process] read 403026 sequences (40000147 bp)...
[M::mem_pestat] # candidate unique pairs for (FF, FR, RF, RR): (3, 195185, 8, 1)
[M::mem_pestat] skip orientation FF as there are not enough pairs
[M::mem_pestat] analyzing insert size distribution for orientation FR...
[M::mem_pestat] (25, 50, 75) percentile: (105, 127, 162)
[M::mem_pestat] low and high boundaries for computing mean and std.dev: (1, 276)
[M::mem_pestat] mean and std.dev: (134.88, 42.71)
[M::mem_pestat] low and high boundaries for proper pairs: (1, 333)
[M::mem_pestat] skip orientation RF as there are not enough pairs
[M::mem_pestat] skip orientation RR as there are not enough pairs
[M::mem_process_seqs] Processed 404120 reads in 13.275 CPU sec, 3.832 real sec
[M::process] read 404138 sequences (40000094 bp)...
[M::mem_pestat] # candidate unique pairs for (FF, FR, RF, RR): (4, 195040, 6, 3)
[M::mem_pestat] skip orientation FF as there are not enough pairs
[M::mem_pestat] analyzing insert size distribution for orientation FR...
[M::mem_pestat] (25, 50, 75) percentile: (106, 128, 165)
[M::mem_pestat] low and high boundaries for computing mean and std.dev: (1, 283)
[M::mem_pestat] mean and std.dev: (136.38, 44.24)
[M::mem_pestat] low and high boundaries for proper pairs: (1, 342)
[M::mem_pestat] skip orientation RF as there are not enough pairs
[M::mem_pestat] skip orientation RR as there are not enough pairs
[M::mem_process_seqs] Processed 403026 reads in 15.382 CPU sec, 4.107 real sec
[M::process] read 404982 sequences (40000118 bp)...
[M::mem_pestat] # candidate unique pairs for (FF, FR, RF, RR): (0, 195690, 8, 3)
[M::mem_pestat] skip orientation FF as there are not enough pairs
[M::mem_pestat] analyzing insert size distribution for orientation FR...
[M::mem_pestat] (25, 50, 75) percentile: (106, 128, 165)
[M::mem_pestat] low and high boundaries for computing mean and std.dev: (1, 283)
[M::mem_pestat] mean and std.dev: (136.55, 44.18)
[M::mem_pestat] low and high boundaries for proper pairs: (1, 342)
[M::mem_pestat] skip orientation RF as there are not enough pairs
[M::mem_pestat] skip orientation RR as there are not enough pairs
[M::mem_process_seqs] Processed 404138 reads in 16.993 CPU sec, 4.496 real sec
[M::process] read 403186 sequences (40000068 bp)...
[M::mem_pestat] # candidate unique pairs for (FF, FR, RF, RR): (4, 196091, 12, 6)
[M::mem_pestat] skip orientation FF as there are not enough pairs
[M::mem_pestat] analyzing insert size distribution for orientation FR...
[M::mem_pestat] (25, 50, 75) percentile: (106, 128, 165)
[M::mem_pestat] low and high boundaries for computing mean and std.dev: (1, 283)
[M::mem_pestat] mean and std.dev: (136.67, 44.11)
[M::mem_pestat] low and high boundaries for proper pairs: (1, 342)
[M::mem_pestat] analyzing insert size distribution for orientation RF...
[M::mem_pestat] (25, 50, 75) percentile: (32, 83, 1923)
[M::mem_pestat] low and high boundaries for computing mean and std.dev: (1, 5705)
[M::mem_pestat] mean and std.dev: (670.00, 1114.93)
[M::mem_pestat] low and high boundaries for proper pairs: (1, 7596)
[M::mem_pestat] skip orientation RR as there are not enough pairs
[M::mem_pestat] skip orientation RF
[M::mem_process_seqs] Processed 404982 reads in 16.082 CPU sec, 4.226 real sec
[M::process] read 402556 sequences (40000170 bp)...
[M::mem_pestat] # candidate unique pairs for (FF, FR, RF, RR): (4, 195112, 12, 3)
[M::mem_pestat] skip orientation FF as there are not enough pairs
[M::mem_pestat] analyzing insert size distribution for orientation FR...
[M::mem_pestat] (25, 50, 75) percentile: (106, 128, 165)
[M::mem_pestat] low and high boundaries for computing mean and std.dev: (1, 283)
[M::mem_pestat] mean and std.dev: (136.65, 44.15)
[M::mem_pestat] low and high boundaries for proper pairs: (1, 342)
[M::mem_pestat] analyzing insert size distribution for orientation RF...
[M::mem_pestat] (25, 50, 75) percentile: (19, 35, 105)
[M::mem_pestat] low and high boundaries for computing mean and std.dev: (1, 277)
[M::mem_pestat] mean and std.dev: (37.50, 35.97)
[M::mem_pestat] low and high boundaries for proper pairs: (1, 363)
[M::mem_pestat] skip orientation RR as there are not enough pairs
[M::mem_pestat] skip orientation RF
[M::mem_process_seqs] Processed 403186 reads in 15.363 CPU sec, 4.083 real sec
[M::process] read 401904 sequences (40000138 bp)...
[M::mem_pestat] # candidate unique pairs for (FF, FR, RF, RR): (3, 194661, 7, 2)
[M::mem_pestat] skip orientation FF as there are not enough pairs
[M::mem_pestat] analyzing insert size distribution for orientation FR...
[M::mem_pestat] (25, 50, 75) percentile: (106, 128, 165)
[M::mem_pestat] low and high boundaries for computing mean and std.dev: (1, 283)
[M::mem_pestat] mean and std.dev: (136.64, 44.07)
[M::mem_pestat] low and high boundaries for proper pairs: (1, 342)
[M::mem_pestat] skip orientation RF as there are not enough pairs
[M::mem_pestat] skip orientation RR as there are not enough pairs
[M::mem_process_seqs] Processed 402556 reads in 15.420 CPU sec, 4.073 real sec
[M::mem_pestat] # candidate unique pairs for (FF, FR, RF, RR): (2, 194360, 12, 3)
[M::mem_pestat] skip orientation FF as there are not enough pairs
[M::mem_pestat] analyzing insert size distribution for orientation FR...
[M::mem_pestat] (25, 50, 75) percentile: (106, 128, 164)
[M::mem_pestat] low and high boundaries for computing mean and std.dev: (1, 280)
[M::mem_pestat] mean and std.dev: (136.05, 43.74)
[M::mem_pestat] low and high boundaries for proper pairs: (1, 338)
[M::mem_pestat] analyzing insert size distribution for orientation RF...
[M::mem_pestat] (25, 50, 75) percentile: (21, 34, 445)
[M::mem_pestat] low and high boundaries for computing mean and std.dev: (1, 1293)
[M::mem_pestat] mean and std.dev: (123.55, 188.02)
[M::mem_pestat] low and high boundaries for proper pairs: (1, 1717)
[M::mem_pestat] skip orientation RR as there are not enough pairs
[M::mem_pestat] skip orientation RF
[M::mem_process_seqs] Processed 401904 reads in 14.313 CPU sec, 5.014 real sec
[M::process] read 402038 sequences (40000025 bp)...
[M::process] read 402116 sequences (40000073 bp)...
[M::mem_pestat] # candidate unique pairs for (FF, FR, RF, RR): (1, 194367, 8, 6)
[M::mem_pestat] skip orientation FF as there are not enough pairs
[M::mem_pestat] analyzing insert size distribution for orientation FR...
[M::mem_pestat] (25, 50, 75) percentile: (106, 128, 164)
[M::mem_pestat] low and high boundaries for computing mean and std.dev: (1, 280)
[M::mem_pestat] mean and std.dev: (136.01, 43.71)
[M::mem_pestat] low and high boundaries for proper pairs: (1, 338)
[M::mem_pestat] skip orientation RF as there are not enough pairs
[M::mem_pestat] skip orientation RR as there are not enough pairs
[M::mem_process_seqs] Processed 402038 reads in 14.222 CPU sec, 3.721 real sec
[M::process] read 402148 sequences (40000029 bp)...
[M::mem_pestat] # candidate unique pairs for (FF, FR, RF, RR): (3, 194355, 14, 3)
[M::mem_pestat] skip orientation FF as there are not enough pairs
[M::mem_pestat] analyzing insert size distribution for orientation FR...
[M::mem_pestat] (25, 50, 75) percentile: (106, 127, 163)
[M::mem_pestat] low and high boundaries for computing mean and std.dev: (1, 277)
[M::mem_pestat] mean and std.dev: (135.48, 43.27)
[M::mem_pestat] low and high boundaries for proper pairs: (1, 334)
[M::mem_pestat] analyzing insert size distribution for orientation RF...
[M::mem_pestat] (25, 50, 75) percentile: (13, 45, 79)
[M::mem_pestat] low and high boundaries for computing mean and std.dev: (1, 211)
[M::mem_pestat] mean and std.dev: (36.25, 33.00)
[M::mem_pestat] low and high boundaries for proper pairs: (1, 277)
[M::mem_pestat] skip orientation RR as there are not enough pairs
[M::mem_pestat] skip orientation RF
[M::mem_process_seqs] Processed 402116 reads in 14.957 CPU sec, 3.973 real sec
[M::process] read 402184 sequences (40000026 bp)...
[M::mem_pestat] # candidate unique pairs for (FF, FR, RF, RR): (6, 194526, 10, 6)
[M::mem_pestat] skip orientation FF as there are not enough pairs
[M::mem_pestat] analyzing insert size distribution for orientation FR...
[M::mem_pestat] (25, 50, 75) percentile: (106, 128, 164)
[M::mem_pestat] low and high boundaries for computing mean and std.dev: (1, 280)
[M::mem_pestat] mean and std.dev: (135.98, 43.69)
[M::mem_pestat] low and high boundaries for proper pairs: (1, 338)
[M::mem_pestat] analyzing insert size distribution for orientation RF...
[M::mem_pestat] (25, 50, 75) percentile: (10, 41, 54)
[M::mem_pestat] low and high boundaries for computing mean and std.dev: (1, 142)
[M::mem_pestat] mean and std.dev: (24.12, 19.88)
[M::mem_pestat] low and high boundaries for proper pairs: (1, 186)
[M::mem_pestat] skip orientation RR as there are not enough pairs
[M::mem_pestat] skip orientation RF
[M::mem_process_seqs] Processed 402148 reads in 13.478 CPU sec, 3.561 real sec
[M::process] read 402158 sequences (40000131 bp)...
[M::mem_pestat] # candidate unique pairs for (FF, FR, RF, RR): (6, 194577, 12, 2)
[M::mem_pestat] skip orientation FF as there are not enough pairs
[M::mem_pestat] analyzing insert size distribution for orientation FR...
[M::mem_pestat] (25, 50, 75) percentile: (106, 128, 163)
[M::mem_pestat] low and high boundaries for computing mean and std.dev: (1, 277)
[M::mem_pestat] mean and std.dev: (135.44, 43.19)
[M::mem_pestat] low and high boundaries for proper pairs: (1, 334)
[M::mem_pestat] analyzing insert size distribution for orientation RF...
[M::mem_pestat] (25, 50, 75) percentile: (39, 68, 631)
[M::mem_pestat] low and high boundaries for computing mean and std.dev: (1, 1815)
[M::mem_pestat] mean and std.dev: (144.10, 198.77)
[M::mem_pestat] low and high boundaries for proper pairs: (1, 2407)
[M::mem_pestat] skip orientation RR as there are not enough pairs
[M::mem_pestat] skip orientation RF
[M::mem_process_seqs] Processed 402184 reads in 15.223 CPU sec, 4.072 real sec
[M::process] read 402442 sequences (40000067 bp)...
[M::mem_pestat] # candidate unique pairs for (FF, FR, RF, RR): (1, 194601, 8, 4)
[M::mem_pestat] skip orientation FF as there are not enough pairs
[M::mem_pestat] analyzing insert size distribution for orientation FR...
[M::mem_pestat] (25, 50, 75) percentile: (106, 128, 163)
[M::mem_pestat] low and high boundaries for computing mean and std.dev: (1, 277)
[M::mem_pestat] mean and std.dev: (135.43, 43.19)
[M::mem_pestat] low and high boundaries for proper pairs: (1, 334)
[M::mem_pestat] skip orientation RF as there are not enough pairs
[M::mem_pestat] skip orientation RR as there are not enough pairs
[M::mem_process_seqs] Processed 402158 reads in 15.009 CPU sec, 4.199 real sec
[M::process] read 402554 sequences (40000185 bp)...
[M::mem_pestat] # candidate unique pairs for (FF, FR, RF, RR): (3, 194461, 8, 4)
[M::mem_pestat] skip orientation FF as there are not enough pairs
[M::mem_pestat] analyzing insert size distribution for orientation FR...
[M::mem_pestat] (25, 50, 75) percentile: (105, 128, 163)
[M::mem_pestat] low and high boundaries for computing mean and std.dev: (1, 279)
[M::mem_pestat] mean and std.dev: (135.66, 43.53)
[M::mem_pestat] low and high boundaries for proper pairs: (1, 337)
[M::mem_pestat] skip orientation RF as there are not enough pairs
[M::mem_pestat] skip orientation RR as there are not enough pairs
[M::mem_process_seqs] Processed 402442 reads in 13.296 CPU sec, 4.041 real sec
[M::process] read 402694 sequences (40000166 bp)...
[M::mem_pestat] # candidate unique pairs for (FF, FR, RF, RR): (5, 194530, 8, 5)
[M::mem_pestat] skip orientation FF as there are not enough pairs
[M::mem_pestat] analyzing insert size distribution for orientation FR...
[M::mem_pestat] (25, 50, 75) percentile: (105, 127, 163)
[M::mem_pestat] low and high boundaries for computing mean and std.dev: (1, 279)
[M::mem_pestat] mean and std.dev: (135.41, 43.54)
[M::mem_pestat] low and high boundaries for proper pairs: (1, 337)
[M::mem_pestat] skip orientation RF as there are not enough pairs
[M::mem_pestat] skip orientation RR as there are not enough pairs
[M::mem_process_seqs] Processed 402554 reads in 13.758 CPU sec, 3.637 real sec
[M::process] read 402760 sequences (40000150 bp)...
[M::mem_pestat] # candidate unique pairs for (FF, FR, RF, RR): (4, 194620, 8, 6)
[M::mem_pestat] skip orientation FF as there are not enough pairs
[M::mem_pestat] analyzing insert size distribution for orientation FR...
[M::mem_pestat] (25, 50, 75) percentile: (106, 127, 163)
[M::mem_pestat] low and high boundaries for computing mean and std.dev: (1, 277)
[M::mem_pestat] mean and std.dev: (135.35, 43.14)
[M::mem_pestat] low and high boundaries for proper pairs: (1, 334)
[M::mem_pestat] skip orientation RF as there are not enough pairs
[M::mem_pestat] skip orientation RR as there are not enough pairs
[M::mem_process_seqs] Processed 402694 reads in 13.833 CPU sec, 4.006 real sec
[M::process] read 404938 sequences (40000078 bp)...
[M::mem_pestat] # candidate unique pairs for (FF, FR, RF, RR): (0, 194464, 12, 4)
[M::mem_pestat] skip orientation FF as there are not enough pairs
[M::mem_pestat] analyzing insert size distribution for orientation FR...
[M::mem_pestat] (25, 50, 75) percentile: (105, 127, 162)
[M::mem_pestat] low and high boundaries for computing mean and std.dev: (1, 276)
[M::mem_pestat] mean and std.dev: (134.91, 42.94)
[M::mem_pestat] low and high boundaries for proper pairs: (1, 333)
[M::mem_pestat] analyzing insert size distribution for orientation RF...
[M::mem_pestat] (25, 50, 75) percentile: (14, 31, 46)
[M::mem_pestat] low and high boundaries for computing mean and std.dev: (1, 110)
[M::mem_pestat] mean and std.dev: (36.50, 28.07)
[M::mem_pestat] low and high boundaries for proper pairs: (1, 149)
[M::mem_pestat] skip orientation RR as there are not enough pairs
[M::mem_pestat] skip orientation RF
[M::mem_process_seqs] Processed 402760 reads in 14.262 CPU sec, 3.998 real sec
[M::process] read 403572 sequences (40000134 bp)...
[M::mem_pestat] # candidate unique pairs for (FF, FR, RF, RR): (1, 195716, 14, 7)
[M::mem_pestat] skip orientation FF as there are not enough pairs
[M::mem_pestat] analyzing insert size distribution for orientation FR...
[M::mem_pestat] (25, 50, 75) percentile: (105, 127, 162)
[M::mem_pestat] low and high boundaries for computing mean and std.dev: (1, 276)
[M::mem_pestat] mean and std.dev: (134.89, 42.77)
[M::mem_pestat] low and high boundaries for proper pairs: (1, 333)
[M::mem_pestat] analyzing insert size distribution for orientation RF...
[M::mem_pestat] (25, 50, 75) percentile: (26, 87, 549)
[M::mem_pestat] low and high boundaries for computing mean and std.dev: (1, 1595)
[M::mem_pestat] mean and std.dev: (184.58, 314.21)
[M::mem_pestat] low and high boundaries for proper pairs: (1, 2118)
[M::mem_pestat] skip orientation RR as there are not enough pairs
[M::mem_pestat] skip orientation RF
[M::mem_process_seqs] Processed 404938 reads in 13.641 CPU sec, 3.718 real sec
[M::process] read 134698 sequences (13352770 bp)...
[M::mem_pestat] # candidate unique pairs for (FF, FR, RF, RR): (4, 195092, 10, 4)
[M::mem_pestat] skip orientation FF as there are not enough pairs
[M::mem_pestat] analyzing insert size distribution for orientation FR...
[M::mem_pestat] (25, 50, 75) percentile: (105, 127, 162)
[M::mem_pestat] low and high boundaries for computing mean and std.dev: (1, 276)
[M::mem_pestat] mean and std.dev: (134.92, 42.88)
[M::mem_pestat] low and high boundaries for proper pairs: (1, 333)
[M::mem_pestat] analyzing insert size distribution for orientation RF...
[M::mem_pestat] (25, 50, 75) percentile: (12, 152, 1274)
[M::mem_pestat] low and high boundaries for computing mean and std.dev: (1, 3798)
[M::mem_pestat] mean and std.dev: (840.40, 1243.28)
[M::mem_pestat] low and high boundaries for proper pairs: (1, 5814)
[M::mem_pestat] skip orientation RR as there are not enough pairs
[M::mem_pestat] skip orientation RF
[M::mem_process_seqs] Processed 403572 reads in 13.577 CPU sec, 3.828 real sec
[M::mem_pestat] # candidate unique pairs for (FF, FR, RF, RR): (2, 65021, 3, 2)
[M::mem_pestat] skip orientation FF as there are not enough pairs
[M::mem_pestat] analyzing insert size distribution for orientation FR...
[M::mem_pestat] (25, 50, 75) percentile: (105, 127, 162)
[M::mem_pestat] low and high boundaries for computing mean and std.dev: (1, 276)
[M::mem_pestat] mean and std.dev: (134.87, 42.81)
[M::mem_pestat] low and high boundaries for proper pairs: (1, 333)
[M::mem_pestat] skip orientation RF as there are not enough pairs
[M::mem_pestat] skip orientation RR as there are not enough pairs
[M::mem_process_seqs] Processed 134698 reads in 4.999 CPU sec, 1.389 real sec
[main] Version: 0.7.19-r1273
[main] CMD: bwa mem -t 4 data/tmp/2_canu_assembly/paper1_e745.contigs.fasta data/1_Zhang_2017/transcriptomics_data/RNA-Seq_BH/trimmed/trim_paired_ERR1797972_pass_1.fastq.gz data/1_Zhang_2017/transcriptomics_data/RNA-Seq_BH/trimmed/trim_paired_ERR1797972_pass_2.fastq.gz
[main] Real time: 276.210 sec; CPU: 978.286 sec
[bam_sort_core] merging from 2 files and 4 in-memory blocks...
+ samtools index data/tmp/7_bwa_rna/BH_ERR1797972.sorted.bam
+ for acc in ERR1797972 ERR1797973 ERR1797974
+ bwa mem -t 4 data/tmp/2_canu_assembly/paper1_e745.contigs.fasta data/1_Zhang_2017/transcriptomics_data/RNA-Seq_BH/trimmed/trim_paired_ERR1797973_pass_1.fastq.gz data/1_Zhang_2017/transcriptomics_data/RNA-Seq_BH/trimmed/trim_paired_ERR1797973_pass_2.fastq.gz
+ samtools sort -@ 4 -o data/tmp/7_bwa_rna/BH_ERR1797973.sorted.bam -
[M::bwa_idx_load_from_disk] read 0 ALT contigs
[M::process] read 401682 sequences (40000163 bp)...
[M::process] read 401888 sequences (40000003 bp)...
[M::mem_pestat] # candidate unique pairs for (FF, FR, RF, RR): (4, 194570, 4, 5)
[M::mem_pestat] skip orientation FF as there are not enough pairs
[M::mem_pestat] analyzing insert size distribution for orientation FR...
[M::mem_pestat] (25, 50, 75) percentile: (110, 135, 177)
[M::mem_pestat] low and high boundaries for computing mean and std.dev: (1, 311)
[M::mem_pestat] mean and std.dev: (145.06, 49.79)
[M::mem_pestat] low and high boundaries for proper pairs: (1, 378)
[M::mem_pestat] skip orientation RF as there are not enough pairs
[M::mem_pestat] skip orientation RR as there are not enough pairs
[M::mem_process_seqs] Processed 401682 reads in 13.210 CPU sec, 3.448 real sec
[M::process] read 401784 sequences (40000023 bp)...
[M::mem_pestat] # candidate unique pairs for (FF, FR, RF, RR): (2, 194978, 7, 2)
[M::mem_pestat] skip orientation FF as there are not enough pairs
[M::mem_pestat] analyzing insert size distribution for orientation FR...
[M::mem_pestat] (25, 50, 75) percentile: (110, 135, 177)
[M::mem_pestat] low and high boundaries for computing mean and std.dev: (1, 311)
[M::mem_pestat] mean and std.dev: (145.05, 49.54)
[M::mem_pestat] low and high boundaries for proper pairs: (1, 378)
[M::mem_pestat] skip orientation RF as there are not enough pairs
[M::mem_pestat] skip orientation RR as there are not enough pairs
[M::mem_process_seqs] Processed 401888 reads in 13.859 CPU sec, 3.684 real sec
[M::process] read 401784 sequences (40000025 bp)...
[M::mem_pestat] # candidate unique pairs for (FF, FR, RF, RR): (2, 194797, 10, 5)
[M::mem_pestat] skip orientation FF as there are not enough pairs
[M::mem_pestat] analyzing insert size distribution for orientation FR...
[M::mem_pestat] (25, 50, 75) percentile: (110, 135, 177)
[M::mem_pestat] low and high boundaries for computing mean and std.dev: (1, 311)
[M::mem_pestat] mean and std.dev: (144.89, 49.57)
[M::mem_pestat] low and high boundaries for proper pairs: (1, 378)
[M::mem_pestat] analyzing insert size distribution for orientation RF...
[M::mem_pestat] (25, 50, 75) percentile: (26, 133, 3364)
[M::mem_pestat] low and high boundaries for computing mean and std.dev: (1, 10040)
[M::mem_pestat] mean and std.dev: (2059.50, 3379.35)
[M::mem_pestat] low and high boundaries for proper pairs: (1, 15577)
[M::mem_pestat] skip orientation RR as there are not enough pairs
[M::mem_pestat] skip orientation RF
[M::mem_process_seqs] Processed 401784 reads in 13.331 CPU sec, 3.472 real sec
[M::process] read 401982 sequences (40000185 bp)...
[M::mem_pestat] # candidate unique pairs for (FF, FR, RF, RR): (4, 194586, 7, 3)
[M::mem_pestat] skip orientation FF as there are not enough pairs
[M::mem_pestat] analyzing insert size distribution for orientation FR...
[M::mem_pestat] (25, 50, 75) percentile: (110, 135, 176)
[M::mem_pestat] low and high boundaries for computing mean and std.dev: (1, 308)
[M::mem_pestat] mean and std.dev: (144.48, 49.03)
[M::mem_pestat] low and high boundaries for proper pairs: (1, 374)
[M::mem_pestat] skip orientation RF as there are not enough pairs
[M::mem_pestat] skip orientation RR as there are not enough pairs
[M::mem_process_seqs] Processed 401784 reads in 13.292 CPU sec, 3.680 real sec
[M::process] read 401972 sequences (40000037 bp)...
[M::mem_pestat] # candidate unique pairs for (FF, FR, RF, RR): (3, 194753, 9, 5)
[M::mem_pestat] skip orientation FF as there are not enough pairs
[M::mem_pestat] analyzing insert size distribution for orientation FR...
[M::mem_pestat] (25, 50, 75) percentile: (110, 135, 176)
[M::mem_pestat] low and high boundaries for computing mean and std.dev: (1, 308)
[M::mem_pestat] mean and std.dev: (144.30, 48.91)
[M::mem_pestat] low and high boundaries for proper pairs: (1, 374)
[M::mem_pestat] skip orientation RF as there are not enough pairs
[M::mem_pestat] skip orientation RR as there are not enough pairs
[M::mem_process_seqs] Processed 401982 reads in 13.670 CPU sec, 3.675 real sec
[M::process] read 402028 sequences (40000111 bp)...
[M::mem_pestat] # candidate unique pairs for (FF, FR, RF, RR): (5, 194709, 6, 1)
[M::mem_pestat] skip orientation FF as there are not enough pairs
[M::mem_pestat] analyzing insert size distribution for orientation FR...
[M::mem_pestat] (25, 50, 75) percentile: (110, 135, 176)
[M::mem_pestat] low and high boundaries for computing mean and std.dev: (1, 308)
[M::mem_pestat] mean and std.dev: (144.30, 48.90)
[M::mem_pestat] low and high boundaries for proper pairs: (1, 374)
[M::mem_pestat] skip orientation RF as there are not enough pairs
[M::mem_pestat] skip orientation RR as there are not enough pairs
[M::mem_process_seqs] Processed 401972 reads in 14.602 CPU sec, 3.869 real sec
[M::process] read 402094 sequences (40000197 bp)...
[M::mem_pestat] # candidate unique pairs for (FF, FR, RF, RR): (3, 194768, 14, 2)
[M::mem_pestat] skip orientation FF as there are not enough pairs
[M::mem_pestat] analyzing insert size distribution for orientation FR...
[M::mem_pestat] (25, 50, 75) percentile: (109, 134, 176)
[M::mem_pestat] low and high boundaries for computing mean and std.dev: (1, 310)
[M::mem_pestat] mean and std.dev: (144.36, 49.30)
[M::mem_pestat] low and high boundaries for proper pairs: (1, 377)
[M::mem_pestat] analyzing insert size distribution for orientation RF...
[M::mem_pestat] (25, 50, 75) percentile: (2, 17, 244)
[M::mem_pestat] low and high boundaries for computing mean and std.dev: (1, 728)
[M::mem_pestat] mean and std.dev: (36.36, 67.70)
[M::mem_pestat] low and high boundaries for proper pairs: (1, 970)
[M::mem_pestat] skip orientation RR as there are not enough pairs
[M::mem_pestat] skip orientation RF
[M::mem_process_seqs] Processed 402028 reads in 14.534 CPU sec, 3.873 real sec
[M::process] read 402044 sequences (40000105 bp)...
[M::mem_pestat] # candidate unique pairs for (FF, FR, RF, RR): (6, 194836, 7, 2)
[M::mem_pestat] skip orientation FF as there are not enough pairs
[M::mem_pestat] analyzing insert size distribution for orientation FR...
[M::mem_pestat] (25, 50, 75) percentile: (109, 134, 175)
[M::mem_pestat] low and high boundaries for computing mean and std.dev: (1, 307)
[M::mem_pestat] mean and std.dev: (143.87, 48.71)
[M::mem_pestat] low and high boundaries for proper pairs: (1, 373)
[M::mem_pestat] skip orientation RF as there are not enough pairs
[M::mem_pestat] skip orientation RR as there are not enough pairs
[M::mem_process_seqs] Processed 402094 reads in 14.448 CPU sec, 3.840 real sec
[M::process] read 402190 sequences (40000062 bp)...
[M::mem_pestat] # candidate unique pairs for (FF, FR, RF, RR): (1, 194602, 9, 4)
[M::mem_pestat] skip orientation FF as there are not enough pairs
[M::mem_pestat] analyzing insert size distribution for orientation FR...
[M::mem_pestat] (25, 50, 75) percentile: (109, 134, 175)
[M::mem_pestat] low and high boundaries for computing mean and std.dev: (1, 307)
[M::mem_pestat] mean and std.dev: (143.65, 48.56)
[M::mem_pestat] low and high boundaries for proper pairs: (1, 373)
[M::mem_pestat] skip orientation RF as there are not enough pairs
[M::mem_pestat] skip orientation RR as there are not enough pairs
[M::mem_process_seqs] Processed 402044 reads in 14.911 CPU sec, 3.943 real sec
[M::process] read 402326 sequences (40000115 bp)...
[M::mem_pestat] # candidate unique pairs for (FF, FR, RF, RR): (11, 194607, 7, 8)
[M::mem_pestat] analyzing insert size distribution for orientation FF...
[M::mem_pestat] (25, 50, 75) percentile: (3777, 5917, 6607)
[M::mem_pestat] low and high boundaries for computing mean and std.dev: (1, 12267)
[M::mem_pestat] mean and std.dev: (5524.82, 1910.27)
[M::mem_pestat] low and high boundaries for proper pairs: (1, 15097)
[M::mem_pestat] analyzing insert size distribution for orientation FR...
[M::mem_pestat] (25, 50, 75) percentile: (109, 134, 175)
[M::mem_pestat] low and high boundaries for computing mean and std.dev: (1, 307)
[M::mem_pestat] mean and std.dev: (143.74, 48.66)
[M::mem_pestat] low and high boundaries for proper pairs: (1, 373)
[M::mem_pestat] skip orientation RF as there are not enough pairs
[M::mem_pestat] skip orientation RR as there are not enough pairs
[M::mem_pestat] skip orientation FF
[M::mem_process_seqs] Processed 402190 reads in 14.532 CPU sec, 3.861 real sec
[M::process] read 402318 sequences (40000033 bp)...
[M::mem_pestat] # candidate unique pairs for (FF, FR, RF, RR): (3, 194525, 7, 6)
[M::mem_pestat] skip orientation FF as there are not enough pairs
[M::mem_pestat] analyzing insert size distribution for orientation FR...
[M::mem_pestat] (25, 50, 75) percentile: (109, 134, 174)
[M::mem_pestat] low and high boundaries for computing mean and std.dev: (1, 304)
[M::mem_pestat] mean and std.dev: (143.22, 47.97)
[M::mem_pestat] low and high boundaries for proper pairs: (1, 369)
[M::mem_pestat] skip orientation RF as there are not enough pairs
[M::mem_pestat] skip orientation RR as there are not enough pairs
[M::mem_process_seqs] Processed 402326 reads in 14.686 CPU sec, 3.825 real sec
[M::process] read 402690 sequences (40000180 bp)...
[M::mem_pestat] # candidate unique pairs for (FF, FR, RF, RR): (4, 194921, 7, 2)
[M::mem_pestat] skip orientation FF as there are not enough pairs
[M::mem_pestat] analyzing insert size distribution for orientation FR...
[M::mem_pestat] (25, 50, 75) percentile: (109, 134, 174)
[M::mem_pestat] low and high boundaries for computing mean and std.dev: (1, 304)
[M::mem_pestat] mean and std.dev: (143.18, 47.93)
[M::mem_pestat] low and high boundaries for proper pairs: (1, 369)
[M::mem_pestat] skip orientation RF as there are not enough pairs
[M::mem_pestat] skip orientation RR as there are not enough pairs
[M::mem_process_seqs] Processed 402318 reads in 14.284 CPU sec, 3.827 real sec
[M::process] read 402850 sequences (40000012 bp)...
[M::mem_pestat] # candidate unique pairs for (FF, FR, RF, RR): (1, 194814, 12, 4)
[M::mem_pestat] skip orientation FF as there are not enough pairs
[M::mem_pestat] analyzing insert size distribution for orientation FR...
[M::mem_pestat] (25, 50, 75) percentile: (109, 134, 174)
[M::mem_pestat] low and high boundaries for computing mean and std.dev: (1, 304)
[M::mem_pestat] mean and std.dev: (143.13, 47.95)
[M::mem_pestat] low and high boundaries for proper pairs: (1, 369)
[M::mem_pestat] analyzing insert size distribution for orientation RF...
[M::mem_pestat] (25, 50, 75) percentile: (6, 93, 203)
[M::mem_pestat] low and high boundaries for computing mean and std.dev: (1, 597)
[M::mem_pestat] mean and std.dev: (93.00, 99.24)
[M::mem_pestat] low and high boundaries for proper pairs: (1, 794)
[M::mem_pestat] skip orientation RR as there are not enough pairs
[M::mem_pestat] skip orientation RF
[M::mem_process_seqs] Processed 402690 reads in 14.165 CPU sec, 3.764 real sec
[M::process] read 403814 sequences (40000183 bp)...
[M::mem_pestat] # candidate unique pairs for (FF, FR, RF, RR): (4, 194985, 6, 4)
[M::mem_pestat] skip orientation FF as there are not enough pairs
[M::mem_pestat] analyzing insert size distribution for orientation FR...
[M::mem_pestat] (25, 50, 75) percentile: (109, 133, 173)
[M::mem_pestat] low and high boundaries for computing mean and std.dev: (1, 301)
[M::mem_pestat] mean and std.dev: (142.53, 47.43)
[M::mem_pestat] low and high boundaries for proper pairs: (1, 365)
[M::mem_pestat] skip orientation RF as there are not enough pairs
[M::mem_pestat] skip orientation RR as there are not enough pairs
[M::mem_process_seqs] Processed 402850 reads in 14.911 CPU sec, 3.908 real sec
[M::process] read 403596 sequences (40000023 bp)...
[M::mem_pestat] # candidate unique pairs for (FF, FR, RF, RR): (1, 195435, 7, 1)
[M::mem_pestat] skip orientation FF as there are not enough pairs
[M::mem_pestat] analyzing insert size distribution for orientation FR...
[M::mem_pestat] (25, 50, 75) percentile: (109, 133, 173)
[M::mem_pestat] low and high boundaries for computing mean and std.dev: (1, 301)
[M::mem_pestat] mean and std.dev: (142.40, 47.37)
[M::mem_pestat] low and high boundaries for proper pairs: (1, 365)
[M::mem_pestat] skip orientation RF as there are not enough pairs
[M::mem_pestat] skip orientation RR as there are not enough pairs
[M::mem_process_seqs] Processed 403814 reads in 12.872 CPU sec, 3.641 real sec
[M::process] read 404062 sequences (40000039 bp)...
[M::mem_pestat] # candidate unique pairs for (FF, FR, RF, RR): (5, 195349, 6, 6)
[M::mem_pestat] skip orientation FF as there are not enough pairs
[M::mem_pestat] analyzing insert size distribution for orientation FR...
[M::mem_pestat] (25, 50, 75) percentile: (109, 133, 172)
[M::mem_pestat] low and high boundaries for computing mean and std.dev: (1, 298)
[M::mem_pestat] mean and std.dev: (141.97, 46.84)
[M::mem_pestat] low and high boundaries for proper pairs: (1, 361)
[M::mem_pestat] skip orientation RF as there are not enough pairs
[M::mem_pestat] skip orientation RR as there are not enough pairs
[M::mem_process_seqs] Processed 403596 reads in 13.999 CPU sec, 3.930 real sec
[M::process] read 401676 sequences (40000001 bp)...
[M::mem_pestat] # candidate unique pairs for (FF, FR, RF, RR): (8, 195896, 11, 1)
[M::mem_pestat] skip orientation FF as there are not enough pairs
[M::mem_pestat] analyzing insert size distribution for orientation FR...
[M::mem_pestat] (25, 50, 75) percentile: (109, 133, 172)
[M::mem_pestat] low and high boundaries for computing mean and std.dev: (1, 298)
[M::mem_pestat] mean and std.dev: (142.23, 46.82)
[M::mem_pestat] low and high boundaries for proper pairs: (1, 361)
[M::mem_pestat] analyzing insert size distribution for orientation RF...
[M::mem_pestat] (25, 50, 75) percentile: (10, 24, 1434)
[M::mem_pestat] low and high boundaries for computing mean and std.dev: (1, 4282)
[M::mem_pestat] mean and std.dev: (203.44, 442.04)
[M::mem_pestat] low and high boundaries for proper pairs: (1, 5706)
[M::mem_pestat] skip orientation RR as there are not enough pairs
[M::mem_pestat] skip orientation RF
[M::mem_process_seqs] Processed 404062 reads in 14.223 CPU sec, 4.022 real sec
[M::process] read 401904 sequences (40000133 bp)...
[M::mem_pestat] # candidate unique pairs for (FF, FR, RF, RR): (5, 194808, 8, 3)
[M::mem_pestat] skip orientation FF as there are not enough pairs
[M::mem_pestat] analyzing insert size distribution for orientation FR...
[M::mem_pestat] (25, 50, 75) percentile: (110, 136, 177)
[M::mem_pestat] low and high boundaries for computing mean and std.dev: (1, 311)
[M::mem_pestat] mean and std.dev: (145.13, 49.56)
[M::mem_pestat] low and high boundaries for proper pairs: (1, 378)
[M::mem_pestat] skip orientation RF as there are not enough pairs
[M::mem_pestat] skip orientation RR as there are not enough pairs
[M::mem_process_seqs] Processed 401676 reads in 13.380 CPU sec, 3.507 real sec
[M::process] read 401918 sequences (40000176 bp)...
[M::mem_pestat] # candidate unique pairs for (FF, FR, RF, RR): (4, 194672, 7, 4)
[M::mem_pestat] skip orientation FF as there are not enough pairs
[M::mem_pestat] analyzing insert size distribution for orientation FR...
[M::mem_pestat] (25, 50, 75) percentile: (110, 135, 177)
[M::mem_pestat] low and high boundaries for computing mean and std.dev: (1, 311)
[M::mem_pestat] mean and std.dev: (145.15, 49.53)
[M::mem_pestat] low and high boundaries for proper pairs: (1, 378)
[M::mem_pestat] skip orientation RF as there are not enough pairs
[M::mem_pestat] skip orientation RR as there are not enough pairs
[M::mem_process_seqs] Processed 401904 reads in 13.072 CPU sec, 3.509 real sec
[M::process] read 401788 sequences (40000011 bp)...
[M::mem_pestat] # candidate unique pairs for (FF, FR, RF, RR): (3, 194853, 3, 0)
[M::mem_pestat] skip orientation FF as there are not enough pairs
[M::mem_pestat] analyzing insert size distribution for orientation FR...
[M::mem_pestat] (25, 50, 75) percentile: (110, 135, 176)
[M::mem_pestat] low and high boundaries for computing mean and std.dev: (1, 308)
[M::mem_pestat] mean and std.dev: (144.74, 49.01)
[M::mem_pestat] low and high boundaries for proper pairs: (1, 374)
[M::mem_pestat] skip orientation RF as there are not enough pairs
[M::mem_pestat] skip orientation RR as there are not enough pairs
[M::mem_process_seqs] Processed 401918 reads in 12.732 CPU sec, 3.742 real sec
[M::process] read 402010 sequences (40000007 bp)...
[M::mem_pestat] # candidate unique pairs for (FF, FR, RF, RR): (1, 194693, 7, 2)
[M::mem_pestat] skip orientation FF as there are not enough pairs
[M::mem_pestat] analyzing insert size distribution for orientation FR...
[M::mem_pestat] (25, 50, 75) percentile: (110, 135, 176)
[M::mem_pestat] low and high boundaries for computing mean and std.dev: (1, 308)
[M::mem_pestat] mean and std.dev: (144.72, 49.13)
[M::mem_pestat] low and high boundaries for proper pairs: (1, 374)
[M::mem_pestat] skip orientation RF as there are not enough pairs
[M::mem_pestat] skip orientation RR as there are not enough pairs
[M::mem_process_seqs] Processed 401788 reads in 14.103 CPU sec, 3.778 real sec
[M::process] read 401932 sequences (40000003 bp)...
[M::mem_pestat] # candidate unique pairs for (FF, FR, RF, RR): (3, 194779, 5, 3)
[M::mem_pestat] skip orientation FF as there are not enough pairs
[M::mem_pestat] analyzing insert size distribution for orientation FR...
[M::mem_pestat] (25, 50, 75) percentile: (110, 135, 176)
[M::mem_pestat] low and high boundaries for computing mean and std.dev: (1, 308)
[M::mem_pestat] mean and std.dev: (144.63, 49.05)
[M::mem_pestat] low and high boundaries for proper pairs: (1, 374)
[M::mem_pestat] skip orientation RF as there are not enough pairs
[M::mem_pestat] skip orientation RR as there are not enough pairs
[M::mem_process_seqs] Processed 402010 reads in 13.009 CPU sec, 3.645 real sec
[M::process] read 402068 sequences (40000041 bp)...
[M::mem_pestat] # candidate unique pairs for (FF, FR, RF, RR): (4, 194652, 5, 7)
[M::mem_pestat] skip orientation FF as there are not enough pairs
[M::mem_pestat] analyzing insert size distribution for orientation FR...
[M::mem_pestat] (25, 50, 75) percentile: (110, 135, 176)
[M::mem_pestat] low and high boundaries for computing mean and std.dev: (1, 308)
[M::mem_pestat] mean and std.dev: (144.53, 49.06)
[M::mem_pestat] low and high boundaries for proper pairs: (1, 374)
[M::mem_pestat] skip orientation RF as there are not enough pairs
[M::mem_pestat] skip orientation RR as there are not enough pairs
[M::mem_process_seqs] Processed 401932 reads in 13.044 CPU sec, 3.497 real sec
[M::process] read 401972 sequences (40000129 bp)...
[M::mem_pestat] # candidate unique pairs for (FF, FR, RF, RR): (7, 194619, 8, 2)
[M::mem_pestat] skip orientation FF as there are not enough pairs
[M::mem_pestat] analyzing insert size distribution for orientation FR...
[M::mem_pestat] (25, 50, 75) percentile: (110, 135, 176)
[M::mem_pestat] low and high boundaries for computing mean and std.dev: (1, 308)
[M::mem_pestat] mean and std.dev: (144.24, 48.92)
[M::mem_pestat] low and high boundaries for proper pairs: (1, 374)
[M::mem_pestat] skip orientation RF as there are not enough pairs
[M::mem_pestat] skip orientation RR as there are not enough pairs
[M::mem_process_seqs] Processed 402068 reads in 14.630 CPU sec, 3.851 real sec
[M::process] read 402126 sequences (40000006 bp)...
[M::mem_pestat] # candidate unique pairs for (FF, FR, RF, RR): (3, 194798, 7, 3)
[M::mem_pestat] skip orientation FF as there are not enough pairs
[M::mem_pestat] analyzing insert size distribution for orientation FR...
[M::mem_pestat] (25, 50, 75) percentile: (109, 134, 175)
[M::mem_pestat] low and high boundaries for computing mean and std.dev: (1, 307)
[M::mem_pestat] mean and std.dev: (143.95, 48.72)
[M::mem_pestat] low and high boundaries for proper pairs: (1, 373)
[M::mem_pestat] skip orientation RF as there are not enough pairs
[M::mem_pestat] skip orientation RR as there are not enough pairs
[M::mem_process_seqs] Processed 401972 reads in 14.291 CPU sec, 3.827 real sec
[M::process] read 402132 sequences (40000023 bp)...
[M::mem_pestat] # candidate unique pairs for (FF, FR, RF, RR): (2, 194734, 10, 1)
[M::mem_pestat] skip orientation FF as there are not enough pairs
[M::mem_pestat] analyzing insert size distribution for orientation FR...
[M::mem_pestat] (25, 50, 75) percentile: (109, 134, 175)
[M::mem_pestat] low and high boundaries for computing mean and std.dev: (1, 307)
[M::mem_pestat] mean and std.dev: (143.81, 48.72)
[M::mem_pestat] low and high boundaries for proper pairs: (1, 373)
[M::mem_pestat] analyzing insert size distribution for orientation RF...
[M::mem_pestat] (25, 50, 75) percentile: (12, 54, 356)
[M::mem_pestat] low and high boundaries for computing mean and std.dev: (1, 1044)
[M::mem_pestat] mean and std.dev: (153.11, 188.20)
[M::mem_pestat] low and high boundaries for proper pairs: (1, 1388)
[M::mem_pestat] skip orientation RR as there are not enough pairs
[M::mem_pestat] skip orientation RF
[M::mem_process_seqs] Processed 402126 reads in 14.011 CPU sec, 3.719 real sec
[M::process] read 402234 sequences (40000136 bp)...
[M::mem_pestat] # candidate unique pairs for (FF, FR, RF, RR): (1, 194720, 8, 7)
[M::mem_pestat] skip orientation FF as there are not enough pairs
[M::mem_pestat] analyzing insert size distribution for orientation FR...
[M::mem_pestat] (25, 50, 75) percentile: (109, 134, 175)
[M::mem_pestat] low and high boundaries for computing mean and std.dev: (1, 307)
[M::mem_pestat] mean and std.dev: (143.90, 48.68)
[M::mem_pestat] low and high boundaries for proper pairs: (1, 373)
[M::mem_pestat] skip orientation RF as there are not enough pairs
[M::mem_pestat] skip orientation RR as there are not enough pairs
[M::mem_process_seqs] Processed 402132 reads in 14.504 CPU sec, 3.880 real sec
[M::process] read 402312 sequences (40000111 bp)...
[M::mem_pestat] # candidate unique pairs for (FF, FR, RF, RR): (6, 194670, 11, 6)
[M::mem_pestat] skip orientation FF as there are not enough pairs
[M::mem_pestat] analyzing insert size distribution for orientation FR...
[M::mem_pestat] (25, 50, 75) percentile: (109, 134, 175)
[M::mem_pestat] low and high boundaries for computing mean and std.dev: (1, 307)
[M::mem_pestat] mean and std.dev: (143.69, 48.45)
[M::mem_pestat] low and high boundaries for proper pairs: (1, 373)
[M::mem_pestat] analyzing insert size distribution for orientation RF...
[M::mem_pestat] (25, 50, 75) percentile: (13, 14, 157)
[M::mem_pestat] low and high boundaries for computing mean and std.dev: (1, 445)
[M::mem_pestat] mean and std.dev: (35.44, 46.33)
[M::mem_pestat] low and high boundaries for proper pairs: (1, 589)
[M::mem_pestat] skip orientation RR as there are not enough pairs
[M::mem_pestat] skip orientation RF
[M::mem_process_seqs] Processed 402234 reads in 14.949 CPU sec, 3.932 real sec
[M::mem_pestat] # candidate unique pairs for (FF, FR, RF, RR): (1, 194878, 9, 5)
[M::mem_pestat] skip orientation FF as there are not enough pairs
[M::mem_pestat] analyzing insert size distribution for orientation FR...
[M::mem_pestat] (25, 50, 75) percentile: (109, 134, 174)
[M::mem_pestat] low and high boundaries for computing mean and std.dev: (1, 304)
[M::mem_pestat] mean and std.dev: (143.35, 48.01)
[M::mem_pestat] low and high boundaries for proper pairs: (1, 369)
[M::mem_pestat] skip orientation RF as there are not enough pairs
[M::mem_pestat] skip orientation RR as there are not enough pairs
[M::mem_process_seqs] Processed 402312 reads in 13.892 CPU sec, 4.826 real sec
[M::process] read 402642 sequences (40000072 bp)...
[M::process] read 402562 sequences (40000056 bp)...
[M::mem_pestat] # candidate unique pairs for (FF, FR, RF, RR): (8, 194927, 13, 2)
[M::mem_pestat] skip orientation FF as there are not enough pairs
[M::mem_pestat] analyzing insert size distribution for orientation FR...
[M::mem_pestat] (25, 50, 75) percentile: (109, 134, 174)
[M::mem_pestat] low and high boundaries for computing mean and std.dev: (1, 304)
[M::mem_pestat] mean and std.dev: (143.10, 47.84)
[M::mem_pestat] low and high boundaries for proper pairs: (1, 369)
[M::mem_pestat] analyzing insert size distribution for orientation RF...
[M::mem_pestat] (25, 50, 75) percentile: (38, 80, 1663)
[M::mem_pestat] low and high boundaries for computing mean and std.dev: (1, 4913)
[M::mem_pestat] mean and std.dev: (640.77, 989.29)
[M::mem_pestat] low and high boundaries for proper pairs: (1, 6538)
[M::mem_pestat] skip orientation RR as there are not enough pairs
[M::mem_pestat] skip orientation RF
[M::mem_process_seqs] Processed 402642 reads in 13.784 CPU sec, 3.717 real sec
[M::process] read 403312 sequences (40000067 bp)...
[M::mem_pestat] # candidate unique pairs for (FF, FR, RF, RR): (0, 194987, 10, 1)
[M::mem_pestat] skip orientation FF as there are not enough pairs
[M::mem_pestat] analyzing insert size distribution for orientation FR...
[M::mem_pestat] (25, 50, 75) percentile: (109, 134, 174)
[M::mem_pestat] low and high boundaries for computing mean and std.dev: (1, 304)
[M::mem_pestat] mean and std.dev: (143.08, 47.91)
[M::mem_pestat] low and high boundaries for proper pairs: (1, 369)
[M::mem_pestat] analyzing insert size distribution for orientation RF...
[M::mem_pestat] (25, 50, 75) percentile: (6, 41, 103)
[M::mem_pestat] low and high boundaries for computing mean and std.dev: (1, 297)
[M::mem_pestat] mean and std.dev: (33.38, 34.33)
[M::mem_pestat] low and high boundaries for proper pairs: (1, 394)
[M::mem_pestat] skip orientation RR as there are not enough pairs
[M::mem_pestat] skip orientation RF
[M::mem_process_seqs] Processed 402562 reads in 14.244 CPU sec, 3.813 real sec
[M::process] read 404856 sequences (40000069 bp)...
[M::mem_pestat] # candidate unique pairs for (FF, FR, RF, RR): (2, 195231, 6, 4)
[M::mem_pestat] skip orientation FF as there are not enough pairs
[M::mem_pestat] analyzing insert size distribution for orientation FR...
[M::mem_pestat] (25, 50, 75) percentile: (109, 133, 173)
[M::mem_pestat] low and high boundaries for computing mean and std.dev: (1, 301)
[M::mem_pestat] mean and std.dev: (142.62, 47.38)
[M::mem_pestat] low and high boundaries for proper pairs: (1, 365)
[M::mem_pestat] skip orientation RF as there are not enough pairs
[M::mem_pestat] skip orientation RR as there are not enough pairs
[M::mem_process_seqs] Processed 403312 reads in 13.442 CPU sec, 3.662 real sec
[M::process] read 403694 sequences (40000154 bp)...
[M::mem_pestat] # candidate unique pairs for (FF, FR, RF, RR): (2, 195832, 6, 3)
[M::mem_pestat] skip orientation FF as there are not enough pairs
[M::mem_pestat] analyzing insert size distribution for orientation FR...
[M::mem_pestat] (25, 50, 75) percentile: (109, 134, 173)
[M::mem_pestat] low and high boundaries for computing mean and std.dev: (1, 301)
[M::mem_pestat] mean and std.dev: (142.72, 47.34)
[M::mem_pestat] low and high boundaries for proper pairs: (1, 365)
[M::mem_pestat] skip orientation RF as there are not enough pairs
[M::mem_pestat] skip orientation RR as there are not enough pairs
[M::mem_process_seqs] Processed 404856 reads in 15.153 CPU sec, 4.017 real sec
[M::process] read 401876 sequences (40000092 bp)...
[M::mem_pestat] # candidate unique pairs for (FF, FR, RF, RR): (4, 195433, 10, 2)
[M::mem_pestat] skip orientation FF as there are not enough pairs
[M::mem_pestat] analyzing insert size distribution for orientation FR...
[M::mem_pestat] (25, 50, 75) percentile: (109, 133, 173)
[M::mem_pestat] low and high boundaries for computing mean and std.dev: (1, 301)
[M::mem_pestat] mean and std.dev: (142.47, 47.44)
[M::mem_pestat] low and high boundaries for proper pairs: (1, 365)
[M::mem_pestat] analyzing insert size distribution for orientation RF...
[M::mem_pestat] (25, 50, 75) percentile: (8, 30, 42)
[M::mem_pestat] low and high boundaries for computing mean and std.dev: (1, 110)
[M::mem_pestat] mean and std.dev: (20.88, 12.81)
[M::mem_pestat] low and high boundaries for proper pairs: (1, 144)
[M::mem_pestat] skip orientation RR as there are not enough pairs
[M::mem_pestat] skip orientation RF
[M::mem_process_seqs] Processed 403694 reads in 14.859 CPU sec, 3.995 real sec
[M::process] read 402016 sequences (40000001 bp)...
[M::mem_pestat] # candidate unique pairs for (FF, FR, RF, RR): (3, 194703, 12, 8)
[M::mem_pestat] skip orientation FF as there are not enough pairs
[M::mem_pestat] analyzing insert size distribution for orientation FR...
[M::mem_pestat] (25, 50, 75) percentile: (110, 135, 177)
[M::mem_pestat] low and high boundaries for computing mean and std.dev: (1, 311)
[M::mem_pestat] mean and std.dev: (145.00, 49.52)
[M::mem_pestat] low and high boundaries for proper pairs: (1, 378)
[M::mem_pestat] analyzing insert size distribution for orientation RF...
[M::mem_pestat] (25, 50, 75) percentile: (9, 16, 39)
[M::mem_pestat] low and high boundaries for computing mean and std.dev: (1, 99)
[M::mem_pestat] mean and std.dev: (24.25, 24.07)
[M::mem_pestat] low and high boundaries for proper pairs: (1, 129)
[M::mem_pestat] skip orientation RR as there are not enough pairs
[M::mem_pestat] skip orientation RF
[M::mem_process_seqs] Processed 401876 reads in 13.269 CPU sec, 3.631 real sec
[M::process] read 401680 sequences (40000182 bp)...
[M::mem_pestat] # candidate unique pairs for (FF, FR, RF, RR): (7, 194717, 13, 7)
[M::mem_pestat] skip orientation FF as there are not enough pairs
[M::mem_pestat] analyzing insert size distribution for orientation FR...
[M::mem_pestat] (25, 50, 75) percentile: (110, 136, 177)
[M::mem_pestat] low and high boundaries for computing mean and std.dev: (1, 311)
[M::mem_pestat] mean and std.dev: (145.30, 49.67)
[M::mem_pestat] low and high boundaries for proper pairs: (1, 378)
[M::mem_pestat] analyzing insert size distribution for orientation RF...
[M::mem_pestat] (25, 50, 75) percentile: (11, 33, 2970)
[M::mem_pestat] low and high boundaries for computing mean and std.dev: (1, 8888)
[M::mem_pestat] mean and std.dev: (1073.15, 1679.11)
[M::mem_pestat] low and high boundaries for proper pairs: (1, 11847)
[M::mem_pestat] skip orientation RR as there are not enough pairs
[M::mem_pestat] skip orientation RF
[M::mem_process_seqs] Processed 402016 reads in 13.021 CPU sec, 3.422 real sec
[M::process] read 401682 sequences (40000142 bp)...
[M::mem_pestat] # candidate unique pairs for (FF, FR, RF, RR): (6, 194704, 6, 7)
[M::mem_pestat] skip orientation FF as there are not enough pairs
[M::mem_pestat] analyzing insert size distribution for orientation FR...
[M::mem_pestat] (25, 50, 75) percentile: (110, 135, 177)
[M::mem_pestat] low and high boundaries for computing mean and std.dev: (1, 311)
[M::mem_pestat] mean and std.dev: (145.03, 49.41)
[M::mem_pestat] low and high boundaries for proper pairs: (1, 378)
[M::mem_pestat] skip orientation RF as there are not enough pairs
[M::mem_pestat] skip orientation RR as there are not enough pairs
[M::mem_process_seqs] Processed 401680 reads in 13.376 CPU sec, 3.508 real sec
[M::process] read 401972 sequences (40000109 bp)...
[M::mem_pestat] # candidate unique pairs for (FF, FR, RF, RR): (4, 194676, 14, 4)
[M::mem_pestat] skip orientation FF as there are not enough pairs
[M::mem_pestat] analyzing insert size distribution for orientation FR...
[M::mem_pestat] (25, 50, 75) percentile: (110, 135, 176)
[M::mem_pestat] low and high boundaries for computing mean and std.dev: (1, 308)
[M::mem_pestat] mean and std.dev: (144.65, 49.02)
[M::mem_pestat] low and high boundaries for proper pairs: (1, 374)
[M::mem_pestat] analyzing insert size distribution for orientation RF...
[M::mem_pestat] (25, 50, 75) percentile: (5, 33, 47)
[M::mem_pestat] low and high boundaries for computing mean and std.dev: (1, 131)
[M::mem_pestat] mean and std.dev: (28.85, 25.34)
[M::mem_pestat] low and high boundaries for proper pairs: (1, 173)
[M::mem_pestat] skip orientation RR as there are not enough pairs
[M::mem_pestat] skip orientation RF
[M::mem_process_seqs] Processed 401682 reads in 14.126 CPU sec, 3.737 real sec
[M::process] read 401876 sequences (40000029 bp)...
[M::mem_pestat] # candidate unique pairs for (FF, FR, RF, RR): (5, 194715, 9, 3)
[M::mem_pestat] skip orientation FF as there are not enough pairs
[M::mem_pestat] analyzing insert size distribution for orientation FR...
[M::mem_pestat] (25, 50, 75) percentile: (110, 135, 176)
[M::mem_pestat] low and high boundaries for computing mean and std.dev: (1, 308)
[M::mem_pestat] mean and std.dev: (144.71, 49.09)
[M::mem_pestat] low and high boundaries for proper pairs: (1, 374)
[M::mem_pestat] skip orientation RF as there are not enough pairs
[M::mem_pestat] skip orientation RR as there are not enough pairs
[M::mem_process_seqs] Processed 401972 reads in 13.320 CPU sec, 3.473 real sec
[M::process] read 401898 sequences (40000074 bp)...
[M::mem_pestat] # candidate unique pairs for (FF, FR, RF, RR): (4, 194683, 9, 4)
[M::mem_pestat] skip orientation FF as there are not enough pairs
[M::mem_pestat] analyzing insert size distribution for orientation FR...
[M::mem_pestat] (25, 50, 75) percentile: (110, 135, 176)
[M::mem_pestat] low and high boundaries for computing mean and std.dev: (1, 308)
[M::mem_pestat] mean and std.dev: (144.51, 48.93)
[M::mem_pestat] low and high boundaries for proper pairs: (1, 374)
[M::mem_pestat] skip orientation RF as there are not enough pairs
[M::mem_pestat] skip orientation RR as there are not enough pairs
[M::mem_process_seqs] Processed 401876 reads in 13.543 CPU sec, 3.563 real sec
[M::process] read 401970 sequences (40000085 bp)...
[M::mem_pestat] # candidate unique pairs for (FF, FR, RF, RR): (5, 194678, 8, 7)
[M::mem_pestat] skip orientation FF as there are not enough pairs
[M::mem_pestat] analyzing insert size distribution for orientation FR...
[M::mem_pestat] (25, 50, 75) percentile: (110, 135, 176)
[M::mem_pestat] low and high boundaries for computing mean and std.dev: (1, 308)
[M::mem_pestat] mean and std.dev: (144.20, 48.90)
[M::mem_pestat] low and high boundaries for proper pairs: (1, 374)
[M::mem_pestat] skip orientation RF as there are not enough pairs
[M::mem_pestat] skip orientation RR as there are not enough pairs
[M::mem_process_seqs] Processed 401898 reads in 14.199 CPU sec, 3.800 real sec
[M::process] read 402032 sequences (40000084 bp)...
[M::mem_pestat] # candidate unique pairs for (FF, FR, RF, RR): (5, 194748, 10, 3)
[M::mem_pestat] skip orientation FF as there are not enough pairs
[M::mem_pestat] analyzing insert size distribution for orientation FR...
[M::mem_pestat] (25, 50, 75) percentile: (110, 135, 176)
[M::mem_pestat] low and high boundaries for computing mean and std.dev: (1, 308)
[M::mem_pestat] mean and std.dev: (144.53, 49.10)
[M::mem_pestat] low and high boundaries for proper pairs: (1, 374)
[M::mem_pestat] analyzing insert size distribution for orientation RF...
[M::mem_pestat] (25, 50, 75) percentile: (22, 46, 76)
[M::mem_pestat] low and high boundaries for computing mean and std.dev: (1, 184)
[M::mem_pestat] mean and std.dev: (38.38, 24.19)
[M::mem_pestat] low and high boundaries for proper pairs: (1, 238)
[M::mem_pestat] skip orientation RR as there are not enough pairs
[M::mem_pestat] skip orientation RF
[M::mem_process_seqs] Processed 401970 reads in 14.070 CPU sec, 3.769 real sec
[M::process] read 402124 sequences (40000026 bp)...
[M::mem_pestat] # candidate unique pairs for (FF, FR, RF, RR): (5, 194639, 11, 3)
[M::mem_pestat] skip orientation FF as there are not enough pairs
[M::mem_pestat] analyzing insert size distribution for orientation FR...
[M::mem_pestat] (25, 50, 75) percentile: (109, 134, 175)
[M::mem_pestat] low and high boundaries for computing mean and std.dev: (1, 307)
[M::mem_pestat] mean and std.dev: (143.87, 48.72)
[M::mem_pestat] low and high boundaries for proper pairs: (1, 373)
[M::mem_pestat] analyzing insert size distribution for orientation RF...
[M::mem_pestat] (25, 50, 75) percentile: (19, 44, 123)
[M::mem_pestat] low and high boundaries for computing mean and std.dev: (1, 331)
[M::mem_pestat] mean and std.dev: (35.89, 34.89)
[M::mem_pestat] low and high boundaries for proper pairs: (1, 435)
[M::mem_pestat] skip orientation RR as there are not enough pairs
[M::mem_pestat] skip orientation RF
[M::mem_process_seqs] Processed 402032 reads in 14.458 CPU sec, 3.875 real sec
[M::process] read 402192 sequences (40000073 bp)...
[M::mem_pestat] # candidate unique pairs for (FF, FR, RF, RR): (5, 194745, 11, 6)
[M::mem_pestat] skip orientation FF as there are not enough pairs
[M::mem_pestat] analyzing insert size distribution for orientation FR...
[M::mem_pestat] (25, 50, 75) percentile: (109, 134, 175)
[M::mem_pestat] low and high boundaries for computing mean and std.dev: (1, 307)
[M::mem_pestat] mean and std.dev: (143.83, 48.77)
[M::mem_pestat] low and high boundaries for proper pairs: (1, 373)
[M::mem_pestat] analyzing insert size distribution for orientation RF...
[M::mem_pestat] (25, 50, 75) percentile: (24, 50, 117)
[M::mem_pestat] low and high boundaries for computing mean and std.dev: (1, 303)
[M::mem_pestat] mean and std.dev: (60.20, 51.75)
[M::mem_pestat] low and high boundaries for proper pairs: (1, 396)
[M::mem_pestat] skip orientation RR as there are not enough pairs
[M::mem_pestat] skip orientation RF
[M::mem_process_seqs] Processed 402124 reads in 14.653 CPU sec, 3.972 real sec
[M::process] read 402428 sequences (40000185 bp)...
[M::mem_pestat] # candidate unique pairs for (FF, FR, RF, RR): (8, 194632, 12, 4)
[M::mem_pestat] skip orientation FF as there are not enough pairs
[M::mem_pestat] analyzing insert size distribution for orientation FR...
[M::mem_pestat] (25, 50, 75) percentile: (109, 134, 175)
[M::mem_pestat] low and high boundaries for computing mean and std.dev: (1, 307)
[M::mem_pestat] mean and std.dev: (143.76, 48.58)
[M::mem_pestat] low and high boundaries for proper pairs: (1, 373)
[M::mem_pestat] analyzing insert size distribution for orientation RF...
[M::mem_pestat] (25, 50, 75) percentile: (6, 13, 48)
[M::mem_pestat] low and high boundaries for computing mean and std.dev: (1, 132)
[M::mem_pestat] mean and std.dev: (24.92, 31.98)
[M::mem_pestat] low and high boundaries for proper pairs: (1, 174)
[M::mem_pestat] skip orientation RR as there are not enough pairs
[M::mem_pestat] skip orientation RF
[M::mem_process_seqs] Processed 402192 reads in 14.361 CPU sec, 3.876 real sec
[M::process] read 402524 sequences (40000042 bp)...
[M::mem_pestat] # candidate unique pairs for (FF, FR, RF, RR): (3, 194646, 15, 9)
[M::mem_pestat] skip orientation FF as there are not enough pairs
[M::mem_pestat] analyzing insert size distribution for orientation FR...
[M::mem_pestat] (25, 50, 75) percentile: (109, 134, 175)
[M::mem_pestat] low and high boundaries for computing mean and std.dev: (1, 307)
[M::mem_pestat] mean and std.dev: (143.71, 48.40)
[M::mem_pestat] low and high boundaries for proper pairs: (1, 373)
[M::mem_pestat] analyzing insert size distribution for orientation RF...
[M::mem_pestat] (25, 50, 75) percentile: (13, 65, 278)
[M::mem_pestat] low and high boundaries for computing mean and std.dev: (1, 808)
[M::mem_pestat] mean and std.dev: (67.50, 83.83)
[M::mem_pestat] low and high boundaries for proper pairs: (1, 1073)
[M::mem_pestat] skip orientation RR as there are not enough pairs
[M::mem_pestat] skip orientation RF
[M::mem_process_seqs] Processed 402428 reads in 14.055 CPU sec, 3.734 real sec
[M::process] read 402674 sequences (40000029 bp)...
[M::mem_pestat] # candidate unique pairs for (FF, FR, RF, RR): (6, 194955, 13, 5)
[M::mem_pestat] skip orientation FF as there are not enough pairs
[M::mem_pestat] analyzing insert size distribution for orientation FR...
[M::mem_pestat] (25, 50, 75) percentile: (109, 134, 174)
[M::mem_pestat] low and high boundaries for computing mean and std.dev: (1, 304)
[M::mem_pestat] mean and std.dev: (143.45, 48.24)
[M::mem_pestat] low and high boundaries for proper pairs: (1, 369)
[M::mem_pestat] analyzing insert size distribution for orientation RF...
[M::mem_pestat] (25, 50, 75) percentile: (10, 77, 84)
[M::mem_pestat] low and high boundaries for computing mean and std.dev: (1, 232)
[M::mem_pestat] mean and std.dev: (58.00, 50.01)
[M::mem_pestat] low and high boundaries for proper pairs: (1, 306)
[M::mem_pestat] skip orientation RR as there are not enough pairs
[M::mem_pestat] skip orientation RF
[M::mem_process_seqs] Processed 402524 reads in 13.985 CPU sec, 3.904 real sec
[M::process] read 403510 sequences (40000145 bp)...
[M::mem_pestat] # candidate unique pairs for (FF, FR, RF, RR): (4, 194922, 5, 5)
[M::mem_pestat] skip orientation FF as there are not enough pairs
[M::mem_pestat] analyzing insert size distribution for orientation FR...
[M::mem_pestat] (25, 50, 75) percentile: (109, 133, 174)
[M::mem_pestat] low and high boundaries for computing mean and std.dev: (1, 304)
[M::mem_pestat] mean and std.dev: (142.97, 47.97)
[M::mem_pestat] low and high boundaries for proper pairs: (1, 369)
[M::mem_pestat] skip orientation RF as there are not enough pairs
[M::mem_pestat] skip orientation RR as there are not enough pairs
[M::mem_process_seqs] Processed 402674 reads in 14.180 CPU sec, 3.792 real sec
[M::process] read 403392 sequences (40000140 bp)...
[M::mem_pestat] # candidate unique pairs for (FF, FR, RF, RR): (6, 195370, 10, 11)
[M::mem_pestat] skip orientation FF as there are not enough pairs
[M::mem_pestat] analyzing insert size distribution for orientation FR...
[M::mem_pestat] (25, 50, 75) percentile: (109, 133, 173)
[M::mem_pestat] low and high boundaries for computing mean and std.dev: (1, 301)
[M::mem_pestat] mean and std.dev: (142.69, 47.63)
[M::mem_pestat] low and high boundaries for proper pairs: (1, 365)
[M::mem_pestat] analyzing insert size distribution for orientation RF...
[M::mem_pestat] (25, 50, 75) percentile: (27, 55, 71)
[M::mem_pestat] low and high boundaries for computing mean and std.dev: (1, 159)
[M::mem_pestat] mean and std.dev: (49.56, 36.23)
[M::mem_pestat] low and high boundaries for proper pairs: (1, 203)
[M::mem_pestat] analyzing insert size distribution for orientation RR...
[M::mem_pestat] (25, 50, 75) percentile: (104, 332, 6697)
[M::mem_pestat] low and high boundaries for computing mean and std.dev: (1, 19883)
[M::mem_pestat] mean and std.dev: (2464.64, 3450.42)
[M::mem_pestat] low and high boundaries for proper pairs: (1, 26476)
[M::mem_pestat] skip orientation RF
[M::mem_pestat] skip orientation RR
[M::mem_process_seqs] Processed 403510 reads in 14.689 CPU sec, 3.995 real sec
[M::process] read 404012 sequences (40000157 bp)...
[M::mem_pestat] # candidate unique pairs for (FF, FR, RF, RR): (7, 195344, 9, 1)
[M::mem_pestat] skip orientation FF as there are not enough pairs
[M::mem_pestat] analyzing insert size distribution for orientation FR...
[M::mem_pestat] (25, 50, 75) percentile: (109, 133, 173)
[M::mem_pestat] low and high boundaries for computing mean and std.dev: (1, 301)
[M::mem_pestat] mean and std.dev: (142.54, 47.55)
[M::mem_pestat] low and high boundaries for proper pairs: (1, 365)
[M::mem_pestat] skip orientation RF as there are not enough pairs
[M::mem_pestat] skip orientation RR as there are not enough pairs
[M::mem_process_seqs] Processed 403392 reads in 13.789 CPU sec, 3.695 real sec
[M::process] read 403214 sequences (40000161 bp)...
[M::mem_pestat] # candidate unique pairs for (FF, FR, RF, RR): (1, 195454, 13, 3)
[M::mem_pestat] skip orientation FF as there are not enough pairs
[M::mem_pestat] analyzing insert size distribution for orientation FR...
[M::mem_pestat] (25, 50, 75) percentile: (109, 133, 173)
[M::mem_pestat] low and high boundaries for computing mean and std.dev: (1, 301)
[M::mem_pestat] mean and std.dev: (142.62, 47.34)
[M::mem_pestat] low and high boundaries for proper pairs: (1, 365)
[M::mem_pestat] analyzing insert size distribution for orientation RF...
[M::mem_pestat] (25, 50, 75) percentile: (24, 34, 84)
[M::mem_pestat] low and high boundaries for computing mean and std.dev: (1, 204)
[M::mem_pestat] mean and std.dev: (42.75, 30.61)
[M::mem_pestat] low and high boundaries for proper pairs: (1, 264)
[M::mem_pestat] skip orientation RR as there are not enough pairs
[M::mem_pestat] skip orientation RF
[M::mem_process_seqs] Processed 404012 reads in 14.524 CPU sec, 3.878 real sec
[M::process] read 404786 sequences (40000018 bp)...
[M::mem_pestat] # candidate unique pairs for (FF, FR, RF, RR): (2, 195309, 11, 6)
[M::mem_pestat] skip orientation FF as there are not enough pairs
[M::mem_pestat] analyzing insert size distribution for orientation FR...
[M::mem_pestat] (25, 50, 75) percentile: (110, 135, 177)
[M::mem_pestat] low and high boundaries for computing mean and std.dev: (1, 311)
[M::mem_pestat] mean and std.dev: (145.03, 49.64)
[M::mem_pestat] low and high boundaries for proper pairs: (1, 378)
[M::mem_pestat] analyzing insert size distribution for orientation RF...
[M::mem_pestat] (25, 50, 75) percentile: (36, 111, 606)
[M::mem_pestat] low and high boundaries for computing mean and std.dev: (1, 1746)
[M::mem_pestat] mean and std.dev: (145.56, 187.17)
[M::mem_pestat] low and high boundaries for proper pairs: (1, 2316)
[M::mem_pestat] skip orientation RR as there are not enough pairs
[M::mem_pestat] skip orientation RF
[M::mem_process_seqs] Processed 403214 reads in 17.228 CPU sec, 4.769 real sec
[M::process] read 403878 sequences (40000194 bp)...
[M::mem_pestat] # candidate unique pairs for (FF, FR, RF, RR): (3, 196280, 9, 2)
[M::mem_pestat] skip orientation FF as there are not enough pairs
[M::mem_pestat] analyzing insert size distribution for orientation FR...
[M::mem_pestat] (25, 50, 75) percentile: (110, 136, 177)
[M::mem_pestat] low and high boundaries for computing mean and std.dev: (1, 311)
[M::mem_pestat] mean and std.dev: (145.36, 49.67)
[M::mem_pestat] low and high boundaries for proper pairs: (1, 378)
[M::mem_pestat] skip orientation RF as there are not enough pairs
[M::mem_pestat] skip orientation RR as there are not enough pairs
[M::mem_process_seqs] Processed 404786 reads in 16.301 CPU sec, 4.319 real sec
[M::process] read 402352 sequences (40000083 bp)...
[M::mem_pestat] # candidate unique pairs for (FF, FR, RF, RR): (5, 195681, 9, 1)
[M::mem_pestat] skip orientation FF as there are not enough pairs
[M::mem_pestat] analyzing insert size distribution for orientation FR...
[M::mem_pestat] (25, 50, 75) percentile: (110, 135, 176)
[M::mem_pestat] low and high boundaries for computing mean and std.dev: (1, 308)
[M::mem_pestat] mean and std.dev: (144.74, 49.00)
[M::mem_pestat] low and high boundaries for proper pairs: (1, 374)
[M::mem_pestat] skip orientation RF as there are not enough pairs
[M::mem_pestat] skip orientation RR as there are not enough pairs
[M::mem_process_seqs] Processed 403878 reads in 14.547 CPU sec, 3.877 real sec
[M::process] read 402406 sequences (40000061 bp)...
[M::mem_pestat] # candidate unique pairs for (FF, FR, RF, RR): (4, 194966, 6, 4)
[M::mem_pestat] skip orientation FF as there are not enough pairs
[M::mem_pestat] analyzing insert size distribution for orientation FR...
[M::mem_pestat] (25, 50, 75) percentile: (110, 135, 176)
[M::mem_pestat] low and high boundaries for computing mean and std.dev: (1, 308)
[M::mem_pestat] mean and std.dev: (144.75, 49.05)
[M::mem_pestat] low and high boundaries for proper pairs: (1, 374)
[M::mem_pestat] skip orientation RF as there are not enough pairs
[M::mem_pestat] skip orientation RR as there are not enough pairs
[M::mem_process_seqs] Processed 402352 reads in 13.895 CPU sec, 3.628 real sec
[M::process] read 401856 sequences (40000021 bp)...
[M::mem_pestat] # candidate unique pairs for (FF, FR, RF, RR): (6, 194749, 17, 3)
[M::mem_pestat] skip orientation FF as there are not enough pairs
[M::mem_pestat] analyzing insert size distribution for orientation FR...
[M::mem_pestat] (25, 50, 75) percentile: (110, 135, 176)
[M::mem_pestat] low and high boundaries for computing mean and std.dev: (1, 308)
[M::mem_pestat] mean and std.dev: (144.70, 48.97)
[M::mem_pestat] low and high boundaries for proper pairs: (1, 374)
[M::mem_pestat] analyzing insert size distribution for orientation RF...
[M::mem_pestat] (25, 50, 75) percentile: (13, 43, 1030)
[M::mem_pestat] low and high boundaries for computing mean and std.dev: (1, 3064)
[M::mem_pestat] mean and std.dev: (366.38, 643.51)
[M::mem_pestat] low and high boundaries for proper pairs: (1, 4081)
[M::mem_pestat] skip orientation RR as there are not enough pairs
[M::mem_pestat] skip orientation RF
[M::mem_process_seqs] Processed 402406 reads in 14.304 CPU sec, 3.913 real sec
[M::mem_pestat] # candidate unique pairs for (FF, FR, RF, RR): (5, 194504, 13, 2)
[M::mem_pestat] skip orientation FF as there are not enough pairs
[M::mem_pestat] analyzing insert size distribution for orientation FR...
[M::mem_pestat] (25, 50, 75) percentile: (110, 135, 177)
[M::mem_pestat] low and high boundaries for computing mean and std.dev: (1, 311)
[M::mem_pestat] mean and std.dev: (144.92, 49.58)
[M::mem_pestat] low and high boundaries for proper pairs: (1, 378)
[M::mem_pestat] analyzing insert size distribution for orientation RF...
[M::mem_pestat] (25, 50, 75) percentile: (16, 71, 317)
[M::mem_pestat] low and high boundaries for computing mean and std.dev: (1, 919)
[M::mem_pestat] mean and std.dev: (164.15, 227.03)
[M::mem_pestat] low and high boundaries for proper pairs: (1, 1220)
[M::mem_pestat] skip orientation RR as there are not enough pairs
[M::mem_pestat] skip orientation RF
[M::mem_process_seqs] Processed 401856 reads in 12.740 CPU sec, 4.469 real sec
[M::process] read 401916 sequences (40000161 bp)...
[M::process] read 401926 sequences (40000059 bp)...
[M::mem_pestat] # candidate unique pairs for (FF, FR, RF, RR): (2, 194613, 8, 7)
[M::mem_pestat] skip orientation FF as there are not enough pairs
[M::mem_pestat] analyzing insert size distribution for orientation FR...
[M::mem_pestat] (25, 50, 75) percentile: (110, 135, 176)
[M::mem_pestat] low and high boundaries for computing mean and std.dev: (1, 308)
[M::mem_pestat] mean and std.dev: (144.40, 48.97)
[M::mem_pestat] low and high boundaries for proper pairs: (1, 374)
[M::mem_pestat] skip orientation RF as there are not enough pairs
[M::mem_pestat] skip orientation RR as there are not enough pairs
[M::mem_process_seqs] Processed 401916 reads in 13.738 CPU sec, 3.560 real sec
[M::process] read 402018 sequences (40000042 bp)...
[M::mem_pestat] # candidate unique pairs for (FF, FR, RF, RR): (8, 194459, 3, 2)
[M::mem_pestat] skip orientation FF as there are not enough pairs
[M::mem_pestat] analyzing insert size distribution for orientation FR...
[M::mem_pestat] (25, 50, 75) percentile: (110, 135, 176)
[M::mem_pestat] low and high boundaries for computing mean and std.dev: (1, 308)
[M::mem_pestat] mean and std.dev: (144.25, 48.83)
[M::mem_pestat] low and high boundaries for proper pairs: (1, 374)
[M::mem_pestat] skip orientation RF as there are not enough pairs
[M::mem_pestat] skip orientation RR as there are not enough pairs
[M::mem_process_seqs] Processed 401926 reads in 13.953 CPU sec, 3.663 real sec
[M::process] read 401976 sequences (40000123 bp)...
[M::mem_pestat] # candidate unique pairs for (FF, FR, RF, RR): (5, 194562, 10, 2)
[M::mem_pestat] skip orientation FF as there are not enough pairs
[M::mem_pestat] analyzing insert size distribution for orientation FR...
[M::mem_pestat] (25, 50, 75) percentile: (109, 134, 175)
[M::mem_pestat] low and high boundaries for computing mean and std.dev: (1, 307)
[M::mem_pestat] mean and std.dev: (143.88, 48.62)
[M::mem_pestat] low and high boundaries for proper pairs: (1, 373)
[M::mem_pestat] analyzing insert size distribution for orientation RF...
[M::mem_pestat] (25, 50, 75) percentile: (44, 108, 4983)
[M::mem_pestat] low and high boundaries for computing mean and std.dev: (1, 14861)
[M::mem_pestat] mean and std.dev: (2386.00, 3190.56)
[M::mem_pestat] low and high boundaries for proper pairs: (1, 19800)
[M::mem_pestat] skip orientation RR as there are not enough pairs
[M::mem_pestat] skip orientation RF
[M::mem_process_seqs] Processed 402018 reads in 14.048 CPU sec, 3.784 real sec
[M::process] read 402156 sequences (40000040 bp)...
[M::mem_pestat] # candidate unique pairs for (FF, FR, RF, RR): (2, 194656, 9, 7)
[M::mem_pestat] skip orientation FF as there are not enough pairs
[M::mem_pestat] analyzing insert size distribution for orientation FR...
[M::mem_pestat] (25, 50, 75) percentile: (109, 135, 175)
[M::mem_pestat] low and high boundaries for computing mean and std.dev: (1, 307)
[M::mem_pestat] mean and std.dev: (144.06, 48.71)
[M::mem_pestat] low and high boundaries for proper pairs: (1, 373)
[M::mem_pestat] skip orientation RF as there are not enough pairs
[M::mem_pestat] skip orientation RR as there are not enough pairs
[M::mem_process_seqs] Processed 401976 reads in 14.675 CPU sec, 3.858 real sec
[M::process] read 402316 sequences (40000110 bp)...
[M::mem_pestat] # candidate unique pairs for (FF, FR, RF, RR): (5, 194747, 8, 1)
[M::mem_pestat] skip orientation FF as there are not enough pairs
[M::mem_pestat] analyzing insert size distribution for orientation FR...
[M::mem_pestat] (25, 50, 75) percentile: (109, 134, 175)
[M::mem_pestat] low and high boundaries for computing mean and std.dev: (1, 307)
[M::mem_pestat] mean and std.dev: (143.98, 48.66)
[M::mem_pestat] low and high boundaries for proper pairs: (1, 373)
[M::mem_pestat] skip orientation RF as there are not enough pairs
[M::mem_pestat] skip orientation RR as there are not enough pairs
[M::mem_process_seqs] Processed 402156 reads in 14.098 CPU sec, 3.834 real sec
[M::process] read 402438 sequences (40000129 bp)...
[M::mem_pestat] # candidate unique pairs for (FF, FR, RF, RR): (2, 194863, 11, 3)
[M::mem_pestat] skip orientation FF as there are not enough pairs
[M::mem_pestat] analyzing insert size distribution for orientation FR...
[M::mem_pestat] (25, 50, 75) percentile: (109, 134, 175)
[M::mem_pestat] low and high boundaries for computing mean and std.dev: (1, 307)
[M::mem_pestat] mean and std.dev: (143.62, 48.45)
[M::mem_pestat] low and high boundaries for proper pairs: (1, 373)
[M::mem_pestat] analyzing insert size distribution for orientation RF...
[M::mem_pestat] (25, 50, 75) percentile: (27, 33, 125)
[M::mem_pestat] low and high boundaries for computing mean and std.dev: (1, 321)
[M::mem_pestat] mean and std.dev: (37.67, 35.26)
[M::mem_pestat] low and high boundaries for proper pairs: (1, 419)
[M::mem_pestat] skip orientation RR as there are not enough pairs
[M::mem_pestat] skip orientation RF
[M::mem_process_seqs] Processed 402316 reads in 14.534 CPU sec, 3.855 real sec
[M::process] read 402522 sequences (40000042 bp)...
[M::mem_pestat] # candidate unique pairs for (FF, FR, RF, RR): (7, 194953, 9, 2)
[M::mem_pestat] skip orientation FF as there are not enough pairs
[M::mem_pestat] analyzing insert size distribution for orientation FR...
[M::mem_pestat] (25, 50, 75) percentile: (109, 134, 175)
[M::mem_pestat] low and high boundaries for computing mean and std.dev: (1, 307)
[M::mem_pestat] mean and std.dev: (143.60, 48.52)
[M::mem_pestat] low and high boundaries for proper pairs: (1, 373)
[M::mem_pestat] skip orientation RF as there are not enough pairs
[M::mem_pestat] skip orientation RR as there are not enough pairs
[M::mem_process_seqs] Processed 402438 reads in 14.552 CPU sec, 3.879 real sec
[M::process] read 403208 sequences (40000004 bp)...
[M::mem_pestat] # candidate unique pairs for (FF, FR, RF, RR): (7, 194762, 11, 2)
[M::mem_pestat] skip orientation FF as there are not enough pairs
[M::mem_pestat] analyzing insert size distribution for orientation FR...
[M::mem_pestat] (25, 50, 75) percentile: (109, 134, 175)
[M::mem_pestat] low and high boundaries for computing mean and std.dev: (1, 307)
[M::mem_pestat] mean and std.dev: (143.76, 48.50)
[M::mem_pestat] low and high boundaries for proper pairs: (1, 373)
[M::mem_pestat] analyzing insert size distribution for orientation RF...
[M::mem_pestat] (25, 50, 75) percentile: (19, 32, 47)
[M::mem_pestat] low and high boundaries for computing mean and std.dev: (1, 103)
[M::mem_pestat] mean and std.dev: (22.67, 14.62)
[M::mem_pestat] low and high boundaries for proper pairs: (1, 131)
[M::mem_pestat] skip orientation RR as there are not enough pairs
[M::mem_pestat] skip orientation RF
[M::mem_process_seqs] Processed 402522 reads in 14.590 CPU sec, 3.895 real sec
[M::process] read 404174 sequences (40000165 bp)...
[M::mem_pestat] # candidate unique pairs for (FF, FR, RF, RR): (3, 194878, 8, 6)
[M::mem_pestat] skip orientation FF as there are not enough pairs
[M::mem_pestat] analyzing insert size distribution for orientation FR...
[M::mem_pestat] (25, 50, 75) percentile: (109, 133, 174)
[M::mem_pestat] low and high boundaries for computing mean and std.dev: (1, 304)
[M::mem_pestat] mean and std.dev: (143.05, 48.00)
[M::mem_pestat] low and high boundaries for proper pairs: (1, 369)
[M::mem_pestat] skip orientation RF as there are not enough pairs
[M::mem_pestat] skip orientation RR as there are not enough pairs
[M::mem_process_seqs] Processed 403208 reads in 14.269 CPU sec, 3.742 real sec
[M::process] read 403428 sequences (40000032 bp)...
[M::mem_pestat] # candidate unique pairs for (FF, FR, RF, RR): (10, 195464, 1, 3)
[M::mem_pestat] analyzing insert size distribution for orientation FF...
[M::mem_pestat] (25, 50, 75) percentile: (3005, 5905, 6190)
[M::mem_pestat] low and high boundaries for computing mean and std.dev: (1, 12560)
[M::mem_pestat] mean and std.dev: (4592.50, 1965.11)
[M::mem_pestat] low and high boundaries for proper pairs: (1, 15745)
[M::mem_pestat] analyzing insert size distribution for orientation FR...
[M::mem_pestat] (25, 50, 75) percentile: (109, 134, 174)
[M::mem_pestat] low and high boundaries for computing mean and std.dev: (1, 304)
[M::mem_pestat] mean and std.dev: (143.29, 48.09)
[M::mem_pestat] low and high boundaries for proper pairs: (1, 369)
[M::mem_pestat] skip orientation RF as there are not enough pairs
[M::mem_pestat] skip orientation RR as there are not enough pairs
[M::mem_pestat] skip orientation FF
[M::mem_process_seqs] Processed 404174 reads in 14.413 CPU sec, 3.920 real sec
[M::process] read 26638 sequences (2639704 bp)...
[M::mem_pestat] # candidate unique pairs for (FF, FR, RF, RR): (3, 195107, 12, 7)
[M::mem_pestat] skip orientation FF as there are not enough pairs
[M::mem_pestat] analyzing insert size distribution for orientation FR...
[M::mem_pestat] (25, 50, 75) percentile: (109, 133, 173)
[M::mem_pestat] low and high boundaries for computing mean and std.dev: (1, 301)
[M::mem_pestat] mean and std.dev: (142.54, 47.49)
[M::mem_pestat] low and high boundaries for proper pairs: (1, 365)
[M::mem_pestat] analyzing insert size distribution for orientation RF...
[M::mem_pestat] (25, 50, 75) percentile: (16, 43, 223)
[M::mem_pestat] low and high boundaries for computing mean and std.dev: (1, 637)
[M::mem_pestat] mean and std.dev: (101.92, 150.08)
[M::mem_pestat] low and high boundaries for proper pairs: (1, 844)
[M::mem_pestat] skip orientation RR as there are not enough pairs
[M::mem_pestat] skip orientation RF
[M::mem_process_seqs] Processed 403428 reads in 12.962 CPU sec, 3.393 real sec
[M::mem_pestat] # candidate unique pairs for (FF, FR, RF, RR): (0, 12927, 0, 0)
[M::mem_pestat] skip orientation FF as there are not enough pairs
[M::mem_pestat] analyzing insert size distribution for orientation FR...
[M::mem_pestat] (25, 50, 75) percentile: (109, 133, 171)
[M::mem_pestat] low and high boundaries for computing mean and std.dev: (1, 295)
[M::mem_pestat] mean and std.dev: (141.75, 46.03)
[M::mem_pestat] low and high boundaries for proper pairs: (1, 357)
[M::mem_pestat] skip orientation RF as there are not enough pairs
[M::mem_pestat] skip orientation RR as there are not enough pairs
[M::mem_process_seqs] Processed 26638 reads in 1.092 CPU sec, 0.321 real sec
[main] Version: 0.7.19-r1273
[main] CMD: bwa mem -t 4 data/tmp/2_canu_assembly/paper1_e745.contigs.fasta data/1_Zhang_2017/transcriptomics_data/RNA-Seq_BH/trimmed/trim_paired_ERR1797973_pass_1.fastq.gz data/1_Zhang_2017/transcriptomics_data/RNA-Seq_BH/trimmed/trim_paired_ERR1797973_pass_2.fastq.gz
[main] Real time: 270.477 sec; CPU: 962.935 sec
[bam_sort_core] merging from 2 files and 4 in-memory blocks...
+ samtools index data/tmp/7_bwa_rna/BH_ERR1797973.sorted.bam
+ for acc in ERR1797972 ERR1797973 ERR1797974
+ bwa mem -t 4 data/tmp/2_canu_assembly/paper1_e745.contigs.fasta data/1_Zhang_2017/transcriptomics_data/RNA-Seq_BH/trimmed/trim_paired_ERR1797974_pass_1.fastq.gz data/1_Zhang_2017/transcriptomics_data/RNA-Seq_BH/trimmed/trim_paired_ERR1797974_pass_2.fastq.gz
+ samtools sort -@ 4 -o data/tmp/7_bwa_rna/BH_ERR1797974.sorted.bam -
[M::bwa_idx_load_from_disk] read 0 ALT contigs
[M::process] read 401834 sequences (40000138 bp)...
[M::process] read 402076 sequences (40000024 bp)...
[M::mem_pestat] # candidate unique pairs for (FF, FR, RF, RR): (4, 194686, 6, 4)
[M::mem_pestat] skip orientation FF as there are not enough pairs
[M::mem_pestat] analyzing insert size distribution for orientation FR...
[M::mem_pestat] (25, 50, 75) percentile: (108, 132, 172)
[M::mem_pestat] low and high boundaries for computing mean and std.dev: (1, 300)
[M::mem_pestat] mean and std.dev: (141.46, 47.81)
[M::mem_pestat] low and high boundaries for proper pairs: (1, 364)
[M::mem_pestat] skip orientation RF as there are not enough pairs
[M::mem_pestat] skip orientation RR as there are not enough pairs
[M::mem_process_seqs] Processed 401834 reads in 14.071 CPU sec, 3.698 real sec
[M::process] read 401996 sequences (40000004 bp)...
[M::mem_pestat] # candidate unique pairs for (FF, FR, RF, RR): (3, 194853, 9, 2)
[M::mem_pestat] skip orientation FF as there are not enough pairs
[M::mem_pestat] analyzing insert size distribution for orientation FR...
[M::mem_pestat] (25, 50, 75) percentile: (108, 132, 172)
[M::mem_pestat] low and high boundaries for computing mean and std.dev: (1, 300)
[M::mem_pestat] mean and std.dev: (141.38, 47.72)
[M::mem_pestat] low and high boundaries for proper pairs: (1, 364)
[M::mem_pestat] skip orientation RF as there are not enough pairs
[M::mem_pestat] skip orientation RR as there are not enough pairs
[M::mem_process_seqs] Processed 402076 reads in 14.290 CPU sec, 3.810 real sec
[M::process] read 401948 sequences (40000087 bp)...
[M::mem_pestat] # candidate unique pairs for (FF, FR, RF, RR): (5, 194604, 14, 2)
[M::mem_pestat] skip orientation FF as there are not enough pairs
[M::mem_pestat] analyzing insert size distribution for orientation FR...
[M::mem_pestat] (25, 50, 75) percentile: (108, 132, 172)
[M::mem_pestat] low and high boundaries for computing mean and std.dev: (1, 300)
[M::mem_pestat] mean and std.dev: (141.49, 47.64)
[M::mem_pestat] low and high boundaries for proper pairs: (1, 364)
[M::mem_pestat] analyzing insert size distribution for orientation RF...
[M::mem_pestat] (25, 50, 75) percentile: (19, 73, 392)
[M::mem_pestat] low and high boundaries for computing mean and std.dev: (1, 1138)
[M::mem_pestat] mean and std.dev: (87.09, 117.36)
[M::mem_pestat] low and high boundaries for proper pairs: (1, 1511)
[M::mem_pestat] skip orientation RR as there are not enough pairs
[M::mem_pestat] skip orientation RF
[M::mem_process_seqs] Processed 401996 reads in 14.319 CPU sec, 3.822 real sec
[M::process] read 402272 sequences (40000129 bp)...
[M::mem_pestat] # candidate unique pairs for (FF, FR, RF, RR): (2, 194652, 10, 3)
[M::mem_pestat] skip orientation FF as there are not enough pairs
[M::mem_pestat] analyzing insert size distribution for orientation FR...
[M::mem_pestat] (25, 50, 75) percentile: (107, 131, 172)
[M::mem_pestat] low and high boundaries for computing mean and std.dev: (1, 302)
[M::mem_pestat] mean and std.dev: (141.37, 48.01)
[M::mem_pestat] low and high boundaries for proper pairs: (1, 367)
[M::mem_pestat] analyzing insert size distribution for orientation RF...
[M::mem_pestat] (25, 50, 75) percentile: (15, 60, 82)
[M::mem_pestat] low and high boundaries for computing mean and std.dev: (1, 216)
[M::mem_pestat] mean and std.dev: (47.67, 35.34)
[M::mem_pestat] low and high boundaries for proper pairs: (1, 283)
[M::mem_pestat] skip orientation RR as there are not enough pairs
[M::mem_pestat] skip orientation RF
[M::mem_process_seqs] Processed 401948 reads in 13.903 CPU sec, 3.755 real sec
[M::process] read 402204 sequences (40000095 bp)...
[M::mem_pestat] # candidate unique pairs for (FF, FR, RF, RR): (2, 194694, 11, 5)
[M::mem_pestat] skip orientation FF as there are not enough pairs
[M::mem_pestat] analyzing insert size distribution for orientation FR...
[M::mem_pestat] (25, 50, 75) percentile: (108, 131, 171)
[M::mem_pestat] low and high boundaries for computing mean and std.dev: (1, 297)
[M::mem_pestat] mean and std.dev: (140.83, 47.27)
[M::mem_pestat] low and high boundaries for proper pairs: (1, 360)
[M::mem_pestat] analyzing insert size distribution for orientation RF...
[M::mem_pestat] (25, 50, 75) percentile: (31, 58, 97)
[M::mem_pestat] low and high boundaries for computing mean and std.dev: (1, 229)
[M::mem_pestat] mean and std.dev: (52.40, 38.30)
[M::mem_pestat] low and high boundaries for proper pairs: (1, 295)
[M::mem_pestat] skip orientation RR as there are not enough pairs
[M::mem_pestat] skip orientation RF
[M::mem_process_seqs] Processed 402272 reads in 13.651 CPU sec, 3.812 real sec
[M::process] read 402252 sequences (40000148 bp)...
[M::mem_pestat] # candidate unique pairs for (FF, FR, RF, RR): (4, 194697, 8, 1)
[M::mem_pestat] skip orientation FF as there are not enough pairs
[M::mem_pestat] analyzing insert size distribution for orientation FR...
[M::mem_pestat] (25, 50, 75) percentile: (108, 131, 171)
[M::mem_pestat] low and high boundaries for computing mean and std.dev: (1, 297)
[M::mem_pestat] mean and std.dev: (140.72, 47.09)
[M::mem_pestat] low and high boundaries for proper pairs: (1, 360)
[M::mem_pestat] skip orientation RF as there are not enough pairs
[M::mem_pestat] skip orientation RR as there are not enough pairs
[M::mem_process_seqs] Processed 402204 reads in 13.268 CPU sec, 3.651 real sec
[M::process] read 402298 sequences (40000124 bp)...
[M::mem_pestat] # candidate unique pairs for (FF, FR, RF, RR): (6, 194711, 7, 2)
[M::mem_pestat] skip orientation FF as there are not enough pairs
[M::mem_pestat] analyzing insert size distribution for orientation FR...
[M::mem_pestat] (25, 50, 75) percentile: (107, 131, 171)
[M::mem_pestat] low and high boundaries for computing mean and std.dev: (1, 299)
[M::mem_pestat] mean and std.dev: (140.69, 47.24)
[M::mem_pestat] low and high boundaries for proper pairs: (1, 363)
[M::mem_pestat] skip orientation RF as there are not enough pairs
[M::mem_pestat] skip orientation RR as there are not enough pairs
[M::mem_process_seqs] Processed 402252 reads in 14.846 CPU sec, 3.882 real sec
[M::process] read 402446 sequences (40000191 bp)...
[M::mem_pestat] # candidate unique pairs for (FF, FR, RF, RR): (6, 194573, 1, 4)
[M::mem_pestat] skip orientation FF as there are not enough pairs
[M::mem_pestat] analyzing insert size distribution for orientation FR...
[M::mem_pestat] (25, 50, 75) percentile: (107, 131, 171)
[M::mem_pestat] low and high boundaries for computing mean and std.dev: (1, 299)
[M::mem_pestat] mean and std.dev: (140.65, 47.44)
[M::mem_pestat] low and high boundaries for proper pairs: (1, 363)
[M::mem_pestat] skip orientation RF as there are not enough pairs
[M::mem_pestat] skip orientation RR as there are not enough pairs
[M::mem_process_seqs] Processed 402298 reads in 14.918 CPU sec, 3.873 real sec
[M::process] read 402524 sequences (40000020 bp)...
[M::mem_pestat] # candidate unique pairs for (FF, FR, RF, RR): (3, 194775, 17, 3)
[M::mem_pestat] skip orientation FF as there are not enough pairs
[M::mem_pestat] analyzing insert size distribution for orientation FR...
[M::mem_pestat] (25, 50, 75) percentile: (107, 131, 170)
[M::mem_pestat] low and high boundaries for computing mean and std.dev: (1, 296)
[M::mem_pestat] mean and std.dev: (140.34, 46.99)
[M::mem_pestat] low and high boundaries for proper pairs: (1, 359)
[M::mem_pestat] analyzing insert size distribution for orientation RF...
[M::mem_pestat] (25, 50, 75) percentile: (19, 29, 139)
[M::mem_pestat] low and high boundaries for computing mean and std.dev: (1, 379)
[M::mem_pestat] mean and std.dev: (49.67, 49.69)
[M::mem_pestat] low and high boundaries for proper pairs: (1, 499)
[M::mem_pestat] skip orientation RR as there are not enough pairs
[M::mem_pestat] skip orientation RF
[M::mem_process_seqs] Processed 402446 reads in 13.288 CPU sec, 3.538 real sec
[M::process] read 402544 sequences (40000015 bp)...
[M::mem_pestat] # candidate unique pairs for (FF, FR, RF, RR): (3, 194821, 13, 1)
[M::mem_pestat] skip orientation FF as there are not enough pairs
[M::mem_pestat] analyzing insert size distribution for orientation FR...
[M::mem_pestat] (25, 50, 75) percentile: (107, 131, 170)
[M::mem_pestat] low and high boundaries for computing mean and std.dev: (1, 296)
[M::mem_pestat] mean and std.dev: (140.43, 46.91)
[M::mem_pestat] low and high boundaries for proper pairs: (1, 359)
[M::mem_pestat] analyzing insert size distribution for orientation RF...
[M::mem_pestat] (25, 50, 75) percentile: (36, 1343, 8639)
[M::mem_pestat] low and high boundaries for computing mean and std.dev: (1, 25845)
[M::mem_pestat] mean and std.dev: (3915.85, 4042.18)
[M::mem_pestat] low and high boundaries for proper pairs: (1, 34448)
[M::mem_pestat] skip orientation RR as there are not enough pairs
[M::mem_pestat] skip orientation RF
[M::mem_process_seqs] Processed 402524 reads in 13.288 CPU sec, 3.509 real sec
[M::process] read 402912 sequences (40000182 bp)...
[M::mem_pestat] # candidate unique pairs for (FF, FR, RF, RR): (3, 194813, 7, 3)
[M::mem_pestat] skip orientation FF as there are not enough pairs
[M::mem_pestat] analyzing insert size distribution for orientation FR...
[M::mem_pestat] (25, 50, 75) percentile: (107, 131, 170)
[M::mem_pestat] low and high boundaries for computing mean and std.dev: (1, 296)
[M::mem_pestat] mean and std.dev: (140.13, 46.68)
[M::mem_pestat] low and high boundaries for proper pairs: (1, 359)
[M::mem_pestat] skip orientation RF as there are not enough pairs
[M::mem_pestat] skip orientation RR as there are not enough pairs
[M::mem_process_seqs] Processed 402544 reads in 13.457 CPU sec, 3.607 real sec
[M::process] read 403088 sequences (40000079 bp)...
[M::mem_pestat] # candidate unique pairs for (FF, FR, RF, RR): (7, 195007, 10, 2)
[M::mem_pestat] skip orientation FF as there are not enough pairs
[M::mem_pestat] analyzing insert size distribution for orientation FR...
[M::mem_pestat] (25, 50, 75) percentile: (107, 131, 170)
[M::mem_pestat] low and high boundaries for computing mean and std.dev: (1, 296)
[M::mem_pestat] mean and std.dev: (140.12, 46.75)
[M::mem_pestat] low and high boundaries for proper pairs: (1, 359)
[M::mem_pestat] analyzing insert size distribution for orientation RF...
[M::mem_pestat] (25, 50, 75) percentile: (7, 27, 281)
[M::mem_pestat] low and high boundaries for computing mean and std.dev: (1, 829)
[M::mem_pestat] mean and std.dev: (46.75, 89.00)
[M::mem_pestat] low and high boundaries for proper pairs: (1, 1103)
[M::mem_pestat] skip orientation RR as there are not enough pairs
[M::mem_pestat] skip orientation RF
[M::mem_process_seqs] Processed 402912 reads in 14.153 CPU sec, 3.740 real sec
[M::process] read 404628 sequences (40000020 bp)...
[M::mem_pestat] # candidate unique pairs for (FF, FR, RF, RR): (2, 195062, 7, 2)
[M::mem_pestat] skip orientation FF as there are not enough pairs
[M::mem_pestat] analyzing insert size distribution for orientation FR...
[M::mem_pestat] (25, 50, 75) percentile: (107, 131, 169)
[M::mem_pestat] low and high boundaries for computing mean and std.dev: (1, 293)
[M::mem_pestat] mean and std.dev: (139.74, 46.18)
[M::mem_pestat] low and high boundaries for proper pairs: (1, 355)
[M::mem_pestat] skip orientation RF as there are not enough pairs
[M::mem_pestat] skip orientation RR as there are not enough pairs
[M::mem_process_seqs] Processed 403088 reads in 13.761 CPU sec, 3.600 real sec
[M::process] read 404046 sequences (40000156 bp)...
[M::mem_pestat] # candidate unique pairs for (FF, FR, RF, RR): (2, 195653, 9, 1)
[M::mem_pestat] skip orientation FF as there are not enough pairs
[M::mem_pestat] analyzing insert size distribution for orientation FR...
[M::mem_pestat] (25, 50, 75) percentile: (107, 131, 169)
[M::mem_pestat] low and high boundaries for computing mean and std.dev: (1, 293)
[M::mem_pestat] mean and std.dev: (139.54, 46.18)
[M::mem_pestat] low and high boundaries for proper pairs: (1, 355)
[M::mem_pestat] skip orientation RF as there are not enough pairs
[M::mem_pestat] skip orientation RR as there are not enough pairs
[M::mem_process_seqs] Processed 404628 reads in 13.778 CPU sec, 3.869 real sec
[M::process] read 402638 sequences (40000192 bp)...
[M::mem_pestat] # candidate unique pairs for (FF, FR, RF, RR): (3, 195590, 7, 1)
[M::mem_pestat] skip orientation FF as there are not enough pairs
[M::mem_pestat] analyzing insert size distribution for orientation FR...
[M::mem_pestat] (25, 50, 75) percentile: (107, 130, 169)
[M::mem_pestat] low and high boundaries for computing mean and std.dev: (1, 293)
[M::mem_pestat] mean and std.dev: (139.59, 46.13)
[M::mem_pestat] low and high boundaries for proper pairs: (1, 355)
[M::mem_pestat] skip orientation RF as there are not enough pairs
[M::mem_pestat] skip orientation RR as there are not enough pairs
[M::mem_process_seqs] Processed 404046 reads in 14.362 CPU sec, 3.763 real sec
[M::process] read 402108 sequences (40000157 bp)...
[M::mem_pestat] # candidate unique pairs for (FF, FR, RF, RR): (4, 195026, 10, 4)
[M::mem_pestat] skip orientation FF as there are not enough pairs
[M::mem_pestat] analyzing insert size distribution for orientation FR...
[M::mem_pestat] (25, 50, 75) percentile: (108, 131, 171)
[M::mem_pestat] low and high boundaries for computing mean and std.dev: (1, 297)
[M::mem_pestat] mean and std.dev: (140.90, 47.21)
[M::mem_pestat] low and high boundaries for proper pairs: (1, 360)
[M::mem_pestat] analyzing insert size distribution for orientation RF...
[M::mem_pestat] (25, 50, 75) percentile: (13, 167, 537)
[M::mem_pestat] low and high boundaries for computing mean and std.dev: (1, 1585)
[M::mem_pestat] mean and std.dev: (166.38, 215.18)
[M::mem_pestat] low and high boundaries for proper pairs: (1, 2109)
[M::mem_pestat] skip orientation RR as there are not enough pairs
[M::mem_pestat] skip orientation RF
[M::mem_process_seqs] Processed 402638 reads in 14.225 CPU sec, 3.841 real sec
[M::process] read 402112 sequences (40000142 bp)...
[M::mem_pestat] # candidate unique pairs for (FF, FR, RF, RR): (3, 194864, 9, 3)
[M::mem_pestat] skip orientation FF as there are not enough pairs
[M::mem_pestat] analyzing insert size distribution for orientation FR...
[M::mem_pestat] (25, 50, 75) percentile: (108, 132, 173)
[M::mem_pestat] low and high boundaries for computing mean and std.dev: (1, 303)
[M::mem_pestat] mean and std.dev: (141.97, 48.23)
[M::mem_pestat] low and high boundaries for proper pairs: (1, 368)
[M::mem_pestat] skip orientation RF as there are not enough pairs
[M::mem_pestat] skip orientation RR as there are not enough pairs
[M::mem_process_seqs] Processed 402108 reads in 14.312 CPU sec, 3.832 real sec
[M::process] read 401926 sequences (40000113 bp)...
[M::mem_pestat] # candidate unique pairs for (FF, FR, RF, RR): (2, 194665, 8, 0)
[M::mem_pestat] skip orientation FF as there are not enough pairs
[M::mem_pestat] analyzing insert size distribution for orientation FR...
[M::mem_pestat] (25, 50, 75) percentile: (108, 132, 172)
[M::mem_pestat] low and high boundaries for computing mean and std.dev: (1, 300)
[M::mem_pestat] mean and std.dev: (141.56, 47.67)
[M::mem_pestat] low and high boundaries for proper pairs: (1, 364)
[M::mem_pestat] skip orientation RF as there are not enough pairs
[M::mem_pestat] skip orientation RR as there are not enough pairs
[M::mem_process_seqs] Processed 402112 reads in 14.550 CPU sec, 3.874 real sec
[M::process] read 402116 sequences (40000016 bp)...
[M::mem_pestat] # candidate unique pairs for (FF, FR, RF, RR): (5, 194606, 5, 5)
[M::mem_pestat] skip orientation FF as there are not enough pairs
[M::mem_pestat] analyzing insert size distribution for orientation FR...
[M::mem_pestat] (25, 50, 75) percentile: (108, 132, 172)
[M::mem_pestat] low and high boundaries for computing mean and std.dev: (1, 300)
[M::mem_pestat] mean and std.dev: (141.36, 47.64)
[M::mem_pestat] low and high boundaries for proper pairs: (1, 364)
[M::mem_pestat] skip orientation RF as there are not enough pairs
[M::mem_pestat] skip orientation RR as there are not enough pairs
[M::mem_process_seqs] Processed 401926 reads in 14.259 CPU sec, 3.809 real sec
[M::process] read 402128 sequences (40000106 bp)...
[M::mem_pestat] # candidate unique pairs for (FF, FR, RF, RR): (7, 194633, 6, 4)
[M::mem_pestat] skip orientation FF as there are not enough pairs
[M::mem_pestat] analyzing insert size distribution for orientation FR...
[M::mem_pestat] (25, 50, 75) percentile: (108, 132, 172)
[M::mem_pestat] low and high boundaries for computing mean and std.dev: (1, 300)
[M::mem_pestat] mean and std.dev: (141.29, 47.64)
[M::mem_pestat] low and high boundaries for proper pairs: (1, 364)
[M::mem_pestat] skip orientation RF as there are not enough pairs
[M::mem_pestat] skip orientation RR as there are not enough pairs
[M::mem_process_seqs] Processed 402116 reads in 14.036 CPU sec, 3.795 real sec
[M::process] read 402314 sequences (40000115 bp)...
[M::mem_pestat] # candidate unique pairs for (FF, FR, RF, RR): (3, 194669, 16, 2)
[M::mem_pestat] skip orientation FF as there are not enough pairs
[M::mem_pestat] analyzing insert size distribution for orientation FR...
[M::mem_pestat] (25, 50, 75) percentile: (107, 131, 171)
[M::mem_pestat] low and high boundaries for computing mean and std.dev: (1, 299)
[M::mem_pestat] mean and std.dev: (140.95, 47.50)
[M::mem_pestat] low and high boundaries for proper pairs: (1, 363)
[M::mem_pestat] analyzing insert size distribution for orientation RF...
[M::mem_pestat] (25, 50, 75) percentile: (14, 25, 116)
[M::mem_pestat] low and high boundaries for computing mean and std.dev: (1, 320)
[M::mem_pestat] mean and std.dev: (42.71, 55.43)
[M::mem_pestat] low and high boundaries for proper pairs: (1, 422)
[M::mem_pestat] skip orientation RR as there are not enough pairs
[M::mem_pestat] skip orientation RF
[M::mem_process_seqs] Processed 402128 reads in 14.103 CPU sec, 3.775 real sec
[M::process] read 402228 sequences (40000153 bp)...
[M::mem_pestat] # candidate unique pairs for (FF, FR, RF, RR): (6, 194737, 9, 3)
[M::mem_pestat] skip orientation FF as there are not enough pairs
[M::mem_pestat] analyzing insert size distribution for orientation FR...
[M::mem_pestat] (25, 50, 75) percentile: (107, 131, 171)
[M::mem_pestat] low and high boundaries for computing mean and std.dev: (1, 299)
[M::mem_pestat] mean and std.dev: (140.76, 47.32)
[M::mem_pestat] low and high boundaries for proper pairs: (1, 363)
[M::mem_pestat] skip orientation RF as there are not enough pairs
[M::mem_pestat] skip orientation RR as there are not enough pairs
[M::mem_process_seqs] Processed 402314 reads in 14.242 CPU sec, 3.781 real sec
[M::process] read 402310 sequences (40000048 bp)...
[M::mem_pestat] # candidate unique pairs for (FF, FR, RF, RR): (0, 194760, 9, 2)
[M::mem_pestat] skip orientation FF as there are not enough pairs
[M::mem_pestat] analyzing insert size distribution for orientation FR...
[M::mem_pestat] (25, 50, 75) percentile: (107, 131, 171)
[M::mem_pestat] low and high boundaries for computing mean and std.dev: (1, 299)
[M::mem_pestat] mean and std.dev: (140.78, 47.31)
[M::mem_pestat] low and high boundaries for proper pairs: (1, 363)
[M::mem_pestat] skip orientation RF as there are not enough pairs
[M::mem_pestat] skip orientation RR as there are not enough pairs
[M::mem_process_seqs] Processed 402228 reads in 15.079 CPU sec, 3.987 real sec
[M::process] read 402340 sequences (40000072 bp)...
[M::mem_pestat] # candidate unique pairs for (FF, FR, RF, RR): (4, 194753, 7, 4)
[M::mem_pestat] skip orientation FF as there are not enough pairs
[M::mem_pestat] analyzing insert size distribution for orientation FR...
[M::mem_pestat] (25, 50, 75) percentile: (107, 131, 170)
[M::mem_pestat] low and high boundaries for computing mean and std.dev: (1, 296)
[M::mem_pestat] mean and std.dev: (140.41, 46.90)
[M::mem_pestat] low and high boundaries for proper pairs: (1, 359)
[M::mem_pestat] skip orientation RF as there are not enough pairs
[M::mem_pestat] skip orientation RR as there are not enough pairs
[M::mem_process_seqs] Processed 402310 reads in 13.321 CPU sec, 3.478 real sec
[M::process] read 402528 sequences (40000071 bp)...
[M::mem_pestat] # candidate unique pairs for (FF, FR, RF, RR): (5, 194882, 8, 4)
[M::mem_pestat] skip orientation FF as there are not enough pairs
[M::mem_pestat] analyzing insert size distribution for orientation FR...
[M::mem_pestat] (25, 50, 75) percentile: (107, 131, 171)
[M::mem_pestat] low and high boundaries for computing mean and std.dev: (1, 299)
[M::mem_pestat] mean and std.dev: (140.82, 47.39)
[M::mem_pestat] low and high boundaries for proper pairs: (1, 363)
[M::mem_pestat] skip orientation RF as there are not enough pairs
[M::mem_pestat] skip orientation RR as there are not enough pairs
[M::mem_process_seqs] Processed 402340 reads in 14.669 CPU sec, 3.837 real sec
[M::process] read 402830 sequences (40000140 bp)...
[M::mem_pestat] # candidate unique pairs for (FF, FR, RF, RR): (6, 194771, 7, 4)
[M::mem_pestat] skip orientation FF as there are not enough pairs
[M::mem_pestat] analyzing insert size distribution for orientation FR...
[M::mem_pestat] (25, 50, 75) percentile: (107, 131, 170)
[M::mem_pestat] low and high boundaries for computing mean and std.dev: (1, 296)
[M::mem_pestat] mean and std.dev: (140.38, 46.78)
[M::mem_pestat] low and high boundaries for proper pairs: (1, 359)
[M::mem_pestat] skip orientation RF as there are not enough pairs
[M::mem_pestat] skip orientation RR as there are not enough pairs
[M::mem_process_seqs] Processed 402528 reads in 14.136 CPU sec, 3.869 real sec
[M::process] read 402874 sequences (40000101 bp)...
[M::mem_pestat] # candidate unique pairs for (FF, FR, RF, RR): (6, 194945, 9, 6)
[M::mem_pestat] skip orientation FF as there are not enough pairs
[M::mem_pestat] analyzing insert size distribution for orientation FR...
[M::mem_pestat] (25, 50, 75) percentile: (107, 131, 170)
[M::mem_pestat] low and high boundaries for computing mean and std.dev: (1, 296)
[M::mem_pestat] mean and std.dev: (140.23, 46.71)
[M::mem_pestat] low and high boundaries for proper pairs: (1, 359)
[M::mem_pestat] skip orientation RF as there are not enough pairs
[M::mem_pestat] skip orientation RR as there are not enough pairs
[M::mem_process_seqs] Processed 402830 reads in 14.074 CPU sec, 3.658 real sec
[M::process] read 403054 sequences (40000079 bp)...
[M::mem_pestat] # candidate unique pairs for (FF, FR, RF, RR): (1, 195086, 6, 4)
[M::mem_pestat] skip orientation FF as there are not enough pairs
[M::mem_pestat] analyzing insert size distribution for orientation FR...
[M::mem_pestat] (25, 50, 75) percentile: (107, 131, 170)
[M::mem_pestat] low and high boundaries for computing mean and std.dev: (1, 296)
[M::mem_pestat] mean and std.dev: (140.12, 46.81)
[M::mem_pestat] low and high boundaries for proper pairs: (1, 359)
[M::mem_pestat] skip orientation RF as there are not enough pairs
[M::mem_pestat] skip orientation RR as there are not enough pairs
[M::mem_process_seqs] Processed 402874 reads in 13.230 CPU sec, 3.473 real sec
[M::mem_pestat] # candidate unique pairs for (FF, FR, RF, RR): (1, 194918, 6, 5)
[M::mem_pestat] skip orientation FF as there are not enough pairs
[M::mem_pestat] analyzing insert size distribution for orientation FR...
[M::mem_pestat] (25, 50, 75) percentile: (107, 130, 169)
[M::mem_pestat] low and high boundaries for computing mean and std.dev: (1, 293)
[M::mem_pestat] mean and std.dev: (139.59, 46.22)
[M::mem_pestat] low and high boundaries for proper pairs: (1, 355)
[M::mem_pestat] skip orientation RF as there are not enough pairs
[M::mem_pestat] skip orientation RR as there are not enough pairs
[M::mem_process_seqs] Processed 403054 reads in 12.487 CPU sec, 4.236 real sec
[M::process] read 405620 sequences (40000001 bp)...
[M::process] read 403758 sequences (40000018 bp)...
[M::mem_pestat] # candidate unique pairs for (FF, FR, RF, RR): (4, 196230, 13, 4)
[M::mem_pestat] skip orientation FF as there are not enough pairs
[M::mem_pestat] analyzing insert size distribution for orientation FR...
[M::mem_pestat] (25, 50, 75) percentile: (107, 131, 169)
[M::mem_pestat] low and high boundaries for computing mean and std.dev: (1, 293)
[M::mem_pestat] mean and std.dev: (139.76, 46.23)
[M::mem_pestat] low and high boundaries for proper pairs: (1, 355)
[M::mem_pestat] analyzing insert size distribution for orientation RF...
[M::mem_pestat] (25, 50, 75) percentile: (13, 29, 86)
[M::mem_pestat] low and high boundaries for computing mean and std.dev: (1, 232)
[M::mem_pestat] mean and std.dev: (33.45, 26.92)
[M::mem_pestat] low and high boundaries for proper pairs: (1, 305)
[M::mem_pestat] skip orientation RR as there are not enough pairs
[M::mem_pestat] skip orientation RF
[M::mem_process_seqs] Processed 405620 reads in 13.090 CPU sec, 3.404 real sec
[M::process] read 401774 sequences (40000022 bp)...
[M::mem_pestat] # candidate unique pairs for (FF, FR, RF, RR): (4, 195549, 6, 5)
[M::mem_pestat] skip orientation FF as there are not enough pairs
[M::mem_pestat] analyzing insert size distribution for orientation FR...
[M::mem_pestat] (25, 50, 75) percentile: (107, 131, 169)
[M::mem_pestat] low and high boundaries for computing mean and std.dev: (1, 293)
[M::mem_pestat] mean and std.dev: (139.72, 46.14)
[M::mem_pestat] low and high boundaries for proper pairs: (1, 355)
[M::mem_pestat] skip orientation RF as there are not enough pairs
[M::mem_pestat] skip orientation RR as there are not enough pairs
[M::mem_process_seqs] Processed 403758 reads in 13.637 CPU sec, 3.853 real sec
[M::process] read 402198 sequences (40000052 bp)...
[M::mem_pestat] # candidate unique pairs for (FF, FR, RF, RR): (3, 194455, 8, 2)
[M::mem_pestat] skip orientation FF as there are not enough pairs
[M::mem_pestat] analyzing insert size distribution for orientation FR...
[M::mem_pestat] (25, 50, 75) percentile: (108, 132, 173)
[M::mem_pestat] low and high boundaries for computing mean and std.dev: (1, 303)
[M::mem_pestat] mean and std.dev: (141.88, 48.24)
[M::mem_pestat] low and high boundaries for proper pairs: (1, 368)
[M::mem_pestat] skip orientation RF as there are not enough pairs
[M::mem_pestat] skip orientation RR as there are not enough pairs
[M::mem_process_seqs] Processed 401774 reads in 14.458 CPU sec, 3.849 real sec
[M::process] read 401920 sequences (40000109 bp)...
[M::mem_pestat] # candidate unique pairs for (FF, FR, RF, RR): (2, 194858, 7, 2)
[M::mem_pestat] skip orientation FF as there are not enough pairs
[M::mem_pestat] analyzing insert size distribution for orientation FR...
[M::mem_pestat] (25, 50, 75) percentile: (108, 132, 172)
[M::mem_pestat] low and high boundaries for computing mean and std.dev: (1, 300)
[M::mem_pestat] mean and std.dev: (141.59, 47.60)
[M::mem_pestat] low and high boundaries for proper pairs: (1, 364)
[M::mem_pestat] skip orientation RF as there are not enough pairs
[M::mem_pestat] skip orientation RR as there are not enough pairs
[M::mem_process_seqs] Processed 402198 reads in 14.421 CPU sec, 3.819 real sec
[M::process] read 401982 sequences (40000050 bp)...
[M::mem_pestat] # candidate unique pairs for (FF, FR, RF, RR): (2, 194679, 10, 4)
[M::mem_pestat] skip orientation FF as there are not enough pairs
[M::mem_pestat] analyzing insert size distribution for orientation FR...
[M::mem_pestat] (25, 50, 75) percentile: (108, 132, 172)
[M::mem_pestat] low and high boundaries for computing mean and std.dev: (1, 300)
[M::mem_pestat] mean and std.dev: (141.58, 47.84)
[M::mem_pestat] low and high boundaries for proper pairs: (1, 364)
[M::mem_pestat] analyzing insert size distribution for orientation RF...
[M::mem_pestat] (25, 50, 75) percentile: (25, 36, 66)
[M::mem_pestat] low and high boundaries for computing mean and std.dev: (1, 148)
[M::mem_pestat] mean and std.dev: (42.44, 32.69)
[M::mem_pestat] low and high boundaries for proper pairs: (1, 189)
[M::mem_pestat] skip orientation RR as there are not enough pairs
[M::mem_pestat] skip orientation RF
[M::mem_process_seqs] Processed 401920 reads in 14.616 CPU sec, 3.842 real sec
[M::process] read 402242 sequences (40000071 bp)...
[M::mem_pestat] # candidate unique pairs for (FF, FR, RF, RR): (1, 194549, 5, 4)
[M::mem_pestat] skip orientation FF as there are not enough pairs
[M::mem_pestat] analyzing insert size distribution for orientation FR...
[M::mem_pestat] (25, 50, 75) percentile: (108, 132, 172)
[M::mem_pestat] low and high boundaries for computing mean and std.dev: (1, 300)
[M::mem_pestat] mean and std.dev: (141.41, 47.61)
[M::mem_pestat] low and high boundaries for proper pairs: (1, 364)
[M::mem_pestat] skip orientation RF as there are not enough pairs
[M::mem_pestat] skip orientation RR as there are not enough pairs
[M::mem_process_seqs] Processed 401982 reads in 14.490 CPU sec, 3.862 real sec
[M::process] read 402074 sequences (40000172 bp)...
[M::mem_pestat] # candidate unique pairs for (FF, FR, RF, RR): (7, 194647, 6, 0)
[M::mem_pestat] skip orientation FF as there are not enough pairs
[M::mem_pestat] analyzing insert size distribution for orientation FR...
[M::mem_pestat] (25, 50, 75) percentile: (108, 132, 172)
[M::mem_pestat] low and high boundaries for computing mean and std.dev: (1, 300)
[M::mem_pestat] mean and std.dev: (141.51, 47.64)
[M::mem_pestat] low and high boundaries for proper pairs: (1, 364)
[M::mem_pestat] skip orientation RF as there are not enough pairs
[M::mem_pestat] skip orientation RR as there are not enough pairs
[M::mem_process_seqs] Processed 402242 reads in 13.869 CPU sec, 3.703 real sec
[M::process] read 402150 sequences (40000174 bp)...
[M::mem_pestat] # candidate unique pairs for (FF, FR, RF, RR): (3, 194528, 13, 5)
[M::mem_pestat] skip orientation FF as there are not enough pairs
[M::mem_pestat] analyzing insert size distribution for orientation FR...
[M::mem_pestat] (25, 50, 75) percentile: (107, 131, 171)
[M::mem_pestat] low and high boundaries for computing mean and std.dev: (1, 299)
[M::mem_pestat] mean and std.dev: (140.91, 47.41)
[M::mem_pestat] low and high boundaries for proper pairs: (1, 363)
[M::mem_pestat] analyzing insert size distribution for orientation RF...
[M::mem_pestat] (25, 50, 75) percentile: (20, 89, 1927)
[M::mem_pestat] low and high boundaries for computing mean and std.dev: (1, 5741)
[M::mem_pestat] mean and std.dev: (414.92, 784.98)
[M::mem_pestat] low and high boundaries for proper pairs: (1, 7648)
[M::mem_pestat] skip orientation RR as there are not enough pairs
[M::mem_pestat] skip orientation RF
[M::mem_process_seqs] Processed 402074 reads in 14.324 CPU sec, 3.844 real sec
[M::process] read 402272 sequences (40000135 bp)...
[M::mem_pestat] # candidate unique pairs for (FF, FR, RF, RR): (2, 194525, 8, 13)
[M::mem_pestat] skip orientation FF as there are not enough pairs
[M::mem_pestat] analyzing insert size distribution for orientation FR...
[M::mem_pestat] (25, 50, 75) percentile: (107, 131, 172)
[M::mem_pestat] low and high boundaries for computing mean and std.dev: (1, 302)
[M::mem_pestat] mean and std.dev: (141.27, 47.83)
[M::mem_pestat] low and high boundaries for proper pairs: (1, 367)
[M::mem_pestat] skip orientation RF as there are not enough pairs
[M::mem_pestat] analyzing insert size distribution for orientation RR...
[M::mem_pestat] (25, 50, 75) percentile: (94, 147, 5998)
[M::mem_pestat] low and high boundaries for computing mean and std.dev: (1, 17806)
[M::mem_pestat] mean and std.dev: (2180.92, 3104.78)
[M::mem_pestat] low and high boundaries for proper pairs: (1, 23710)
[M::mem_pestat] skip orientation RR
[M::mem_process_seqs] Processed 402150 reads in 14.321 CPU sec, 3.816 real sec
[M::process] read 402232 sequences (40000190 bp)...
[M::mem_pestat] # candidate unique pairs for (FF, FR, RF, RR): (1, 194651, 10, 4)
[M::mem_pestat] skip orientation FF as there are not enough pairs
[M::mem_pestat] analyzing insert size distribution for orientation FR...
[M::mem_pestat] (25, 50, 75) percentile: (107, 131, 171)
[M::mem_pestat] low and high boundaries for computing mean and std.dev: (1, 299)
[M::mem_pestat] mean and std.dev: (140.93, 47.57)
[M::mem_pestat] low and high boundaries for proper pairs: (1, 363)
[M::mem_pestat] analyzing insert size distribution for orientation RF...
[M::mem_pestat] (25, 50, 75) percentile: (7, 30, 44)
[M::mem_pestat] low and high boundaries for computing mean and std.dev: (1, 118)
[M::mem_pestat] mean and std.dev: (26.67, 21.20)
[M::mem_pestat] low and high boundaries for proper pairs: (1, 155)
[M::mem_pestat] skip orientation RR as there are not enough pairs
[M::mem_pestat] skip orientation RF
[M::mem_process_seqs] Processed 402272 reads in 14.872 CPU sec, 3.906 real sec
[M::process] read 402456 sequences (40000051 bp)...
[M::mem_pestat] # candidate unique pairs for (FF, FR, RF, RR): (3, 194638, 8, 3)
[M::mem_pestat] skip orientation FF as there are not enough pairs
[M::mem_pestat] analyzing insert size distribution for orientation FR...
[M::mem_pestat] (25, 50, 75) percentile: (107, 131, 171)
[M::mem_pestat] low and high boundaries for computing mean and std.dev: (1, 299)
[M::mem_pestat] mean and std.dev: (140.92, 47.44)
[M::mem_pestat] low and high boundaries for proper pairs: (1, 363)
[M::mem_pestat] skip orientation RF as there are not enough pairs
[M::mem_pestat] skip orientation RR as there are not enough pairs
[M::mem_process_seqs] Processed 402232 reads in 13.181 CPU sec, 3.676 real sec
[M::process] read 402608 sequences (40000145 bp)...
[M::mem_pestat] # candidate unique pairs for (FF, FR, RF, RR): (3, 194800, 9, 3)
[M::mem_pestat] skip orientation FF as there are not enough pairs
[M::mem_pestat] analyzing insert size distribution for orientation FR...
[M::mem_pestat] (25, 50, 75) percentile: (107, 131, 171)
[M::mem_pestat] low and high boundaries for computing mean and std.dev: (1, 299)
[M::mem_pestat] mean and std.dev: (140.75, 47.35)
[M::mem_pestat] low and high boundaries for proper pairs: (1, 363)
[M::mem_pestat] skip orientation RF as there are not enough pairs
[M::mem_pestat] skip orientation RR as there are not enough pairs
[M::mem_process_seqs] Processed 402456 reads in 14.431 CPU sec, 4.054 real sec
[M::process] read 402832 sequences (40000117 bp)...
[M::mem_pestat] # candidate unique pairs for (FF, FR, RF, RR): (1, 194838, 7, 3)
[M::mem_pestat] skip orientation FF as there are not enough pairs
[M::mem_pestat] analyzing insert size distribution for orientation FR...
[M::mem_pestat] (25, 50, 75) percentile: (107, 131, 170)
[M::mem_pestat] low and high boundaries for computing mean and std.dev: (1, 296)
[M::mem_pestat] mean and std.dev: (140.35, 46.71)
[M::mem_pestat] low and high boundaries for proper pairs: (1, 359)
[M::mem_pestat] skip orientation RF as there are not enough pairs
[M::mem_pestat] skip orientation RR as there are not enough pairs
[M::mem_process_seqs] Processed 402608 reads in 14.720 CPU sec, 3.969 real sec
[M::process] read 402892 sequences (40000140 bp)...
[M::mem_pestat] # candidate unique pairs for (FF, FR, RF, RR): (3, 195038, 6, 5)
[M::mem_pestat] skip orientation FF as there are not enough pairs
[M::mem_pestat] analyzing insert size distribution for orientation FR...
[M::mem_pestat] (25, 50, 75) percentile: (107, 131, 170)
[M::mem_pestat] low and high boundaries for computing mean and std.dev: (1, 296)
[M::mem_pestat] mean and std.dev: (140.47, 46.91)
[M::mem_pestat] low and high boundaries for proper pairs: (1, 359)
[M::mem_pestat] skip orientation RF as there are not enough pairs
[M::mem_pestat] skip orientation RR as there are not enough pairs
[M::mem_process_seqs] Processed 402832 reads in 14.044 CPU sec, 3.787 real sec
[M::process] read 404474 sequences (40000155 bp)...
[M::mem_pestat] # candidate unique pairs for (FF, FR, RF, RR): (2, 194990, 8, 4)
[M::mem_pestat] skip orientation FF as there are not enough pairs
[M::mem_pestat] analyzing insert size distribution for orientation FR...
[M::mem_pestat] (25, 50, 75) percentile: (107, 131, 170)
[M::mem_pestat] low and high boundaries for computing mean and std.dev: (1, 296)
[M::mem_pestat] mean and std.dev: (140.17, 46.75)
[M::mem_pestat] low and high boundaries for proper pairs: (1, 359)
[M::mem_pestat] skip orientation RF as there are not enough pairs
[M::mem_pestat] skip orientation RR as there are not enough pairs
[M::mem_process_seqs] Processed 402892 reads in 13.641 CPU sec, 3.705 real sec
[M::process] read 404088 sequences (40000156 bp)...
[M::mem_pestat] # candidate unique pairs for (FF, FR, RF, RR): (2, 195687, 6, 4)
[M::mem_pestat] skip orientation FF as there are not enough pairs
[M::mem_pestat] analyzing insert size distribution for orientation FR...
[M::mem_pestat] (25, 50, 75) percentile: (107, 131, 169)
[M::mem_pestat] low and high boundaries for computing mean and std.dev: (1, 293)
[M::mem_pestat] mean and std.dev: (139.72, 46.16)
[M::mem_pestat] low and high boundaries for proper pairs: (1, 355)
[M::mem_pestat] skip orientation RF as there are not enough pairs
[M::mem_pestat] skip orientation RR as there are not enough pairs
[M::mem_process_seqs] Processed 404474 reads in 13.593 CPU sec, 3.618 real sec
[M::process] read 403000 sequences (40000067 bp)...
[M::mem_pestat] # candidate unique pairs for (FF, FR, RF, RR): (2, 195569, 5, 3)
[M::mem_pestat] skip orientation FF as there are not enough pairs
[M::mem_pestat] analyzing insert size distribution for orientation FR...
[M::mem_pestat] (25, 50, 75) percentile: (107, 131, 169)
[M::mem_pestat] low and high boundaries for computing mean and std.dev: (1, 293)
[M::mem_pestat] mean and std.dev: (139.78, 46.08)
[M::mem_pestat] low and high boundaries for proper pairs: (1, 355)
[M::mem_pestat] skip orientation RF as there are not enough pairs
[M::mem_pestat] skip orientation RR as there are not enough pairs
[M::mem_process_seqs] Processed 404088 reads in 14.123 CPU sec, 3.877 real sec
[M::process] read 405362 sequences (40000139 bp)...
[M::mem_pestat] # candidate unique pairs for (FF, FR, RF, RR): (4, 195110, 15, 2)
[M::mem_pestat] skip orientation FF as there are not enough pairs
[M::mem_pestat] analyzing insert size distribution for orientation FR...
[M::mem_pestat] (25, 50, 75) percentile: (108, 132, 172)
[M::mem_pestat] low and high boundaries for computing mean and std.dev: (1, 300)
[M::mem_pestat] mean and std.dev: (141.39, 47.76)
[M::mem_pestat] low and high boundaries for proper pairs: (1, 364)
[M::mem_pestat] analyzing insert size distribution for orientation RF...
[M::mem_pestat] (25, 50, 75) percentile: (13, 28, 157)
[M::mem_pestat] low and high boundaries for computing mean and std.dev: (1, 445)
[M::mem_pestat] mean and std.dev: (80.80, 101.68)
[M::mem_pestat] low and high boundaries for proper pairs: (1, 589)
[M::mem_pestat] skip orientation RR as there are not enough pairs
[M::mem_pestat] skip orientation RF
[M::mem_process_seqs] Processed 403000 reads in 14.886 CPU sec, 4.008 real sec
[M::process] read 404008 sequences (40000029 bp)...
[M::mem_pestat] # candidate unique pairs for (FF, FR, RF, RR): (2, 196534, 4, 5)
[M::mem_pestat] skip orientation FF as there are not enough pairs
[M::mem_pestat] analyzing insert size distribution for orientation FR...
[M::mem_pestat] (25, 50, 75) percentile: (108, 132, 173)
[M::mem_pestat] low and high boundaries for computing mean and std.dev: (1, 303)
[M::mem_pestat] mean and std.dev: (142.10, 48.16)
[M::mem_pestat] low and high boundaries for proper pairs: (1, 368)
[M::mem_pestat] skip orientation RF as there are not enough pairs
[M::mem_pestat] skip orientation RR as there are not enough pairs
[M::mem_process_seqs] Processed 405362 reads in 16.356 CPU sec, 4.447 real sec
[M::process] read 402624 sequences (40000195 bp)...
[M::mem_pestat] # candidate unique pairs for (FF, FR, RF, RR): (4, 195535, 10, 5)
[M::mem_pestat] skip orientation FF as there are not enough pairs
[M::mem_pestat] analyzing insert size distribution for orientation FR...
[M::mem_pestat] (25, 50, 75) percentile: (108, 132, 173)
[M::mem_pestat] low and high boundaries for computing mean and std.dev: (1, 303)
[M::mem_pestat] mean and std.dev: (142.08, 48.08)
[M::mem_pestat] low and high boundaries for proper pairs: (1, 368)
[M::mem_pestat] analyzing insert size distribution for orientation RF...
[M::mem_pestat] (25, 50, 75) percentile: (48, 2226, 3293)
[M::mem_pestat] low and high boundaries for computing mean and std.dev: (1, 9783)
[M::mem_pestat] mean and std.dev: (2039.00, 2332.20)
[M::mem_pestat] low and high boundaries for proper pairs: (1, 13028)
[M::mem_pestat] skip orientation RR as there are not enough pairs
[M::mem_pestat] skip orientation RF
[M::mem_process_seqs] Processed 404008 reads in 15.651 CPU sec, 4.129 real sec
[M::process] read 402340 sequences (40000160 bp)...
[M::mem_pestat] # candidate unique pairs for (FF, FR, RF, RR): (3, 195061, 10, 6)
[M::mem_pestat] skip orientation FF as there are not enough pairs
[M::mem_pestat] analyzing insert size distribution for orientation FR...
[M::mem_pestat] (25, 50, 75) percentile: (108, 132, 172)
[M::mem_pestat] low and high boundaries for computing mean and std.dev: (1, 300)
[M::mem_pestat] mean and std.dev: (141.47, 47.65)
[M::mem_pestat] low and high boundaries for proper pairs: (1, 364)
[M::mem_pestat] analyzing insert size distribution for orientation RF...
[M::mem_pestat] (25, 50, 75) percentile: (7, 39, 157)
[M::mem_pestat] low and high boundaries for computing mean and std.dev: (1, 457)
[M::mem_pestat] mean and std.dev: (39.38, 48.16)
[M::mem_pestat] low and high boundaries for proper pairs: (1, 607)
[M::mem_pestat] skip orientation RR as there are not enough pairs
[M::mem_pestat] skip orientation RF
[M::mem_process_seqs] Processed 402624 reads in 15.122 CPU sec, 3.998 real sec
[M::process] read 402056 sequences (40000115 bp)...
[M::mem_pestat] # candidate unique pairs for (FF, FR, RF, RR): (3, 194760, 9, 5)
[M::mem_pestat] skip orientation FF as there are not enough pairs
[M::mem_pestat] analyzing insert size distribution for orientation FR...
[M::mem_pestat] (25, 50, 75) percentile: (108, 132, 172)
[M::mem_pestat] low and high boundaries for computing mean and std.dev: (1, 300)
[M::mem_pestat] mean and std.dev: (141.67, 47.70)
[M::mem_pestat] low and high boundaries for proper pairs: (1, 364)
[M::mem_pestat] skip orientation RF as there are not enough pairs
[M::mem_pestat] skip orientation RR as there are not enough pairs
[M::mem_process_seqs] Processed 402340 reads in 14.923 CPU sec, 3.919 real sec
[M::process] read 402096 sequences (40000140 bp)...
[M::mem_pestat] # candidate unique pairs for (FF, FR, RF, RR): (5, 194649, 7, 1)
[M::mem_pestat] skip orientation FF as there are not enough pairs
[M::mem_pestat] analyzing insert size distribution for orientation FR...
[M::mem_pestat] (25, 50, 75) percentile: (108, 132, 171)
[M::mem_pestat] low and high boundaries for computing mean and std.dev: (1, 297)
[M::mem_pestat] mean and std.dev: (140.95, 47.10)
[M::mem_pestat] low and high boundaries for proper pairs: (1, 360)
[M::mem_pestat] skip orientation RF as there are not enough pairs
[M::mem_pestat] skip orientation RR as there are not enough pairs
[M::mem_process_seqs] Processed 402056 reads in 14.708 CPU sec, 3.867 real sec
[M::process] read 402092 sequences (40000015 bp)...
[M::mem_pestat] # candidate unique pairs for (FF, FR, RF, RR): (3, 194616, 16, 4)
[M::mem_pestat] skip orientation FF as there are not enough pairs
[M::mem_pestat] analyzing insert size distribution for orientation FR...
[M::mem_pestat] (25, 50, 75) percentile: (108, 132, 171)
[M::mem_pestat] low and high boundaries for computing mean and std.dev: (1, 297)
[M::mem_pestat] mean and std.dev: (140.83, 47.06)
[M::mem_pestat] low and high boundaries for proper pairs: (1, 360)
[M::mem_pestat] analyzing insert size distribution for orientation RF...
[M::mem_pestat] (25, 50, 75) percentile: (12, 47, 72)
[M::mem_pestat] low and high boundaries for computing mean and std.dev: (1, 192)
[M::mem_pestat] mean and std.dev: (35.71, 31.05)
[M::mem_pestat] low and high boundaries for proper pairs: (1, 252)
[M::mem_pestat] skip orientation RR as there are not enough pairs
[M::mem_pestat] skip orientation RF
[M::mem_process_seqs] Processed 402096 reads in 14.812 CPU sec, 3.945 real sec
[M::process] read 402306 sequences (40000018 bp)...
[M::mem_pestat] # candidate unique pairs for (FF, FR, RF, RR): (2, 194680, 8, 7)
[M::mem_pestat] skip orientation FF as there are not enough pairs
[M::mem_pestat] analyzing insert size distribution for orientation FR...
[M::mem_pestat] (25, 50, 75) percentile: (108, 131, 171)
[M::mem_pestat] low and high boundaries for computing mean and std.dev: (1, 297)
[M::mem_pestat] mean and std.dev: (140.70, 47.05)
[M::mem_pestat] low and high boundaries for proper pairs: (1, 360)
[M::mem_pestat] skip orientation RF as there are not enough pairs
[M::mem_pestat] skip orientation RR as there are not enough pairs
[M::mem_process_seqs] Processed 402092 reads in 14.611 CPU sec, 3.871 real sec
[M::process] read 402230 sequences (40000185 bp)...
[M::mem_pestat] # candidate unique pairs for (FF, FR, RF, RR): (3, 194688, 7, 4)
[M::mem_pestat] skip orientation FF as there are not enough pairs
[M::mem_pestat] analyzing insert size distribution for orientation FR...
[M::mem_pestat] (25, 50, 75) percentile: (107, 131, 171)
[M::mem_pestat] low and high boundaries for computing mean and std.dev: (1, 299)
[M::mem_pestat] mean and std.dev: (140.80, 47.54)
[M::mem_pestat] low and high boundaries for proper pairs: (1, 363)
[M::mem_pestat] skip orientation RF as there are not enough pairs
[M::mem_pestat] skip orientation RR as there are not enough pairs
[M::mem_process_seqs] Processed 402306 reads in 13.793 CPU sec, 3.740 real sec
[M::process] read 402564 sequences (40000088 bp)...
[M::mem_pestat] # candidate unique pairs for (FF, FR, RF, RR): (3, 194592, 8, 5)
[M::mem_pestat] skip orientation FF as there are not enough pairs
[M::mem_pestat] analyzing insert size distribution for orientation FR...
[M::mem_pestat] (25, 50, 75) percentile: (107, 131, 171)
[M::mem_pestat] low and high boundaries for computing mean and std.dev: (1, 299)
[M::mem_pestat] mean and std.dev: (140.91, 47.42)
[M::mem_pestat] low and high boundaries for proper pairs: (1, 363)
[M::mem_pestat] skip orientation RF as there are not enough pairs
[M::mem_pestat] skip orientation RR as there are not enough pairs
[M::mem_process_seqs] Processed 402230 reads in 13.953 CPU sec, 3.800 real sec
[M::mem_pestat] # candidate unique pairs for (FF, FR, RF, RR): (4, 194814, 6, 2)
[M::mem_pestat] skip orientation FF as there are not enough pairs
[M::mem_pestat] analyzing insert size distribution for orientation FR...
[M::mem_pestat] (25, 50, 75) percentile: (107, 131, 170)
[M::mem_pestat] low and high boundaries for computing mean and std.dev: (1, 296)
[M::mem_pestat] mean and std.dev: (140.42, 46.89)
[M::mem_pestat] low and high boundaries for proper pairs: (1, 359)
[M::mem_pestat] skip orientation RF as there are not enough pairs
[M::mem_pestat] skip orientation RR as there are not enough pairs
[M::mem_process_seqs] Processed 402564 reads in 13.627 CPU sec, 4.780 real sec
[M::process] read 402680 sequences (40000142 bp)...
[M::process] read 402776 sequences (40000184 bp)...
[M::mem_pestat] # candidate unique pairs for (FF, FR, RF, RR): (1, 194879, 6, 3)
[M::mem_pestat] skip orientation FF as there are not enough pairs
[M::mem_pestat] analyzing insert size distribution for orientation FR...
[M::mem_pestat] (25, 50, 75) percentile: (107, 131, 171)
[M::mem_pestat] low and high boundaries for computing mean and std.dev: (1, 299)
[M::mem_pestat] mean and std.dev: (140.76, 47.25)
[M::mem_pestat] low and high boundaries for proper pairs: (1, 363)
[M::mem_pestat] skip orientation RF as there are not enough pairs
[M::mem_pestat] skip orientation RR as there are not enough pairs
[M::mem_process_seqs] Processed 402680 reads in 14.015 CPU sec, 3.614 real sec
[M::process] read 403944 sequences (40000098 bp)...
[M::mem_pestat] # candidate unique pairs for (FF, FR, RF, RR): (4, 194942, 8, 1)
[M::mem_pestat] skip orientation FF as there are not enough pairs
[M::mem_pestat] analyzing insert size distribution for orientation FR...
[M::mem_pestat] (25, 50, 75) percentile: (107, 131, 170)
[M::mem_pestat] low and high boundaries for computing mean and std.dev: (1, 296)
[M::mem_pestat] mean and std.dev: (140.28, 46.91)
[M::mem_pestat] low and high boundaries for proper pairs: (1, 359)
[M::mem_pestat] skip orientation RF as there are not enough pairs
[M::mem_pestat] skip orientation RR as there are not enough pairs
[M::mem_process_seqs] Processed 402776 reads in 14.997 CPU sec, 3.992 real sec
[M::process] read 404044 sequences (40000168 bp)...
[M::mem_pestat] # candidate unique pairs for (FF, FR, RF, RR): (5, 195429, 5, 4)
[M::mem_pestat] skip orientation FF as there are not enough pairs
[M::mem_pestat] analyzing insert size distribution for orientation FR...
[M::mem_pestat] (25, 50, 75) percentile: (107, 131, 169)
[M::mem_pestat] low and high boundaries for computing mean and std.dev: (1, 293)
[M::mem_pestat] mean and std.dev: (139.81, 46.28)
[M::mem_pestat] low and high boundaries for proper pairs: (1, 355)
[M::mem_pestat] skip orientation RF as there are not enough pairs
[M::mem_pestat] skip orientation RR as there are not enough pairs
[M::mem_process_seqs] Processed 403944 reads in 13.234 CPU sec, 3.675 real sec
[M::process] read 263674 sequences (26123376 bp)...
[M::mem_pestat] # candidate unique pairs for (FF, FR, RF, RR): (1, 195394, 13, 4)
[M::mem_pestat] skip orientation FF as there are not enough pairs
[M::mem_pestat] analyzing insert size distribution for orientation FR...
[M::mem_pestat] (25, 50, 75) percentile: (107, 131, 169)
[M::mem_pestat] low and high boundaries for computing mean and std.dev: (1, 293)
[M::mem_pestat] mean and std.dev: (139.94, 46.38)
[M::mem_pestat] low and high boundaries for proper pairs: (1, 355)
[M::mem_pestat] analyzing insert size distribution for orientation RF...
[M::mem_pestat] (25, 50, 75) percentile: (21, 27, 2429)
[M::mem_pestat] low and high boundaries for computing mean and std.dev: (1, 7245)
[M::mem_pestat] mean and std.dev: (810.15, 1422.16)
[M::mem_pestat] low and high boundaries for proper pairs: (1, 9653)
[M::mem_pestat] skip orientation RR as there are not enough pairs
[M::mem_pestat] skip orientation RF
[M::mem_process_seqs] Processed 404044 reads in 12.773 CPU sec, 3.604 real sec
[M::mem_pestat] # candidate unique pairs for (FF, FR, RF, RR): (1, 127581, 7, 3)
[M::mem_pestat] skip orientation FF as there are not enough pairs
[M::mem_pestat] analyzing insert size distribution for orientation FR...
[M::mem_pestat] (25, 50, 75) percentile: (107, 131, 169)
[M::mem_pestat] low and high boundaries for computing mean and std.dev: (1, 293)
[M::mem_pestat] mean and std.dev: (139.81, 46.37)
[M::mem_pestat] low and high boundaries for proper pairs: (1, 355)
[M::mem_pestat] skip orientation RF as there are not enough pairs
[M::mem_pestat] skip orientation RR as there are not enough pairs
[M::mem_process_seqs] Processed 263674 reads in 7.896 CPU sec, 2.230 real sec
[main] Version: 0.7.19-r1273
[main] CMD: bwa mem -t 4 data/tmp/2_canu_assembly/paper1_e745.contigs.fasta data/1_Zhang_2017/transcriptomics_data/RNA-Seq_BH/trimmed/trim_paired_ERR1797974_pass_1.fastq.gz data/1_Zhang_2017/transcriptomics_data/RNA-Seq_BH/trimmed/trim_paired_ERR1797974_pass_2.fastq.gz
[main] Real time: 246.453 sec; CPU: 873.938 sec
[bam_sort_core] merging from 2 files and 4 in-memory blocks...
+ samtools index data/tmp/7_bwa_rna/BH_ERR1797974.sorted.bam
+ SERUM_TRIM=data/1_Zhang_2017/transcriptomics_data/RNA-Seq_Serum/trimmed
+ for acc in ERR1797969 ERR1797970 ERR1797971
+ bwa mem -t 4 data/tmp/2_canu_assembly/paper1_e745.contigs.fasta data/1_Zhang_2017/transcriptomics_data/RNA-Seq_Serum/trimmed/trim_paired_ERR1797969_pass_1.fastq.gz data/1_Zhang_2017/transcriptomics_data/RNA-Seq_Serum/trimmed/trim_paired_ERR1797969_pass_2.fastq.gz
+ samtools sort -@ 4 -o data/tmp/7_bwa_rna/Serum_ERR1797969.sorted.bam -
[M::bwa_idx_load_from_disk] read 0 ALT contigs
[M::process] read 401648 sequences (40000021 bp)...
[M::process] read 401958 sequences (40000097 bp)...
[M::mem_pestat] # candidate unique pairs for (FF, FR, RF, RR): (6, 191964, 9, 6)
[M::mem_pestat] skip orientation FF as there are not enough pairs
[M::mem_pestat] analyzing insert size distribution for orientation FR...
[M::mem_pestat] (25, 50, 75) percentile: (103, 124, 156)
[M::mem_pestat] low and high boundaries for computing mean and std.dev: (1, 262)
[M::mem_pestat] mean and std.dev: (130.87, 40.02)
[M::mem_pestat] low and high boundaries for proper pairs: (1, 315)
[M::mem_pestat] skip orientation RF as there are not enough pairs
[M::mem_pestat] skip orientation RR as there are not enough pairs
[M::mem_process_seqs] Processed 401648 reads in 13.851 CPU sec, 3.663 real sec
[M::process] read 401796 sequences (40000075 bp)...
[M::mem_pestat] # candidate unique pairs for (FF, FR, RF, RR): (0, 192032, 10, 5)
[M::mem_pestat] skip orientation FF as there are not enough pairs
[M::mem_pestat] analyzing insert size distribution for orientation FR...
[M::mem_pestat] (25, 50, 75) percentile: (103, 124, 156)
[M::mem_pestat] low and high boundaries for computing mean and std.dev: (1, 262)
[M::mem_pestat] mean and std.dev: (130.97, 39.99)
[M::mem_pestat] low and high boundaries for proper pairs: (1, 315)
[M::mem_pestat] analyzing insert size distribution for orientation RF...
[M::mem_pestat] (25, 50, 75) percentile: (5, 14, 22)
[M::mem_pestat] low and high boundaries for computing mean and std.dev: (1, 56)
[M::mem_pestat] mean and std.dev: (10.88, 7.29)
[M::mem_pestat] low and high boundaries for proper pairs: (1, 73)
[M::mem_pestat] skip orientation RR as there are not enough pairs
[M::mem_pestat] skip orientation RF
[M::mem_process_seqs] Processed 401958 reads in 15.023 CPU sec, 4.302 real sec
[M::process] read 401770 sequences (40000137 bp)...
[M::mem_pestat] # candidate unique pairs for (FF, FR, RF, RR): (1, 191976, 12, 3)
[M::mem_pestat] skip orientation FF as there are not enough pairs
[M::mem_pestat] analyzing insert size distribution for orientation FR...
[M::mem_pestat] (25, 50, 75) percentile: (103, 124, 156)
[M::mem_pestat] low and high boundaries for computing mean and std.dev: (1, 262)
[M::mem_pestat] mean and std.dev: (130.78, 39.92)
[M::mem_pestat] low and high boundaries for proper pairs: (1, 315)
[M::mem_pestat] analyzing insert size distribution for orientation RF...
[M::mem_pestat] (25, 50, 75) percentile: (18, 37, 73)
[M::mem_pestat] low and high boundaries for computing mean and std.dev: (1, 183)
[M::mem_pestat] mean and std.dev: (37.73, 27.61)
[M::mem_pestat] low and high boundaries for proper pairs: (1, 238)
[M::mem_pestat] skip orientation RR as there are not enough pairs
[M::mem_pestat] skip orientation RF
[M::mem_process_seqs] Processed 401796 reads in 15.261 CPU sec, 3.975 real sec
[M::process] read 402144 sequences (40000004 bp)...
[M::mem_pestat] # candidate unique pairs for (FF, FR, RF, RR): (4, 192006, 8, 1)
[M::mem_pestat] skip orientation FF as there are not enough pairs
[M::mem_pestat] analyzing insert size distribution for orientation FR...
[M::mem_pestat] (25, 50, 75) percentile: (103, 123, 155)
[M::mem_pestat] low and high boundaries for computing mean and std.dev: (1, 259)
[M::mem_pestat] mean and std.dev: (130.37, 39.40)
[M::mem_pestat] low and high boundaries for proper pairs: (1, 311)
[M::mem_pestat] skip orientation RF as there are not enough pairs
[M::mem_pestat] skip orientation RR as there are not enough pairs
[M::mem_process_seqs] Processed 401770 reads in 14.299 CPU sec, 4.012 real sec
[M::process] read 402000 sequences (40000100 bp)...
[M::mem_pestat] # candidate unique pairs for (FF, FR, RF, RR): (0, 192017, 7, 2)
[M::mem_pestat] skip orientation FF as there are not enough pairs
[M::mem_pestat] analyzing insert size distribution for orientation FR...
[M::mem_pestat] (25, 50, 75) percentile: (103, 123, 155)
[M::mem_pestat] low and high boundaries for computing mean and std.dev: (1, 259)
[M::mem_pestat] mean and std.dev: (130.41, 39.48)
[M::mem_pestat] low and high boundaries for proper pairs: (1, 311)
[M::mem_pestat] skip orientation RF as there are not enough pairs
[M::mem_pestat] skip orientation RR as there are not enough pairs
[M::mem_process_seqs] Processed 402144 reads in 13.402 CPU sec, 4.341 real sec
[M::process] read 402090 sequences (40000054 bp)...
[M::mem_pestat] # candidate unique pairs for (FF, FR, RF, RR): (1, 192024, 7, 3)
[M::mem_pestat] skip orientation FF as there are not enough pairs
[M::mem_pestat] analyzing insert size distribution for orientation FR...
[M::mem_pestat] (25, 50, 75) percentile: (103, 124, 156)
[M::mem_pestat] low and high boundaries for computing mean and std.dev: (1, 262)
[M::mem_pestat] mean and std.dev: (130.64, 39.97)
[M::mem_pestat] low and high boundaries for proper pairs: (1, 315)
[M::mem_pestat] skip orientation RF as there are not enough pairs
[M::mem_pestat] skip orientation RR as there are not enough pairs
[M::mem_process_seqs] Processed 402000 reads in 13.810 CPU sec, 3.647 real sec
[M::process] read 402084 sequences (40000114 bp)...
[M::mem_pestat] # candidate unique pairs for (FF, FR, RF, RR): (5, 192062, 7, 3)
[M::mem_pestat] skip orientation FF as there are not enough pairs
[M::mem_pestat] analyzing insert size distribution for orientation FR...
[M::mem_pestat] (25, 50, 75) percentile: (103, 123, 155)
[M::mem_pestat] low and high boundaries for computing mean and std.dev: (1, 259)
[M::mem_pestat] mean and std.dev: (130.22, 39.48)
[M::mem_pestat] low and high boundaries for proper pairs: (1, 311)
[M::mem_pestat] skip orientation RF as there are not enough pairs
[M::mem_pestat] skip orientation RR as there are not enough pairs
[M::mem_process_seqs] Processed 402090 reads in 14.298 CPU sec, 3.872 real sec
[M::process] read 402226 sequences (40000157 bp)...
[M::mem_pestat] # candidate unique pairs for (FF, FR, RF, RR): (1, 192257, 7, 1)
[M::mem_pestat] skip orientation FF as there are not enough pairs
[M::mem_pestat] analyzing insert size distribution for orientation FR...
[M::mem_pestat] (25, 50, 75) percentile: (103, 123, 155)
[M::mem_pestat] low and high boundaries for computing mean and std.dev: (1, 259)
[M::mem_pestat] mean and std.dev: (130.10, 39.38)
[M::mem_pestat] low and high boundaries for proper pairs: (1, 311)
[M::mem_pestat] skip orientation RF as there are not enough pairs
[M::mem_pestat] skip orientation RR as there are not enough pairs
[M::mem_process_seqs] Processed 402084 reads in 13.509 CPU sec, 3.683 real sec
[M::process] read 402188 sequences (40000154 bp)...
[M::mem_pestat] # candidate unique pairs for (FF, FR, RF, RR): (2, 192193, 6, 3)
[M::mem_pestat] skip orientation FF as there are not enough pairs
[M::mem_pestat] analyzing insert size distribution for orientation FR...
[M::mem_pestat] (25, 50, 75) percentile: (103, 123, 155)
[M::mem_pestat] low and high boundaries for computing mean and std.dev: (1, 259)
[M::mem_pestat] mean and std.dev: (130.04, 39.41)
[M::mem_pestat] low and high boundaries for proper pairs: (1, 311)
[M::mem_pestat] skip orientation RF as there are not enough pairs
[M::mem_pestat] skip orientation RR as there are not enough pairs
[M::mem_process_seqs] Processed 402226 reads in 14.508 CPU sec, 3.842 real sec
[M::process] read 402368 sequences (40000088 bp)...
[M::mem_pestat] # candidate unique pairs for (FF, FR, RF, RR): (5, 192072, 15, 5)
[M::mem_pestat] skip orientation FF as there are not enough pairs
[M::mem_pestat] analyzing insert size distribution for orientation FR...
[M::mem_pestat] (25, 50, 75) percentile: (103, 123, 155)
[M::mem_pestat] low and high boundaries for computing mean and std.dev: (1, 259)
[M::mem_pestat] mean and std.dev: (130.01, 39.35)
[M::mem_pestat] low and high boundaries for proper pairs: (1, 311)
[M::mem_pestat] analyzing insert size distribution for orientation RF...
[M::mem_pestat] (25, 50, 75) percentile: (10, 24, 49)
[M::mem_pestat] low and high boundaries for computing mean and std.dev: (1, 127)
[M::mem_pestat] mean and std.dev: (24.08, 20.01)
[M::mem_pestat] low and high boundaries for proper pairs: (1, 166)
[M::mem_pestat] skip orientation RR as there are not enough pairs
[M::mem_pestat] skip orientation RF
[M::mem_process_seqs] Processed 402188 reads in 14.834 CPU sec, 3.911 real sec
[M::process] read 402520 sequences (40000019 bp)...
[M::mem_pestat] # candidate unique pairs for (FF, FR, RF, RR): (3, 192161, 5, 5)
[M::mem_pestat] skip orientation FF as there are not enough pairs
[M::mem_pestat] analyzing insert size distribution for orientation FR...
[M::mem_pestat] (25, 50, 75) percentile: (103, 123, 155)
[M::mem_pestat] low and high boundaries for computing mean and std.dev: (1, 259)
[M::mem_pestat] mean and std.dev: (130.09, 39.34)
[M::mem_pestat] low and high boundaries for proper pairs: (1, 311)
[M::mem_pestat] skip orientation RF as there are not enough pairs
[M::mem_pestat] skip orientation RR as there are not enough pairs
[M::mem_process_seqs] Processed 402368 reads in 14.694 CPU sec, 3.947 real sec
[M::process] read 402760 sequences (40000134 bp)...
[M::mem_pestat] # candidate unique pairs for (FF, FR, RF, RR): (2, 192198, 11, 6)
[M::mem_pestat] skip orientation FF as there are not enough pairs
[M::mem_pestat] analyzing insert size distribution for orientation FR...
[M::mem_pestat] (25, 50, 75) percentile: (103, 123, 154)
[M::mem_pestat] low and high boundaries for computing mean and std.dev: (1, 256)
[M::mem_pestat] mean and std.dev: (129.48, 38.80)
[M::mem_pestat] low and high boundaries for proper pairs: (1, 307)
[M::mem_pestat] analyzing insert size distribution for orientation RF...
[M::mem_pestat] (25, 50, 75) percentile: (3, 4, 43)
[M::mem_pestat] low and high boundaries for computing mean and std.dev: (1, 123)
[M::mem_pestat] mean and std.dev: (16.20, 25.20)
[M::mem_pestat] low and high boundaries for proper pairs: (1, 163)
[M::mem_pestat] skip orientation RR as there are not enough pairs
[M::mem_pestat] skip orientation RF
[M::mem_process_seqs] Processed 402520 reads in 14.565 CPU sec, 3.865 real sec
[M::process] read 402854 sequences (40000071 bp)...
[M::mem_pestat] # candidate unique pairs for (FF, FR, RF, RR): (0, 192268, 9, 2)
[M::mem_pestat] skip orientation FF as there are not enough pairs
[M::mem_pestat] analyzing insert size distribution for orientation FR...
[M::mem_pestat] (25, 50, 75) percentile: (103, 123, 154)
[M::mem_pestat] low and high boundaries for computing mean and std.dev: (1, 256)
[M::mem_pestat] mean and std.dev: (129.53, 38.88)
[M::mem_pestat] low and high boundaries for proper pairs: (1, 307)
[M::mem_pestat] skip orientation RF as there are not enough pairs
[M::mem_pestat] skip orientation RR as there are not enough pairs
[M::mem_process_seqs] Processed 402760 reads in 15.076 CPU sec, 3.985 real sec
[M::process] read 404536 sequences (40000111 bp)...
[M::mem_pestat] # candidate unique pairs for (FF, FR, RF, RR): (2, 192258, 10, 3)
[M::mem_pestat] skip orientation FF as there are not enough pairs
[M::mem_pestat] analyzing insert size distribution for orientation FR...
[M::mem_pestat] (25, 50, 75) percentile: (103, 123, 154)
[M::mem_pestat] low and high boundaries for computing mean and std.dev: (1, 256)
[M::mem_pestat] mean and std.dev: (129.36, 38.68)
[M::mem_pestat] low and high boundaries for proper pairs: (1, 307)
[M::mem_pestat] analyzing insert size distribution for orientation RF...
[M::mem_pestat] (25, 50, 75) percentile: (7, 36, 63)
[M::mem_pestat] low and high boundaries for computing mean and std.dev: (1, 175)
[M::mem_pestat] mean and std.dev: (33.89, 29.44)
[M::mem_pestat] low and high boundaries for proper pairs: (1, 231)
[M::mem_pestat] skip orientation RR as there are not enough pairs
[M::mem_pestat] skip orientation RF
[M::mem_process_seqs] Processed 402854 reads in 14.661 CPU sec, 3.859 real sec
[M::process] read 404078 sequences (40000189 bp)...
[M::mem_pestat] # candidate unique pairs for (FF, FR, RF, RR): (1, 193022, 11, 2)
[M::mem_pestat] skip orientation FF as there are not enough pairs
[M::mem_pestat] analyzing insert size distribution for orientation FR...
[M::mem_pestat] (25, 50, 75) percentile: (103, 123, 154)
[M::mem_pestat] low and high boundaries for computing mean and std.dev: (1, 256)
[M::mem_pestat] mean and std.dev: (129.62, 38.83)
[M::mem_pestat] low and high boundaries for proper pairs: (1, 307)
[M::mem_pestat] analyzing insert size distribution for orientation RF...
[M::mem_pestat] (25, 50, 75) percentile: (26, 68, 101)
[M::mem_pestat] low and high boundaries for computing mean and std.dev: (1, 251)
[M::mem_pestat] mean and std.dev: (63.10, 54.70)
[M::mem_pestat] low and high boundaries for proper pairs: (1, 326)
[M::mem_pestat] skip orientation RR as there are not enough pairs
[M::mem_pestat] skip orientation RF
[M::mem_process_seqs] Processed 404536 reads in 14.786 CPU sec, 3.913 real sec
[M::process] read 402160 sequences (40000032 bp)...
[M::mem_pestat] # candidate unique pairs for (FF, FR, RF, RR): (1, 193032, 11, 4)
[M::mem_pestat] skip orientation FF as there are not enough pairs
[M::mem_pestat] analyzing insert size distribution for orientation FR...
[M::mem_pestat] (25, 50, 75) percentile: (103, 123, 154)
[M::mem_pestat] low and high boundaries for computing mean and std.dev: (1, 256)
[M::mem_pestat] mean and std.dev: (129.37, 38.64)
[M::mem_pestat] low and high boundaries for proper pairs: (1, 307)
[M::mem_pestat] analyzing insert size distribution for orientation RF...
[M::mem_pestat] (25, 50, 75) percentile: (14, 33, 73)
[M::mem_pestat] low and high boundaries for computing mean and std.dev: (1, 191)
[M::mem_pestat] mean and std.dev: (49.18, 45.55)
[M::mem_pestat] low and high boundaries for proper pairs: (1, 250)
[M::mem_pestat] skip orientation RR as there are not enough pairs
[M::mem_pestat] skip orientation RF
[M::mem_process_seqs] Processed 404078 reads in 14.836 CPU sec, 3.943 real sec
[M::process] read 401896 sequences (40000002 bp)...
[M::mem_pestat] # candidate unique pairs for (FF, FR, RF, RR): (4, 192284, 7, 4)
[M::mem_pestat] skip orientation FF as there are not enough pairs
[M::mem_pestat] analyzing insert size distribution for orientation FR...
[M::mem_pestat] (25, 50, 75) percentile: (103, 124, 155)
[M::mem_pestat] low and high boundaries for computing mean and std.dev: (1, 259)
[M::mem_pestat] mean and std.dev: (130.45, 39.54)
[M::mem_pestat] low and high boundaries for proper pairs: (1, 311)
[M::mem_pestat] skip orientation RF as there are not enough pairs
[M::mem_pestat] skip orientation RR as there are not enough pairs
[M::mem_process_seqs] Processed 402160 reads in 14.679 CPU sec, 4.134 real sec
[M::process] read 401876 sequences (40000010 bp)...
[M::mem_pestat] # candidate unique pairs for (FF, FR, RF, RR): (3, 192171, 6, 5)
[M::mem_pestat] skip orientation FF as there are not enough pairs
[M::mem_pestat] analyzing insert size distribution for orientation FR...
[M::mem_pestat] (25, 50, 75) percentile: (103, 124, 156)
[M::mem_pestat] low and high boundaries for computing mean and std.dev: (1, 262)
[M::mem_pestat] mean and std.dev: (130.94, 39.70)
[M::mem_pestat] low and high boundaries for proper pairs: (1, 315)
[M::mem_pestat] skip orientation RF as there are not enough pairs
[M::mem_pestat] skip orientation RR as there are not enough pairs
[M::mem_process_seqs] Processed 401896 reads in 13.988 CPU sec, 3.748 real sec
[M::process] read 401776 sequences (40000178 bp)...
[M::mem_pestat] # candidate unique pairs for (FF, FR, RF, RR): (1, 192014, 14, 4)
[M::mem_pestat] skip orientation FF as there are not enough pairs
[M::mem_pestat] analyzing insert size distribution for orientation FR...
[M::mem_pestat] (25, 50, 75) percentile: (103, 124, 156)
[M::mem_pestat] low and high boundaries for computing mean and std.dev: (1, 262)
[M::mem_pestat] mean and std.dev: (130.96, 39.82)
[M::mem_pestat] low and high boundaries for proper pairs: (1, 315)
[M::mem_pestat] analyzing insert size distribution for orientation RF...
[M::mem_pestat] (25, 50, 75) percentile: (14, 27, 52)
[M::mem_pestat] low and high boundaries for computing mean and std.dev: (1, 128)
[M::mem_pestat] mean and std.dev: (27.25, 25.84)
[M::mem_pestat] low and high boundaries for proper pairs: (1, 166)
[M::mem_pestat] skip orientation RR as there are not enough pairs
[M::mem_pestat] skip orientation RF
[M::mem_process_seqs] Processed 401876 reads in 14.681 CPU sec, 3.908 real sec
[M::process] read 401976 sequences (40000063 bp)...
[M::mem_pestat] # candidate unique pairs for (FF, FR, RF, RR): (2, 192063, 9, 5)
[M::mem_pestat] skip orientation FF as there are not enough pairs
[M::mem_pestat] analyzing insert size distribution for orientation FR...
[M::mem_pestat] (25, 50, 75) percentile: (103, 124, 155)
[M::mem_pestat] low and high boundaries for computing mean and std.dev: (1, 259)
[M::mem_pestat] mean and std.dev: (130.56, 39.37)
[M::mem_pestat] low and high boundaries for proper pairs: (1, 311)
[M::mem_pestat] skip orientation RF as there are not enough pairs
[M::mem_pestat] skip orientation RR as there are not enough pairs
[M::mem_process_seqs] Processed 401776 reads in 15.284 CPU sec, 4.147 real sec
[M::process] read 401920 sequences (40000027 bp)...
[M::mem_pestat] # candidate unique pairs for (FF, FR, RF, RR): (6, 191861, 7, 7)
[M::mem_pestat] skip orientation FF as there are not enough pairs
[M::mem_pestat] analyzing insert size distribution for orientation FR...
[M::mem_pestat] (25, 50, 75) percentile: (103, 124, 156)
[M::mem_pestat] low and high boundaries for computing mean and std.dev: (1, 262)
[M::mem_pestat] mean and std.dev: (130.87, 39.93)
[M::mem_pestat] low and high boundaries for proper pairs: (1, 315)
[M::mem_pestat] skip orientation RF as there are not enough pairs
[M::mem_pestat] skip orientation RR as there are not enough pairs
[M::mem_process_seqs] Processed 401976 reads in 14.580 CPU sec, 3.952 real sec
[M::process] read 402038 sequences (40000017 bp)...
[M::mem_pestat] # candidate unique pairs for (FF, FR, RF, RR): (2, 191829, 12, 2)
[M::mem_pestat] skip orientation FF as there are not enough pairs
[M::mem_pestat] analyzing insert size distribution for orientation FR...
[M::mem_pestat] (25, 50, 75) percentile: (103, 124, 155)
[M::mem_pestat] low and high boundaries for computing mean and std.dev: (1, 259)
[M::mem_pestat] mean and std.dev: (130.41, 39.32)
[M::mem_pestat] low and high boundaries for proper pairs: (1, 311)
[M::mem_pestat] analyzing insert size distribution for orientation RF...
[M::mem_pestat] (25, 50, 75) percentile: (18, 42, 216)
[M::mem_pestat] low and high boundaries for computing mean and std.dev: (1, 612)
[M::mem_pestat] mean and std.dev: (60.50, 67.32)
[M::mem_pestat] low and high boundaries for proper pairs: (1, 810)
[M::mem_pestat] skip orientation RR as there are not enough pairs
[M::mem_pestat] skip orientation RF
[M::mem_process_seqs] Processed 401920 reads in 13.410 CPU sec, 3.577 real sec
[M::process] read 402036 sequences (40000117 bp)...
[M::mem_pestat] # candidate unique pairs for (FF, FR, RF, RR): (5, 192043, 7, 2)
[M::mem_pestat] skip orientation FF as there are not enough pairs
[M::mem_pestat] analyzing insert size distribution for orientation FR...
[M::mem_pestat] (25, 50, 75) percentile: (103, 123, 155)
[M::mem_pestat] low and high boundaries for computing mean and std.dev: (1, 259)
[M::mem_pestat] mean and std.dev: (130.31, 39.30)
[M::mem_pestat] low and high boundaries for proper pairs: (1, 311)
[M::mem_pestat] skip orientation RF as there are not enough pairs
[M::mem_pestat] skip orientation RR as there are not enough pairs
[M::mem_process_seqs] Processed 402038 reads in 13.457 CPU sec, 3.652 real sec
[M::process] read 402154 sequences (40000084 bp)...
[M::mem_pestat] # candidate unique pairs for (FF, FR, RF, RR): (0, 192047, 8, 6)
[M::mem_pestat] skip orientation FF as there are not enough pairs
[M::mem_pestat] analyzing insert size distribution for orientation FR...
[M::mem_pestat] (25, 50, 75) percentile: (103, 124, 155)
[M::mem_pestat] low and high boundaries for computing mean and std.dev: (1, 259)
[M::mem_pestat] mean and std.dev: (130.14, 39.30)
[M::mem_pestat] low and high boundaries for proper pairs: (1, 311)
[M::mem_pestat] skip orientation RF as there are not enough pairs
[M::mem_pestat] skip orientation RR as there are not enough pairs
[M::mem_process_seqs] Processed 402036 reads in 14.488 CPU sec, 3.842 real sec
[M::process] read 402144 sequences (40000167 bp)...
[M::mem_pestat] # candidate unique pairs for (FF, FR, RF, RR): (3, 192096, 6, 3)
[M::mem_pestat] skip orientation FF as there are not enough pairs
[M::mem_pestat] analyzing insert size distribution for orientation FR...
[M::mem_pestat] (25, 50, 75) percentile: (103, 123, 155)
[M::mem_pestat] low and high boundaries for computing mean and std.dev: (1, 259)
[M::mem_pestat] mean and std.dev: (130.12, 39.40)
[M::mem_pestat] low and high boundaries for proper pairs: (1, 311)
[M::mem_pestat] skip orientation RF as there are not enough pairs
[M::mem_pestat] skip orientation RR as there are not enough pairs
[M::mem_process_seqs] Processed 402154 reads in 14.355 CPU sec, 3.867 real sec
[M::process] read 402214 sequences (40000015 bp)...
[M::mem_pestat] # candidate unique pairs for (FF, FR, RF, RR): (0, 192226, 7, 7)
[M::mem_pestat] skip orientation FF as there are not enough pairs
[M::mem_pestat] analyzing insert size distribution for orientation FR...
[M::mem_pestat] (25, 50, 75) percentile: (103, 123, 155)
[M::mem_pestat] low and high boundaries for computing mean and std.dev: (1, 259)
[M::mem_pestat] mean and std.dev: (130.22, 39.50)
[M::mem_pestat] low and high boundaries for proper pairs: (1, 311)
[M::mem_pestat] skip orientation RF as there are not enough pairs
[M::mem_pestat] skip orientation RR as there are not enough pairs
[M::mem_process_seqs] Processed 402144 reads in 14.396 CPU sec, 3.772 real sec
[M::process] read 402414 sequences (40000099 bp)...
[M::mem_pestat] # candidate unique pairs for (FF, FR, RF, RR): (3, 192092, 8, 8)
[M::mem_pestat] skip orientation FF as there are not enough pairs
[M::mem_pestat] analyzing insert size distribution for orientation FR...
[M::mem_pestat] (25, 50, 75) percentile: (103, 123, 155)
[M::mem_pestat] low and high boundaries for computing mean and std.dev: (1, 259)
[M::mem_pestat] mean and std.dev: (130.02, 39.31)
[M::mem_pestat] low and high boundaries for proper pairs: (1, 311)
[M::mem_pestat] skip orientation RF as there are not enough pairs
[M::mem_pestat] skip orientation RR as there are not enough pairs
[M::mem_process_seqs] Processed 402214 reads in 15.775 CPU sec, 4.230 real sec
[M::process] read 402738 sequences (40000125 bp)...
[M::mem_pestat] # candidate unique pairs for (FF, FR, RF, RR): (0, 192110, 2, 6)
[M::mem_pestat] skip orientation FF as there are not enough pairs
[M::mem_pestat] analyzing insert size distribution for orientation FR...
[M::mem_pestat] (25, 50, 75) percentile: (103, 123, 155)
[M::mem_pestat] low and high boundaries for computing mean and std.dev: (1, 259)
[M::mem_pestat] mean and std.dev: (130.02, 39.11)
[M::mem_pestat] low and high boundaries for proper pairs: (1, 311)
[M::mem_pestat] skip orientation RF as there are not enough pairs
[M::mem_pestat] skip orientation RR as there are not enough pairs
[M::mem_process_seqs] Processed 402414 reads in 15.797 CPU sec, 4.206 real sec
[M::mem_pestat] # candidate unique pairs for (FF, FR, RF, RR): (4, 192220, 3, 5)
[M::mem_pestat] skip orientation FF as there are not enough pairs
[M::mem_pestat] analyzing insert size distribution for orientation FR...
[M::mem_pestat] (25, 50, 75) percentile: (103, 123, 154)
[M::mem_pestat] low and high boundaries for computing mean and std.dev: (1, 256)
[M::mem_pestat] mean and std.dev: (129.49, 38.72)
[M::mem_pestat] low and high boundaries for proper pairs: (1, 307)
[M::mem_pestat] skip orientation RF as there are not enough pairs
[M::mem_pestat] skip orientation RR as there are not enough pairs
[M::mem_process_seqs] Processed 402738 reads in 15.447 CPU sec, 5.453 real sec
[M::process] read 402638 sequences (40000059 bp)...
[M::process] read 405146 sequences (40000155 bp)...
[M::mem_pestat] # candidate unique pairs for (FF, FR, RF, RR): (4, 192261, 8, 6)
[M::mem_pestat] skip orientation FF as there are not enough pairs
[M::mem_pestat] analyzing insert size distribution for orientation FR...
[M::mem_pestat] (25, 50, 75) percentile: (103, 123, 154)
[M::mem_pestat] low and high boundaries for computing mean and std.dev: (1, 256)
[M::mem_pestat] mean and std.dev: (129.54, 38.71)
[M::mem_pestat] low and high boundaries for proper pairs: (1, 307)
[M::mem_pestat] skip orientation RF as there are not enough pairs
[M::mem_pestat] skip orientation RR as there are not enough pairs
[M::mem_process_seqs] Processed 402638 reads in 14.892 CPU sec, 3.904 real sec
[M::process] read 403754 sequences (40000159 bp)...
[M::mem_pestat] # candidate unique pairs for (FF, FR, RF, RR): (4, 193235, 12, 2)
[M::mem_pestat] skip orientation FF as there are not enough pairs
[M::mem_pestat] analyzing insert size distribution for orientation FR...
[M::mem_pestat] (25, 50, 75) percentile: (103, 123, 154)
[M::mem_pestat] low and high boundaries for computing mean and std.dev: (1, 256)
[M::mem_pestat] mean and std.dev: (129.47, 38.65)
[M::mem_pestat] low and high boundaries for proper pairs: (1, 307)
[M::mem_pestat] analyzing insert size distribution for orientation RF...
[M::mem_pestat] (25, 50, 75) percentile: (29, 73, 254)
[M::mem_pestat] low and high boundaries for computing mean and std.dev: (1, 704)
[M::mem_pestat] mean and std.dev: (68.60, 68.28)
[M::mem_pestat] low and high boundaries for proper pairs: (1, 929)
[M::mem_pestat] skip orientation RR as there are not enough pairs
[M::mem_pestat] skip orientation RF
[M::mem_process_seqs] Processed 405146 reads in 15.592 CPU sec, 4.159 real sec
[M::process] read 402962 sequences (40000119 bp)...
[M::mem_pestat] # candidate unique pairs for (FF, FR, RF, RR): (2, 192836, 13, 2)
[M::mem_pestat] skip orientation FF as there are not enough pairs
[M::mem_pestat] analyzing insert size distribution for orientation FR...
[M::mem_pestat] (25, 50, 75) percentile: (103, 123, 154)
[M::mem_pestat] low and high boundaries for computing mean and std.dev: (1, 256)
[M::mem_pestat] mean and std.dev: (129.64, 38.77)
[M::mem_pestat] low and high boundaries for proper pairs: (1, 307)
[M::mem_pestat] analyzing insert size distribution for orientation RF...
[M::mem_pestat] (25, 50, 75) percentile: (6, 67, 211)
[M::mem_pestat] low and high boundaries for computing mean and std.dev: (1, 621)
[M::mem_pestat] mean and std.dev: (96.17, 139.79)
[M::mem_pestat] low and high boundaries for proper pairs: (1, 826)
[M::mem_pestat] skip orientation RR as there are not enough pairs
[M::mem_pestat] skip orientation RF
[M::mem_process_seqs] Processed 403754 reads in 15.588 CPU sec, 4.186 real sec
[M::process] read 401836 sequences (40000071 bp)...
[M::mem_pestat] # candidate unique pairs for (FF, FR, RF, RR): (4, 192483, 5, 2)
[M::mem_pestat] skip orientation FF as there are not enough pairs
[M::mem_pestat] analyzing insert size distribution for orientation FR...
[M::mem_pestat] (25, 50, 75) percentile: (103, 123, 155)
[M::mem_pestat] low and high boundaries for computing mean and std.dev: (1, 259)
[M::mem_pestat] mean and std.dev: (130.17, 39.20)
[M::mem_pestat] low and high boundaries for proper pairs: (1, 311)
[M::mem_pestat] skip orientation RF as there are not enough pairs
[M::mem_pestat] skip orientation RR as there are not enough pairs
[M::mem_process_seqs] Processed 402962 reads in 15.726 CPU sec, 4.214 real sec
[M::process] read 401910 sequences (40000170 bp)...
[M::mem_pestat] # candidate unique pairs for (FF, FR, RF, RR): (3, 192130, 6, 3)
[M::mem_pestat] skip orientation FF as there are not enough pairs
[M::mem_pestat] analyzing insert size distribution for orientation FR...
[M::mem_pestat] (25, 50, 75) percentile: (103, 124, 156)
[M::mem_pestat] low and high boundaries for computing mean and std.dev: (1, 262)
[M::mem_pestat] mean and std.dev: (130.87, 39.84)
[M::mem_pestat] low and high boundaries for proper pairs: (1, 315)
[M::mem_pestat] skip orientation RF as there are not enough pairs
[M::mem_pestat] skip orientation RR as there are not enough pairs
[M::mem_process_seqs] Processed 401836 reads in 15.163 CPU sec, 4.090 real sec
[M::process] read 401764 sequences (40000017 bp)...
[M::mem_pestat] # candidate unique pairs for (FF, FR, RF, RR): (1, 192168, 10, 3)
[M::mem_pestat] skip orientation FF as there are not enough pairs
[M::mem_pestat] analyzing insert size distribution for orientation FR...
[M::mem_pestat] (25, 50, 75) percentile: (104, 124, 156)
[M::mem_pestat] low and high boundaries for computing mean and std.dev: (1, 260)
[M::mem_pestat] mean and std.dev: (131.03, 39.66)
[M::mem_pestat] low and high boundaries for proper pairs: (1, 312)
[M::mem_pestat] analyzing insert size distribution for orientation RF...
[M::mem_pestat] (25, 50, 75) percentile: (25, 35, 56)
[M::mem_pestat] low and high boundaries for computing mean and std.dev: (1, 118)
[M::mem_pestat] mean and std.dev: (36.78, 20.29)
[M::mem_pestat] low and high boundaries for proper pairs: (1, 149)
[M::mem_pestat] skip orientation RR as there are not enough pairs
[M::mem_pestat] skip orientation RF
[M::mem_process_seqs] Processed 401910 reads in 14.908 CPU sec, 4.060 real sec
[M::process] read 402000 sequences (40000005 bp)...
[M::mem_pestat] # candidate unique pairs for (FF, FR, RF, RR): (2, 191964, 5, 1)
[M::mem_pestat] skip orientation FF as there are not enough pairs
[M::mem_pestat] analyzing insert size distribution for orientation FR...
[M::mem_pestat] (25, 50, 75) percentile: (104, 124, 156)
[M::mem_pestat] low and high boundaries for computing mean and std.dev: (1, 260)
[M::mem_pestat] mean and std.dev: (130.87, 39.57)
[M::mem_pestat] low and high boundaries for proper pairs: (1, 312)
[M::mem_pestat] skip orientation RF as there are not enough pairs
[M::mem_pestat] skip orientation RR as there are not enough pairs
[M::mem_process_seqs] Processed 401764 reads in 16.182 CPU sec, 4.261 real sec
[M::process] read 401952 sequences (40000052 bp)...
[M::mem_pestat] # candidate unique pairs for (FF, FR, RF, RR): (3, 192245, 6, 3)
[M::mem_pestat] skip orientation FF as there are not enough pairs
[M::mem_pestat] analyzing insert size distribution for orientation FR...
[M::mem_pestat] (25, 50, 75) percentile: (104, 124, 156)
[M::mem_pestat] low and high boundaries for computing mean and std.dev: (1, 260)
[M::mem_pestat] mean and std.dev: (130.83, 39.57)
[M::mem_pestat] low and high boundaries for proper pairs: (1, 312)
[M::mem_pestat] skip orientation RF as there are not enough pairs
[M::mem_pestat] skip orientation RR as there are not enough pairs
[M::mem_process_seqs] Processed 402000 reads in 15.423 CPU sec, 4.168 real sec
[M::process] read 401900 sequences (40000060 bp)...
[M::mem_pestat] # candidate unique pairs for (FF, FR, RF, RR): (2, 191970, 10, 7)
[M::mem_pestat] skip orientation FF as there are not enough pairs
[M::mem_pestat] analyzing insert size distribution for orientation FR...
[M::mem_pestat] (25, 50, 75) percentile: (103, 124, 156)
[M::mem_pestat] low and high boundaries for computing mean and std.dev: (1, 262)
[M::mem_pestat] mean and std.dev: (130.92, 39.83)
[M::mem_pestat] low and high boundaries for proper pairs: (1, 315)
[M::mem_pestat] analyzing insert size distribution for orientation RF...
[M::mem_pestat] (25, 50, 75) percentile: (6, 29, 76)
[M::mem_pestat] low and high boundaries for computing mean and std.dev: (1, 216)
[M::mem_pestat] mean and std.dev: (42.20, 40.59)
[M::mem_pestat] low and high boundaries for proper pairs: (1, 286)
[M::mem_pestat] skip orientation RR as there are not enough pairs
[M::mem_pestat] skip orientation RF
[M::mem_process_seqs] Processed 401952 reads in 14.279 CPU sec, 3.815 real sec
[M::process] read 401982 sequences (40000157 bp)...
[M::mem_pestat] # candidate unique pairs for (FF, FR, RF, RR): (5, 192060, 16, 6)
[M::mem_pestat] skip orientation FF as there are not enough pairs
[M::mem_pestat] analyzing insert size distribution for orientation FR...
[M::mem_pestat] (25, 50, 75) percentile: (103, 124, 155)
[M::mem_pestat] low and high boundaries for computing mean and std.dev: (1, 259)
[M::mem_pestat] mean and std.dev: (130.34, 39.42)
[M::mem_pestat] low and high boundaries for proper pairs: (1, 311)
[M::mem_pestat] analyzing insert size distribution for orientation RF...
[M::mem_pestat] (25, 50, 75) percentile: (11, 37, 72)
[M::mem_pestat] low and high boundaries for computing mean and std.dev: (1, 194)
[M::mem_pestat] mean and std.dev: (34.64, 27.98)
[M::mem_pestat] low and high boundaries for proper pairs: (1, 255)
[M::mem_pestat] skip orientation RR as there are not enough pairs
[M::mem_pestat] skip orientation RF
[M::mem_process_seqs] Processed 401900 reads in 14.006 CPU sec, 3.970 real sec
[M::process] read 402138 sequences (40000015 bp)...
[M::mem_pestat] # candidate unique pairs for (FF, FR, RF, RR): (7, 191974, 10, 3)
[M::mem_pestat] skip orientation FF as there are not enough pairs
[M::mem_pestat] analyzing insert size distribution for orientation FR...
[M::mem_pestat] (25, 50, 75) percentile: (103, 124, 155)
[M::mem_pestat] low and high boundaries for computing mean and std.dev: (1, 259)
[M::mem_pestat] mean and std.dev: (130.29, 39.34)
[M::mem_pestat] low and high boundaries for proper pairs: (1, 311)
[M::mem_pestat] analyzing insert size distribution for orientation RF...
[M::mem_pestat] (25, 50, 75) percentile: (11, 21, 40)
[M::mem_pestat] low and high boundaries for computing mean and std.dev: (1, 98)
[M::mem_pestat] mean and std.dev: (20.78, 15.55)
[M::mem_pestat] low and high boundaries for proper pairs: (1, 127)
[M::mem_pestat] skip orientation RR as there are not enough pairs
[M::mem_pestat] skip orientation RF
[M::mem_process_seqs] Processed 401982 reads in 15.190 CPU sec, 4.134 real sec
[M::process] read 402136 sequences (40000177 bp)...
[M::mem_pestat] # candidate unique pairs for (FF, FR, RF, RR): (3, 191999, 17, 3)
[M::mem_pestat] skip orientation FF as there are not enough pairs
[M::mem_pestat] analyzing insert size distribution for orientation FR...
[M::mem_pestat] (25, 50, 75) percentile: (103, 123, 155)
[M::mem_pestat] low and high boundaries for computing mean and std.dev: (1, 259)
[M::mem_pestat] mean and std.dev: (130.05, 39.24)
[M::mem_pestat] low and high boundaries for proper pairs: (1, 311)
[M::mem_pestat] analyzing insert size distribution for orientation RF...
[M::mem_pestat] (25, 50, 75) percentile: (6, 18, 64)
[M::mem_pestat] low and high boundaries for computing mean and std.dev: (1, 180)
[M::mem_pestat] mean and std.dev: (23.88, 23.97)
[M::mem_pestat] low and high boundaries for proper pairs: (1, 238)
[M::mem_pestat] skip orientation RR as there are not enough pairs
[M::mem_pestat] skip orientation RF
[M::mem_process_seqs] Processed 402138 reads in 14.479 CPU sec, 3.833 real sec
[M::process] read 402202 sequences (40000176 bp)...
[M::mem_pestat] # candidate unique pairs for (FF, FR, RF, RR): (3, 192170, 7, 4)
[M::mem_pestat] skip orientation FF as there are not enough pairs
[M::mem_pestat] analyzing insert size distribution for orientation FR...
[M::mem_pestat] (25, 50, 75) percentile: (103, 124, 155)
[M::mem_pestat] low and high boundaries for computing mean and std.dev: (1, 259)
[M::mem_pestat] mean and std.dev: (130.25, 39.33)
[M::mem_pestat] low and high boundaries for proper pairs: (1, 311)
[M::mem_pestat] skip orientation RF as there are not enough pairs
[M::mem_pestat] skip orientation RR as there are not enough pairs
[M::mem_process_seqs] Processed 402136 reads in 14.033 CPU sec, 3.809 real sec
[M::process] read 402462 sequences (40000124 bp)...
[M::mem_pestat] # candidate unique pairs for (FF, FR, RF, RR): (6, 191926, 7, 8)
[M::mem_pestat] skip orientation FF as there are not enough pairs
[M::mem_pestat] analyzing insert size distribution for orientation FR...
[M::mem_pestat] (25, 50, 75) percentile: (103, 123, 155)
[M::mem_pestat] low and high boundaries for computing mean and std.dev: (1, 259)
[M::mem_pestat] mean and std.dev: (129.97, 39.32)
[M::mem_pestat] low and high boundaries for proper pairs: (1, 311)
[M::mem_pestat] skip orientation RF as there are not enough pairs
[M::mem_pestat] skip orientation RR as there are not enough pairs
[M::mem_process_seqs] Processed 402202 reads in 15.347 CPU sec, 4.097 real sec
[M::process] read 402536 sequences (40000137 bp)...
[M::mem_pestat] # candidate unique pairs for (FF, FR, RF, RR): (4, 192099, 7, 4)
[M::mem_pestat] skip orientation FF as there are not enough pairs
[M::mem_pestat] analyzing insert size distribution for orientation FR...
[M::mem_pestat] (25, 50, 75) percentile: (103, 123, 155)
[M::mem_pestat] low and high boundaries for computing mean and std.dev: (1, 259)
[M::mem_pestat] mean and std.dev: (129.99, 39.25)
[M::mem_pestat] low and high boundaries for proper pairs: (1, 311)
[M::mem_pestat] skip orientation RF as there are not enough pairs
[M::mem_pestat] skip orientation RR as there are not enough pairs
[M::mem_process_seqs] Processed 402462 reads in 14.974 CPU sec, 3.991 real sec
[M::process] read 402642 sequences (40000163 bp)...
[M::mem_pestat] # candidate unique pairs for (FF, FR, RF, RR): (4, 192146, 12, 2)
[M::mem_pestat] skip orientation FF as there are not enough pairs
[M::mem_pestat] analyzing insert size distribution for orientation FR...
[M::mem_pestat] (25, 50, 75) percentile: (103, 123, 155)
[M::mem_pestat] low and high boundaries for computing mean and std.dev: (1, 259)
[M::mem_pestat] mean and std.dev: (130.11, 39.19)
[M::mem_pestat] low and high boundaries for proper pairs: (1, 311)
[M::mem_pestat] analyzing insert size distribution for orientation RF...
[M::mem_pestat] (25, 50, 75) percentile: (12, 34, 133)
[M::mem_pestat] low and high boundaries for computing mean and std.dev: (1, 375)
[M::mem_pestat] mean and std.dev: (34.40, 38.02)
[M::mem_pestat] low and high boundaries for proper pairs: (1, 496)
[M::mem_pestat] skip orientation RR as there are not enough pairs
[M::mem_pestat] skip orientation RF
[M::mem_process_seqs] Processed 402536 reads in 15.377 CPU sec, 4.066 real sec
[M::process] read 404130 sequences (40000195 bp)...
[M::mem_pestat] # candidate unique pairs for (FF, FR, RF, RR): (1, 192212, 7, 3)
[M::mem_pestat] skip orientation FF as there are not enough pairs
[M::mem_pestat] analyzing insert size distribution for orientation FR...
[M::mem_pestat] (25, 50, 75) percentile: (103, 123, 154)
[M::mem_pestat] low and high boundaries for computing mean and std.dev: (1, 256)
[M::mem_pestat] mean and std.dev: (129.56, 38.79)
[M::mem_pestat] low and high boundaries for proper pairs: (1, 307)
[M::mem_pestat] skip orientation RF as there are not enough pairs
[M::mem_pestat] skip orientation RR as there are not enough pairs
[M::mem_process_seqs] Processed 402642 reads in 15.341 CPU sec, 4.045 real sec
[M::process] read 403380 sequences (40000176 bp)...
[M::mem_pestat] # candidate unique pairs for (FF, FR, RF, RR): (1, 193018, 15, 2)
[M::mem_pestat] skip orientation FF as there are not enough pairs
[M::mem_pestat] analyzing insert size distribution for orientation FR...
[M::mem_pestat] (25, 50, 75) percentile: (103, 123, 154)
[M::mem_pestat] low and high boundaries for computing mean and std.dev: (1, 256)
[M::mem_pestat] mean and std.dev: (129.50, 38.83)
[M::mem_pestat] low and high boundaries for proper pairs: (1, 307)
[M::mem_pestat] analyzing insert size distribution for orientation RF...
[M::mem_pestat] (25, 50, 75) percentile: (14, 18, 112)
[M::mem_pestat] low and high boundaries for computing mean and std.dev: (1, 308)
[M::mem_pestat] mean and std.dev: (42.85, 45.44)
[M::mem_pestat] low and high boundaries for proper pairs: (1, 406)
[M::mem_pestat] skip orientation RR as there are not enough pairs
[M::mem_pestat] skip orientation RF
[M::mem_process_seqs] Processed 404130 reads in 15.295 CPU sec, 4.083 real sec
[M::process] read 403320 sequences (40000115 bp)...
[M::mem_pestat] # candidate unique pairs for (FF, FR, RF, RR): (2, 192515, 9, 1)
[M::mem_pestat] skip orientation FF as there are not enough pairs
[M::mem_pestat] analyzing insert size distribution for orientation FR...
[M::mem_pestat] (25, 50, 75) percentile: (103, 123, 154)
[M::mem_pestat] low and high boundaries for computing mean and std.dev: (1, 256)
[M::mem_pestat] mean and std.dev: (129.44, 38.77)
[M::mem_pestat] low and high boundaries for proper pairs: (1, 307)
[M::mem_pestat] skip orientation RF as there are not enough pairs
[M::mem_pestat] skip orientation RR as there are not enough pairs
[M::mem_process_seqs] Processed 403380 reads in 15.081 CPU sec, 3.981 real sec
[M::process] read 403762 sequences (40000069 bp)...
[M::mem_pestat] # candidate unique pairs for (FF, FR, RF, RR): (2, 192611, 5, 0)
[M::mem_pestat] skip orientation FF as there are not enough pairs
[M::mem_pestat] analyzing insert size distribution for orientation FR...
[M::mem_pestat] (25, 50, 75) percentile: (103, 123, 155)
[M::mem_pestat] low and high boundaries for computing mean and std.dev: (1, 259)
[M::mem_pestat] mean and std.dev: (130.10, 39.33)
[M::mem_pestat] low and high boundaries for proper pairs: (1, 311)
[M::mem_pestat] skip orientation RF as there are not enough pairs
[M::mem_pestat] skip orientation RR as there are not enough pairs
[M::mem_process_seqs] Processed 403320 reads in 15.092 CPU sec, 3.977 real sec
[M::process] read 404652 sequences (40000084 bp)...
[M::mem_pestat] # candidate unique pairs for (FF, FR, RF, RR): (0, 193039, 8, 4)
[M::mem_pestat] skip orientation FF as there are not enough pairs
[M::mem_pestat] analyzing insert size distribution for orientation FR...
[M::mem_pestat] (25, 50, 75) percentile: (103, 124, 156)
[M::mem_pestat] low and high boundaries for computing mean and std.dev: (1, 262)
[M::mem_pestat] mean and std.dev: (130.91, 39.96)
[M::mem_pestat] low and high boundaries for proper pairs: (1, 315)
[M::mem_pestat] skip orientation RF as there are not enough pairs
[M::mem_pestat] skip orientation RR as there are not enough pairs
[M::mem_process_seqs] Processed 403762 reads in 17.738 CPU sec, 4.626 real sec
[M::process] read 403824 sequences (40000112 bp)...
[M::mem_pestat] # candidate unique pairs for (FF, FR, RF, RR): (5, 193584, 9, 6)
[M::mem_pestat] skip orientation FF as there are not enough pairs
[M::mem_pestat] analyzing insert size distribution for orientation FR...
[M::mem_pestat] (25, 50, 75) percentile: (103, 124, 156)
[M::mem_pestat] low and high boundaries for computing mean and std.dev: (1, 262)
[M::mem_pestat] mean and std.dev: (131.08, 39.79)
[M::mem_pestat] low and high boundaries for proper pairs: (1, 315)
[M::mem_pestat] skip orientation RF as there are not enough pairs
[M::mem_pestat] skip orientation RR as there are not enough pairs
[M::mem_process_seqs] Processed 404652 reads in 15.444 CPU sec, 4.091 real sec
[M::process] read 402326 sequences (40000177 bp)...
[M::mem_pestat] # candidate unique pairs for (FF, FR, RF, RR): (3, 193156, 10, 3)
[M::mem_pestat] skip orientation FF as there are not enough pairs
[M::mem_pestat] analyzing insert size distribution for orientation FR...
[M::mem_pestat] (25, 50, 75) percentile: (104, 124, 156)
[M::mem_pestat] low and high boundaries for computing mean and std.dev: (1, 260)
[M::mem_pestat] mean and std.dev: (130.82, 39.41)
[M::mem_pestat] low and high boundaries for proper pairs: (1, 312)
[M::mem_pestat] analyzing insert size distribution for orientation RF...
[M::mem_pestat] (25, 50, 75) percentile: (9, 564, 1411)
[M::mem_pestat] low and high boundaries for computing mean and std.dev: (1, 4215)
[M::mem_pestat] mean and std.dev: (346.50, 478.29)
[M::mem_pestat] low and high boundaries for proper pairs: (1, 5617)
[M::mem_pestat] skip orientation RR as there are not enough pairs
[M::mem_pestat] skip orientation RF
[M::mem_process_seqs] Processed 403824 reads in 16.377 CPU sec, 5.370 real sec
[M::process] read 401938 sequences (40000075 bp)...
[M::mem_pestat] # candidate unique pairs for (FF, FR, RF, RR): (3, 192192, 7, 6)
[M::mem_pestat] skip orientation FF as there are not enough pairs
[M::mem_pestat] analyzing insert size distribution for orientation FR...
[M::mem_pestat] (25, 50, 75) percentile: (103, 124, 156)
[M::mem_pestat] low and high boundaries for computing mean and std.dev: (1, 262)
[M::mem_pestat] mean and std.dev: (130.99, 39.86)
[M::mem_pestat] low and high boundaries for proper pairs: (1, 315)
[M::mem_pestat] skip orientation RF as there are not enough pairs
[M::mem_pestat] skip orientation RR as there are not enough pairs
[M::mem_process_seqs] Processed 402326 reads in 15.116 CPU sec, 4.222 real sec
[M::process] read 401948 sequences (40000116 bp)...
[M::mem_pestat] # candidate unique pairs for (FF, FR, RF, RR): (3, 192184, 6, 1)
[M::mem_pestat] skip orientation FF as there are not enough pairs
[M::mem_pestat] analyzing insert size distribution for orientation FR...
[M::mem_pestat] (25, 50, 75) percentile: (103, 124, 156)
[M::mem_pestat] low and high boundaries for computing mean and std.dev: (1, 262)
[M::mem_pestat] mean and std.dev: (130.79, 39.81)
[M::mem_pestat] low and high boundaries for proper pairs: (1, 315)
[M::mem_pestat] skip orientation RF as there are not enough pairs
[M::mem_pestat] skip orientation RR as there are not enough pairs
[M::mem_process_seqs] Processed 401938 reads in 13.932 CPU sec, 3.672 real sec
[M::process] read 401986 sequences (40000180 bp)...
[M::mem_pestat] # candidate unique pairs for (FF, FR, RF, RR): (3, 191991, 9, 3)
[M::mem_pestat] skip orientation FF as there are not enough pairs
[M::mem_pestat] analyzing insert size distribution for orientation FR...
[M::mem_pestat] (25, 50, 75) percentile: (103, 123, 155)
[M::mem_pestat] low and high boundaries for computing mean and std.dev: (1, 259)
[M::mem_pestat] mean and std.dev: (130.24, 39.43)
[M::mem_pestat] low and high boundaries for proper pairs: (1, 311)
[M::mem_pestat] skip orientation RF as there are not enough pairs
[M::mem_pestat] skip orientation RR as there are not enough pairs
[M::mem_process_seqs] Processed 401948 reads in 13.866 CPU sec, 3.659 real sec
[M::process] read 402020 sequences (40000027 bp)...
[M::mem_pestat] # candidate unique pairs for (FF, FR, RF, RR): (2, 192203, 10, 4)
[M::mem_pestat] skip orientation FF as there are not enough pairs
[M::mem_pestat] analyzing insert size distribution for orientation FR...
[M::mem_pestat] (25, 50, 75) percentile: (103, 124, 156)
[M::mem_pestat] low and high boundaries for computing mean and std.dev: (1, 262)
[M::mem_pestat] mean and std.dev: (130.75, 39.90)
[M::mem_pestat] low and high boundaries for proper pairs: (1, 315)
[M::mem_pestat] analyzing insert size distribution for orientation RF...
[M::mem_pestat] (25, 50, 75) percentile: (26, 86, 97)
[M::mem_pestat] low and high boundaries for computing mean and std.dev: (1, 239)
[M::mem_pestat] mean and std.dev: (63.00, 39.67)
[M::mem_pestat] low and high boundaries for proper pairs: (1, 310)
[M::mem_pestat] skip orientation RR as there are not enough pairs
[M::mem_pestat] skip orientation RF
[M::mem_process_seqs] Processed 401986 reads in 15.130 CPU sec, 3.977 real sec
[M::mem_pestat] # candidate unique pairs for (FF, FR, RF, RR): (4, 192084, 8, 5)
[M::mem_pestat] skip orientation FF as there are not enough pairs
[M::mem_pestat] analyzing insert size distribution for orientation FR...
[M::mem_pestat] (25, 50, 75) percentile: (103, 124, 155)
[M::mem_pestat] low and high boundaries for computing mean and std.dev: (1, 259)
[M::mem_pestat] mean and std.dev: (130.46, 39.48)
[M::mem_pestat] low and high boundaries for proper pairs: (1, 311)
[M::mem_pestat] skip orientation RF as there are not enough pairs
[M::mem_pestat] skip orientation RR as there are not enough pairs
[M::mem_process_seqs] Processed 402020 reads in 12.978 CPU sec, 4.457 real sec
[M::process] read 402086 sequences (40000059 bp)...
[M::process] read 402094 sequences (40000030 bp)...
[M::mem_pestat] # candidate unique pairs for (FF, FR, RF, RR): (4, 192142, 6, 5)
[M::mem_pestat] skip orientation FF as there are not enough pairs
[M::mem_pestat] analyzing insert size distribution for orientation FR...
[M::mem_pestat] (25, 50, 75) percentile: (103, 123, 155)
[M::mem_pestat] low and high boundaries for computing mean and std.dev: (1, 259)
[M::mem_pestat] mean and std.dev: (130.15, 39.35)
[M::mem_pestat] low and high boundaries for proper pairs: (1, 311)
[M::mem_pestat] skip orientation RF as there are not enough pairs
[M::mem_pestat] skip orientation RR as there are not enough pairs
[M::mem_process_seqs] Processed 402086 reads in 14.139 CPU sec, 4.104 real sec
[M::process] read 402302 sequences (40000103 bp)...
[M::mem_pestat] # candidate unique pairs for (FF, FR, RF, RR): (2, 192129, 5, 5)
[M::mem_pestat] skip orientation FF as there are not enough pairs
[M::mem_pestat] analyzing insert size distribution for orientation FR...
[M::mem_pestat] (25, 50, 75) percentile: (103, 123, 155)
[M::mem_pestat] low and high boundaries for computing mean and std.dev: (1, 259)
[M::mem_pestat] mean and std.dev: (130.16, 39.34)
[M::mem_pestat] low and high boundaries for proper pairs: (1, 311)
[M::mem_pestat] skip orientation RF as there are not enough pairs
[M::mem_pestat] skip orientation RR as there are not enough pairs
[M::mem_process_seqs] Processed 402094 reads in 15.004 CPU sec, 3.970 real sec
[M::process] read 402484 sequences (40000090 bp)...
[M::mem_pestat] # candidate unique pairs for (FF, FR, RF, RR): (0, 192238, 7, 3)
[M::mem_pestat] skip orientation FF as there are not enough pairs
[M::mem_pestat] analyzing insert size distribution for orientation FR...
[M::mem_pestat] (25, 50, 75) percentile: (103, 123, 155)
[M::mem_pestat] low and high boundaries for computing mean and std.dev: (1, 259)
[M::mem_pestat] mean and std.dev: (130.21, 39.33)
[M::mem_pestat] low and high boundaries for proper pairs: (1, 311)
[M::mem_pestat] skip orientation RF as there are not enough pairs
[M::mem_pestat] skip orientation RR as there are not enough pairs
[M::mem_process_seqs] Processed 402302 reads in 15.003 CPU sec, 3.964 real sec
[M::process] read 402602 sequences (40000152 bp)...
[M::mem_pestat] # candidate unique pairs for (FF, FR, RF, RR): (1, 192260, 17, 6)
[M::mem_pestat] skip orientation FF as there are not enough pairs
[M::mem_pestat] analyzing insert size distribution for orientation FR...
[M::mem_pestat] (25, 50, 75) percentile: (103, 123, 155)
[M::mem_pestat] low and high boundaries for computing mean and std.dev: (1, 259)
[M::mem_pestat] mean and std.dev: (130.12, 39.28)
[M::mem_pestat] low and high boundaries for proper pairs: (1, 311)
[M::mem_pestat] analyzing insert size distribution for orientation RF...
[M::mem_pestat] (25, 50, 75) percentile: (49, 81, 230)
[M::mem_pestat] low and high boundaries for computing mean and std.dev: (1, 592)
[M::mem_pestat] mean and std.dev: (100.87, 109.20)
[M::mem_pestat] low and high boundaries for proper pairs: (1, 773)
[M::mem_pestat] skip orientation RR as there are not enough pairs
[M::mem_pestat] skip orientation RF
[M::mem_process_seqs] Processed 402484 reads in 14.712 CPU sec, 4.004 real sec
[M::process] read 403472 sequences (40000182 bp)...
[M::mem_pestat] # candidate unique pairs for (FF, FR, RF, RR): (2, 192347, 11, 2)
[M::mem_pestat] skip orientation FF as there are not enough pairs
[M::mem_pestat] analyzing insert size distribution for orientation FR...
[M::mem_pestat] (25, 50, 75) percentile: (103, 123, 155)
[M::mem_pestat] low and high boundaries for computing mean and std.dev: (1, 259)
[M::mem_pestat] mean and std.dev: (130.04, 39.34)
[M::mem_pestat] low and high boundaries for proper pairs: (1, 311)
[M::mem_pestat] analyzing insert size distribution for orientation RF...
[M::mem_pestat] (25, 50, 75) percentile: (20, 70, 113)
[M::mem_pestat] low and high boundaries for computing mean and std.dev: (1, 299)
[M::mem_pestat] mean and std.dev: (65.64, 48.30)
[M::mem_pestat] low and high boundaries for proper pairs: (1, 392)
[M::mem_pestat] skip orientation RR as there are not enough pairs
[M::mem_pestat] skip orientation RF
[M::mem_process_seqs] Processed 402602 reads in 15.088 CPU sec, 4.099 real sec
[M::process] read 404068 sequences (40000013 bp)...
[M::mem_pestat] # candidate unique pairs for (FF, FR, RF, RR): (2, 192568, 8, 0)
[M::mem_pestat] skip orientation FF as there are not enough pairs
[M::mem_pestat] analyzing insert size distribution for orientation FR...
[M::mem_pestat] (25, 50, 75) percentile: (103, 123, 154)
[M::mem_pestat] low and high boundaries for computing mean and std.dev: (1, 256)
[M::mem_pestat] mean and std.dev: (129.73, 38.95)
[M::mem_pestat] low and high boundaries for proper pairs: (1, 307)
[M::mem_pestat] skip orientation RF as there are not enough pairs
[M::mem_pestat] skip orientation RR as there are not enough pairs
[M::mem_process_seqs] Processed 403472 reads in 15.003 CPU sec, 3.973 real sec
[M::process] read 380410 sequences (37698187 bp)...
[M::mem_pestat] # candidate unique pairs for (FF, FR, RF, RR): (2, 192971, 9, 3)
[M::mem_pestat] skip orientation FF as there are not enough pairs
[M::mem_pestat] analyzing insert size distribution for orientation FR...
[M::mem_pestat] (25, 50, 75) percentile: (103, 123, 155)
[M::mem_pestat] low and high boundaries for computing mean and std.dev: (1, 259)
[M::mem_pestat] mean and std.dev: (130.01, 39.21)
[M::mem_pestat] low and high boundaries for proper pairs: (1, 311)
[M::mem_pestat] skip orientation RF as there are not enough pairs
[M::mem_pestat] skip orientation RR as there are not enough pairs
[M::mem_process_seqs] Processed 404068 reads in 14.680 CPU sec, 3.877 real sec
[M::mem_pestat] # candidate unique pairs for (FF, FR, RF, RR): (2, 181573, 9, 6)
[M::mem_pestat] skip orientation FF as there are not enough pairs
[M::mem_pestat] analyzing insert size distribution for orientation FR...
[M::mem_pestat] (25, 50, 75) percentile: (103, 123, 154)
[M::mem_pestat] low and high boundaries for computing mean and std.dev: (1, 256)
[M::mem_pestat] mean and std.dev: (129.64, 38.85)
[M::mem_pestat] low and high boundaries for proper pairs: (1, 307)
[M::mem_pestat] skip orientation RF as there are not enough pairs
[M::mem_pestat] skip orientation RR as there are not enough pairs
[M::mem_process_seqs] Processed 380410 reads in 13.288 CPU sec, 3.631 real sec
[main] Version: 0.7.19-r1273
[main] CMD: bwa mem -t 4 data/tmp/2_canu_assembly/paper1_e745.contigs.fasta data/1_Zhang_2017/transcriptomics_data/RNA-Seq_Serum/trimmed/trim_paired_ERR1797969_pass_1.fastq.gz data/1_Zhang_2017/transcriptomics_data/RNA-Seq_Serum/trimmed/trim_paired_ERR1797969_pass_2.fastq.gz
[main] Real time: 272.728 sec; CPU: 964.085 sec
[bam_sort_core] merging from 2 files and 4 in-memory blocks...
+ samtools index data/tmp/7_bwa_rna/Serum_ERR1797969.sorted.bam
+ for acc in ERR1797969 ERR1797970 ERR1797971
+ bwa mem -t 4 data/tmp/2_canu_assembly/paper1_e745.contigs.fasta data/1_Zhang_2017/transcriptomics_data/RNA-Seq_Serum/trimmed/trim_paired_ERR1797970_pass_1.fastq.gz data/1_Zhang_2017/transcriptomics_data/RNA-Seq_Serum/trimmed/trim_paired_ERR1797970_pass_2.fastq.gz
+ samtools sort -@ 4 -o data/tmp/7_bwa_rna/Serum_ERR1797970.sorted.bam -
[M::bwa_idx_load_from_disk] read 0 ALT contigs
[M::process] read 401634 sequences (40000098 bp)...
[M::process] read 401862 sequences (40000126 bp)...
[M::mem_pestat] # candidate unique pairs for (FF, FR, RF, RR): (2, 191862, 13, 4)
[M::mem_pestat] skip orientation FF as there are not enough pairs
[M::mem_pestat] analyzing insert size distribution for orientation FR...
[M::mem_pestat] (25, 50, 75) percentile: (107, 129, 164)
[M::mem_pestat] low and high boundaries for computing mean and std.dev: (1, 278)
[M::mem_pestat] mean and std.dev: (137.11, 42.62)
[M::mem_pestat] low and high boundaries for proper pairs: (1, 335)
[M::mem_pestat] analyzing insert size distribution for orientation RF...
[M::mem_pestat] (25, 50, 75) percentile: (5, 28, 55)
[M::mem_pestat] low and high boundaries for computing mean and std.dev: (1, 155)
[M::mem_pestat] mean and std.dev: (26.08, 21.84)
[M::mem_pestat] low and high boundaries for proper pairs: (1, 205)
[M::mem_pestat] skip orientation RR as there are not enough pairs
[M::mem_pestat] skip orientation RF
[M::mem_process_seqs] Processed 401634 reads in 15.106 CPU sec, 3.991 real sec
[M::process] read 401876 sequences (40000192 bp)...
[M::mem_pestat] # candidate unique pairs for (FF, FR, RF, RR): (2, 191999, 7, 6)
[M::mem_pestat] skip orientation FF as there are not enough pairs
[M::mem_pestat] analyzing insert size distribution for orientation FR...
[M::mem_pestat] (25, 50, 75) percentile: (107, 129, 165)
[M::mem_pestat] low and high boundaries for computing mean and std.dev: (1, 281)
[M::mem_pestat] mean and std.dev: (137.49, 43.09)
[M::mem_pestat] low and high boundaries for proper pairs: (1, 339)
[M::mem_pestat] skip orientation RF as there are not enough pairs
[M::mem_pestat] skip orientation RR as there are not enough pairs
[M::mem_process_seqs] Processed 401862 reads in 15.171 CPU sec, 4.055 real sec
[M::process] read 401658 sequences (40000121 bp)...
[M::mem_pestat] # candidate unique pairs for (FF, FR, RF, RR): (2, 191966, 4, 3)
[M::mem_pestat] skip orientation FF as there are not enough pairs
[M::mem_pestat] analyzing insert size distribution for orientation FR...
[M::mem_pestat] (25, 50, 75) percentile: (107, 129, 164)
[M::mem_pestat] low and high boundaries for computing mean and std.dev: (1, 278)
[M::mem_pestat] mean and std.dev: (137.22, 42.63)
[M::mem_pestat] low and high boundaries for proper pairs: (1, 335)
[M::mem_pestat] skip orientation RF as there are not enough pairs
[M::mem_pestat] skip orientation RR as there are not enough pairs
[M::mem_process_seqs] Processed 401876 reads in 15.140 CPU sec, 4.009 real sec
[M::process] read 401990 sequences (40000006 bp)...
[M::mem_pestat] # candidate unique pairs for (FF, FR, RF, RR): (4, 191671, 14, 5)
[M::mem_pestat] skip orientation FF as there are not enough pairs
[M::mem_pestat] analyzing insert size distribution for orientation FR...
[M::mem_pestat] (25, 50, 75) percentile: (107, 129, 163)
[M::mem_pestat] low and high boundaries for computing mean and std.dev: (1, 275)
[M::mem_pestat] mean and std.dev: (136.62, 42.04)
[M::mem_pestat] low and high boundaries for proper pairs: (1, 331)
[M::mem_pestat] analyzing insert size distribution for orientation RF...
[M::mem_pestat] (25, 50, 75) percentile: (8, 49, 112)
[M::mem_pestat] low and high boundaries for computing mean and std.dev: (1, 320)
[M::mem_pestat] mean and std.dev: (66.31, 82.84)
[M::mem_pestat] low and high boundaries for proper pairs: (1, 424)
[M::mem_pestat] skip orientation RR as there are not enough pairs
[M::mem_pestat] skip orientation RF
[M::mem_process_seqs] Processed 401658 reads in 14.485 CPU sec, 3.877 real sec
[M::process] read 402014 sequences (40000175 bp)...
[M::mem_pestat] # candidate unique pairs for (FF, FR, RF, RR): (1, 192066, 5, 3)
[M::mem_pestat] skip orientation FF as there are not enough pairs
[M::mem_pestat] analyzing insert size distribution for orientation FR...
[M::mem_pestat] (25, 50, 75) percentile: (107, 129, 164)
[M::mem_pestat] low and high boundaries for computing mean and std.dev: (1, 278)
[M::mem_pestat] mean and std.dev: (136.88, 42.50)
[M::mem_pestat] low and high boundaries for proper pairs: (1, 335)
[M::mem_pestat] skip orientation RF as there are not enough pairs
[M::mem_pestat] skip orientation RR as there are not enough pairs
[M::mem_process_seqs] Processed 401990 reads in 15.612 CPU sec, 4.154 real sec
[M::process] read 401910 sequences (40000104 bp)...
[M::mem_pestat] # candidate unique pairs for (FF, FR, RF, RR): (3, 191909, 2, 1)
[M::mem_pestat] skip orientation FF as there are not enough pairs
[M::mem_pestat] analyzing insert size distribution for orientation FR...
[M::mem_pestat] (25, 50, 75) percentile: (107, 129, 164)
[M::mem_pestat] low and high boundaries for computing mean and std.dev: (1, 278)
[M::mem_pestat] mean and std.dev: (136.87, 42.62)
[M::mem_pestat] low and high boundaries for proper pairs: (1, 335)
[M::mem_pestat] skip orientation RF as there are not enough pairs
[M::mem_pestat] skip orientation RR as there are not enough pairs
[M::mem_process_seqs] Processed 402014 reads in 14.169 CPU sec, 3.752 real sec
[M::process] read 402042 sequences (40000195 bp)...
[M::mem_pestat] # candidate unique pairs for (FF, FR, RF, RR): (3, 191805, 8, 2)
[M::mem_pestat] skip orientation FF as there are not enough pairs
[M::mem_pestat] analyzing insert size distribution for orientation FR...
[M::mem_pestat] (25, 50, 75) percentile: (107, 129, 163)
[M::mem_pestat] low and high boundaries for computing mean and std.dev: (1, 275)
[M::mem_pestat] mean and std.dev: (136.48, 42.16)
[M::mem_pestat] low and high boundaries for proper pairs: (1, 331)
[M::mem_pestat] skip orientation RF as there are not enough pairs
[M::mem_pestat] skip orientation RR as there are not enough pairs
[M::mem_process_seqs] Processed 401910 reads in 14.822 CPU sec, 4.269 real sec
[M::process] read 402066 sequences (40000130 bp)...
[M::mem_pestat] # candidate unique pairs for (FF, FR, RF, RR): (2, 191640, 9, 2)
[M::mem_pestat] skip orientation FF as there are not enough pairs
[M::mem_pestat] analyzing insert size distribution for orientation FR...
[M::mem_pestat] (25, 50, 75) percentile: (107, 129, 163)
[M::mem_pestat] low and high boundaries for computing mean and std.dev: (1, 275)
[M::mem_pestat] mean and std.dev: (136.51, 42.32)
[M::mem_pestat] low and high boundaries for proper pairs: (1, 331)
[M::mem_pestat] skip orientation RF as there are not enough pairs
[M::mem_pestat] skip orientation RR as there are not enough pairs
[M::mem_process_seqs] Processed 402042 reads in 14.720 CPU sec, 5.043 real sec
[M::process] read 402208 sequences (40000186 bp)...
[M::mem_pestat] # candidate unique pairs for (FF, FR, RF, RR): (1, 191946, 5, 3)
[M::mem_pestat] skip orientation FF as there are not enough pairs
[M::mem_pestat] analyzing insert size distribution for orientation FR...
[M::mem_pestat] (25, 50, 75) percentile: (107, 128, 163)
[M::mem_pestat] low and high boundaries for computing mean and std.dev: (1, 275)
[M::mem_pestat] mean and std.dev: (136.31, 42.10)
[M::mem_pestat] low and high boundaries for proper pairs: (1, 331)
[M::mem_pestat] skip orientation RF as there are not enough pairs
[M::mem_pestat] skip orientation RR as there are not enough pairs
[M::mem_process_seqs] Processed 402066 reads in 13.554 CPU sec, 3.773 real sec
[M::process] read 402118 sequences (40000073 bp)...
[M::mem_pestat] # candidate unique pairs for (FF, FR, RF, RR): (3, 191828, 9, 7)
[M::mem_pestat] skip orientation FF as there are not enough pairs
[M::mem_pestat] analyzing insert size distribution for orientation FR...
[M::mem_pestat] (25, 50, 75) percentile: (107, 128, 163)
[M::mem_pestat] low and high boundaries for computing mean and std.dev: (1, 275)
[M::mem_pestat] mean and std.dev: (136.34, 42.22)
[M::mem_pestat] low and high boundaries for proper pairs: (1, 331)
[M::mem_pestat] skip orientation RF as there are not enough pairs
[M::mem_pestat] skip orientation RR as there are not enough pairs
[M::mem_process_seqs] Processed 402208 reads in 13.700 CPU sec, 3.676 real sec
[M::process] read 402386 sequences (40000000 bp)...
[M::mem_pestat] # candidate unique pairs for (FF, FR, RF, RR): (2, 191855, 5, 2)
[M::mem_pestat] skip orientation FF as there are not enough pairs
[M::mem_pestat] analyzing insert size distribution for orientation FR...
[M::mem_pestat] (25, 50, 75) percentile: (107, 128, 163)
[M::mem_pestat] low and high boundaries for computing mean and std.dev: (1, 275)
[M::mem_pestat] mean and std.dev: (136.27, 42.12)
[M::mem_pestat] low and high boundaries for proper pairs: (1, 331)
[M::mem_pestat] skip orientation RF as there are not enough pairs
[M::mem_pestat] skip orientation RR as there are not enough pairs
[M::mem_process_seqs] Processed 402118 reads in 14.115 CPU sec, 3.756 real sec
[M::process] read 402352 sequences (40000128 bp)...
[M::mem_pestat] # candidate unique pairs for (FF, FR, RF, RR): (0, 191957, 9, 4)
[M::mem_pestat] skip orientation FF as there are not enough pairs
[M::mem_pestat] analyzing insert size distribution for orientation FR...
[M::mem_pestat] (25, 50, 75) percentile: (107, 128, 163)
[M::mem_pestat] low and high boundaries for computing mean and std.dev: (1, 275)
[M::mem_pestat] mean and std.dev: (136.14, 42.00)
[M::mem_pestat] low and high boundaries for proper pairs: (1, 331)
[M::mem_pestat] skip orientation RF as there are not enough pairs
[M::mem_pestat] skip orientation RR as there are not enough pairs
[M::mem_process_seqs] Processed 402386 reads in 14.216 CPU sec, 3.755 real sec
[M::process] read 402668 sequences (40000181 bp)...
[M::mem_pestat] # candidate unique pairs for (FF, FR, RF, RR): (2, 191957, 10, 1)
[M::mem_pestat] skip orientation FF as there are not enough pairs
[M::mem_pestat] analyzing insert size distribution for orientation FR...
[M::mem_pestat] (25, 50, 75) percentile: (106, 128, 162)
[M::mem_pestat] low and high boundaries for computing mean and std.dev: (1, 274)
[M::mem_pestat] mean and std.dev: (136.02, 41.90)
[M::mem_pestat] low and high boundaries for proper pairs: (1, 330)
[M::mem_pestat] analyzing insert size distribution for orientation RF...
[M::mem_pestat] (25, 50, 75) percentile: (14, 41, 50)
[M::mem_pestat] low and high boundaries for computing mean and std.dev: (1, 122)
[M::mem_pestat] mean and std.dev: (33.56, 28.08)
[M::mem_pestat] low and high boundaries for proper pairs: (1, 158)
[M::mem_pestat] skip orientation RR as there are not enough pairs
[M::mem_pestat] skip orientation RF
[M::mem_process_seqs] Processed 402352 reads in 13.425 CPU sec, 4.056 real sec
[M::process] read 402790 sequences (40000126 bp)...
[M::mem_pestat] # candidate unique pairs for (FF, FR, RF, RR): (3, 192307, 7, 1)
[M::mem_pestat] skip orientation FF as there are not enough pairs
[M::mem_pestat] analyzing insert size distribution for orientation FR...
[M::mem_pestat] (25, 50, 75) percentile: (107, 128, 162)
[M::mem_pestat] low and high boundaries for computing mean and std.dev: (1, 272)
[M::mem_pestat] mean and std.dev: (135.88, 41.53)
[M::mem_pestat] low and high boundaries for proper pairs: (1, 327)
[M::mem_pestat] skip orientation RF as there are not enough pairs
[M::mem_pestat] skip orientation RR as there are not enough pairs
[M::mem_process_seqs] Processed 402668 reads in 14.120 CPU sec, 4.352 real sec
[M::process] read 403500 sequences (40000155 bp)...
[M::mem_pestat] # candidate unique pairs for (FF, FR, RF, RR): (4, 192358, 15, 5)
[M::mem_pestat] skip orientation FF as there are not enough pairs
[M::mem_pestat] analyzing insert size distribution for orientation FR...
[M::mem_pestat] (25, 50, 75) percentile: (106, 128, 162)
[M::mem_pestat] low and high boundaries for computing mean and std.dev: (1, 274)
[M::mem_pestat] mean and std.dev: (136.00, 41.84)
[M::mem_pestat] low and high boundaries for proper pairs: (1, 330)
[M::mem_pestat] analyzing insert size distribution for orientation RF...
[M::mem_pestat] (25, 50, 75) percentile: (29, 63, 86)
[M::mem_pestat] low and high boundaries for computing mean and std.dev: (1, 200)
[M::mem_pestat] mean and std.dev: (53.14, 41.22)
[M::mem_pestat] low and high boundaries for proper pairs: (1, 257)
[M::mem_pestat] skip orientation RR as there are not enough pairs
[M::mem_pestat] skip orientation RF
[M::mem_process_seqs] Processed 402790 reads in 14.522 CPU sec, 3.876 real sec
[M::process] read 403872 sequences (40000121 bp)...
[M::mem_pestat] # candidate unique pairs for (FF, FR, RF, RR): (1, 192575, 10, 3)
[M::mem_pestat] skip orientation FF as there are not enough pairs
[M::mem_pestat] analyzing insert size distribution for orientation FR...
[M::mem_pestat] (25, 50, 75) percentile: (106, 128, 161)
[M::mem_pestat] low and high boundaries for computing mean and std.dev: (1, 271)
[M::mem_pestat] mean and std.dev: (135.41, 41.21)
[M::mem_pestat] low and high boundaries for proper pairs: (1, 326)
[M::mem_pestat] analyzing insert size distribution for orientation RF...
[M::mem_pestat] (25, 50, 75) percentile: (16, 69, 315)
[M::mem_pestat] low and high boundaries for computing mean and std.dev: (1, 913)
[M::mem_pestat] mean and std.dev: (107.56, 119.15)
[M::mem_pestat] low and high boundaries for proper pairs: (1, 1212)
[M::mem_pestat] skip orientation RR as there are not enough pairs
[M::mem_pestat] skip orientation RF
[M::mem_process_seqs] Processed 403500 reads in 14.309 CPU sec, 3.798 real sec
[M::process] read 403986 sequences (40000121 bp)...
[M::mem_pestat] # candidate unique pairs for (FF, FR, RF, RR): (7, 192594, 11, 3)
[M::mem_pestat] skip orientation FF as there are not enough pairs
[M::mem_pestat] analyzing insert size distribution for orientation FR...
[M::mem_pestat] (25, 50, 75) percentile: (106, 128, 161)
[M::mem_pestat] low and high boundaries for computing mean and std.dev: (1, 271)
[M::mem_pestat] mean and std.dev: (135.30, 41.20)
[M::mem_pestat] low and high boundaries for proper pairs: (1, 326)
[M::mem_pestat] analyzing insert size distribution for orientation RF...
[M::mem_pestat] (25, 50, 75) percentile: (15, 32, 63)
[M::mem_pestat] low and high boundaries for computing mean and std.dev: (1, 159)
[M::mem_pestat] mean and std.dev: (36.40, 27.98)
[M::mem_pestat] low and high boundaries for proper pairs: (1, 207)
[M::mem_pestat] skip orientation RR as there are not enough pairs
[M::mem_pestat] skip orientation RF
[M::mem_process_seqs] Processed 403872 reads in 15.112 CPU sec, 4.022 real sec
[M::process] read 402136 sequences (40000080 bp)...
[M::mem_pestat] # candidate unique pairs for (FF, FR, RF, RR): (4, 193045, 8, 5)
[M::mem_pestat] skip orientation FF as there are not enough pairs
[M::mem_pestat] analyzing insert size distribution for orientation FR...
[M::mem_pestat] (25, 50, 75) percentile: (106, 128, 161)
[M::mem_pestat] low and high boundaries for computing mean and std.dev: (1, 271)
[M::mem_pestat] mean and std.dev: (135.27, 41.06)
[M::mem_pestat] low and high boundaries for proper pairs: (1, 326)
[M::mem_pestat] skip orientation RF as there are not enough pairs
[M::mem_pestat] skip orientation RR as there are not enough pairs
[M::mem_process_seqs] Processed 403986 reads in 14.440 CPU sec, 3.782 real sec
[M::process] read 401944 sequences (40000090 bp)...
[M::mem_pestat] # candidate unique pairs for (FF, FR, RF, RR): (3, 192179, 6, 1)
[M::mem_pestat] skip orientation FF as there are not enough pairs
[M::mem_pestat] analyzing insert size distribution for orientation FR...
[M::mem_pestat] (25, 50, 75) percentile: (107, 129, 163)
[M::mem_pestat] low and high boundaries for computing mean and std.dev: (1, 275)
[M::mem_pestat] mean and std.dev: (136.55, 42.07)
[M::mem_pestat] low and high boundaries for proper pairs: (1, 331)
[M::mem_pestat] skip orientation RF as there are not enough pairs
[M::mem_pestat] skip orientation RR as there are not enough pairs
[M::mem_process_seqs] Processed 402136 reads in 14.249 CPU sec, 3.865 real sec
[M::process] read 401864 sequences (40000146 bp)...
[M::mem_pestat] # candidate unique pairs for (FF, FR, RF, RR): (3, 191922, 6, 3)
[M::mem_pestat] skip orientation FF as there are not enough pairs
[M::mem_pestat] analyzing insert size distribution for orientation FR...
[M::mem_pestat] (25, 50, 75) percentile: (107, 129, 164)
[M::mem_pestat] low and high boundaries for computing mean and std.dev: (1, 278)
[M::mem_pestat] mean and std.dev: (137.35, 42.71)
[M::mem_pestat] low and high boundaries for proper pairs: (1, 335)
[M::mem_pestat] skip orientation RF as there are not enough pairs
[M::mem_pestat] skip orientation RR as there are not enough pairs
[M::mem_process_seqs] Processed 401944 reads in 14.422 CPU sec, 3.860 real sec
[M::process] read 401800 sequences (40000147 bp)...
[M::mem_pestat] # candidate unique pairs for (FF, FR, RF, RR): (4, 192015, 5, 2)
[M::mem_pestat] skip orientation FF as there are not enough pairs
[M::mem_pestat] analyzing insert size distribution for orientation FR...
[M::mem_pestat] (25, 50, 75) percentile: (107, 129, 164)
[M::mem_pestat] low and high boundaries for computing mean and std.dev: (1, 278)
[M::mem_pestat] mean and std.dev: (137.25, 42.57)
[M::mem_pestat] low and high boundaries for proper pairs: (1, 335)
[M::mem_pestat] skip orientation RF as there are not enough pairs
[M::mem_pestat] skip orientation RR as there are not enough pairs
[M::mem_process_seqs] Processed 401864 reads in 13.963 CPU sec, 3.687 real sec
[M::process] read 401786 sequences (40000184 bp)...
[M::mem_pestat] # candidate unique pairs for (FF, FR, RF, RR): (2, 191963, 8, 2)
[M::mem_pestat] skip orientation FF as there are not enough pairs
[M::mem_pestat] analyzing insert size distribution for orientation FR...
[M::mem_pestat] (25, 50, 75) percentile: (107, 129, 164)
[M::mem_pestat] low and high boundaries for computing mean and std.dev: (1, 278)
[M::mem_pestat] mean and std.dev: (137.24, 42.63)
[M::mem_pestat] low and high boundaries for proper pairs: (1, 335)
[M::mem_pestat] skip orientation RF as there are not enough pairs
[M::mem_pestat] skip orientation RR as there are not enough pairs
[M::mem_process_seqs] Processed 401800 reads in 15.200 CPU sec, 4.001 real sec
[M::process] read 402038 sequences (40000046 bp)...
[M::mem_pestat] # candidate unique pairs for (FF, FR, RF, RR): (4, 191758, 10, 2)
[M::mem_pestat] skip orientation FF as there are not enough pairs
[M::mem_pestat] analyzing insert size distribution for orientation FR...
[M::mem_pestat] (25, 50, 75) percentile: (107, 129, 164)
[M::mem_pestat] low and high boundaries for computing mean and std.dev: (1, 278)
[M::mem_pestat] mean and std.dev: (137.07, 42.62)
[M::mem_pestat] low and high boundaries for proper pairs: (1, 335)
[M::mem_pestat] analyzing insert size distribution for orientation RF...
[M::mem_pestat] (25, 50, 75) percentile: (15, 23, 113)
[M::mem_pestat] low and high boundaries for computing mean and std.dev: (1, 309)
[M::mem_pestat] mean and std.dev: (56.00, 53.18)
[M::mem_pestat] low and high boundaries for proper pairs: (1, 407)
[M::mem_pestat] skip orientation RR as there are not enough pairs
[M::mem_pestat] skip orientation RF
[M::mem_process_seqs] Processed 401786 reads in 13.382 CPU sec, 3.588 real sec
[M::process] read 401896 sequences (40000100 bp)...
[M::mem_pestat] # candidate unique pairs for (FF, FR, RF, RR): (1, 191910, 9, 3)
[M::mem_pestat] skip orientation FF as there are not enough pairs
[M::mem_pestat] analyzing insert size distribution for orientation FR...
[M::mem_pestat] (25, 50, 75) percentile: (107, 129, 164)
[M::mem_pestat] low and high boundaries for computing mean and std.dev: (1, 278)
[M::mem_pestat] mean and std.dev: (137.05, 42.57)
[M::mem_pestat] low and high boundaries for proper pairs: (1, 335)
[M::mem_pestat] skip orientation RF as there are not enough pairs
[M::mem_pestat] skip orientation RR as there are not enough pairs
[M::mem_process_seqs] Processed 402038 reads in 14.483 CPU sec, 4.057 real sec
[M::process] read 402030 sequences (40000011 bp)...
[M::mem_pestat] # candidate unique pairs for (FF, FR, RF, RR): (3, 191967, 10, 6)
[M::mem_pestat] skip orientation FF as there are not enough pairs
[M::mem_pestat] analyzing insert size distribution for orientation FR...
[M::mem_pestat] (25, 50, 75) percentile: (107, 129, 163)
[M::mem_pestat] low and high boundaries for computing mean and std.dev: (1, 275)
[M::mem_pestat] mean and std.dev: (136.57, 42.02)
[M::mem_pestat] low and high boundaries for proper pairs: (1, 331)
[M::mem_pestat] analyzing insert size distribution for orientation RF...
[M::mem_pestat] (25, 50, 75) percentile: (11, 79, 150)
[M::mem_pestat] low and high boundaries for computing mean and std.dev: (1, 428)
[M::mem_pestat] mean and std.dev: (95.40, 93.44)
[M::mem_pestat] low and high boundaries for proper pairs: (1, 567)
[M::mem_pestat] skip orientation RR as there are not enough pairs
[M::mem_pestat] skip orientation RF
[M::mem_process_seqs] Processed 401896 reads in 14.460 CPU sec, 4.045 real sec
[M::process] read 401972 sequences (40000135 bp)...
[M::mem_pestat] # candidate unique pairs for (FF, FR, RF, RR): (1, 192022, 5, 2)
[M::mem_pestat] skip orientation FF as there are not enough pairs
[M::mem_pestat] analyzing insert size distribution for orientation FR...
[M::mem_pestat] (25, 50, 75) percentile: (107, 129, 164)
[M::mem_pestat] low and high boundaries for computing mean and std.dev: (1, 278)
[M::mem_pestat] mean and std.dev: (137.02, 42.52)
[M::mem_pestat] low and high boundaries for proper pairs: (1, 335)
[M::mem_pestat] skip orientation RF as there are not enough pairs
[M::mem_pestat] skip orientation RR as there are not enough pairs
[M::mem_process_seqs] Processed 402030 reads in 13.067 CPU sec, 3.576 real sec
[M::process] read 402076 sequences (40000052 bp)...
[M::mem_pestat] # candidate unique pairs for (FF, FR, RF, RR): (3, 191723, 6, 8)
[M::mem_pestat] skip orientation FF as there are not enough pairs
[M::mem_pestat] analyzing insert size distribution for orientation FR...
[M::mem_pestat] (25, 50, 75) percentile: (107, 129, 163)
[M::mem_pestat] low and high boundaries for computing mean and std.dev: (1, 275)
[M::mem_pestat] mean and std.dev: (136.45, 42.13)
[M::mem_pestat] low and high boundaries for proper pairs: (1, 331)
[M::mem_pestat] skip orientation RF as there are not enough pairs
[M::mem_pestat] skip orientation RR as there are not enough pairs
[M::mem_process_seqs] Processed 401972 reads in 13.290 CPU sec, 3.763 real sec
[M::process] read 402096 sequences (40000095 bp)...
[M::mem_pestat] # candidate unique pairs for (FF, FR, RF, RR): (4, 191823, 11, 5)
[M::mem_pestat] skip orientation FF as there are not enough pairs
[M::mem_pestat] analyzing insert size distribution for orientation FR...
[M::mem_pestat] (25, 50, 75) percentile: (107, 128, 163)
[M::mem_pestat] low and high boundaries for computing mean and std.dev: (1, 275)
[M::mem_pestat] mean and std.dev: (136.28, 42.10)
[M::mem_pestat] low and high boundaries for proper pairs: (1, 331)
[M::mem_pestat] analyzing insert size distribution for orientation RF...
[M::mem_pestat] (25, 50, 75) percentile: (19, 49, 200)
[M::mem_pestat] low and high boundaries for computing mean and std.dev: (1, 562)
[M::mem_pestat] mean and std.dev: (86.40, 87.03)
[M::mem_pestat] low and high boundaries for proper pairs: (1, 743)
[M::mem_pestat] skip orientation RR as there are not enough pairs
[M::mem_pestat] skip orientation RF
[M::mem_process_seqs] Processed 402076 reads in 13.981 CPU sec, 3.662 real sec
[M::mem_pestat] # candidate unique pairs for (FF, FR, RF, RR): (3, 191978, 8, 3)
[M::mem_pestat] skip orientation FF as there are not enough pairs
[M::mem_pestat] analyzing insert size distribution for orientation FR...
[M::mem_pestat] (25, 50, 75) percentile: (107, 128, 163)
[M::mem_pestat] low and high boundaries for computing mean and std.dev: (1, 275)
[M::mem_pestat] mean and std.dev: (136.26, 42.14)
[M::mem_pestat] low and high boundaries for proper pairs: (1, 331)
[M::mem_pestat] skip orientation RF as there are not enough pairs
[M::mem_pestat] skip orientation RR as there are not enough pairs
[M::mem_process_seqs] Processed 402096 reads in 12.840 CPU sec, 4.381 real sec
[M::process] read 402276 sequences (40000005 bp)...
[M::process] read 402294 sequences (40000128 bp)...
[M::mem_pestat] # candidate unique pairs for (FF, FR, RF, RR): (2, 191869, 13, 4)
[M::mem_pestat] skip orientation FF as there are not enough pairs
[M::mem_pestat] analyzing insert size distribution for orientation FR...
[M::mem_pestat] (25, 50, 75) percentile: (107, 128, 163)
[M::mem_pestat] low and high boundaries for computing mean and std.dev: (1, 275)
[M::mem_pestat] mean and std.dev: (136.24, 42.07)
[M::mem_pestat] low and high boundaries for proper pairs: (1, 331)
[M::mem_pestat] analyzing insert size distribution for orientation RF...
[M::mem_pestat] (25, 50, 75) percentile: (28, 36, 59)
[M::mem_pestat] low and high boundaries for computing mean and std.dev: (1, 121)
[M::mem_pestat] mean and std.dev: (41.08, 30.14)
[M::mem_pestat] low and high boundaries for proper pairs: (1, 162)
[M::mem_pestat] skip orientation RR as there are not enough pairs
[M::mem_pestat] skip orientation RF
[M::mem_process_seqs] Processed 402276 reads in 13.908 CPU sec, 3.574 real sec
[M::process] read 402642 sequences (40000001 bp)...
[M::mem_pestat] # candidate unique pairs for (FF, FR, RF, RR): (6, 191868, 12, 3)
[M::mem_pestat] skip orientation FF as there are not enough pairs
[M::mem_pestat] analyzing insert size distribution for orientation FR...
[M::mem_pestat] (25, 50, 75) percentile: (107, 128, 162)
[M::mem_pestat] low and high boundaries for computing mean and std.dev: (1, 272)
[M::mem_pestat] mean and std.dev: (135.90, 41.58)
[M::mem_pestat] low and high boundaries for proper pairs: (1, 327)
[M::mem_pestat] analyzing insert size distribution for orientation RF...
[M::mem_pestat] (25, 50, 75) percentile: (12, 35, 70)
[M::mem_pestat] low and high boundaries for computing mean and std.dev: (1, 186)
[M::mem_pestat] mean and std.dev: (33.91, 36.18)
[M::mem_pestat] low and high boundaries for proper pairs: (1, 244)
[M::mem_pestat] skip orientation RR as there are not enough pairs
[M::mem_pestat] skip orientation RF
[M::mem_process_seqs] Processed 402294 reads in 14.091 CPU sec, 3.798 real sec
[M::process] read 402546 sequences (40000142 bp)...
[M::mem_pestat] # candidate unique pairs for (FF, FR, RF, RR): (2, 192004, 12, 3)
[M::mem_pestat] skip orientation FF as there are not enough pairs
[M::mem_pestat] analyzing insert size distribution for orientation FR...
[M::mem_pestat] (25, 50, 75) percentile: (106, 128, 162)
[M::mem_pestat] low and high boundaries for computing mean and std.dev: (1, 274)
[M::mem_pestat] mean and std.dev: (135.90, 41.76)
[M::mem_pestat] low and high boundaries for proper pairs: (1, 330)
[M::mem_pestat] analyzing insert size distribution for orientation RF...
[M::mem_pestat] (25, 50, 75) percentile: (6, 13, 68)
[M::mem_pestat] low and high boundaries for computing mean and std.dev: (1, 192)
[M::mem_pestat] mean and std.dev: (19.50, 22.49)
[M::mem_pestat] low and high boundaries for proper pairs: (1, 254)
[M::mem_pestat] skip orientation RR as there are not enough pairs
[M::mem_pestat] skip orientation RF
[M::mem_process_seqs] Processed 402642 reads in 14.651 CPU sec, 3.897 real sec
[M::process] read 402694 sequences (40000063 bp)...
[M::mem_pestat] # candidate unique pairs for (FF, FR, RF, RR): (7, 192031, 5, 4)
[M::mem_pestat] skip orientation FF as there are not enough pairs
[M::mem_pestat] analyzing insert size distribution for orientation FR...
[M::mem_pestat] (25, 50, 75) percentile: (107, 128, 162)
[M::mem_pestat] low and high boundaries for computing mean and std.dev: (1, 272)
[M::mem_pestat] mean and std.dev: (135.84, 41.53)
[M::mem_pestat] low and high boundaries for proper pairs: (1, 327)
[M::mem_pestat] skip orientation RF as there are not enough pairs
[M::mem_pestat] skip orientation RR as there are not enough pairs
[M::mem_process_seqs] Processed 402546 reads in 14.634 CPU sec, 3.962 real sec
[M::process] read 405540 sequences (40000118 bp)...
[M::mem_pestat] # candidate unique pairs for (FF, FR, RF, RR): (6, 192150, 7, 3)
[M::mem_pestat] skip orientation FF as there are not enough pairs
[M::mem_pestat] analyzing insert size distribution for orientation FR...
[M::mem_pestat] (25, 50, 75) percentile: (106, 128, 162)
[M::mem_pestat] low and high boundaries for computing mean and std.dev: (1, 274)
[M::mem_pestat] mean and std.dev: (135.88, 41.73)
[M::mem_pestat] low and high boundaries for proper pairs: (1, 330)
[M::mem_pestat] skip orientation RF as there are not enough pairs
[M::mem_pestat] skip orientation RR as there are not enough pairs
[M::mem_process_seqs] Processed 402694 reads in 14.529 CPU sec, 3.858 real sec
[M::process] read 403590 sequences (40000026 bp)...
[M::mem_pestat] # candidate unique pairs for (FF, FR, RF, RR): (3, 193257, 8, 4)
[M::mem_pestat] skip orientation FF as there are not enough pairs
[M::mem_pestat] analyzing insert size distribution for orientation FR...
[M::mem_pestat] (25, 50, 75) percentile: (107, 128, 162)
[M::mem_pestat] low and high boundaries for computing mean and std.dev: (1, 272)
[M::mem_pestat] mean and std.dev: (135.84, 41.49)
[M::mem_pestat] low and high boundaries for proper pairs: (1, 327)
[M::mem_pestat] skip orientation RF as there are not enough pairs
[M::mem_pestat] skip orientation RR as there are not enough pairs
[M::mem_process_seqs] Processed 405540 reads in 14.872 CPU sec, 3.976 real sec
[M::process] read 402870 sequences (40000058 bp)...
[M::mem_pestat] # candidate unique pairs for (FF, FR, RF, RR): (2, 192334, 8, 5)
[M::mem_pestat] skip orientation FF as there are not enough pairs
[M::mem_pestat] analyzing insert size distribution for orientation FR...
[M::mem_pestat] (25, 50, 75) percentile: (107, 128, 162)
[M::mem_pestat] low and high boundaries for computing mean and std.dev: (1, 272)
[M::mem_pestat] mean and std.dev: (135.72, 41.47)
[M::mem_pestat] low and high boundaries for proper pairs: (1, 327)
[M::mem_pestat] skip orientation RF as there are not enough pairs
[M::mem_pestat] skip orientation RR as there are not enough pairs
[M::mem_process_seqs] Processed 403590 reads in 15.909 CPU sec, 4.161 real sec
[M::process] read 401630 sequences (40000149 bp)...
[M::mem_pestat] # candidate unique pairs for (FF, FR, RF, RR): (2, 192322, 3, 2)
[M::mem_pestat] skip orientation FF as there are not enough pairs
[M::mem_pestat] analyzing insert size distribution for orientation FR...
[M::mem_pestat] (25, 50, 75) percentile: (107, 128, 163)
[M::mem_pestat] low and high boundaries for computing mean and std.dev: (1, 275)
[M::mem_pestat] mean and std.dev: (136.34, 42.02)
[M::mem_pestat] low and high boundaries for proper pairs: (1, 331)
[M::mem_pestat] skip orientation RF as there are not enough pairs
[M::mem_pestat] skip orientation RR as there are not enough pairs
[M::mem_process_seqs] Processed 402870 reads in 15.370 CPU sec, 4.061 real sec
[M::process] read 402022 sequences (40000130 bp)...
[M::mem_pestat] # candidate unique pairs for (FF, FR, RF, RR): (5, 191738, 9, 4)
[M::mem_pestat] skip orientation FF as there are not enough pairs
[M::mem_pestat] analyzing insert size distribution for orientation FR...
[M::mem_pestat] (25, 50, 75) percentile: (107, 129, 165)
[M::mem_pestat] low and high boundaries for computing mean and std.dev: (1, 281)
[M::mem_pestat] mean and std.dev: (137.52, 43.21)
[M::mem_pestat] low and high boundaries for proper pairs: (1, 339)
[M::mem_pestat] skip orientation RF as there are not enough pairs
[M::mem_pestat] skip orientation RR as there are not enough pairs
[M::mem_process_seqs] Processed 401630 reads in 15.252 CPU sec, 3.964 real sec
[M::process] read 401762 sequences (40000042 bp)...
[M::mem_pestat] # candidate unique pairs for (FF, FR, RF, RR): (4, 191965, 13, 7)
[M::mem_pestat] skip orientation FF as there are not enough pairs
[M::mem_pestat] analyzing insert size distribution for orientation FR...
[M::mem_pestat] (25, 50, 75) percentile: (107, 129, 165)
[M::mem_pestat] low and high boundaries for computing mean and std.dev: (1, 281)
[M::mem_pestat] mean and std.dev: (137.57, 42.96)
[M::mem_pestat] low and high boundaries for proper pairs: (1, 339)
[M::mem_pestat] analyzing insert size distribution for orientation RF...
[M::mem_pestat] (25, 50, 75) percentile: (6, 15, 77)
[M::mem_pestat] low and high boundaries for computing mean and std.dev: (1, 219)
[M::mem_pestat] mean and std.dev: (49.54, 58.57)
[M::mem_pestat] low and high boundaries for proper pairs: (1, 290)
[M::mem_pestat] skip orientation RR as there are not enough pairs
[M::mem_pestat] skip orientation RF
[M::mem_process_seqs] Processed 402022 reads in 16.014 CPU sec, 4.166 real sec
[M::process] read 401726 sequences (40000162 bp)...
[M::mem_pestat] # candidate unique pairs for (FF, FR, RF, RR): (7, 191870, 13, 3)
[M::mem_pestat] skip orientation FF as there are not enough pairs
[M::mem_pestat] analyzing insert size distribution for orientation FR...
[M::mem_pestat] (25, 50, 75) percentile: (107, 129, 165)
[M::mem_pestat] low and high boundaries for computing mean and std.dev: (1, 281)
[M::mem_pestat] mean and std.dev: (137.58, 42.99)
[M::mem_pestat] low and high boundaries for proper pairs: (1, 339)
[M::mem_pestat] analyzing insert size distribution for orientation RF...
[M::mem_pestat] (25, 50, 75) percentile: (20, 42, 78)
[M::mem_pestat] low and high boundaries for computing mean and std.dev: (1, 194)
[M::mem_pestat] mean and std.dev: (44.83, 38.68)
[M::mem_pestat] low and high boundaries for proper pairs: (1, 252)
[M::mem_pestat] skip orientation RR as there are not enough pairs
[M::mem_pestat] skip orientation RF
[M::mem_process_seqs] Processed 401762 reads in 14.578 CPU sec, 3.935 real sec
[M::process] read 402102 sequences (40000017 bp)...
[M::mem_pestat] # candidate unique pairs for (FF, FR, RF, RR): (3, 191908, 7, 2)
[M::mem_pestat] skip orientation FF as there are not enough pairs
[M::mem_pestat] analyzing insert size distribution for orientation FR...
[M::mem_pestat] (25, 50, 75) percentile: (107, 129, 164)
[M::mem_pestat] low and high boundaries for computing mean and std.dev: (1, 278)
[M::mem_pestat] mean and std.dev: (136.95, 42.35)
[M::mem_pestat] low and high boundaries for proper pairs: (1, 335)
[M::mem_pestat] skip orientation RF as there are not enough pairs
[M::mem_pestat] skip orientation RR as there are not enough pairs
[M::mem_process_seqs] Processed 401726 reads in 14.155 CPU sec, 3.733 real sec
[M::process] read 401882 sequences (40000078 bp)...
[M::mem_pestat] # candidate unique pairs for (FF, FR, RF, RR): (3, 192026, 11, 3)
[M::mem_pestat] skip orientation FF as there are not enough pairs
[M::mem_pestat] analyzing insert size distribution for orientation FR...
[M::mem_pestat] (25, 50, 75) percentile: (107, 129, 164)
[M::mem_pestat] low and high boundaries for computing mean and std.dev: (1, 278)
[M::mem_pestat] mean and std.dev: (137.14, 42.73)
[M::mem_pestat] low and high boundaries for proper pairs: (1, 335)
[M::mem_pestat] analyzing insert size distribution for orientation RF...
[M::mem_pestat] (25, 50, 75) percentile: (17, 48, 70)
[M::mem_pestat] low and high boundaries for computing mean and std.dev: (1, 176)
[M::mem_pestat] mean and std.dev: (33.44, 26.20)
[M::mem_pestat] low and high boundaries for proper pairs: (1, 229)
[M::mem_pestat] skip orientation RR as there are not enough pairs
[M::mem_pestat] skip orientation RF
[M::mem_process_seqs] Processed 402102 reads in 14.172 CPU sec, 3.827 real sec
[M::process] read 401882 sequences (40000063 bp)...
[M::mem_pestat] # candidate unique pairs for (FF, FR, RF, RR): (4, 191727, 10, 3)
[M::mem_pestat] skip orientation FF as there are not enough pairs
[M::mem_pestat] analyzing insert size distribution for orientation FR...
[M::mem_pestat] (25, 50, 75) percentile: (107, 129, 164)
[M::mem_pestat] low and high boundaries for computing mean and std.dev: (1, 278)
[M::mem_pestat] mean and std.dev: (137.00, 42.65)
[M::mem_pestat] low and high boundaries for proper pairs: (1, 335)
[M::mem_pestat] analyzing insert size distribution for orientation RF...
[M::mem_pestat] (25, 50, 75) percentile: (13, 23, 30)
[M::mem_pestat] low and high boundaries for computing mean and std.dev: (1, 64)
[M::mem_pestat] mean and std.dev: (20.44, 11.79)
[M::mem_pestat] low and high boundaries for proper pairs: (1, 81)
[M::mem_pestat] skip orientation RR as there are not enough pairs
[M::mem_pestat] skip orientation RF
[M::mem_process_seqs] Processed 401882 reads in 15.373 CPU sec, 4.009 real sec
[M::process] read 401906 sequences (40000021 bp)...
[M::mem_pestat] # candidate unique pairs for (FF, FR, RF, RR): (3, 191889, 8, 8)
[M::mem_pestat] skip orientation FF as there are not enough pairs
[M::mem_pestat] analyzing insert size distribution for orientation FR...
[M::mem_pestat] (25, 50, 75) percentile: (107, 129, 164)
[M::mem_pestat] low and high boundaries for computing mean and std.dev: (1, 278)
[M::mem_pestat] mean and std.dev: (136.85, 42.66)
[M::mem_pestat] low and high boundaries for proper pairs: (1, 335)
[M::mem_pestat] skip orientation RF as there are not enough pairs
[M::mem_pestat] skip orientation RR as there are not enough pairs
[M::mem_process_seqs] Processed 401882 reads in 14.303 CPU sec, 3.726 real sec
[M::process] read 402042 sequences (40000056 bp)...
[M::mem_pestat] # candidate unique pairs for (FF, FR, RF, RR): (4, 191971, 14, 7)
[M::mem_pestat] skip orientation FF as there are not enough pairs
[M::mem_pestat] analyzing insert size distribution for orientation FR...
[M::mem_pestat] (25, 50, 75) percentile: (107, 129, 163)
[M::mem_pestat] low and high boundaries for computing mean and std.dev: (1, 275)
[M::mem_pestat] mean and std.dev: (136.41, 42.04)
[M::mem_pestat] low and high boundaries for proper pairs: (1, 331)
[M::mem_pestat] analyzing insert size distribution for orientation RF...
[M::mem_pestat] (25, 50, 75) percentile: (25, 50, 68)
[M::mem_pestat] low and high boundaries for computing mean and std.dev: (1, 154)
[M::mem_pestat] mean and std.dev: (47.54, 39.15)
[M::mem_pestat] low and high boundaries for proper pairs: (1, 204)
[M::mem_pestat] skip orientation RR as there are not enough pairs
[M::mem_pestat] skip orientation RF
[M::mem_process_seqs] Processed 401906 reads in 14.492 CPU sec, 3.801 real sec
[M::process] read 402038 sequences (40000151 bp)...
[M::mem_pestat] # candidate unique pairs for (FF, FR, RF, RR): (2, 191829, 8, 5)
[M::mem_pestat] skip orientation FF as there are not enough pairs
[M::mem_pestat] analyzing insert size distribution for orientation FR...
[M::mem_pestat] (25, 50, 75) percentile: (107, 128, 163)
[M::mem_pestat] low and high boundaries for computing mean and std.dev: (1, 275)
[M::mem_pestat] mean and std.dev: (136.40, 42.01)
[M::mem_pestat] low and high boundaries for proper pairs: (1, 331)
[M::mem_pestat] skip orientation RF as there are not enough pairs
[M::mem_pestat] skip orientation RR as there are not enough pairs
[M::mem_process_seqs] Processed 402042 reads in 15.606 CPU sec, 4.098 real sec
[M::process] read 402144 sequences (40000164 bp)...
[M::mem_pestat] # candidate unique pairs for (FF, FR, RF, RR): (1, 191714, 2, 6)
[M::mem_pestat] skip orientation FF as there are not enough pairs
[M::mem_pestat] analyzing insert size distribution for orientation FR...
[M::mem_pestat] (25, 50, 75) percentile: (107, 128, 163)
[M::mem_pestat] low and high boundaries for computing mean and std.dev: (1, 275)
[M::mem_pestat] mean and std.dev: (136.47, 42.20)
[M::mem_pestat] low and high boundaries for proper pairs: (1, 331)
[M::mem_pestat] skip orientation RF as there are not enough pairs
[M::mem_pestat] skip orientation RR as there are not enough pairs
[M::mem_process_seqs] Processed 402038 reads in 14.968 CPU sec, 3.919 real sec
[M::process] read 402332 sequences (40000073 bp)...
[M::mem_pestat] # candidate unique pairs for (FF, FR, RF, RR): (2, 191684, 4, 3)
[M::mem_pestat] skip orientation FF as there are not enough pairs
[M::mem_pestat] analyzing insert size distribution for orientation FR...
[M::mem_pestat] (25, 50, 75) percentile: (107, 128, 163)
[M::mem_pestat] low and high boundaries for computing mean and std.dev: (1, 275)
[M::mem_pestat] mean and std.dev: (136.41, 42.01)
[M::mem_pestat] low and high boundaries for proper pairs: (1, 331)
[M::mem_pestat] skip orientation RF as there are not enough pairs
[M::mem_pestat] skip orientation RR as there are not enough pairs
[M::mem_process_seqs] Processed 402144 reads in 15.220 CPU sec, 4.035 real sec
[M::process] read 402462 sequences (40000084 bp)...
[M::mem_pestat] # candidate unique pairs for (FF, FR, RF, RR): (3, 191823, 7, 4)
[M::mem_pestat] skip orientation FF as there are not enough pairs
[M::mem_pestat] analyzing insert size distribution for orientation FR...
[M::mem_pestat] (25, 50, 75) percentile: (107, 128, 163)
[M::mem_pestat] low and high boundaries for computing mean and std.dev: (1, 275)
[M::mem_pestat] mean and std.dev: (136.37, 42.01)
[M::mem_pestat] low and high boundaries for proper pairs: (1, 331)
[M::mem_pestat] skip orientation RF as there are not enough pairs
[M::mem_pestat] skip orientation RR as there are not enough pairs
[M::mem_process_seqs] Processed 402332 reads in 15.423 CPU sec, 4.042 real sec
[M::process] read 402510 sequences (40000101 bp)...
[M::mem_pestat] # candidate unique pairs for (FF, FR, RF, RR): (1, 192140, 9, 4)
[M::mem_pestat] skip orientation FF as there are not enough pairs
[M::mem_pestat] analyzing insert size distribution for orientation FR...
[M::mem_pestat] (25, 50, 75) percentile: (107, 128, 163)
[M::mem_pestat] low and high boundaries for computing mean and std.dev: (1, 275)
[M::mem_pestat] mean and std.dev: (136.38, 42.06)
[M::mem_pestat] low and high boundaries for proper pairs: (1, 331)
[M::mem_pestat] skip orientation RF as there are not enough pairs
[M::mem_pestat] skip orientation RR as there are not enough pairs
[M::mem_process_seqs] Processed 402462 reads in 15.438 CPU sec, 4.076 real sec
[M::process] read 402604 sequences (40000093 bp)...
[M::mem_pestat] # candidate unique pairs for (FF, FR, RF, RR): (2, 192179, 7, 3)
[M::mem_pestat] skip orientation FF as there are not enough pairs
[M::mem_pestat] analyzing insert size distribution for orientation FR...
[M::mem_pestat] (25, 50, 75) percentile: (107, 128, 163)
[M::mem_pestat] low and high boundaries for computing mean and std.dev: (1, 275)
[M::mem_pestat] mean and std.dev: (136.32, 42.03)
[M::mem_pestat] low and high boundaries for proper pairs: (1, 331)
[M::mem_pestat] skip orientation RF as there are not enough pairs
[M::mem_pestat] skip orientation RR as there are not enough pairs
[M::mem_process_seqs] Processed 402510 reads in 15.600 CPU sec, 4.125 real sec
[M::process] read 404336 sequences (40000192 bp)...
[M::mem_pestat] # candidate unique pairs for (FF, FR, RF, RR): (1, 192129, 17, 3)
[M::mem_pestat] skip orientation FF as there are not enough pairs
[M::mem_pestat] analyzing insert size distribution for orientation FR...
[M::mem_pestat] (25, 50, 75) percentile: (107, 128, 162)
[M::mem_pestat] low and high boundaries for computing mean and std.dev: (1, 272)
[M::mem_pestat] mean and std.dev: (135.80, 41.51)
[M::mem_pestat] low and high boundaries for proper pairs: (1, 327)
[M::mem_pestat] analyzing insert size distribution for orientation RF...
[M::mem_pestat] (25, 50, 75) percentile: (10, 49, 142)
[M::mem_pestat] low and high boundaries for computing mean and std.dev: (1, 406)
[M::mem_pestat] mean and std.dev: (82.00, 84.36)
[M::mem_pestat] low and high boundaries for proper pairs: (1, 538)
[M::mem_pestat] skip orientation RR as there are not enough pairs
[M::mem_pestat] skip orientation RF
[M::mem_process_seqs] Processed 402604 reads in 15.639 CPU sec, 4.089 real sec
[M::process] read 403458 sequences (40000131 bp)...
[M::mem_pestat] # candidate unique pairs for (FF, FR, RF, RR): (5, 192868, 5, 5)
[M::mem_pestat] skip orientation FF as there are not enough pairs
[M::mem_pestat] analyzing insert size distribution for orientation FR...
[M::mem_pestat] (25, 50, 75) percentile: (107, 128, 162)
[M::mem_pestat] low and high boundaries for computing mean and std.dev: (1, 272)
[M::mem_pestat] mean and std.dev: (135.73, 41.54)
[M::mem_pestat] low and high boundaries for proper pairs: (1, 327)
[M::mem_pestat] skip orientation RF as there are not enough pairs
[M::mem_pestat] skip orientation RR as there are not enough pairs
[M::mem_process_seqs] Processed 404336 reads in 14.620 CPU sec, 4.106 real sec
[M::process] read 403348 sequences (40000125 bp)...
[M::mem_pestat] # candidate unique pairs for (FF, FR, RF, RR): (3, 192327, 15, 3)
[M::mem_pestat] skip orientation FF as there are not enough pairs
[M::mem_pestat] analyzing insert size distribution for orientation FR...
[M::mem_pestat] (25, 50, 75) percentile: (107, 128, 162)
[M::mem_pestat] low and high boundaries for computing mean and std.dev: (1, 272)
[M::mem_pestat] mean and std.dev: (135.86, 41.59)
[M::mem_pestat] low and high boundaries for proper pairs: (1, 327)
[M::mem_pestat] analyzing insert size distribution for orientation RF...
[M::mem_pestat] (25, 50, 75) percentile: (4, 6, 32)
[M::mem_pestat] low and high boundaries for computing mean and std.dev: (1, 88)
[M::mem_pestat] mean and std.dev: (22.27, 27.28)
[M::mem_pestat] low and high boundaries for proper pairs: (1, 131)
[M::mem_pestat] skip orientation RR as there are not enough pairs
[M::mem_pestat] skip orientation RF
[M::mem_process_seqs] Processed 403458 reads in 16.328 CPU sec, 4.291 real sec
[M::process] read 403454 sequences (40000018 bp)...
[M::mem_pestat] # candidate unique pairs for (FF, FR, RF, RR): (3, 192479, 11, 3)
[M::mem_pestat] skip orientation FF as there are not enough pairs
[M::mem_pestat] analyzing insert size distribution for orientation FR...
[M::mem_pestat] (25, 50, 75) percentile: (107, 128, 162)
[M::mem_pestat] low and high boundaries for computing mean and std.dev: (1, 272)
[M::mem_pestat] mean and std.dev: (135.71, 41.37)
[M::mem_pestat] low and high boundaries for proper pairs: (1, 327)
[M::mem_pestat] analyzing insert size distribution for orientation RF...
[M::mem_pestat] (25, 50, 75) percentile: (32, 68, 118)
[M::mem_pestat] low and high boundaries for computing mean and std.dev: (1, 290)
[M::mem_pestat] mean and std.dev: (53.56, 40.91)
[M::mem_pestat] low and high boundaries for proper pairs: (1, 376)
[M::mem_pestat] skip orientation RR as there are not enough pairs
[M::mem_pestat] skip orientation RF
[M::mem_process_seqs] Processed 403348 reads in 16.138 CPU sec, 4.229 real sec
[M::process] read 404984 sequences (40000018 bp)...
[M::mem_pestat] # candidate unique pairs for (FF, FR, RF, RR): (1, 192710, 10, 3)
[M::mem_pestat] skip orientation FF as there are not enough pairs
[M::mem_pestat] analyzing insert size distribution for orientation FR...
[M::mem_pestat] (25, 50, 75) percentile: (107, 129, 165)
[M::mem_pestat] low and high boundaries for computing mean and std.dev: (1, 281)
[M::mem_pestat] mean and std.dev: (137.54, 43.08)
[M::mem_pestat] low and high boundaries for proper pairs: (1, 339)
[M::mem_pestat] analyzing insert size distribution for orientation RF...
[M::mem_pestat] (25, 50, 75) percentile: (18, 43, 87)
[M::mem_pestat] low and high boundaries for computing mean and std.dev: (1, 225)
[M::mem_pestat] mean and std.dev: (49.22, 32.52)
[M::mem_pestat] low and high boundaries for proper pairs: (1, 294)
[M::mem_pestat] skip orientation RR as there are not enough pairs
[M::mem_pestat] skip orientation RF
[M::mem_process_seqs] Processed 403454 reads in 16.651 CPU sec, 4.352 real sec
[M::mem_pestat] # candidate unique pairs for (FF, FR, RF, RR): (6, 193285, 5, 7)
[M::mem_pestat] skip orientation FF as there are not enough pairs
[M::mem_pestat] analyzing insert size distribution for orientation FR...
[M::mem_pestat] (25, 50, 75) percentile: (107, 129, 165)
[M::mem_pestat] low and high boundaries for computing mean and std.dev: (1, 281)
[M::mem_pestat] mean and std.dev: (137.70, 43.10)
[M::mem_pestat] low and high boundaries for proper pairs: (1, 339)
[M::mem_pestat] skip orientation RF as there are not enough pairs
[M::mem_pestat] skip orientation RR as there are not enough pairs
[M::mem_process_seqs] Processed 404984 reads in 16.882 CPU sec, 5.951 real sec
[M::process] read 403976 sequences (40000194 bp)...
[M::process] read 402352 sequences (40000032 bp)...
[M::mem_pestat] # candidate unique pairs for (FF, FR, RF, RR): (4, 192970, 11, 3)
[M::mem_pestat] skip orientation FF as there are not enough pairs
[M::mem_pestat] analyzing insert size distribution for orientation FR...
[M::mem_pestat] (25, 50, 75) percentile: (107, 129, 164)
[M::mem_pestat] low and high boundaries for computing mean and std.dev: (1, 278)
[M::mem_pestat] mean and std.dev: (137.34, 42.72)
[M::mem_pestat] low and high boundaries for proper pairs: (1, 335)
[M::mem_pestat] analyzing insert size distribution for orientation RF...
[M::mem_pestat] (25, 50, 75) percentile: (28, 38, 71)
[M::mem_pestat] low and high boundaries for computing mean and std.dev: (1, 157)
[M::mem_pestat] mean and std.dev: (42.50, 29.81)
[M::mem_pestat] low and high boundaries for proper pairs: (1, 200)
[M::mem_pestat] skip orientation RR as there are not enough pairs
[M::mem_pestat] skip orientation RF
[M::mem_process_seqs] Processed 403976 reads in 15.138 CPU sec, 3.875 real sec
[M::process] read 402478 sequences (40000024 bp)...
[M::mem_pestat] # candidate unique pairs for (FF, FR, RF, RR): (2, 192075, 5, 3)
[M::mem_pestat] skip orientation FF as there are not enough pairs
[M::mem_pestat] analyzing insert size distribution for orientation FR...
[M::mem_pestat] (25, 50, 75) percentile: (107, 129, 165)
[M::mem_pestat] low and high boundaries for computing mean and std.dev: (1, 281)
[M::mem_pestat] mean and std.dev: (137.40, 42.93)
[M::mem_pestat] low and high boundaries for proper pairs: (1, 339)
[M::mem_pestat] skip orientation RF as there are not enough pairs
[M::mem_pestat] skip orientation RR as there are not enough pairs
[M::mem_process_seqs] Processed 402352 reads in 16.403 CPU sec, 4.297 real sec
[M::process] read 401784 sequences (40000139 bp)...
[M::mem_pestat] # candidate unique pairs for (FF, FR, RF, RR): (2, 192020, 4, 2)
[M::mem_pestat] skip orientation FF as there are not enough pairs
[M::mem_pestat] analyzing insert size distribution for orientation FR...
[M::mem_pestat] (25, 50, 75) percentile: (107, 129, 165)
[M::mem_pestat] low and high boundaries for computing mean and std.dev: (1, 281)
[M::mem_pestat] mean and std.dev: (137.49, 43.01)
[M::mem_pestat] low and high boundaries for proper pairs: (1, 339)
[M::mem_pestat] skip orientation RF as there are not enough pairs
[M::mem_pestat] skip orientation RR as there are not enough pairs
[M::mem_process_seqs] Processed 402478 reads in 15.848 CPU sec, 4.172 real sec
[M::process] read 401924 sequences (40000156 bp)...
[M::mem_pestat] # candidate unique pairs for (FF, FR, RF, RR): (1, 191579, 5, 5)
[M::mem_pestat] skip orientation FF as there are not enough pairs
[M::mem_pestat] analyzing insert size distribution for orientation FR...
[M::mem_pestat] (25, 50, 75) percentile: (107, 129, 164)
[M::mem_pestat] low and high boundaries for computing mean and std.dev: (1, 278)
[M::mem_pestat] mean and std.dev: (137.06, 42.64)
[M::mem_pestat] low and high boundaries for proper pairs: (1, 335)
[M::mem_pestat] skip orientation RF as there are not enough pairs
[M::mem_pestat] skip orientation RR as there are not enough pairs
[M::mem_process_seqs] Processed 401784 reads in 15.353 CPU sec, 4.121 real sec
[M::process] read 402032 sequences (40000064 bp)...
[M::mem_pestat] # candidate unique pairs for (FF, FR, RF, RR): (2, 191816, 16, 2)
[M::mem_pestat] skip orientation FF as there are not enough pairs
[M::mem_pestat] analyzing insert size distribution for orientation FR...
[M::mem_pestat] (25, 50, 75) percentile: (107, 129, 164)
[M::mem_pestat] low and high boundaries for computing mean and std.dev: (1, 278)
[M::mem_pestat] mean and std.dev: (136.91, 42.46)
[M::mem_pestat] low and high boundaries for proper pairs: (1, 335)
[M::mem_pestat] analyzing insert size distribution for orientation RF...
[M::mem_pestat] (25, 50, 75) percentile: (13, 47, 479)
[M::mem_pestat] low and high boundaries for computing mean and std.dev: (1, 1411)
[M::mem_pestat] mean and std.dev: (133.40, 200.64)
[M::mem_pestat] low and high boundaries for proper pairs: (1, 1877)
[M::mem_pestat] skip orientation RR as there are not enough pairs
[M::mem_pestat] skip orientation RF
[M::mem_process_seqs] Processed 401924 reads in 15.375 CPU sec, 4.089 real sec
[M::process] read 401958 sequences (40000144 bp)...
[M::mem_pestat] # candidate unique pairs for (FF, FR, RF, RR): (6, 191783, 9, 6)
[M::mem_pestat] skip orientation FF as there are not enough pairs
[M::mem_pestat] analyzing insert size distribution for orientation FR...
[M::mem_pestat] (25, 50, 75) percentile: (107, 129, 164)
[M::mem_pestat] low and high boundaries for computing mean and std.dev: (1, 278)
[M::mem_pestat] mean and std.dev: (136.96, 42.70)
[M::mem_pestat] low and high boundaries for proper pairs: (1, 335)
[M::mem_pestat] skip orientation RF as there are not enough pairs
[M::mem_pestat] skip orientation RR as there are not enough pairs
[M::mem_process_seqs] Processed 402032 reads in 15.720 CPU sec, 4.105 real sec
[M::process] read 401996 sequences (40000114 bp)...
[M::mem_pestat] # candidate unique pairs for (FF, FR, RF, RR): (4, 191868, 8, 3)
[M::mem_pestat] skip orientation FF as there are not enough pairs
[M::mem_pestat] analyzing insert size distribution for orientation FR...
[M::mem_pestat] (25, 50, 75) percentile: (107, 129, 164)
[M::mem_pestat] low and high boundaries for computing mean and std.dev: (1, 278)
[M::mem_pestat] mean and std.dev: (136.80, 42.59)
[M::mem_pestat] low and high boundaries for proper pairs: (1, 335)
[M::mem_pestat] skip orientation RF as there are not enough pairs
[M::mem_pestat] skip orientation RR as there are not enough pairs
[M::mem_process_seqs] Processed 401958 reads in 15.858 CPU sec, 4.130 real sec
[M::process] read 402002 sequences (40000139 bp)...
[M::mem_pestat] # candidate unique pairs for (FF, FR, RF, RR): (3, 191845, 5, 2)
[M::mem_pestat] skip orientation FF as there are not enough pairs
[M::mem_pestat] analyzing insert size distribution for orientation FR...
[M::mem_pestat] (25, 50, 75) percentile: (107, 129, 164)
[M::mem_pestat] low and high boundaries for computing mean and std.dev: (1, 278)
[M::mem_pestat] mean and std.dev: (136.79, 42.58)
[M::mem_pestat] low and high boundaries for proper pairs: (1, 335)
[M::mem_pestat] skip orientation RF as there are not enough pairs
[M::mem_pestat] skip orientation RR as there are not enough pairs
[M::mem_process_seqs] Processed 401996 reads in 15.000 CPU sec, 3.973 real sec
[M::process] read 402186 sequences (40000066 bp)...
[M::mem_pestat] # candidate unique pairs for (FF, FR, RF, RR): (2, 191919, 5, 5)
[M::mem_pestat] skip orientation FF as there are not enough pairs
[M::mem_pestat] analyzing insert size distribution for orientation FR...
[M::mem_pestat] (25, 50, 75) percentile: (107, 128, 163)
[M::mem_pestat] low and high boundaries for computing mean and std.dev: (1, 275)
[M::mem_pestat] mean and std.dev: (136.38, 42.08)
[M::mem_pestat] low and high boundaries for proper pairs: (1, 331)
[M::mem_pestat] skip orientation RF as there are not enough pairs
[M::mem_pestat] skip orientation RR as there are not enough pairs
[M::mem_process_seqs] Processed 402002 reads in 16.224 CPU sec, 4.251 real sec
[M::process] read 402372 sequences (40000121 bp)...
[M::mem_pestat] # candidate unique pairs for (FF, FR, RF, RR): (0, 191777, 11, 3)
[M::mem_pestat] skip orientation FF as there are not enough pairs
[M::mem_pestat] analyzing insert size distribution for orientation FR...
[M::mem_pestat] (25, 50, 75) percentile: (107, 128, 163)
[M::mem_pestat] low and high boundaries for computing mean and std.dev: (1, 275)
[M::mem_pestat] mean and std.dev: (136.42, 42.06)
[M::mem_pestat] low and high boundaries for proper pairs: (1, 331)
[M::mem_pestat] analyzing insert size distribution for orientation RF...
[M::mem_pestat] (25, 50, 75) percentile: (14, 45, 95)
[M::mem_pestat] low and high boundaries for computing mean and std.dev: (1, 257)
[M::mem_pestat] mean and std.dev: (35.67, 28.63)
[M::mem_pestat] low and high boundaries for proper pairs: (1, 338)
[M::mem_pestat] skip orientation RR as there are not enough pairs
[M::mem_pestat] skip orientation RF
[M::mem_process_seqs] Processed 402186 reads in 16.252 CPU sec, 4.298 real sec
[M::process] read 402534 sequences (40000090 bp)...
[M::mem_pestat] # candidate unique pairs for (FF, FR, RF, RR): (4, 191982, 13, 2)
[M::mem_pestat] skip orientation FF as there are not enough pairs
[M::mem_pestat] analyzing insert size distribution for orientation FR...
[M::mem_pestat] (25, 50, 75) percentile: (107, 128, 163)
[M::mem_pestat] low and high boundaries for computing mean and std.dev: (1, 275)
[M::mem_pestat] mean and std.dev: (136.29, 41.99)
[M::mem_pestat] low and high boundaries for proper pairs: (1, 331)
[M::mem_pestat] analyzing insert size distribution for orientation RF...
[M::mem_pestat] (25, 50, 75) percentile: (11, 16, 66)
[M::mem_pestat] low and high boundaries for computing mean and std.dev: (1, 176)
[M::mem_pestat] mean and std.dev: (38.69, 43.63)
[M::mem_pestat] low and high boundaries for proper pairs: (1, 231)
[M::mem_pestat] skip orientation RR as there are not enough pairs
[M::mem_pestat] skip orientation RF
[M::mem_process_seqs] Processed 402372 reads in 14.361 CPU sec, 3.769 real sec
[M::process] read 402586 sequences (40000053 bp)...
[M::mem_pestat] # candidate unique pairs for (FF, FR, RF, RR): (3, 191816, 11, 1)
[M::mem_pestat] skip orientation FF as there are not enough pairs
[M::mem_pestat] analyzing insert size distribution for orientation FR...
[M::mem_pestat] (25, 50, 75) percentile: (107, 128, 162)
[M::mem_pestat] low and high boundaries for computing mean and std.dev: (1, 272)
[M::mem_pestat] mean and std.dev: (136.05, 41.60)
[M::mem_pestat] low and high boundaries for proper pairs: (1, 327)
[M::mem_pestat] analyzing insert size distribution for orientation RF...
[M::mem_pestat] (25, 50, 75) percentile: (15, 35, 173)
[M::mem_pestat] low and high boundaries for computing mean and std.dev: (1, 489)
[M::mem_pestat] mean and std.dev: (78.70, 100.39)
[M::mem_pestat] low and high boundaries for proper pairs: (1, 647)
[M::mem_pestat] skip orientation RR as there are not enough pairs
[M::mem_pestat] skip orientation RF
[M::mem_process_seqs] Processed 402534 reads in 14.238 CPU sec, 3.766 real sec
[M::process] read 404248 sequences (40000019 bp)...
[M::mem_pestat] # candidate unique pairs for (FF, FR, RF, RR): (4, 191918, 15, 1)
[M::mem_pestat] skip orientation FF as there are not enough pairs
[M::mem_pestat] analyzing insert size distribution for orientation FR...
[M::mem_pestat] (25, 50, 75) percentile: (107, 128, 163)
[M::mem_pestat] low and high boundaries for computing mean and std.dev: (1, 275)
[M::mem_pestat] mean and std.dev: (136.22, 41.85)
[M::mem_pestat] low and high boundaries for proper pairs: (1, 331)
[M::mem_pestat] analyzing insert size distribution for orientation RF...
[M::mem_pestat] (25, 50, 75) percentile: (7, 16, 37)
[M::mem_pestat] low and high boundaries for computing mean and std.dev: (1, 97)
[M::mem_pestat] mean and std.dev: (21.71, 20.21)
[M::mem_pestat] low and high boundaries for proper pairs: (1, 127)
[M::mem_pestat] skip orientation RR as there are not enough pairs
[M::mem_pestat] skip orientation RF
[M::mem_process_seqs] Processed 402586 reads in 14.753 CPU sec, 4.031 real sec
[M::process] read 403482 sequences (40000103 bp)...
[M::mem_pestat] # candidate unique pairs for (FF, FR, RF, RR): (3, 192828, 5, 1)
[M::mem_pestat] skip orientation FF as there are not enough pairs
[M::mem_pestat] analyzing insert size distribution for orientation FR...
[M::mem_pestat] (25, 50, 75) percentile: (107, 128, 162)
[M::mem_pestat] low and high boundaries for computing mean and std.dev: (1, 272)
[M::mem_pestat] mean and std.dev: (135.77, 41.46)
[M::mem_pestat] low and high boundaries for proper pairs: (1, 327)
[M::mem_pestat] skip orientation RF as there are not enough pairs
[M::mem_pestat] skip orientation RR as there are not enough pairs
[M::mem_process_seqs] Processed 404248 reads in 15.025 CPU sec, 3.902 real sec
[M::process] read 403568 sequences (40000066 bp)...
[M::mem_pestat] # candidate unique pairs for (FF, FR, RF, RR): (2, 192329, 7, 4)
[M::mem_pestat] skip orientation FF as there are not enough pairs
[M::mem_pestat] analyzing insert size distribution for orientation FR...
[M::mem_pestat] (25, 50, 75) percentile: (107, 128, 162)
[M::mem_pestat] low and high boundaries for computing mean and std.dev: (1, 272)
[M::mem_pestat] mean and std.dev: (135.74, 41.40)
[M::mem_pestat] low and high boundaries for proper pairs: (1, 327)
[M::mem_pestat] skip orientation RF as there are not enough pairs
[M::mem_pestat] skip orientation RR as there are not enough pairs
[M::mem_process_seqs] Processed 403482 reads in 14.587 CPU sec, 3.800 real sec
[M::process] read 4374 sequences (432604 bp)...
[M::mem_pestat] # candidate unique pairs for (FF, FR, RF, RR): (3, 192560, 15, 0)
[M::mem_pestat] skip orientation FF as there are not enough pairs
[M::mem_pestat] analyzing insert size distribution for orientation FR...
[M::mem_pestat] (25, 50, 75) percentile: (106, 128, 162)
[M::mem_pestat] low and high boundaries for computing mean and std.dev: (1, 274)
[M::mem_pestat] mean and std.dev: (135.83, 41.84)
[M::mem_pestat] low and high boundaries for proper pairs: (1, 330)
[M::mem_pestat] analyzing insert size distribution for orientation RF...
[M::mem_pestat] (25, 50, 75) percentile: (8, 13, 81)
[M::mem_pestat] low and high boundaries for computing mean and std.dev: (1, 227)
[M::mem_pestat] mean and std.dev: (40.36, 51.00)
[M::mem_pestat] low and high boundaries for proper pairs: (1, 300)
[M::mem_pestat] skip orientation RR as there are not enough pairs
[M::mem_pestat] skip orientation RF
[M::mem_process_seqs] Processed 403568 reads in 14.774 CPU sec, 3.876 real sec
[M::mem_pestat] # candidate unique pairs for (FF, FR, RF, RR): (0, 2094, 0, 0)
[M::mem_pestat] skip orientation FF as there are not enough pairs
[M::mem_pestat] analyzing insert size distribution for orientation FR...
[M::mem_pestat] (25, 50, 75) percentile: (105, 127, 160)
[M::mem_pestat] low and high boundaries for computing mean and std.dev: (1, 270)
[M::mem_pestat] mean and std.dev: (134.58, 41.70)
[M::mem_pestat] low and high boundaries for proper pairs: (1, 325)
[M::mem_pestat] skip orientation RF as there are not enough pairs
[M::mem_pestat] skip orientation RR as there are not enough pairs
[M::mem_process_seqs] Processed 4374 reads in 0.192 CPU sec, 0.055 real sec
[main] Version: 0.7.19-r1273
[main] CMD: bwa mem -t 4 data/tmp/2_canu_assembly/paper1_e745.contigs.fasta data/1_Zhang_2017/transcriptomics_data/RNA-Seq_Serum/trimmed/trim_paired_ERR1797970_pass_1.fastq.gz data/1_Zhang_2017/transcriptomics_data/RNA-Seq_Serum/trimmed/trim_paired_ERR1797970_pass_2.fastq.gz
[main] Real time: 303.464 sec; CPU: 1086.683 sec
[bam_sort_core] merging from 2 files and 4 in-memory blocks...
+ samtools index data/tmp/7_bwa_rna/Serum_ERR1797970.sorted.bam
+ for acc in ERR1797969 ERR1797970 ERR1797971
+ bwa mem -t 4 data/tmp/2_canu_assembly/paper1_e745.contigs.fasta data/1_Zhang_2017/transcriptomics_data/RNA-Seq_Serum/trimmed/trim_paired_ERR1797971_pass_1.fastq.gz data/1_Zhang_2017/transcriptomics_data/RNA-Seq_Serum/trimmed/trim_paired_ERR1797971_pass_2.fastq.gz
+ samtools sort -@ 4 -o data/tmp/7_bwa_rna/Serum_ERR1797971.sorted.bam -
[M::bwa_idx_load_from_disk] read 0 ALT contigs
[M::process] read 401754 sequences (40000106 bp)...
[M::process] read 401978 sequences (40000023 bp)...
[M::mem_pestat] # candidate unique pairs for (FF, FR, RF, RR): (4, 192096, 9, 4)
[M::mem_pestat] skip orientation FF as there are not enough pairs
[M::mem_pestat] analyzing insert size distribution for orientation FR...
[M::mem_pestat] (25, 50, 75) percentile: (105, 127, 159)
[M::mem_pestat] low and high boundaries for computing mean and std.dev: (1, 267)
[M::mem_pestat] mean and std.dev: (133.69, 40.71)
[M::mem_pestat] low and high boundaries for proper pairs: (1, 321)
[M::mem_pestat] skip orientation RF as there are not enough pairs
[M::mem_pestat] skip orientation RR as there are not enough pairs
[M::mem_process_seqs] Processed 401754 reads in 15.396 CPU sec, 4.047 real sec
[M::process] read 401908 sequences (40000108 bp)...
[M::mem_pestat] # candidate unique pairs for (FF, FR, RF, RR): (2, 192092, 4, 3)
[M::mem_pestat] skip orientation FF as there are not enough pairs
[M::mem_pestat] analyzing insert size distribution for orientation FR...
[M::mem_pestat] (25, 50, 75) percentile: (105, 127, 159)
[M::mem_pestat] low and high boundaries for computing mean and std.dev: (1, 267)
[M::mem_pestat] mean and std.dev: (133.96, 40.68)
[M::mem_pestat] low and high boundaries for proper pairs: (1, 321)
[M::mem_pestat] skip orientation RF as there are not enough pairs
[M::mem_pestat] skip orientation RR as there are not enough pairs
[M::mem_process_seqs] Processed 401978 reads in 14.989 CPU sec, 3.928 real sec
[M::process] read 401842 sequences (40000180 bp)...
[M::mem_pestat] # candidate unique pairs for (FF, FR, RF, RR): (4, 191901, 8, 5)
[M::mem_pestat] skip orientation FF as there are not enough pairs
[M::mem_pestat] analyzing insert size distribution for orientation FR...
[M::mem_pestat] (25, 50, 75) percentile: (105, 127, 159)
[M::mem_pestat] low and high boundaries for computing mean and std.dev: (1, 267)
[M::mem_pestat] mean and std.dev: (133.71, 40.51)
[M::mem_pestat] low and high boundaries for proper pairs: (1, 321)
[M::mem_pestat] skip orientation RF as there are not enough pairs
[M::mem_pestat] skip orientation RR as there are not enough pairs
[M::mem_process_seqs] Processed 401908 reads in 14.749 CPU sec, 3.937 real sec
[M::process] read 402068 sequences (40000160 bp)...
[M::mem_pestat] # candidate unique pairs for (FF, FR, RF, RR): (4, 191990, 9, 4)
[M::mem_pestat] skip orientation FF as there are not enough pairs
[M::mem_pestat] analyzing insert size distribution for orientation FR...
[M::mem_pestat] (25, 50, 75) percentile: (105, 127, 159)
[M::mem_pestat] low and high boundaries for computing mean and std.dev: (1, 267)
[M::mem_pestat] mean and std.dev: (133.65, 40.52)
[M::mem_pestat] low and high boundaries for proper pairs: (1, 321)
[M::mem_pestat] skip orientation RF as there are not enough pairs
[M::mem_pestat] skip orientation RR as there are not enough pairs
[M::mem_process_seqs] Processed 401842 reads in 15.272 CPU sec, 4.032 real sec
[M::process] read 402128 sequences (40000016 bp)...
[M::mem_pestat] # candidate unique pairs for (FF, FR, RF, RR): (4, 192019, 10, 2)
[M::mem_pestat] skip orientation FF as there are not enough pairs
[M::mem_pestat] analyzing insert size distribution for orientation FR...
[M::mem_pestat] (25, 50, 75) percentile: (105, 127, 159)
[M::mem_pestat] low and high boundaries for computing mean and std.dev: (1, 267)
[M::mem_pestat] mean and std.dev: (133.63, 40.66)
[M::mem_pestat] low and high boundaries for proper pairs: (1, 321)
[M::mem_pestat] analyzing insert size distribution for orientation RF...
[M::mem_pestat] (25, 50, 75) percentile: (19, 49, 103)
[M::mem_pestat] low and high boundaries for computing mean and std.dev: (1, 271)
[M::mem_pestat] mean and std.dev: (49.22, 41.89)
[M::mem_pestat] low and high boundaries for proper pairs: (1, 355)
[M::mem_pestat] skip orientation RR as there are not enough pairs
[M::mem_pestat] skip orientation RF
[M::mem_process_seqs] Processed 402068 reads in 14.938 CPU sec, 4.013 real sec
[M::process] read 402090 sequences (40000087 bp)...
[M::mem_pestat] # candidate unique pairs for (FF, FR, RF, RR): (1, 191989, 11, 4)
[M::mem_pestat] skip orientation FF as there are not enough pairs
[M::mem_pestat] analyzing insert size distribution for orientation FR...
[M::mem_pestat] (25, 50, 75) percentile: (105, 127, 159)
[M::mem_pestat] low and high boundaries for computing mean and std.dev: (1, 267)
[M::mem_pestat] mean and std.dev: (133.57, 40.54)
[M::mem_pestat] low and high boundaries for proper pairs: (1, 321)
[M::mem_pestat] analyzing insert size distribution for orientation RF...
[M::mem_pestat] (25, 50, 75) percentile: (12, 44, 75)
[M::mem_pestat] low and high boundaries for computing mean and std.dev: (1, 201)
[M::mem_pestat] mean and std.dev: (50.36, 44.61)
[M::mem_pestat] low and high boundaries for proper pairs: (1, 264)
[M::mem_pestat] skip orientation RR as there are not enough pairs
[M::mem_pestat] skip orientation RF
[M::mem_process_seqs] Processed 402128 reads in 14.582 CPU sec, 3.857 real sec
[M::process] read 402198 sequences (40000091 bp)...
[M::mem_pestat] # candidate unique pairs for (FF, FR, RF, RR): (0, 191945, 8, 5)
[M::mem_pestat] skip orientation FF as there are not enough pairs
[M::mem_pestat] analyzing insert size distribution for orientation FR...
[M::mem_pestat] (25, 50, 75) percentile: (105, 126, 158)
[M::mem_pestat] low and high boundaries for computing mean and std.dev: (1, 264)
[M::mem_pestat] mean and std.dev: (133.16, 40.13)
[M::mem_pestat] low and high boundaries for proper pairs: (1, 317)
[M::mem_pestat] skip orientation RF as there are not enough pairs
[M::mem_pestat] skip orientation RR as there are not enough pairs
[M::mem_process_seqs] Processed 402090 reads in 15.652 CPU sec, 4.158 real sec
[M::process] read 402188 sequences (40000013 bp)...
[M::mem_pestat] # candidate unique pairs for (FF, FR, RF, RR): (4, 191953, 6, 1)
[M::mem_pestat] skip orientation FF as there are not enough pairs
[M::mem_pestat] analyzing insert size distribution for orientation FR...
[M::mem_pestat] (25, 50, 75) percentile: (105, 126, 158)
[M::mem_pestat] low and high boundaries for computing mean and std.dev: (1, 264)
[M::mem_pestat] mean and std.dev: (133.09, 40.18)
[M::mem_pestat] low and high boundaries for proper pairs: (1, 317)
[M::mem_pestat] skip orientation RF as there are not enough pairs
[M::mem_pestat] skip orientation RR as there are not enough pairs
[M::mem_process_seqs] Processed 402198 reads in 14.652 CPU sec, 3.822 real sec
[M::process] read 402356 sequences (40000099 bp)...
[M::mem_pestat] # candidate unique pairs for (FF, FR, RF, RR): (2, 192078, 5, 3)
[M::mem_pestat] skip orientation FF as there are not enough pairs
[M::mem_pestat] analyzing insert size distribution for orientation FR...
[M::mem_pestat] (25, 50, 75) percentile: (105, 126, 158)
[M::mem_pestat] low and high boundaries for computing mean and std.dev: (1, 264)
[M::mem_pestat] mean and std.dev: (132.95, 40.23)
[M::mem_pestat] low and high boundaries for proper pairs: (1, 317)
[M::mem_pestat] skip orientation RF as there are not enough pairs
[M::mem_pestat] skip orientation RR as there are not enough pairs
[M::mem_process_seqs] Processed 402188 reads in 14.452 CPU sec, 3.773 real sec
[M::process] read 402400 sequences (40000183 bp)...
[M::mem_pestat] # candidate unique pairs for (FF, FR, RF, RR): (3, 191906, 16, 3)
[M::mem_pestat] skip orientation FF as there are not enough pairs
[M::mem_pestat] analyzing insert size distribution for orientation FR...
[M::mem_pestat] (25, 50, 75) percentile: (105, 126, 158)
[M::mem_pestat] low and high boundaries for computing mean and std.dev: (1, 264)
[M::mem_pestat] mean and std.dev: (133.02, 40.28)
[M::mem_pestat] low and high boundaries for proper pairs: (1, 317)
[M::mem_pestat] analyzing insert size distribution for orientation RF...
[M::mem_pestat] (25, 50, 75) percentile: (7, 23, 130)
[M::mem_pestat] low and high boundaries for computing mean and std.dev: (1, 376)
[M::mem_pestat] mean and std.dev: (64.31, 84.69)
[M::mem_pestat] low and high boundaries for proper pairs: (1, 499)
[M::mem_pestat] skip orientation RR as there are not enough pairs
[M::mem_pestat] skip orientation RF
[M::mem_process_seqs] Processed 402356 reads in 15.712 CPU sec, 4.278 real sec
[M::process] read 402430 sequences (40000026 bp)...
[M::mem_pestat] # candidate unique pairs for (FF, FR, RF, RR): (4, 191901, 11, 5)
[M::mem_pestat] skip orientation FF as there are not enough pairs
[M::mem_pestat] analyzing insert size distribution for orientation FR...
[M::mem_pestat] (25, 50, 75) percentile: (105, 126, 158)
[M::mem_pestat] low and high boundaries for computing mean and std.dev: (1, 264)
[M::mem_pestat] mean and std.dev: (132.91, 39.99)
[M::mem_pestat] low and high boundaries for proper pairs: (1, 317)
[M::mem_pestat] analyzing insert size distribution for orientation RF...
[M::mem_pestat] (25, 50, 75) percentile: (4, 11, 63)
[M::mem_pestat] low and high boundaries for computing mean and std.dev: (1, 181)
[M::mem_pestat] mean and std.dev: (21.60, 25.08)
[M::mem_pestat] low and high boundaries for proper pairs: (1, 240)
[M::mem_pestat] skip orientation RR as there are not enough pairs
[M::mem_pestat] skip orientation RF
[M::mem_process_seqs] Processed 402400 reads in 15.249 CPU sec, 3.992 real sec
[M::process] read 402730 sequences (40000057 bp)...
[M::mem_pestat] # candidate unique pairs for (FF, FR, RF, RR): (0, 192139, 8, 2)
[M::mem_pestat] skip orientation FF as there are not enough pairs
[M::mem_pestat] analyzing insert size distribution for orientation FR...
[M::mem_pestat] (25, 50, 75) percentile: (105, 126, 158)
[M::mem_pestat] low and high boundaries for computing mean and std.dev: (1, 264)
[M::mem_pestat] mean and std.dev: (132.94, 40.16)
[M::mem_pestat] low and high boundaries for proper pairs: (1, 317)
[M::mem_pestat] skip orientation RF as there are not enough pairs
[M::mem_pestat] skip orientation RR as there are not enough pairs
[M::mem_process_seqs] Processed 402430 reads in 13.923 CPU sec, 3.868 real sec
[M::process] read 402828 sequences (40000079 bp)...
[M::mem_pestat] # candidate unique pairs for (FF, FR, RF, RR): (5, 192115, 12, 4)
[M::mem_pestat] skip orientation FF as there are not enough pairs
[M::mem_pestat] analyzing insert size distribution for orientation FR...
[M::mem_pestat] (25, 50, 75) percentile: (105, 126, 158)
[M::mem_pestat] low and high boundaries for computing mean and std.dev: (1, 264)
[M::mem_pestat] mean and std.dev: (132.87, 39.99)
[M::mem_pestat] low and high boundaries for proper pairs: (1, 317)
[M::mem_pestat] analyzing insert size distribution for orientation RF...
[M::mem_pestat] (25, 50, 75) percentile: (4, 16, 57)
[M::mem_pestat] low and high boundaries for computing mean and std.dev: (1, 163)
[M::mem_pestat] mean and std.dev: (27.42, 26.50)
[M::mem_pestat] low and high boundaries for proper pairs: (1, 216)
[M::mem_pestat] skip orientation RR as there are not enough pairs
[M::mem_pestat] skip orientation RF
[M::mem_process_seqs] Processed 402730 reads in 14.442 CPU sec, 3.820 real sec
[M::process] read 402974 sequences (40000092 bp)...
[M::mem_pestat] # candidate unique pairs for (FF, FR, RF, RR): (1, 192161, 9, 6)
[M::mem_pestat] skip orientation FF as there are not enough pairs
[M::mem_pestat] analyzing insert size distribution for orientation FR...
[M::mem_pestat] (25, 50, 75) percentile: (104, 126, 157)
[M::mem_pestat] low and high boundaries for computing mean and std.dev: (1, 263)
[M::mem_pestat] mean and std.dev: (132.52, 39.92)
[M::mem_pestat] low and high boundaries for proper pairs: (1, 316)
[M::mem_pestat] skip orientation RF as there are not enough pairs
[M::mem_pestat] skip orientation RR as there are not enough pairs
[M::mem_process_seqs] Processed 402828 reads in 15.105 CPU sec, 3.985 real sec
[M::process] read 404800 sequences (40000151 bp)...
[M::mem_pestat] # candidate unique pairs for (FF, FR, RF, RR): (1, 192183, 10, 3)
[M::mem_pestat] skip orientation FF as there are not enough pairs
[M::mem_pestat] analyzing insert size distribution for orientation FR...
[M::mem_pestat] (25, 50, 75) percentile: (105, 126, 157)
[M::mem_pestat] low and high boundaries for computing mean and std.dev: (1, 261)
[M::mem_pestat] mean and std.dev: (132.49, 39.72)
[M::mem_pestat] low and high boundaries for proper pairs: (1, 313)
[M::mem_pestat] analyzing insert size distribution for orientation RF...
[M::mem_pestat] (25, 50, 75) percentile: (18, 26, 64)
[M::mem_pestat] low and high boundaries for computing mean and std.dev: (1, 156)
[M::mem_pestat] mean and std.dev: (30.67, 22.12)
[M::mem_pestat] low and high boundaries for proper pairs: (1, 202)
[M::mem_pestat] skip orientation RR as there are not enough pairs
[M::mem_pestat] skip orientation RF
[M::mem_process_seqs] Processed 402974 reads in 14.090 CPU sec, 3.732 real sec
[M::process] read 403864 sequences (40000108 bp)...
[M::mem_pestat] # candidate unique pairs for (FF, FR, RF, RR): (3, 193031, 13, 3)
[M::mem_pestat] skip orientation FF as there are not enough pairs
[M::mem_pestat] analyzing insert size distribution for orientation FR...
[M::mem_pestat] (25, 50, 75) percentile: (105, 126, 157)
[M::mem_pestat] low and high boundaries for computing mean and std.dev: (1, 261)
[M::mem_pestat] mean and std.dev: (132.39, 39.62)
[M::mem_pestat] low and high boundaries for proper pairs: (1, 313)
[M::mem_pestat] analyzing insert size distribution for orientation RF...
[M::mem_pestat] (25, 50, 75) percentile: (21, 30, 82)
[M::mem_pestat] low and high boundaries for computing mean and std.dev: (1, 204)
[M::mem_pestat] mean and std.dev: (31.00, 23.10)
[M::mem_pestat] low and high boundaries for proper pairs: (1, 265)
[M::mem_pestat] skip orientation RR as there are not enough pairs
[M::mem_pestat] skip orientation RF
[M::mem_process_seqs] Processed 404800 reads in 13.817 CPU sec, 3.669 real sec
[M::process] read 402530 sequences (40000136 bp)...
[M::mem_pestat] # candidate unique pairs for (FF, FR, RF, RR): (4, 192789, 6, 7)
[M::mem_pestat] skip orientation FF as there are not enough pairs
[M::mem_pestat] analyzing insert size distribution for orientation FR...
[M::mem_pestat] (25, 50, 75) percentile: (104, 126, 157)
[M::mem_pestat] low and high boundaries for computing mean and std.dev: (1, 263)
[M::mem_pestat] mean and std.dev: (132.33, 39.59)
[M::mem_pestat] low and high boundaries for proper pairs: (1, 316)
[M::mem_pestat] skip orientation RF as there are not enough pairs
[M::mem_pestat] skip orientation RR as there are not enough pairs
[M::mem_process_seqs] Processed 403864 reads in 14.668 CPU sec, 4.025 real sec
[M::process] read 401954 sequences (40000186 bp)...
[M::mem_pestat] # candidate unique pairs for (FF, FR, RF, RR): (4, 192309, 7, 2)
[M::mem_pestat] skip orientation FF as there are not enough pairs
[M::mem_pestat] analyzing insert size distribution for orientation FR...
[M::mem_pestat] (25, 50, 75) percentile: (105, 126, 158)
[M::mem_pestat] low and high boundaries for computing mean and std.dev: (1, 264)
[M::mem_pestat] mean and std.dev: (133.07, 40.12)
[M::mem_pestat] low and high boundaries for proper pairs: (1, 317)
[M::mem_pestat] skip orientation RF as there are not enough pairs
[M::mem_pestat] skip orientation RR as there are not enough pairs
[M::mem_process_seqs] Processed 402530 reads in 15.200 CPU sec, 4.026 real sec
[M::process] read 401958 sequences (40000087 bp)...
[M::mem_pestat] # candidate unique pairs for (FF, FR, RF, RR): (6, 192050, 7, 6)
[M::mem_pestat] skip orientation FF as there are not enough pairs
[M::mem_pestat] analyzing insert size distribution for orientation FR...
[M::mem_pestat] (25, 50, 75) percentile: (105, 127, 159)
[M::mem_pestat] low and high boundaries for computing mean and std.dev: (1, 267)
[M::mem_pestat] mean and std.dev: (133.92, 40.53)
[M::mem_pestat] low and high boundaries for proper pairs: (1, 321)
[M::mem_pestat] skip orientation RF as there are not enough pairs
[M::mem_pestat] skip orientation RR as there are not enough pairs
[M::mem_process_seqs] Processed 401954 reads in 15.232 CPU sec, 4.066 real sec
[M::process] read 401890 sequences (40000195 bp)...
[M::mem_pestat] # candidate unique pairs for (FF, FR, RF, RR): (2, 192055, 8, 5)
[M::mem_pestat] skip orientation FF as there are not enough pairs
[M::mem_pestat] analyzing insert size distribution for orientation FR...
[M::mem_pestat] (25, 50, 75) percentile: (105, 127, 159)
[M::mem_pestat] low and high boundaries for computing mean and std.dev: (1, 267)
[M::mem_pestat] mean and std.dev: (133.83, 40.46)
[M::mem_pestat] low and high boundaries for proper pairs: (1, 321)
[M::mem_pestat] skip orientation RF as there are not enough pairs
[M::mem_pestat] skip orientation RR as there are not enough pairs
[M::mem_process_seqs] Processed 401958 reads in 14.694 CPU sec, 3.928 real sec
[M::process] read 401854 sequences (40000186 bp)...
[M::mem_pestat] # candidate unique pairs for (FF, FR, RF, RR): (3, 192026, 7, 3)
[M::mem_pestat] skip orientation FF as there are not enough pairs
[M::mem_pestat] analyzing insert size distribution for orientation FR...
[M::mem_pestat] (25, 50, 75) percentile: (105, 127, 159)
[M::mem_pestat] low and high boundaries for computing mean and std.dev: (1, 267)
[M::mem_pestat] mean and std.dev: (133.74, 40.66)
[M::mem_pestat] low and high boundaries for proper pairs: (1, 321)
[M::mem_pestat] skip orientation RF as there are not enough pairs
[M::mem_pestat] skip orientation RR as there are not enough pairs
[M::mem_process_seqs] Processed 401890 reads in 14.292 CPU sec, 3.774 real sec
[M::process] read 402118 sequences (40000073 bp)...
[M::mem_pestat] # candidate unique pairs for (FF, FR, RF, RR): (2, 191967, 5, 4)
[M::mem_pestat] skip orientation FF as there are not enough pairs
[M::mem_pestat] analyzing insert size distribution for orientation FR...
[M::mem_pestat] (25, 50, 75) percentile: (105, 127, 159)
[M::mem_pestat] low and high boundaries for computing mean and std.dev: (1, 267)
[M::mem_pestat] mean and std.dev: (133.65, 40.64)
[M::mem_pestat] low and high boundaries for proper pairs: (1, 321)
[M::mem_pestat] skip orientation RF as there are not enough pairs
[M::mem_pestat] skip orientation RR as there are not enough pairs
[M::mem_process_seqs] Processed 401854 reads in 14.264 CPU sec, 3.833 real sec
[M::process] read 402172 sequences (40000042 bp)...
[M::mem_pestat] # candidate unique pairs for (FF, FR, RF, RR): (0, 191976, 5, 2)
[M::mem_pestat] skip orientation FF as there are not enough pairs
[M::mem_pestat] analyzing insert size distribution for orientation FR...
[M::mem_pestat] (25, 50, 75) percentile: (105, 127, 159)
[M::mem_pestat] low and high boundaries for computing mean and std.dev: (1, 267)
[M::mem_pestat] mean and std.dev: (133.79, 40.73)
[M::mem_pestat] low and high boundaries for proper pairs: (1, 321)
[M::mem_pestat] skip orientation RF as there are not enough pairs
[M::mem_pestat] skip orientation RR as there are not enough pairs
[M::mem_process_seqs] Processed 402118 reads in 14.595 CPU sec, 3.868 real sec
[M::process] read 402080 sequences (40000120 bp)...
[M::mem_pestat] # candidate unique pairs for (FF, FR, RF, RR): (2, 191975, 7, 2)
[M::mem_pestat] skip orientation FF as there are not enough pairs
[M::mem_pestat] analyzing insert size distribution for orientation FR...
[M::mem_pestat] (25, 50, 75) percentile: (105, 127, 159)
[M::mem_pestat] low and high boundaries for computing mean and std.dev: (1, 267)
[M::mem_pestat] mean and std.dev: (133.57, 40.58)
[M::mem_pestat] low and high boundaries for proper pairs: (1, 321)
[M::mem_pestat] skip orientation RF as there are not enough pairs
[M::mem_pestat] skip orientation RR as there are not enough pairs
[M::mem_process_seqs] Processed 402172 reads in 14.786 CPU sec, 3.995 real sec
[M::process] read 402136 sequences (40000143 bp)...
[M::mem_pestat] # candidate unique pairs for (FF, FR, RF, RR): (2, 191838, 9, 4)
[M::mem_pestat] skip orientation FF as there are not enough pairs
[M::mem_pestat] analyzing insert size distribution for orientation FR...
[M::mem_pestat] (25, 50, 75) percentile: (105, 126, 159)
[M::mem_pestat] low and high boundaries for computing mean and std.dev: (1, 267)
[M::mem_pestat] mean and std.dev: (133.47, 40.43)
[M::mem_pestat] low and high boundaries for proper pairs: (1, 321)
[M::mem_pestat] skip orientation RF as there are not enough pairs
[M::mem_pestat] skip orientation RR as there are not enough pairs
[M::mem_process_seqs] Processed 402080 reads in 13.212 CPU sec, 3.754 real sec
[M::process] read 402230 sequences (40000037 bp)...
[M::mem_pestat] # candidate unique pairs for (FF, FR, RF, RR): (2, 191715, 8, 3)
[M::mem_pestat] skip orientation FF as there are not enough pairs
[M::mem_pestat] analyzing insert size distribution for orientation FR...
[M::mem_pestat] (25, 50, 75) percentile: (105, 127, 158)
[M::mem_pestat] low and high boundaries for computing mean and std.dev: (1, 264)
[M::mem_pestat] mean and std.dev: (133.15, 40.24)
[M::mem_pestat] low and high boundaries for proper pairs: (1, 317)
[M::mem_pestat] skip orientation RF as there are not enough pairs
[M::mem_pestat] skip orientation RR as there are not enough pairs
[M::mem_process_seqs] Processed 402136 reads in 14.636 CPU sec, 4.344 real sec
[M::process] read 402232 sequences (40000153 bp)...
[M::mem_pestat] # candidate unique pairs for (FF, FR, RF, RR): (3, 191959, 11, 3)
[M::mem_pestat] skip orientation FF as there are not enough pairs
[M::mem_pestat] analyzing insert size distribution for orientation FR...
[M::mem_pestat] (25, 50, 75) percentile: (105, 126, 158)
[M::mem_pestat] low and high boundaries for computing mean and std.dev: (1, 264)
[M::mem_pestat] mean and std.dev: (133.00, 40.17)
[M::mem_pestat] low and high boundaries for proper pairs: (1, 317)
[M::mem_pestat] analyzing insert size distribution for orientation RF...
[M::mem_pestat] (25, 50, 75) percentile: (4, 6, 73)
[M::mem_pestat] low and high boundaries for computing mean and std.dev: (1, 211)
[M::mem_pestat] mean and std.dev: (23.40, 37.05)
[M::mem_pestat] low and high boundaries for proper pairs: (1, 280)
[M::mem_pestat] skip orientation RR as there are not enough pairs
[M::mem_pestat] skip orientation RF
[M::mem_process_seqs] Processed 402230 reads in 15.069 CPU sec, 4.037 real sec
[M::process] read 402424 sequences (40000198 bp)...
[M::mem_pestat] # candidate unique pairs for (FF, FR, RF, RR): (1, 192030, 10, 5)
[M::mem_pestat] skip orientation FF as there are not enough pairs
[M::mem_pestat] analyzing insert size distribution for orientation FR...
[M::mem_pestat] (25, 50, 75) percentile: (105, 126, 158)
[M::mem_pestat] low and high boundaries for computing mean and std.dev: (1, 264)
[M::mem_pestat] mean and std.dev: (133.00, 40.32)
[M::mem_pestat] low and high boundaries for proper pairs: (1, 317)
[M::mem_pestat] analyzing insert size distribution for orientation RF...
[M::mem_pestat] (25, 50, 75) percentile: (17, 38, 45)
[M::mem_pestat] low and high boundaries for computing mean and std.dev: (1, 101)
[M::mem_pestat] mean and std.dev: (34.89, 21.36)
[M::mem_pestat] low and high boundaries for proper pairs: (1, 129)
[M::mem_pestat] skip orientation RR as there are not enough pairs
[M::mem_pestat] skip orientation RF
[M::mem_process_seqs] Processed 402232 reads in 13.154 CPU sec, 3.610 real sec
[M::mem_pestat] # candidate unique pairs for (FF, FR, RF, RR): (1, 191974, 10, 4)
[M::mem_pestat] skip orientation FF as there are not enough pairs
[M::mem_pestat] analyzing insert size distribution for orientation FR...
[M::mem_pestat] (25, 50, 75) percentile: (105, 126, 158)
[M::mem_pestat] low and high boundaries for computing mean and std.dev: (1, 264)
[M::mem_pestat] mean and std.dev: (133.02, 40.06)
[M::mem_pestat] low and high boundaries for proper pairs: (1, 317)
[M::mem_pestat] analyzing insert size distribution for orientation RF...
[M::mem_pestat] (25, 50, 75) percentile: (17, 33, 60)
[M::mem_pestat] low and high boundaries for computing mean and std.dev: (1, 146)
[M::mem_pestat] mean and std.dev: (32.11, 25.17)
[M::mem_pestat] low and high boundaries for proper pairs: (1, 189)
[M::mem_pestat] skip orientation RR as there are not enough pairs
[M::mem_pestat] skip orientation RF
[M::mem_process_seqs] Processed 402424 reads in 12.667 CPU sec, 4.425 real sec
[M::process] read 402468 sequences (40000060 bp)...
[M::process] read 402856 sequences (40000092 bp)...
[M::mem_pestat] # candidate unique pairs for (FF, FR, RF, RR): (2, 191984, 8, 3)
[M::mem_pestat] skip orientation FF as there are not enough pairs
[M::mem_pestat] analyzing insert size distribution for orientation FR...
[M::mem_pestat] (25, 50, 75) percentile: (105, 126, 158)
[M::mem_pestat] low and high boundaries for computing mean and std.dev: (1, 264)
[M::mem_pestat] mean and std.dev: (132.91, 40.16)
[M::mem_pestat] low and high boundaries for proper pairs: (1, 317)
[M::mem_pestat] skip orientation RF as there are not enough pairs
[M::mem_pestat] skip orientation RR as there are not enough pairs
[M::mem_process_seqs] Processed 402468 reads in 13.490 CPU sec, 3.446 real sec
[M::process] read 402712 sequences (40000128 bp)...
[M::mem_pestat] # candidate unique pairs for (FF, FR, RF, RR): (3, 192244, 13, 2)
[M::mem_pestat] skip orientation FF as there are not enough pairs
[M::mem_pestat] analyzing insert size distribution for orientation FR...
[M::mem_pestat] (25, 50, 75) percentile: (105, 126, 158)
[M::mem_pestat] low and high boundaries for computing mean and std.dev: (1, 264)
[M::mem_pestat] mean and std.dev: (132.87, 39.92)
[M::mem_pestat] low and high boundaries for proper pairs: (1, 317)
[M::mem_pestat] analyzing insert size distribution for orientation RF...
[M::mem_pestat] (25, 50, 75) percentile: (12, 20, 55)
[M::mem_pestat] low and high boundaries for computing mean and std.dev: (1, 141)
[M::mem_pestat] mean and std.dev: (25.50, 20.39)
[M::mem_pestat] low and high boundaries for proper pairs: (1, 184)
[M::mem_pestat] skip orientation RR as there are not enough pairs
[M::mem_pestat] skip orientation RF
[M::mem_process_seqs] Processed 402856 reads in 13.924 CPU sec, 3.620 real sec
[M::process] read 404486 sequences (40000144 bp)...
[M::mem_pestat] # candidate unique pairs for (FF, FR, RF, RR): (3, 192130, 4, 2)
[M::mem_pestat] skip orientation FF as there are not enough pairs
[M::mem_pestat] analyzing insert size distribution for orientation FR...
[M::mem_pestat] (25, 50, 75) percentile: (105, 126, 158)
[M::mem_pestat] low and high boundaries for computing mean and std.dev: (1, 264)
[M::mem_pestat] mean and std.dev: (132.62, 39.93)
[M::mem_pestat] low and high boundaries for proper pairs: (1, 317)
[M::mem_pestat] skip orientation RF as there are not enough pairs
[M::mem_pestat] skip orientation RR as there are not enough pairs
[M::mem_process_seqs] Processed 402712 reads in 14.895 CPU sec, 3.936 real sec
[M::process] read 404306 sequences (40000078 bp)...
[M::mem_pestat] # candidate unique pairs for (FF, FR, RF, RR): (6, 192950, 10, 2)
[M::mem_pestat] skip orientation FF as there are not enough pairs
[M::mem_pestat] analyzing insert size distribution for orientation FR...
[M::mem_pestat] (25, 50, 75) percentile: (105, 126, 158)
[M::mem_pestat] low and high boundaries for computing mean and std.dev: (1, 264)
[M::mem_pestat] mean and std.dev: (132.84, 39.96)
[M::mem_pestat] low and high boundaries for proper pairs: (1, 317)
[M::mem_pestat] analyzing insert size distribution for orientation RF...
[M::mem_pestat] (25, 50, 75) percentile: (17, 36, 154)
[M::mem_pestat] low and high boundaries for computing mean and std.dev: (1, 428)
[M::mem_pestat] mean and std.dev: (106.80, 127.60)
[M::mem_pestat] low and high boundaries for proper pairs: (1, 617)
[M::mem_pestat] skip orientation RR as there are not enough pairs
[M::mem_pestat] skip orientation RF
[M::mem_process_seqs] Processed 404486 reads in 14.774 CPU sec, 3.835 real sec
[M::process] read 403776 sequences (40000070 bp)...
[M::mem_pestat] # candidate unique pairs for (FF, FR, RF, RR): (5, 192817, 13, 2)
[M::mem_pestat] skip orientation FF as there are not enough pairs
[M::mem_pestat] analyzing insert size distribution for orientation FR...
[M::mem_pestat] (25, 50, 75) percentile: (105, 126, 157)
[M::mem_pestat] low and high boundaries for computing mean and std.dev: (1, 261)
[M::mem_pestat] mean and std.dev: (132.68, 39.71)
[M::mem_pestat] low and high boundaries for proper pairs: (1, 313)
[M::mem_pestat] analyzing insert size distribution for orientation RF...
[M::mem_pestat] (25, 50, 75) percentile: (17, 47, 199)
[M::mem_pestat] low and high boundaries for computing mean and std.dev: (1, 563)
[M::mem_pestat] mean and std.dev: (95.00, 123.25)
[M::mem_pestat] low and high boundaries for proper pairs: (1, 745)
[M::mem_pestat] skip orientation RR as there are not enough pairs
[M::mem_pestat] skip orientation RF
[M::mem_process_seqs] Processed 404306 reads in 14.855 CPU sec, 3.936 real sec
[M::process] read 401694 sequences (40000076 bp)...
[M::mem_pestat] # candidate unique pairs for (FF, FR, RF, RR): (3, 192684, 7, 6)
[M::mem_pestat] skip orientation FF as there are not enough pairs
[M::mem_pestat] analyzing insert size distribution for orientation FR...
[M::mem_pestat] (25, 50, 75) percentile: (105, 126, 157)
[M::mem_pestat] low and high boundaries for computing mean and std.dev: (1, 261)
[M::mem_pestat] mean and std.dev: (132.43, 39.45)
[M::mem_pestat] low and high boundaries for proper pairs: (1, 313)
[M::mem_pestat] skip orientation RF as there are not enough pairs
[M::mem_pestat] skip orientation RR as there are not enough pairs
[M::mem_process_seqs] Processed 403776 reads in 14.269 CPU sec, 3.755 real sec
[M::process] read 402168 sequences (40000105 bp)...
[M::mem_pestat] # candidate unique pairs for (FF, FR, RF, RR): (2, 191970, 12, 3)
[M::mem_pestat] skip orientation FF as there are not enough pairs
[M::mem_pestat] analyzing insert size distribution for orientation FR...
[M::mem_pestat] (25, 50, 75) percentile: (105, 127, 159)
[M::mem_pestat] low and high boundaries for computing mean and std.dev: (1, 267)
[M::mem_pestat] mean and std.dev: (133.87, 40.55)
[M::mem_pestat] low and high boundaries for proper pairs: (1, 321)
[M::mem_pestat] analyzing insert size distribution for orientation RF...
[M::mem_pestat] (25, 50, 75) percentile: (32, 74, 144)
[M::mem_pestat] low and high boundaries for computing mean and std.dev: (1, 368)
[M::mem_pestat] mean and std.dev: (57.30, 47.08)
[M::mem_pestat] low and high boundaries for proper pairs: (1, 480)
[M::mem_pestat] skip orientation RR as there are not enough pairs
[M::mem_pestat] skip orientation RF
[M::mem_process_seqs] Processed 401694 reads in 15.072 CPU sec, 3.985 real sec
[M::process] read 401788 sequences (40000022 bp)...
[M::mem_pestat] # candidate unique pairs for (FF, FR, RF, RR): (3, 192113, 8, 4)
[M::mem_pestat] skip orientation FF as there are not enough pairs
[M::mem_pestat] analyzing insert size distribution for orientation FR...
[M::mem_pestat] (25, 50, 75) percentile: (105, 127, 159)
[M::mem_pestat] low and high boundaries for computing mean and std.dev: (1, 267)
[M::mem_pestat] mean and std.dev: (133.70, 40.48)
[M::mem_pestat] low and high boundaries for proper pairs: (1, 321)
[M::mem_pestat] skip orientation RF as there are not enough pairs
[M::mem_pestat] skip orientation RR as there are not enough pairs
[M::mem_process_seqs] Processed 402168 reads in 13.648 CPU sec, 3.628 real sec
[M::process] read 401808 sequences (40000064 bp)...
[M::mem_pestat] # candidate unique pairs for (FF, FR, RF, RR): (1, 191954, 4, 4)
[M::mem_pestat] skip orientation FF as there are not enough pairs
[M::mem_pestat] analyzing insert size distribution for orientation FR...
[M::mem_pestat] (25, 50, 75) percentile: (105, 127, 159)
[M::mem_pestat] low and high boundaries for computing mean and std.dev: (1, 267)
[M::mem_pestat] mean and std.dev: (133.89, 40.42)
[M::mem_pestat] low and high boundaries for proper pairs: (1, 321)
[M::mem_pestat] skip orientation RF as there are not enough pairs
[M::mem_pestat] skip orientation RR as there are not enough pairs
[M::mem_process_seqs] Processed 401788 reads in 14.981 CPU sec, 3.898 real sec
[M::process] read 402140 sequences (40000022 bp)...
[M::mem_pestat] # candidate unique pairs for (FF, FR, RF, RR): (1, 191784, 8, 3)
[M::mem_pestat] skip orientation FF as there are not enough pairs
[M::mem_pestat] analyzing insert size distribution for orientation FR...
[M::mem_pestat] (25, 50, 75) percentile: (105, 127, 159)
[M::mem_pestat] low and high boundaries for computing mean and std.dev: (1, 267)
[M::mem_pestat] mean and std.dev: (133.92, 40.56)
[M::mem_pestat] low and high boundaries for proper pairs: (1, 321)
[M::mem_pestat] skip orientation RF as there are not enough pairs
[M::mem_pestat] skip orientation RR as there are not enough pairs
[M::mem_process_seqs] Processed 401808 reads in 15.148 CPU sec, 4.010 real sec
[M::process] read 402002 sequences (40000166 bp)...
[M::mem_pestat] # candidate unique pairs for (FF, FR, RF, RR): (0, 192041, 9, 0)
[M::mem_pestat] skip orientation FF as there are not enough pairs
[M::mem_pestat] analyzing insert size distribution for orientation FR...
[M::mem_pestat] (25, 50, 75) percentile: (105, 127, 159)
[M::mem_pestat] low and high boundaries for computing mean and std.dev: (1, 267)
[M::mem_pestat] mean and std.dev: (133.75, 40.58)
[M::mem_pestat] low and high boundaries for proper pairs: (1, 321)
[M::mem_pestat] skip orientation RF as there are not enough pairs
[M::mem_pestat] skip orientation RR as there are not enough pairs
[M::mem_process_seqs] Processed 402140 reads in 14.352 CPU sec, 3.740 real sec
[M::process] read 402016 sequences (40000060 bp)...
[M::mem_pestat] # candidate unique pairs for (FF, FR, RF, RR): (2, 191878, 6, 3)
[M::mem_pestat] skip orientation FF as there are not enough pairs
[M::mem_pestat] analyzing insert size distribution for orientation FR...
[M::mem_pestat] (25, 50, 75) percentile: (105, 127, 159)
[M::mem_pestat] low and high boundaries for computing mean and std.dev: (1, 267)
[M::mem_pestat] mean and std.dev: (133.64, 40.56)
[M::mem_pestat] low and high boundaries for proper pairs: (1, 321)
[M::mem_pestat] skip orientation RF as there are not enough pairs
[M::mem_pestat] skip orientation RR as there are not enough pairs
[M::mem_process_seqs] Processed 402002 reads in 13.546 CPU sec, 3.562 real sec
[M::process] read 402030 sequences (40000001 bp)...
[M::mem_pestat] # candidate unique pairs for (FF, FR, RF, RR): (1, 191780, 8, 3)
[M::mem_pestat] skip orientation FF as there are not enough pairs
[M::mem_pestat] analyzing insert size distribution for orientation FR...
[M::mem_pestat] (25, 50, 75) percentile: (105, 127, 159)
[M::mem_pestat] low and high boundaries for computing mean and std.dev: (1, 267)
[M::mem_pestat] mean and std.dev: (133.61, 40.65)
[M::mem_pestat] low and high boundaries for proper pairs: (1, 321)
[M::mem_pestat] skip orientation RF as there are not enough pairs
[M::mem_pestat] skip orientation RR as there are not enough pairs
[M::mem_process_seqs] Processed 402016 reads in 14.104 CPU sec, 3.685 real sec
[M::process] read 402230 sequences (40000088 bp)...
[M::mem_pestat] # candidate unique pairs for (FF, FR, RF, RR): (5, 191973, 12, 5)
[M::mem_pestat] skip orientation FF as there are not enough pairs
[M::mem_pestat] analyzing insert size distribution for orientation FR...
[M::mem_pestat] (25, 50, 75) percentile: (105, 126, 159)
[M::mem_pestat] low and high boundaries for computing mean and std.dev: (1, 267)
[M::mem_pestat] mean and std.dev: (133.40, 40.55)
[M::mem_pestat] low and high boundaries for proper pairs: (1, 321)
[M::mem_pestat] analyzing insert size distribution for orientation RF...
[M::mem_pestat] (25, 50, 75) percentile: (18, 30, 200)
[M::mem_pestat] low and high boundaries for computing mean and std.dev: (1, 564)
[M::mem_pestat] mean and std.dev: (60.73, 83.89)
[M::mem_pestat] low and high boundaries for proper pairs: (1, 746)
[M::mem_pestat] skip orientation RR as there are not enough pairs
[M::mem_pestat] skip orientation RF
[M::mem_process_seqs] Processed 402030 reads in 14.388 CPU sec, 3.738 real sec
[M::process] read 402182 sequences (40000007 bp)...
[M::mem_pestat] # candidate unique pairs for (FF, FR, RF, RR): (4, 191987, 7, 2)
[M::mem_pestat] skip orientation FF as there are not enough pairs
[M::mem_pestat] analyzing insert size distribution for orientation FR...
[M::mem_pestat] (25, 50, 75) percentile: (105, 126, 158)
[M::mem_pestat] low and high boundaries for computing mean and std.dev: (1, 264)
[M::mem_pestat] mean and std.dev: (133.08, 40.17)
[M::mem_pestat] low and high boundaries for proper pairs: (1, 317)
[M::mem_pestat] skip orientation RF as there are not enough pairs
[M::mem_pestat] skip orientation RR as there are not enough pairs
[M::mem_process_seqs] Processed 402230 reads in 13.269 CPU sec, 3.815 real sec
[M::process] read 402262 sequences (40000190 bp)...
[M::mem_pestat] # candidate unique pairs for (FF, FR, RF, RR): (2, 191900, 4, 4)
[M::mem_pestat] skip orientation FF as there are not enough pairs
[M::mem_pestat] analyzing insert size distribution for orientation FR...
[M::mem_pestat] (25, 50, 75) percentile: (105, 126, 158)
[M::mem_pestat] low and high boundaries for computing mean and std.dev: (1, 264)
[M::mem_pestat] mean and std.dev: (133.15, 40.24)
[M::mem_pestat] low and high boundaries for proper pairs: (1, 317)
[M::mem_pestat] skip orientation RF as there are not enough pairs
[M::mem_pestat] skip orientation RR as there are not enough pairs
[M::mem_process_seqs] Processed 402182 reads in 13.547 CPU sec, 3.545 real sec
[M::process] read 402452 sequences (40000029 bp)...
[M::mem_pestat] # candidate unique pairs for (FF, FR, RF, RR): (3, 191946, 9, 5)
[M::mem_pestat] skip orientation FF as there are not enough pairs
[M::mem_pestat] analyzing insert size distribution for orientation FR...
[M::mem_pestat] (25, 50, 75) percentile: (105, 126, 158)
[M::mem_pestat] low and high boundaries for computing mean and std.dev: (1, 264)
[M::mem_pestat] mean and std.dev: (132.98, 40.16)
[M::mem_pestat] low and high boundaries for proper pairs: (1, 317)
[M::mem_pestat] skip orientation RF as there are not enough pairs
[M::mem_pestat] skip orientation RR as there are not enough pairs
[M::mem_process_seqs] Processed 402262 reads in 14.995 CPU sec, 4.094 real sec
[M::process] read 402664 sequences (40000008 bp)...
[M::mem_pestat] # candidate unique pairs for (FF, FR, RF, RR): (2, 192188, 4, 3)
[M::mem_pestat] skip orientation FF as there are not enough pairs
[M::mem_pestat] analyzing insert size distribution for orientation FR...
[M::mem_pestat] (25, 50, 75) percentile: (105, 126, 158)
[M::mem_pestat] low and high boundaries for computing mean and std.dev: (1, 264)
[M::mem_pestat] mean and std.dev: (132.93, 40.08)
[M::mem_pestat] low and high boundaries for proper pairs: (1, 317)
[M::mem_pestat] skip orientation RF as there are not enough pairs
[M::mem_pestat] skip orientation RR as there are not enough pairs
[M::mem_process_seqs] Processed 402452 reads in 15.040 CPU sec, 3.948 real sec
[M::process] read 402696 sequences (40000180 bp)...
[M::mem_pestat] # candidate unique pairs for (FF, FR, RF, RR): (2, 192152, 8, 1)
[M::mem_pestat] skip orientation FF as there are not enough pairs
[M::mem_pestat] analyzing insert size distribution for orientation FR...
[M::mem_pestat] (25, 50, 75) percentile: (105, 126, 158)
[M::mem_pestat] low and high boundaries for computing mean and std.dev: (1, 264)
[M::mem_pestat] mean and std.dev: (132.94, 40.07)
[M::mem_pestat] low and high boundaries for proper pairs: (1, 317)
[M::mem_pestat] skip orientation RF as there are not enough pairs
[M::mem_pestat] skip orientation RR as there are not enough pairs
[M::mem_process_seqs] Processed 402664 reads in 14.537 CPU sec, 3.872 real sec
[M::process] read 402846 sequences (40000162 bp)...
[M::mem_pestat] # candidate unique pairs for (FF, FR, RF, RR): (3, 192011, 7, 0)
[M::mem_pestat] skip orientation FF as there are not enough pairs
[M::mem_pestat] analyzing insert size distribution for orientation FR...
[M::mem_pestat] (25, 50, 75) percentile: (105, 126, 157)
[M::mem_pestat] low and high boundaries for computing mean and std.dev: (1, 261)
[M::mem_pestat] mean and std.dev: (132.37, 39.47)
[M::mem_pestat] low and high boundaries for proper pairs: (1, 313)
[M::mem_pestat] skip orientation RF as there are not enough pairs
[M::mem_pestat] skip orientation RR as there are not enough pairs
[M::mem_process_seqs] Processed 402696 reads in 15.133 CPU sec, 4.016 real sec
[M::process] read 404264 sequences (40000153 bp)...
[M::mem_pestat] # candidate unique pairs for (FF, FR, RF, RR): (2, 192201, 6, 5)
[M::mem_pestat] skip orientation FF as there are not enough pairs
[M::mem_pestat] analyzing insert size distribution for orientation FR...
[M::mem_pestat] (25, 50, 75) percentile: (105, 126, 157)
[M::mem_pestat] low and high boundaries for computing mean and std.dev: (1, 261)
[M::mem_pestat] mean and std.dev: (132.50, 39.69)
[M::mem_pestat] low and high boundaries for proper pairs: (1, 313)
[M::mem_pestat] skip orientation RF as there are not enough pairs
[M::mem_pestat] skip orientation RR as there are not enough pairs
[M::mem_process_seqs] Processed 402846 reads in 15.217 CPU sec, 4.106 real sec
[M::process] read 404052 sequences (40000037 bp)...
[M::mem_pestat] # candidate unique pairs for (FF, FR, RF, RR): (1, 192667, 8, 2)
[M::mem_pestat] skip orientation FF as there are not enough pairs
[M::mem_pestat] analyzing insert size distribution for orientation FR...
[M::mem_pestat] (25, 50, 75) percentile: (105, 126, 157)
[M::mem_pestat] low and high boundaries for computing mean and std.dev: (1, 261)
[M::mem_pestat] mean and std.dev: (132.46, 39.55)
[M::mem_pestat] low and high boundaries for proper pairs: (1, 313)
[M::mem_pestat] skip orientation RF as there are not enough pairs
[M::mem_pestat] skip orientation RR as there are not enough pairs
[M::mem_process_seqs] Processed 404264 reads in 14.103 CPU sec, 3.724 real sec
[M::process] read 402868 sequences (40000127 bp)...
[M::mem_pestat] # candidate unique pairs for (FF, FR, RF, RR): (5, 192582, 4, 2)
[M::mem_pestat] skip orientation FF as there are not enough pairs
[M::mem_pestat] analyzing insert size distribution for orientation FR...
[M::mem_pestat] (25, 50, 75) percentile: (105, 126, 158)
[M::mem_pestat] low and high boundaries for computing mean and std.dev: (1, 264)
[M::mem_pestat] mean and std.dev: (132.89, 39.93)
[M::mem_pestat] low and high boundaries for proper pairs: (1, 317)
[M::mem_pestat] skip orientation RF as there are not enough pairs
[M::mem_pestat] skip orientation RR as there are not enough pairs
[M::mem_process_seqs] Processed 404052 reads in 14.812 CPU sec, 3.966 real sec
[M::process] read 403870 sequences (40000119 bp)...
[M::mem_pestat] # candidate unique pairs for (FF, FR, RF, RR): (1, 192489, 10, 3)
[M::mem_pestat] skip orientation FF as there are not enough pairs
[M::mem_pestat] analyzing insert size distribution for orientation FR...
[M::mem_pestat] (25, 50, 75) percentile: (105, 127, 159)
[M::mem_pestat] low and high boundaries for computing mean and std.dev: (1, 267)
[M::mem_pestat] mean and std.dev: (133.71, 40.61)
[M::mem_pestat] low and high boundaries for proper pairs: (1, 321)
[M::mem_pestat] analyzing insert size distribution for orientation RF...
[M::mem_pestat] (25, 50, 75) percentile: (4, 66, 159)
[M::mem_pestat] low and high boundaries for computing mean and std.dev: (1, 469)
[M::mem_pestat] mean and std.dev: (94.00, 104.01)
[M::mem_pestat] low and high boundaries for proper pairs: (1, 624)
[M::mem_pestat] skip orientation RR as there are not enough pairs
[M::mem_pestat] skip orientation RF
[M::mem_process_seqs] Processed 402868 reads in 16.847 CPU sec, 4.518 real sec
[M::process] read 404980 sequences (40000085 bp)...
[M::mem_pestat] # candidate unique pairs for (FF, FR, RF, RR): (5, 192941, 7, 4)
[M::mem_pestat] skip orientation FF as there are not enough pairs
[M::mem_pestat] analyzing insert size distribution for orientation FR...
[M::mem_pestat] (25, 50, 75) percentile: (105, 127, 159)
[M::mem_pestat] low and high boundaries for computing mean and std.dev: (1, 267)
[M::mem_pestat] mean and std.dev: (134.02, 40.60)
[M::mem_pestat] low and high boundaries for proper pairs: (1, 321)
[M::mem_pestat] skip orientation RF as there are not enough pairs
[M::mem_pestat] skip orientation RR as there are not enough pairs
[M::mem_process_seqs] Processed 403870 reads in 16.230 CPU sec, 4.234 real sec
[M::process] read 403776 sequences (40000105 bp)...
[M::mem_pestat] # candidate unique pairs for (FF, FR, RF, RR): (0, 193521, 17, 11)
[M::mem_pestat] skip orientation FF as there are not enough pairs
[M::mem_pestat] analyzing insert size distribution for orientation FR...
[M::mem_pestat] (25, 50, 75) percentile: (105, 127, 159)
[M::mem_pestat] low and high boundaries for computing mean and std.dev: (1, 267)
[M::mem_pestat] mean and std.dev: (134.09, 40.60)
[M::mem_pestat] low and high boundaries for proper pairs: (1, 321)
[M::mem_pestat] analyzing insert size distribution for orientation RF...
[M::mem_pestat] (25, 50, 75) percentile: (13, 28, 162)
[M::mem_pestat] low and high boundaries for computing mean and std.dev: (1, 460)
[M::mem_pestat] mean and std.dev: (46.73, 55.10)
[M::mem_pestat] low and high boundaries for proper pairs: (1, 609)
[M::mem_pestat] analyzing insert size distribution for orientation RR...
[M::mem_pestat] (25, 50, 75) percentile: (42, 71, 247)
[M::mem_pestat] low and high boundaries for computing mean and std.dev: (1, 657)
[M::mem_pestat] mean and std.dev: (89.00, 81.77)
[M::mem_pestat] low and high boundaries for proper pairs: (1, 862)
[M::mem_pestat] skip orientation RF
[M::mem_pestat] skip orientation RR
[M::mem_process_seqs] Processed 404980 reads in 15.270 CPU sec, 3.990 real sec
[M::process] read 402536 sequences (40000114 bp)...
[M::mem_pestat] # candidate unique pairs for (FF, FR, RF, RR): (3, 192937, 3, 2)
[M::mem_pestat] skip orientation FF as there are not enough pairs
[M::mem_pestat] analyzing insert size distribution for orientation FR...
[M::mem_pestat] (25, 50, 75) percentile: (105, 127, 159)
[M::mem_pestat] low and high boundaries for computing mean and std.dev: (1, 267)
[M::mem_pestat] mean and std.dev: (133.81, 40.47)
[M::mem_pestat] low and high boundaries for proper pairs: (1, 321)
[M::mem_pestat] skip orientation RF as there are not enough pairs
[M::mem_pestat] skip orientation RR as there are not enough pairs
[M::mem_process_seqs] Processed 403776 reads in 14.592 CPU sec, 3.790 real sec
[M::mem_pestat] # candidate unique pairs for (FF, FR, RF, RR): (6, 192168, 14, 5)
[M::mem_pestat] skip orientation FF as there are not enough pairs
[M::mem_pestat] analyzing insert size distribution for orientation FR...
[M::mem_pestat] (25, 50, 75) percentile: (105, 127, 159)
[M::mem_pestat] low and high boundaries for computing mean and std.dev: (1, 267)
[M::mem_pestat] mean and std.dev: (133.87, 40.64)
[M::mem_pestat] low and high boundaries for proper pairs: (1, 321)
[M::mem_pestat] analyzing insert size distribution for orientation RF...
[M::mem_pestat] (25, 50, 75) percentile: (13, 65, 113)
[M::mem_pestat] low and high boundaries for computing mean and std.dev: (1, 313)
[M::mem_pestat] mean and std.dev: (59.77, 51.53)
[M::mem_pestat] low and high boundaries for proper pairs: (1, 413)
[M::mem_pestat] skip orientation RR as there are not enough pairs
[M::mem_pestat] skip orientation RF
[M::mem_process_seqs] Processed 402536 reads in 13.595 CPU sec, 4.762 real sec
[M::process] read 401894 sequences (40000186 bp)...
[M::process] read 402036 sequences (40000099 bp)...
[M::mem_pestat] # candidate unique pairs for (FF, FR, RF, RR): (3, 191602, 8, 4)
[M::mem_pestat] skip orientation FF as there are not enough pairs
[M::mem_pestat] analyzing insert size distribution for orientation FR...
[M::mem_pestat] (25, 50, 75) percentile: (105, 126, 159)
[M::mem_pestat] low and high boundaries for computing mean and std.dev: (1, 267)
[M::mem_pestat] mean and std.dev: (133.62, 40.48)
[M::mem_pestat] low and high boundaries for proper pairs: (1, 321)
[M::mem_pestat] skip orientation RF as there are not enough pairs
[M::mem_pestat] skip orientation RR as there are not enough pairs
[M::mem_process_seqs] Processed 401894 reads in 14.280 CPU sec, 3.677 real sec
[M::process] read 402110 sequences (40000114 bp)...
[M::mem_pestat] # candidate unique pairs for (FF, FR, RF, RR): (0, 191897, 8, 2)
[M::mem_pestat] skip orientation FF as there are not enough pairs
[M::mem_pestat] analyzing insert size distribution for orientation FR...
[M::mem_pestat] (25, 50, 75) percentile: (105, 127, 159)
[M::mem_pestat] low and high boundaries for computing mean and std.dev: (1, 267)
[M::mem_pestat] mean and std.dev: (133.59, 40.62)
[M::mem_pestat] low and high boundaries for proper pairs: (1, 321)
[M::mem_pestat] skip orientation RF as there are not enough pairs
[M::mem_pestat] skip orientation RR as there are not enough pairs
[M::mem_process_seqs] Processed 402036 reads in 14.762 CPU sec, 3.872 real sec
[M::process] read 402040 sequences (40000192 bp)...
[M::mem_pestat] # candidate unique pairs for (FF, FR, RF, RR): (5, 191831, 9, 2)
[M::mem_pestat] skip orientation FF as there are not enough pairs
[M::mem_pestat] analyzing insert size distribution for orientation FR...
[M::mem_pestat] (25, 50, 75) percentile: (105, 127, 159)
[M::mem_pestat] low and high boundaries for computing mean and std.dev: (1, 267)
[M::mem_pestat] mean and std.dev: (133.52, 40.70)
[M::mem_pestat] low and high boundaries for proper pairs: (1, 321)
[M::mem_pestat] skip orientation RF as there are not enough pairs
[M::mem_pestat] skip orientation RR as there are not enough pairs
[M::mem_process_seqs] Processed 402110 reads in 15.337 CPU sec, 4.018 real sec
[M::process] read 402116 sequences (40000090 bp)...
[M::mem_pestat] # candidate unique pairs for (FF, FR, RF, RR): (3, 191850, 9, 2)
[M::mem_pestat] skip orientation FF as there are not enough pairs
[M::mem_pestat] analyzing insert size distribution for orientation FR...
[M::mem_pestat] (25, 50, 75) percentile: (105, 126, 159)
[M::mem_pestat] low and high boundaries for computing mean and std.dev: (1, 267)
[M::mem_pestat] mean and std.dev: (133.45, 40.77)
[M::mem_pestat] low and high boundaries for proper pairs: (1, 321)
[M::mem_pestat] skip orientation RF as there are not enough pairs
[M::mem_pestat] skip orientation RR as there are not enough pairs
[M::mem_process_seqs] Processed 402040 reads in 14.846 CPU sec, 3.926 real sec
[M::process] read 402146 sequences (40000179 bp)...
[M::mem_pestat] # candidate unique pairs for (FF, FR, RF, RR): (5, 192093, 3, 3)
[M::mem_pestat] skip orientation FF as there are not enough pairs
[M::mem_pestat] analyzing insert size distribution for orientation FR...
[M::mem_pestat] (25, 50, 75) percentile: (105, 126, 158)
[M::mem_pestat] low and high boundaries for computing mean and std.dev: (1, 264)
[M::mem_pestat] mean and std.dev: (133.04, 40.23)
[M::mem_pestat] low and high boundaries for proper pairs: (1, 317)
[M::mem_pestat] skip orientation RF as there are not enough pairs
[M::mem_pestat] skip orientation RR as there are not enough pairs
[M::mem_process_seqs] Processed 402116 reads in 15.034 CPU sec, 4.040 real sec
[M::process] read 402326 sequences (40000001 bp)...
[M::mem_pestat] # candidate unique pairs for (FF, FR, RF, RR): (5, 192040, 5, 3)
[M::mem_pestat] skip orientation FF as there are not enough pairs
[M::mem_pestat] analyzing insert size distribution for orientation FR...
[M::mem_pestat] (25, 50, 75) percentile: (105, 126, 158)
[M::mem_pestat] low and high boundaries for computing mean and std.dev: (1, 264)
[M::mem_pestat] mean and std.dev: (133.09, 40.20)
[M::mem_pestat] low and high boundaries for proper pairs: (1, 317)
[M::mem_pestat] skip orientation RF as there are not enough pairs
[M::mem_pestat] skip orientation RR as there are not enough pairs
[M::mem_process_seqs] Processed 402146 reads in 15.210 CPU sec, 4.253 real sec
[M::process] read 402554 sequences (40000105 bp)...
[M::mem_pestat] # candidate unique pairs for (FF, FR, RF, RR): (2, 191818, 5, 1)
[M::mem_pestat] skip orientation FF as there are not enough pairs
[M::mem_pestat] analyzing insert size distribution for orientation FR...
[M::mem_pestat] (25, 50, 75) percentile: (105, 126, 158)
[M::mem_pestat] low and high boundaries for computing mean and std.dev: (1, 264)
[M::mem_pestat] mean and std.dev: (133.03, 40.09)
[M::mem_pestat] low and high boundaries for proper pairs: (1, 317)
[M::mem_pestat] skip orientation RF as there are not enough pairs
[M::mem_pestat] skip orientation RR as there are not enough pairs
[M::mem_process_seqs] Processed 402326 reads in 14.301 CPU sec, 3.744 real sec
[M::process] read 402606 sequences (40000075 bp)...
[M::mem_pestat] # candidate unique pairs for (FF, FR, RF, RR): (2, 192166, 12, 4)
[M::mem_pestat] skip orientation FF as there are not enough pairs
[M::mem_pestat] analyzing insert size distribution for orientation FR...
[M::mem_pestat] (25, 50, 75) percentile: (105, 126, 158)
[M::mem_pestat] low and high boundaries for computing mean and std.dev: (1, 264)
[M::mem_pestat] mean and std.dev: (133.03, 40.06)
[M::mem_pestat] low and high boundaries for proper pairs: (1, 317)
[M::mem_pestat] analyzing insert size distribution for orientation RF...
[M::mem_pestat] (25, 50, 75) percentile: (24, 44, 112)
[M::mem_pestat] low and high boundaries for computing mean and std.dev: (1, 288)
[M::mem_pestat] mean and std.dev: (64.64, 70.74)
[M::mem_pestat] low and high boundaries for proper pairs: (1, 376)
[M::mem_pestat] skip orientation RR as there are not enough pairs
[M::mem_pestat] skip orientation RF
[M::mem_process_seqs] Processed 402554 reads in 15.176 CPU sec, 4.075 real sec
[M::process] read 402786 sequences (40000099 bp)...
[M::mem_pestat] # candidate unique pairs for (FF, FR, RF, RR): (3, 192119, 8, 2)
[M::mem_pestat] skip orientation FF as there are not enough pairs
[M::mem_pestat] analyzing insert size distribution for orientation FR...
[M::mem_pestat] (25, 50, 75) percentile: (105, 126, 158)
[M::mem_pestat] low and high boundaries for computing mean and std.dev: (1, 264)
[M::mem_pestat] mean and std.dev: (133.09, 40.26)
[M::mem_pestat] low and high boundaries for proper pairs: (1, 317)
[M::mem_pestat] skip orientation RF as there are not enough pairs
[M::mem_pestat] skip orientation RR as there are not enough pairs
[M::mem_process_seqs] Processed 402606 reads in 15.842 CPU sec, 4.112 real sec
[M::process] read 404690 sequences (40000139 bp)...
[M::mem_pestat] # candidate unique pairs for (FF, FR, RF, RR): (4, 191932, 5, 2)
[M::mem_pestat] skip orientation FF as there are not enough pairs
[M::mem_pestat] analyzing insert size distribution for orientation FR...
[M::mem_pestat] (25, 50, 75) percentile: (105, 126, 158)
[M::mem_pestat] low and high boundaries for computing mean and std.dev: (1, 264)
[M::mem_pestat] mean and std.dev: (132.76, 40.07)
[M::mem_pestat] low and high boundaries for proper pairs: (1, 317)
[M::mem_pestat] skip orientation RF as there are not enough pairs
[M::mem_pestat] skip orientation RR as there are not enough pairs
[M::mem_process_seqs] Processed 402786 reads in 14.056 CPU sec, 3.655 real sec
[M::process] read 403534 sequences (40000051 bp)...
[M::mem_pestat] # candidate unique pairs for (FF, FR, RF, RR): (4, 193019, 10, 5)
[M::mem_pestat] skip orientation FF as there are not enough pairs
[M::mem_pestat] analyzing insert size distribution for orientation FR...
[M::mem_pestat] (25, 50, 75) percentile: (105, 126, 158)
[M::mem_pestat] low and high boundaries for computing mean and std.dev: (1, 264)
[M::mem_pestat] mean and std.dev: (132.95, 40.04)
[M::mem_pestat] low and high boundaries for proper pairs: (1, 317)
[M::mem_pestat] analyzing insert size distribution for orientation RF...
[M::mem_pestat] (25, 50, 75) percentile: (12, 50, 71)
[M::mem_pestat] low and high boundaries for computing mean and std.dev: (1, 189)
[M::mem_pestat] mean and std.dev: (32.12, 23.60)
[M::mem_pestat] low and high boundaries for proper pairs: (1, 248)
[M::mem_pestat] skip orientation RR as there are not enough pairs
[M::mem_pestat] skip orientation RF
[M::mem_process_seqs] Processed 404690 reads in 14.225 CPU sec, 3.745 real sec
[M::process] read 298440 sequences (29575468 bp)...
[M::mem_pestat] # candidate unique pairs for (FF, FR, RF, RR): (3, 192366, 7, 4)
[M::mem_pestat] skip orientation FF as there are not enough pairs
[M::mem_pestat] analyzing insert size distribution for orientation FR...
[M::mem_pestat] (25, 50, 75) percentile: (105, 126, 158)
[M::mem_pestat] low and high boundaries for computing mean and std.dev: (1, 264)
[M::mem_pestat] mean and std.dev: (132.81, 39.94)
[M::mem_pestat] low and high boundaries for proper pairs: (1, 317)
[M::mem_pestat] skip orientation RF as there are not enough pairs
[M::mem_pestat] skip orientation RR as there are not enough pairs
[M::mem_process_seqs] Processed 403534 reads in 14.130 CPU sec, 3.736 real sec
[M::mem_pestat] # candidate unique pairs for (FF, FR, RF, RR): (1, 142140, 12, 2)
[M::mem_pestat] skip orientation FF as there are not enough pairs
[M::mem_pestat] analyzing insert size distribution for orientation FR...
[M::mem_pestat] (25, 50, 75) percentile: (105, 126, 157)
[M::mem_pestat] low and high boundaries for computing mean and std.dev: (1, 261)
[M::mem_pestat] mean and std.dev: (132.56, 39.76)
[M::mem_pestat] low and high boundaries for proper pairs: (1, 313)
[M::mem_pestat] analyzing insert size distribution for orientation RF...
[M::mem_pestat] (25, 50, 75) percentile: (11, 36, 70)
[M::mem_pestat] low and high boundaries for computing mean and std.dev: (1, 188)
[M::mem_pestat] mean and std.dev: (45.36, 49.88)
[M::mem_pestat] low and high boundaries for proper pairs: (1, 247)
[M::mem_pestat] skip orientation RR as there are not enough pairs
[M::mem_pestat] skip orientation RF
[M::mem_process_seqs] Processed 298440 reads in 10.220 CPU sec, 2.876 real sec
[main] Version: 0.7.19-r1273
[main] CMD: bwa mem -t 4 data/tmp/2_canu_assembly/paper1_e745.contigs.fasta data/1_Zhang_2017/transcriptomics_data/RNA-Seq_Serum/trimmed/trim_paired_ERR1797971_pass_1.fastq.gz data/1_Zhang_2017/transcriptomics_data/RNA-Seq_Serum/trimmed/trim_paired_ERR1797971_pass_2.fastq.gz
[main] Real time: 284.114 sec; CPU: 1022.168 sec
[bam_sort_core] merging from 2 files and 4 in-memory blocks...
+ samtools index data/tmp/7_bwa_rna/Serum_ERR1797971.sorted.bam
