"","baseMean","log2FoldChange","lfcSE","stat","pvalue","padj"
"LPCHMCBP_01607",19.789402743888,20.9103081238556,3.6303973746578,5.75978493974826,8.42211731568483e-09,3.97523937300324e-06
"LPCHMCBP_00934",71.619879736479,-9.80453773657774,2.64323761435758,-3.70929109184937,0.000207840366098516,0.0385413316893167
"LPCHMCBP_01170",73.946035124882,9.70617085295046,2.64656053997128,3.66746602103265,0.000244966091245657,0.0385413316893167
"LPCHMCBP_01716",79.805947550813,-8.29770050110547,2.44102926681304,-3.39926301331847,0.000675677066871469,0.0495857638713203
"LPCHMCBP_01900",47.3316624814028,9.06271447143565,2.65364421758027,3.41519575661107,0.000637361877178762,0.0495857638713203
"LPCHMCBP_02043",46.247849035728,-9.17352360573974,2.66809520901779,-3.43822948099248,0.000585531256035648,0.0495857638713203
"LPCHMCBP_02588",45.2099375778196,8.99689381631816,2.6649280241989,3.37603632616784,0.000735382091311953,0.0495857638713203
"LPCHMCBP_01328",31.9074213597285,-8.63818650366014,2.68282021909944,-3.21981564107928,0.00128273060595069,0.0689788284717678
"LPCHMCBP_01411",54.61138362704,9.26864318771088,2.88506757341439,3.21262603105747,0.00131527427170744,0.0689788284717678
"LPCHMCBP_01517",36.5666938098245,-8.83479241552288,2.87475137444918,-3.07323704374806,0.00211750213520509,0.0908600916197091
"LPCHMCBP_03164",26.2519162637093,-8.35683572752988,2.71540819657533,-3.07756150182853,0.00208701767639338,0.0908600916197091
"LPCHMCBP_00070",25.7433480259533,8.18295257681639,2.71418205946452,3.01488713635916,0.0025707489813944,0.0933379630167812
"LPCHMCBP_02873",25.6044151362638,8.17580355027188,2.69370584566623,3.03515083631924,0.00240415417700241,0.0933379630167812
"LPCHMCBP_00268",22.8608375074846,8.01199280865239,2.71175718717154,2.95453916248644,0.00313136407630271,0.0951653933617296
"LPCHMCBP_01992",48.4523568677111,-9.24077165276674,3.11637707572238,-2.96522899130386,0.00302457702085351,0.0951653933617296
"LPCHMCBP_02870",46.9745927660388,-9.19618268200023,3.12227672424701,-2.94534517411107,0.00322594553768575,0.0951653933617296
"LPCHMCBP_00676",45.0831802912166,8.99336478558359,3.09946921097907,2.90158223018538,0.00371283320508643,0.0959566129391548
"LPCHMCBP_01909",27.1837517018767,-7.4393978741927,2.56416093821839,-2.90129912023451,0.00371618959181664,0.0959566129391548
"LPCHMCBP_02348",49.7434730782511,9.13366352940795,3.16135033434112,2.88916525011188,0.00386266026661852,0.0959566129391548
"LPCHMCBP_02545",40.4056436844331,-8.97869367938452,3.13645793909307,-2.86268582386307,0.00420066859874523,0.0991357789303875
"LPCHMCBP_01816",37.7035055993536,-8.87895928133119,3.12373487930647,-2.84241769048675,0.00447727904548633,0.100632176641407
"LPCHMCBP_02386",16.3109287182428,-7.67026946788909,2.75162117350229,-2.78754559012434,0.00531089809305794,0.113933199422531
"LPCHMCBP_02665",33.3887491945309,-8.70344661707401,3.13848122758336,-2.77313961306555,0.00555182963287756,0.113933199422531
"LPCHMCBP_02133",31.4487432107702,-8.61712399432533,3.13986115238317,-2.74442836040214,0.00606163833141229,0.119212220517775
"LPCHMCBP_00078",29.650912995371,8.38925584547217,3.11018185470014,2.69735219270032,0.00698933052860749,0.11965769178126
"LPCHMCBP_00971",28.4063596312233,-8.47045491418885,3.14209388356365,-2.69579943441473,0.00702199333089768,0.11965769178126
"LPCHMCBP_01725",28.2685154326411,-8.46343441329426,3.14369265435525,-2.692195244204,0.00709833764804086,0.11965769178126
"LPCHMCBP_02197",36.6332142402314,8.69185485209457,3.18554900697918,2.72852649042652,0.0063617980258173,0.11965769178126
"LPCHMCBP_01320",27.6831907255863,-8.43301926447525,3.1688465135473,-2.66122679922263,0.00778564947281536,0.122494218372295
"LPCHMCBP_02590",15.2960131438347,7.43460585461352,2.78317924539811,2.67126375956791,0.00755662429662906,0.122494218372295
"LPCHMCBP_01115",26.1487871955178,8.20801918504684,3.11351804930183,2.63625232135314,0.00838273719895122,0.126751686143209
"LPCHMCBP_02950",24.252037640798,-8.24228710625548,3.13654638261465,-2.62782248397189,0.00859333465377686,0.126751686143209
"LPCHMCBP_00176",23.9846878206757,8.08356492791771,3.1254579307437,2.58636177707061,0.0096995064756859,0.130804773043536
"LPCHMCBP_00994",23.1488439522369,-8.17518419198117,3.13904320824844,-2.60435541967033,0.00920472476188223,0.130804773043536
"LPCHMCBP_01412",26.2610562864811,8.21319107938771,3.16406457677658,2.5957722669981,0.00943785957976736,0.130804773043536
"LPCHMCBP_01079",23.6912969137277,8.06563093937656,3.13829006283606,2.57007184737019,0.0101677425055049,0.133310401738842
"LPCHMCBP_01803",23.4876285695707,8.05015052015996,3.17778901900883,2.53325518843628,0.0113008648172063,0.140368636676878
"LPCHMCBP_02263",38.1649880716177,5.91085804709365,2.32492318978236,2.54238852839134,0.0110097713544903,0.140368636676878
"LPCHMCBP_00985",14.1099999367819,7.31915653883877,2.89998233668015,2.52386245469951,0.0116073334099626,0.140478496653906
"LPCHMCBP_00270",19.2114761596117,-7.90611831265081,3.15358152544319,-2.50702835771456,0.0121750943479831,0.1436661133062
"LPCHMCBP_00218",127.818159345391,7.3975805794561,2.97085870868729,2.4900479305274,0.0127725869009233,0.146957451360638
"LPCHMCBP_00540",19.2350739874003,-7.90764883321194,3.20884793842736,-2.46432644517504,0.0137271024924613,0.146957451360638
"LPCHMCBP_00593",19.61321618913,-7.93601884014062,3.21505902725744,-2.46838977849509,0.0135722442851424,0.146957451360638
"LPCHMCBP_01036",19.07064282022,7.75288812138499,3.15544526036336,2.45698704356298,0.0140107739644676,0.146957451360638
"LPCHMCBP_01497",19.784318727393,7.80583885078252,3.1537954765731,2.47506184493114,0.0133213105798662,0.146957451360638
"LPCHMCBP_02367",17.6703873664396,-7.78558772544249,3.17981489846317,-2.44844054577056,0.0143476106823889,0.147218961784512
"LPCHMCBP_02422",17.1545557919676,-7.74280313564201,3.20819231517947,-2.41344731704741,0.0158024122160298,0.158696565233321
"LPCHMCBP_01342",15.8868507068866,7.48988235946326,3.1529620645282,2.37550665253057,0.0175248764919264,0.172327952170609
"LPCHMCBP_00816",16.0007217202889,7.49838624443649,3.1988801481449,2.3440660159728,0.0190747948291166,0.18006606318686
"LPCHMCBP_01052",21.067817705408,6.92464404010907,2.94488316622051,2.35141553985526,0.0187021349192121,0.18006606318686
"LPCHMCBP_00943",14.7137590384662,7.37916650881093,3.16804690674496,2.32924786975226,0.0198459382853429,0.18014005520542
"LPCHMCBP_02384",15.6079725199791,-7.60610470712839,3.25960461884124,-2.33344395917328,0.0196248563690058,0.18014005520542
"LPCHMCBP_00495",13.9434940956942,7.30167087052331,3.17679723118239,2.29843780989625,0.0215368836337826,0.188248316206396
"LPCHMCBP_00576",13.9626689619353,7.30369542883198,3.17133713944505,2.30303342334333,0.0212769626267553,0.188248316206396
"LPCHMCBP_00351",18.7237458635285,-5.72935457690671,2.52456668234678,-2.2694407784788,0.023241534748162,0.199454625475136
"LPCHMCBP_02569",42.8593322227101,-6.58229572697954,2.91269181191881,-2.25986686955503,0.0238295146700849,0.200848766505001
"LPCHMCBP_01330",1084.28436012771,-4.94794715935072,2.27793817554953,-2.17211652733159,0.029846874663831,0.247153067391723
"LPCHMCBP_02370",16.0644556616364,-5.5075312578698,2.60770767662441,-2.11202018816738,0.0346847177550899,0.282261841041421
"LPCHMCBP_00390",45.0380337096379,-5.84970444782949,2.85906904996364,-2.04601719846671,0.040754678603173,0.326037428825384
"LPCHMCBP_01326",330.834104551968,-5.16444732296787,2.54804597882193,-2.02682658236631,0.0426801509135047,0.33575052051957
"LPCHMCBP_02997",37.1374170220047,-4.77587539958882,2.46854223764088,-1.93469462534009,0.053027780314048,0.410313316528371
"LPCHMCBP_00982",29.2080966783226,-4.5108022415846,2.344048177933,-1.92436413383033,0.0543089568253861,0.413448832606165
"LPCHMCBP_01356",171.301176678614,4.71226137730167,2.54281529703432,1.85316699281996,0.0638584270429797,0.478431389909308
"LPCHMCBP_02239",22.5644008252767,5.01473383112239,2.88427665638224,1.73864522324027,0.0820971866455306,0.605466751510788
"LPCHMCBP_01474",23.5312256550571,-4.08874798376571,2.50628694382125,-1.63139659401159,0.102806663118536,0.746534538337677
"LPCHMCBP_01680",20.0585607150716,4.57755528323708,2.88740363146008,1.58535344118908,0.1128860532555,0.80359122706963
"LPCHMCBP_02400",17.936097406901,4.19788045818962,2.65660900029687,1.58016496131742,0.11406909367302,0.80359122706963
"LPCHMCBP_00806",63.4861609725486,-3.86644396802373,2.61601720529342,-1.47798873807103,0.139410792649113,0.967674913682078
"LPCHMCBP_00037",19.3790434461742,-1.47473832291071,3.06716511887363,-0.48081478034423,0.630648144542471,0.999490753219129
"LPCHMCBP_00052",41.4174557138832,-1.35739033915471,2.62266737023444,-0.517560997082667,0.604764600380003,0.999490753219129
"LPCHMCBP_00079",198.891087845556,1.38316203692619,1.90555259315259,0.725858757137662,0.467925362147653,0.999490753219129
"LPCHMCBP_00085",20.378201708244,0.184246670906588,2.99715156093368,0.061473925212241,0.950981779788084,0.999490753219129
"LPCHMCBP_00138",46.0112218902238,-1.96746783261972,2.32522215972026,-0.846141872678701,0.397473604095799,0.999490753219129
"LPCHMCBP_00139",34.6210079065099,0.366434689340383,2.75638039056945,0.132940537015169,0.8942404075098,0.999490753219129
"LPCHMCBP_00157",235.642253435188,0.754470048086572,1.82959803594921,0.412369292742023,0.68006876680289,0.999490753219129
"LPCHMCBP_00158",47.6808813955988,2.02737797530727,2.1236291051436,0.954676111001115,0.339741514239248,0.999490753219129
"LPCHMCBP_00163",25.4897848279089,-1.73783526426041,2.60664745559021,-0.666693633822037,0.504967846040726,0.999490753219129
"LPCHMCBP_00167",91.0567240331903,0.954124758361355,2.34204368663418,0.40738982103812,0.683721701839453,0.999490753219129
"LPCHMCBP_00171",90.9219965416563,-0.817784875129036,2.30134359511393,-0.355351055298873,0.72232661134066,0.999490753219129
"LPCHMCBP_00174",548.80717869077,-0.106610080671191,1.86483512018268,-0.0571686362603186,0.954410861923245,0.999490753219129
"LPCHMCBP_00175",340.605317060369,1.21598452316809,1.86482905918465,0.652062191533925,0.514361053188639,0.999490753219129
"LPCHMCBP_00193",2363.44259315238,0.417044498990525,1.84062889807272,0.226577176652612,0.820752541155327,0.999490753219129
"LPCHMCBP_00205",22.8662470521461,-2.11960278932921,2.95500286745395,-0.717292972089557,0.473193342756928,0.999490753219129
"LPCHMCBP_00213",48.3346285544201,1.71081135429001,2.44768887614024,0.698949679008136,0.484583479235933,0.999490753219129
"LPCHMCBP_00215",29.7036916625117,-0.283087702893943,3.00841362412188,-0.0940986640347946,0.925030781619791,0.999490753219129
"LPCHMCBP_00216",148.792682088432,1.57884811794908,1.94700724796552,0.810910241653625,0.417417218346252,0.999490753219129
"LPCHMCBP_00247",39.3504084513823,-1.00003686040969,2.63808381035793,-0.379076986289532,0.704630695465431,0.999490753219129
"LPCHMCBP_00260",34.88473439181,0.729689963766081,3.00441949715468,0.242872196927602,0.808104404421638,0.999490753219129
"LPCHMCBP_00271",42.7456400888683,-0.186067834751567,2.69201933178285,-0.069118312990843,0.944895444228983,0.999490753219129
"LPCHMCBP_00276",23.0320564406165,-1.86457492489255,2.61721890765849,-0.71242604867191,0.476200989922933,0.999490753219129
"LPCHMCBP_00280",44.0987287021617,-2.1667708762266,2.63357679773057,-0.822748316317858,0.410651133082722,0.999490753219129
"LPCHMCBP_00297",355.334434023278,0.429344641197176,1.82313759830038,0.235497661612285,0.813822493589145,0.999490753219129
"LPCHMCBP_00301",62.1139640113405,-0.515491372656407,2.69148333239314,-0.191526867899292,0.848112832609307,0.999490753219129
"LPCHMCBP_00308",15.8777813020504,-1.65282637406341,2.66629924983674,-0.61989530026107,0.53532672012468,0.999490753219129
"LPCHMCBP_00316",176.311771923279,0.0889408209736827,1.95528310144516,0.0454874390864146,0.96371878669315,0.999490753219129
"LPCHMCBP_00317",24.6077322783416,1.23330577726368,3.00405325242628,0.410547241886468,0.681404556018559,0.999490753219129
"LPCHMCBP_00329",235.610573273684,-0.294361252713445,2.03752439962481,-0.144470050404132,0.885129304639723,0.999490753219129
"LPCHMCBP_00332",124.630901734213,-0.235777206943783,2.37338579064214,-0.0993421330292838,0.920866626528165,0.999490753219129
"LPCHMCBP_00336",203.671733897358,-0.462854385134448,1.88559718864147,-0.245468325855918,0.806093830354521,0.999490753219129
"LPCHMCBP_00337",90.7500659150974,-2.55170369324093,3.03067584198613,-0.841958634404359,0.399811108054644,0.999490753219129
"LPCHMCBP_00338",242.045678664816,-0.402771479880116,1.84934456194028,-0.217791474973999,0.827591587122495,0.999490753219129
"LPCHMCBP_00342",53.9786507924546,0.284565765903027,2.6761166765366,0.106335335973209,0.915316296459299,0.999490753219129
"LPCHMCBP_00344",165.716983456556,-1.59530716777492,2.2519640908135,-0.708407018692126,0.478692535080656,0.999490753219129
"LPCHMCBP_00348",34.7645261369618,-2.59505510934491,2.55401726460105,-1.01606795901995,0.30959702564625,0.999490753219129
"LPCHMCBP_00354",55.35783377949,-0.652450845718749,1.93191716865358,-0.337721956357718,0.735572727161313,0.999490753219129
"LPCHMCBP_00356",214.370069997222,0.489050563213941,1.83913578660219,0.26591324402287,0.790306024951066,0.999490753219129
"LPCHMCBP_00359",57.9388636106542,-2.1358585757468,2.64330659551404,-0.808025288996582,0.419076024212846,0.999490753219129
"LPCHMCBP_00361",114.845545066788,0.0295829383763491,2.28464457014526,0.0129485954896118,0.989668804274156,0.999490753219129
"LPCHMCBP_00362",17.9708878478645,1.71712628025474,3.00359908860354,0.571689572942667,0.567532299740388,0.999490753219129
"LPCHMCBP_00367",201.175079780306,-0.141227137388984,1.93134291556247,-0.0731238022264182,0.941707600921224,0.999490753219129
"LPCHMCBP_00368",670.054599257597,-0.0671144972139941,1.84076096930035,-0.0364601913737358,0.970915420271162,0.999490753219129
"LPCHMCBP_00373",145.066367984721,-1.23567797864109,1.92777212878905,-0.64098757326536,0.521530756745587,0.999490753219129
"LPCHMCBP_00377",34.4643524998367,0.506790159492361,2.78278003504241,0.182116499727093,0.855491300351469,0.999490753219129
"LPCHMCBP_00387",25.3163651485651,2.66669218548478,2.9255299444302,0.911524488259567,0.362019088861596,0.999490753219129
"LPCHMCBP_00434",49.1988442217425,-0.966066117035535,2.65958542802146,-0.363239363119167,0.716426085301808,0.999490753219129
"LPCHMCBP_00437",6418.31419342859,2.59042573011971,1.83764826467291,1.40964175784792,0.158645490295913,0.999490753219129
"LPCHMCBP_00438",23.8274109219893,2.04331145144453,2.71091163742284,0.753735910546695,0.451007814254679,0.999490753219129
"LPCHMCBP_00439",36.0796288412074,-2.33542532269039,2.58373071213915,-0.903896567749051,0.366050249306594,0.999490753219129
"LPCHMCBP_00456",160.213373758825,-0.729692242689964,1.90475524554219,-0.383089766728669,0.701653206901772,0.999490753219129
"LPCHMCBP_00458",71.8293573457761,-0.408904630932808,2.09046426761472,-0.195604697610727,0.844919583149595,0.999490753219129
"LPCHMCBP_00467",129.373775250935,0.074177923079112,1.96772432454256,0.0376973146867797,0.969929017046156,0.999490753219129
"LPCHMCBP_00468",282.35956981574,-0.0140254716907731,1.85183765330922,-0.00757381278305345,0.993957029487503,0.999490753219129
"LPCHMCBP_00476",88.9205158762978,-1.20010324020923,2.37999917712867,-0.504245233251333,0.614089057770739,0.999490753219129
"LPCHMCBP_00488",465.610620732843,0.169271659642427,1.86682088782313,0.0906737549095093,0.927751825253347,0.999490753219129
"LPCHMCBP_00494",15.6261607723465,0.986775588913677,2.64358595436356,0.373271611344766,0.708946302925365,0.999490753219129
"LPCHMCBP_00505",116.097468998257,0.401104449752922,1.93912533049067,0.206848130673136,0.836128466069822,0.999490753219129
"LPCHMCBP_00509",31.7171198349645,0.341030418809553,2.13897680943357,0.159436239469965,0.873325189095827,0.999490753219129
"LPCHMCBP_00513",44.2748060629008,2.00219322007095,2.70838412698585,0.739257478332361,0.459750664324601,0.999490753219129
"LPCHMCBP_00515",61.381014423607,1.77045591659209,2.14826082687911,0.824134525212249,0.409863124784367,0.999490753219129
"LPCHMCBP_00517",42.9262866299759,1.55370196209156,3.050281355521,0.50936349175769,0.610497461486914,0.999490753219129
"LPCHMCBP_00524",65.9893964897097,-0.488340805844533,2.29173148171617,-0.213088143065887,0.831258212732998,0.999490753219129
"LPCHMCBP_00526",170.765311450661,0.413824297996903,1.90669138225713,0.217037902330591,0.828178807084982,0.999490753219129
"LPCHMCBP_00528",121.992714539334,-1.98906642745639,2.26640542970329,-0.87763045454616,0.380144296599433,0.999490753219129
"LPCHMCBP_00532",34.6006494465075,0.942040059531682,2.44635155366691,0.385079592554729,0.700178447149864,0.999490753219129
"LPCHMCBP_00545",213.463927239977,-0.434870949530896,1.88589512568833,-0.230591268627503,0.81763235145525,0.999490753219129
"LPCHMCBP_00546",341.108857897255,-0.211635957177968,1.84470073708246,-0.114726444741756,0.908661952449969,0.999490753219129
"LPCHMCBP_00550",54.946501152668,-1.79742144884408,2.30103048248871,-0.78113760878998,0.434721564333552,0.999490753219129
"LPCHMCBP_00554",276.401126526989,-1.16166423728322,1.87720396915304,-0.618826859719109,0.53603042564333,0.999490753219129
"LPCHMCBP_00561",256.015153920273,0.116580181495129,2.03241077437095,0.0573605409719462,0.954257994965712,0.999490753219129
"LPCHMCBP_00565",26.3782679586397,-1.3976139616151,2.99400415074226,-0.466804283243433,0.640639911103341,0.999490753219129
"LPCHMCBP_00589",47.5360341381616,-1.37561700944251,2.63753341220629,-0.521554344326509,0.601980658507516,0.999490753219129
"LPCHMCBP_00591",618.911079476123,-0.730525866442463,1.83360332737324,-0.398409980793933,0.690328001975323,0.999490753219129
"LPCHMCBP_00595",128.474336205809,-0.24451264439005,1.85068978024752,-0.13211973557089,0.8948895860214,0.999490753219129
"LPCHMCBP_00597",61.0493420075761,2.091881352491,3.04055140590193,0.687994075163639,0.491456512425771,0.999490753219129
"LPCHMCBP_00612",18.575128107617,-0.835327080579033,3.01173510716616,-0.277357420508678,0.781505673019928,0.999490753219129
"LPCHMCBP_00614",312.96217332411,-0.2357298118774,1.83729435021271,-0.128302692407511,0.897909434484487,0.999490753219129
"LPCHMCBP_00619",48.3971343855788,0.729717034936611,2.66705514407111,0.273604029732486,0.784388936854494,0.999490753219129
"LPCHMCBP_00647",18.2033423283212,2.20559645522366,3.39269519282443,0.650101565235954,0.515626618249515,0.999490753219129
"LPCHMCBP_00666",58.4630480605802,0.303652989290648,2.67073824872931,0.113696274591911,0.909478565817081,0.999490753219129
"LPCHMCBP_00667",22.6689348574678,1.3352118607045,2.97512893409134,0.448791259230686,0.653582244719684,0.999490753219129
"LPCHMCBP_00680",33.9203664100822,-1.77043912143848,2.62220063646433,-0.675173019493147,0.499565846132257,0.999490753219129
"LPCHMCBP_00684",26.7769242540284,-0.0371606007965468,2.26027676512035,-0.0164407303432897,0.986882786018702,0.999490753219129
"LPCHMCBP_00686",86.293795077427,0.222757269969512,1.88607889374001,0.118106019164338,0.905983654232182,0.999490753219129
"LPCHMCBP_00692",787.179926664013,-0.12596513665812,1.821854405812,-0.0691411653182998,0.944877254225989,0.999490753219129
"LPCHMCBP_00693",89.5112591874272,-0.681340931932193,2.28765155595103,-0.297834226615401,0.765829690284488,0.999490753219129
"LPCHMCBP_00739",90.2557538539203,2.88815264164037,2.61260930411486,1.10546672136991,0.268957406639911,0.999490753219129
"LPCHMCBP_00759",283.91540778774,0.362813429971378,1.89917935783127,0.191036948919708,0.848496645159599,0.999490753219129
"LPCHMCBP_00762",169.693124623023,-0.040650670639407,2.31266511736055,-0.0175774133203521,0.985975975453089,0.999490753219129
"LPCHMCBP_00764",14.835432087004,-2.42820603754319,2.6606182819219,-0.912647279785351,0.361428079648859,0.999490753219129
"LPCHMCBP_00766",52.0791167096285,-1.68518064740188,2.63027936538553,-0.640685042653209,0.521727334004242,0.999490753219129
"LPCHMCBP_00769",32.2020498469095,-2.30184396681927,2.3361195633195,-0.985327978482608,0.324462993948129,0.999490753219129
"LPCHMCBP_00774",31.6604557626971,-1.25315343722614,2.62822802292195,-0.47680544697676,0.633500666651925,0.999490753219129
"LPCHMCBP_00775",485.184107663378,0.0554384872873369,1.95196059880065,0.0284014376731785,0.977341977567722,0.999490753219129
"LPCHMCBP_00777",14.5970649440497,-1.74914539859926,2.69229638302795,-0.649685305683932,0.515895517531557,0.999490753219129
"LPCHMCBP_00778",42.0008690060804,-0.543029952045557,2.6391659398887,-0.205758169214801,0.836979818109258,0.999490753219129
"LPCHMCBP_00787",909.145657190338,-1.40759530387526,1.83613200906427,-0.766608989400819,0.44331402913296,0.999490753219129
"LPCHMCBP_00789",31.6902174866741,-1.18920907401376,2.61824141112975,-0.454201460934279,0.649683831629303,0.999490753219129
"LPCHMCBP_00794",248.886441152321,-0.224505580197117,1.97265111875871,-0.113809065405537,0.909389152135514,0.999490753219129
"LPCHMCBP_00820",132.05094317133,-0.729778043686764,2.32571087000624,-0.313787088970696,0.753682751002619,0.999490753219129
"LPCHMCBP_00824",51.8422349578742,-2.63307628451132,2.6476951458554,-0.994478646317361,0.3199898962886,0.999490753219129
"LPCHMCBP_00825",28.2453052170731,-0.108361794394918,2.63893765851174,-0.0410626579394188,0.967245944127375,0.999490753219129
"LPCHMCBP_00835",113.442577074185,-0.346418910046436,1.9775965979555,-0.175171675762678,0.860944739661126,0.999490753219129
"LPCHMCBP_00845",73.2202924597391,-2.11253807691161,2.04091426891534,-1.03509398169593,0.300625022906813,0.999490753219129
"LPCHMCBP_00852",89.6270541118125,-0.675788827979713,2.32649623255262,-0.290474929004394,0.771452928107257,0.999490753219129
"LPCHMCBP_00854",128.369916355713,-1.15779400787886,2.26430402588133,-0.511324448768849,0.609123888080452,0.999490753219129
"LPCHMCBP_00857",15.6474074664324,-0.906518848142737,3.02326225298087,-0.299847903452282,0.764293173808668,0.999490753219129
"LPCHMCBP_00862",57.0257717847775,-3.36921011368627,2.59491239541105,-1.29839069698249,0.194153114285924,0.999490753219129
"LPCHMCBP_00866",103.411586164108,1.05906917711053,2.30811239726498,0.458846448884154,0.646344436628598,0.999490753219129
"LPCHMCBP_00869",356.788303350287,-0.0176147533691091,1.83409471599879,-0.0096040587301494,0.992337187618694,0.999490753219129
"LPCHMCBP_00871",91.5177728721446,-0.0433694355575627,2.31097222060278,-0.0187667489772986,0.985027179621474,0.999490753219129
"LPCHMCBP_00881",134.196678461714,0.0739857122411509,1.85910195411797,0.0397964791964584,0.968255383203683,0.999490753219129
"LPCHMCBP_00886",17.7099783272576,0.0295998189597361,2.64174034711761,0.0112046662693524,0.991060156833219,0.999490753219129
"LPCHMCBP_00887",17.1175799587444,1.44361287453727,2.61748725115376,0.551526229555057,0.581272991130396,0.999490753219129
"LPCHMCBP_00889",96.8334681162226,4.00026581835991,3.03539912485174,1.31787144089504,0.187546687490242,0.999490753219129
"LPCHMCBP_00891",39.2642918049397,-1.33691945649612,2.34278018801141,-0.570655097451082,0.568233462123315,0.999490753219129
"LPCHMCBP_00903",44.9864396706696,1.02029641059247,2.32499227595018,0.438838623743596,0.660778471792824,0.999490753219129
"LPCHMCBP_00908",29.4573548256092,-1.15806784534573,3.0352605354145,-0.381538201361544,0.702803930437567,0.999490753219129
"LPCHMCBP_00919",80.0580974159977,-0.693828535006825,2.68743937592304,-0.258174581061394,0.796272174460632,0.999490753219129
"LPCHMCBP_00931",33.2951682007364,-3.22582144551845,2.93031809659133,-1.10084343719232,0.270964803101283,0.999490753219129
"LPCHMCBP_00932",1502.67464656887,0.616992954603816,1.81611050161002,0.339733157237314,0.734057489474729,0.999490753219129
"LPCHMCBP_00935",61.7694269638232,-0.87183350081549,2.09088949325382,-0.41696775636801,0.676701992255293,0.999490753219129
"LPCHMCBP_00938",160.638815468305,-0.128676486161294,1.88275960448257,-0.0683446181099989,0.945511307022191,0.999490753219129
"LPCHMCBP_00949",78.5547187067188,0.138897401492251,1.86101875275478,0.0746351434055395,0.940505011697034,0.999490753219129
"LPCHMCBP_00961",59.0026117295139,-0.0512477411236657,2.68473283998675,-0.0190885813144516,0.984770440562939,0.999490753219129
"LPCHMCBP_00962",33.9917775413847,-0.807680933607733,2.66935906512821,-0.302574855574531,0.762213879077157,0.999490753219129
"LPCHMCBP_00963",18.7649459457861,-0.495930160319295,3.02049062233067,-0.164188611165634,0.869582666412714,0.999490753219129
"LPCHMCBP_00970",373.927721431463,0.0511621806244877,2.09429524626217,0.0244293065726049,0.980510172032928,0.999490753219129
"LPCHMCBP_00975",49.5378158985906,-0.985603044769213,2.62825106196837,-0.375003384962419,0.707657949225114,0.999490753219129
"LPCHMCBP_00978",87.8655381509862,-1.71562360001182,2.26775232510041,-0.756530411642662,0.449331245907391,0.999490753219129
"LPCHMCBP_00980",46.9132149410853,-0.167764429103629,2.46617610825583,-0.068026135093117,0.945764829673105,0.999490753219129
"LPCHMCBP_00990",14.9695846620301,-2.34055672976406,2.9826528402471,-0.784723149198335,0.432615907075345,0.999490753219129
"LPCHMCBP_00991",21.075744391779,-0.580119003292006,2.42899083621709,-0.238831285257331,0.811236409981574,0.999490753219129
"LPCHMCBP_00992",813.604269109714,-0.186998407128571,1.82995672059992,-0.10218733865316,0.918607977435441,0.999490753219129
"LPCHMCBP_00995",32.2598628017809,0.570389028715857,3.04928145346833,0.187056864845022,0.851616048004898,0.999490753219129
"LPCHMCBP_00996",30.2997826389704,-0.743684569423779,2.62266126950714,-0.283561044680213,0.776746793981216,0.999490753219129
"LPCHMCBP_00997",36.1167682968382,1.12112333654048,2.20639976194129,0.508123394445106,0.611366809732438,0.999490753219129
"LPCHMCBP_01005",27.7761784768246,1.96073940758585,2.62040992033063,0.748256748828998,0.45430530723361,0.999490753219129
"LPCHMCBP_01013",780.341188334913,-0.00998026501402353,1.81919555901455,-0.00548608694901926,0.995622757881252,0.999490753219129
"LPCHMCBP_01014",35.5964514751808,-0.871822577226202,3.01936795825542,-0.288743402354292,0.772777746349769,0.999490753219129
"LPCHMCBP_01022",35.3260786957325,-0.276501681401873,2.63780358744397,-0.104822695183989,0.91651650110362,0.999490753219129
"LPCHMCBP_01027",49.2084707924064,0.893131228566003,2.78672228299197,0.320495240597528,0.748592937706549,0.999490753219129
"LPCHMCBP_01032",20.9742748483953,-2.41079017448895,2.9445092205454,-0.818740915351051,0.412934247446623,0.999490753219129
"LPCHMCBP_01041",60.2940091579704,1.10064266972118,2.70010913935991,0.407628956058459,0.683546102481382,0.999490753219129
"LPCHMCBP_01045",22.5152992949927,2.00981124648211,2.61863063978523,0.767504670550616,0.442781517345492,0.999490753219129
"LPCHMCBP_01055",49.6029861788577,-0.230559431925933,2.13898917412575,-0.107788966262612,0.914163095540395,0.999490753219129
"LPCHMCBP_01068",52.8126210732965,-2.50736776732349,2.98255017168513,-0.840679158100078,0.400527699610189,0.999490753219129
"LPCHMCBP_01076",61.4960966638617,-1.23831829374842,2.33245915850872,-0.530906742452953,0.595483405234342,0.999490753219129
"LPCHMCBP_01081",38.648947171576,-0.0375139355926267,2.62937768016229,-0.0142672297995286,0.988616783801746,0.999490753219129
"LPCHMCBP_01084",14.339625087115,1.05598177049041,2.51470694260763,0.41992239835128,0.674542144591514,0.999490753219129
"LPCHMCBP_01088",20.5502665134581,0.937721655840163,3.41177986529915,0.274848229622793,0.783432842556245,0.999490753219129
"LPCHMCBP_01091",49.3610904957046,2.3521904585969,2.98815160844826,0.787172395117656,0.431180954513567,0.999490753219129
"LPCHMCBP_01093",42.9358120434492,-1.14911622650139,2.63184055464586,-0.436620761266452,0.662386403539463,0.999490753219129
"LPCHMCBP_01101",36.8543478197636,-0.275752385313139,2.30069014491365,-0.119856376975739,0.904596921414603,0.999490753219129
"LPCHMCBP_01108",144.570852767586,-1.24147014655156,1.95345903756717,-0.635524023118336,0.525086703936492,0.999490753219129
"LPCHMCBP_01109",107.655261308004,0.269584758485116,1.933817681227,0.139405467796771,0.889129751874161,0.999490753219129
"LPCHMCBP_01111",35.6506914593183,-1.22839174231913,3.01236946666774,-0.407782563165458,0.683433316196641,0.999490753219129
"LPCHMCBP_01117",83.8167948966172,-0.922310227025153,2.26989240374384,-0.406323324182213,0.684505049855613,0.999490753219129
"LPCHMCBP_01122",108.33507099463,-0.198606445390338,2.27082901757376,-0.0874598852900588,0.930305970104023,0.999490753219129
"LPCHMCBP_01129",56.8707380194683,-0.381582901088897,3.05099534907558,-0.125068332603166,0.900469453331693,0.999490753219129
"LPCHMCBP_01160",466.51622008971,0.497018157438921,1.84085915607282,0.269992495514557,0.787166027000455,0.999490753219129
"LPCHMCBP_01163",13.9888751385903,0.171533622900125,3.01707719309891,0.0568542373700221,0.954661308597902,0.999490753219129
"LPCHMCBP_01164",680.253530394354,-1.23507157418526,1.8184697507169,-0.679181808604929,0.497022672180264,0.999490753219129
"LPCHMCBP_01165",24.042353915668,-1.13974353290057,2.99137140010145,-0.381010372988761,0.703195551531694,0.999490753219129
"LPCHMCBP_01176",219.717739160716,-0.607399001372134,1.89984572382633,-0.319709644712003,0.749188447811224,0.999490753219129
"LPCHMCBP_01183",41.9334153287105,-2.57922680404607,2.69210324474967,-0.958071280912522,0.338026816035737,0.999490753219129
"LPCHMCBP_01185",155.093406238451,0.998026156287691,2.32551634136992,0.429163252277889,0.667804423686975,0.999490753219129
"LPCHMCBP_01190",28.2503992565655,-2.40314913314187,2.95230486485567,-0.813990845508213,0.415650195355356,0.999490753219129
"LPCHMCBP_01200",64.9342112500056,-0.420950070181919,2.59161447259707,-0.16242773554204,0.870969031033876,0.999490753219129
"LPCHMCBP_01201",46.5664614332295,-0.578852959177114,2.30896967331583,-0.250697514942171,0.80204798212802,0.999490753219129
"LPCHMCBP_01205",65.5398111688688,-0.890051840653828,2.64708494722403,-0.336238488147958,0.73669103139658,0.999490753219129
"LPCHMCBP_01208",93.3235022408246,-0.963392078665115,1.85710146004317,-0.518761144392575,0.603927316863658,0.999490753219129
"LPCHMCBP_01211",18.6832221629403,2.30487778793779,2.95132644225261,0.780963350898786,0.434824050215917,0.999490753219129
"LPCHMCBP_01213",39.6959157421875,-1.29119855832134,3.00380948448623,-0.42985367913311,0.667302082317643,0.999490753219129
"LPCHMCBP_01220",95.8713484271047,1.91447029876304,2.25958208391043,0.847267427191607,0.396846077945535,0.999490753219129
"LPCHMCBP_01226",57.0542885868517,2.1935765804269,3.03633726789819,0.722441674585558,0.470022972523344,0.999490753219129
"LPCHMCBP_01227",88.0903600263243,-0.880037676849424,1.86485881513041,-0.471905792389909,0.636994033399571,0.999490753219129
"LPCHMCBP_01234",150.945594879789,-0.677800900219997,2.7017954626049,-0.250870545013983,0.801914197970535,0.999490753219129
"LPCHMCBP_01238",26.5933399073638,-2.5129522471772,2.64344818523783,-0.95063419862384,0.34179010188642,0.999490753219129
"LPCHMCBP_01244",126.850746682218,-1.55670192782194,2.09444350522532,-0.74325324313509,0.457328373791983,0.999490753219129
"LPCHMCBP_01247",109.612264601245,-1.41417509579043,1.96221541311883,-0.720703285855183,0.47109209033367,0.999490753219129
"LPCHMCBP_01254",17.5762064627342,-0.960849881728613,2.65289448225413,-0.362189257113683,0.717210606950823,0.999490753219129
"LPCHMCBP_01259",111.853767425957,-0.434199332646802,1.9103428318232,-0.227288696779315,0.820199261791153,0.999490753219129
"LPCHMCBP_01262",77.2166050874705,1.70697639860538,2.01467331749795,0.847272053379503,0.39684349995864,0.999490753219129
"LPCHMCBP_01267",23.3065480214275,-0.965055499541746,2.99945546187257,-0.321743567060422,0.747646969597668,0.999490753219129
"LPCHMCBP_01277",263.504220749248,-0.0180419304913208,1.88558614062167,-0.00956834063564577,0.992365685225411,0.999490753219129
"LPCHMCBP_01283",66.3614527156126,1.43146791460851,2.29230818250227,0.624465735251152,0.532321766305796,0.999490753219129
"LPCHMCBP_01287",109.643748500627,0.834783846185607,2.31424914388606,0.360714769363097,0.718312682683602,0.999490753219129
"LPCHMCBP_01292",119.837821936114,0.986811283859647,2.31821786265494,0.425676680245014,0.670343456808081,0.999490753219129
"LPCHMCBP_01299",16.6130721138307,-0.269780770330299,2.68016959286288,-0.100658096804287,0.919821876269053,0.999490753219129
"LPCHMCBP_01304",54.8974118383379,-0.196071640981317,1.86308029693022,-0.105240574603457,0.916184915589094,0.999490753219129
"LPCHMCBP_01314",17.5231100972959,3.75971357494959,3.00464666511069,1.25129973470977,0.210825142235195,0.999490753219129
"LPCHMCBP_01316",69.2483121833259,-0.982764568625129,2.23923243973677,-0.438884570974086,0.660745176951453,0.999490753219129
"LPCHMCBP_01367",33.2771510074728,-0.00144432186089919,2.26295399144117,-0.000638246233180981,0.999490753219129,0.999490753219129
"LPCHMCBP_01377",58.7692419344397,3.64699034539743,2.93298389925895,1.24344028834215,0.213705631814861,0.999490753219129
"LPCHMCBP_01380",126.464255852206,0.462340473194813,2.29514857248183,0.201442502998779,0.840352583717382,0.999490753219129
"LPCHMCBP_01394",189.175523237681,-0.28142224167779,1.90879212105578,-0.147434725119324,0.882788898314807,0.999490753219129
"LPCHMCBP_01410",121.959715864147,1.00225957301832,2.28613229407195,0.43840838765859,0.661090267267874,0.999490753219129
"LPCHMCBP_01414",548.882541264871,0.593629370660338,1.82911667748839,0.324544288489824,0.745525997769898,0.999490753219129
"LPCHMCBP_01422",86.6743309984062,1.18383338163333,2.42180244248198,0.488823266864031,0.624966824232142,0.999490753219129
"LPCHMCBP_01426",137.183791811777,1.74840972189962,1.85297380806051,0.943569582200227,0.345389642247866,0.999490753219129
"LPCHMCBP_01445",31.3355518515861,1.82278554629605,2.72747224113286,0.668305810342162,0.503938405191807,0.999490753219129
"LPCHMCBP_01452",122.092673567566,0.0338508419585229,2.40346909978928,0.0140841594183552,0.988762838156649,0.999490753219129
"LPCHMCBP_01453",24.7326871721959,-0.991814771659294,2.3221398815147,-0.427112414525324,0.669297451088165,0.999490753219129
"LPCHMCBP_01462",54.2654427093602,-0.23974265648154,1.96317485470349,-0.122119869204289,0.902804086302187,0.999490753219129
"LPCHMCBP_01468",33.6169448625348,1.22889771530208,3.00608311285471,0.408803638877124,0.682683769250028,0.999490753219129
"LPCHMCBP_01472",69.8045984166096,1.21652306300395,1.91855350672508,0.63408346899875,0.526026350512455,0.999490753219129
"LPCHMCBP_01480",169.015979555348,1.73082006266118,1.90747094061776,0.907390003069,0.364200594075489,0.999490753219129
"LPCHMCBP_01488",23.2085914484871,-2.10238345114654,2.96282610508609,-0.709587190263215,0.477960165500454,0.999490753219129
"LPCHMCBP_01489",16.1450330084761,-0.21931312222664,3.03847840848918,-0.0721786015045896,0.942459774274796,0.999490753219129
"LPCHMCBP_01492",17.1424130658307,3.08782016874251,2.96660850021239,1.04085866689907,0.297941147286111,0.999490753219129
"LPCHMCBP_01500",49.9959103890881,-0.838524442571747,1.8794679480509,-0.446149902924037,0.655488967586991,0.999490753219129
"LPCHMCBP_01511",136.538942891439,0.701932195040978,1.88766927489916,0.371851258255223,0.71000359718442,0.999490753219129
"LPCHMCBP_01533",49.1713621605903,0.232989157143332,2.28942142480109,0.101767701926514,0.91894106264214,0.999490753219129
"LPCHMCBP_01540",22.2092022765366,1.71204434101383,2.6162945957522,0.654377509242839,0.512868620672084,0.999490753219129
"LPCHMCBP_01543",22.8168804177585,-0.657787752491418,3.00138635617922,-0.219161305620375,0.826524396378729,0.999490753219129
"LPCHMCBP_01550",14.2081060536889,-0.39628654691547,3.01825320563831,-0.131296654029947,0.895540638576528,0.999490753219129
"LPCHMCBP_01559",154.277830847683,0.199101011297006,1.88946089294871,0.105374507638678,0.916078643387156,0.999490753219129
"LPCHMCBP_01569",114.021983036012,3.41459982901946,2.40041642870369,1.42250310745601,0.154880250055745,0.999490753219129
"LPCHMCBP_01578",80.0067506033664,2.76971877794494,2.63398147126524,1.0515331289003,0.29301380216725,0.999490753219129
"LPCHMCBP_01580",121.430459198697,-1.41697201958996,2.26232032106125,-0.626335716652744,0.531094764043149,0.999490753219129
"LPCHMCBP_01583",92.8942411198132,-0.551603546912999,2.68586853898897,-0.205372503868204,0.837281101133646,0.999490753219129
"LPCHMCBP_01615",67.0685506328268,-0.120819782636526,2.78861078545147,-0.0433261548247816,0.965441542258723,0.999490753219129
"LPCHMCBP_01627",29.2084209536006,-0.993695149712757,3.00715587507373,-0.330443512406351,0.741064868077969,0.999490753219129
"LPCHMCBP_01629",62.2606420642052,0.457408242169756,2.34143813135332,0.195353546200847,0.845116180668015,0.999490753219129
"LPCHMCBP_01642",94.1960633464383,2.36040104222424,2.47486912793492,0.953747822695502,0.340211306577704,0.999490753219129
"LPCHMCBP_01646",24.9788046328114,-0.919452685341708,3.00614349403142,-0.3058578830875,0.759712854549323,0.999490753219129
"LPCHMCBP_01659",54.6265693760043,-0.153525575755192,2.09681761935817,-0.0732183735665985,0.94163234563762,0.999490753219129
"LPCHMCBP_01661",95.0470449723747,-1.40781000946689,2.11483082304459,-0.665684457653289,0.505612809913425,0.999490753219129
"LPCHMCBP_01662",75.1236406236804,-0.883021447809654,2.65681739362057,-0.33236060932525,0.739616978737899,0.999490753219129
"LPCHMCBP_01666",958.139886210285,0.694743177997305,1.83308779965878,0.379001583081088,0.704686688263912,0.999490753219129
"LPCHMCBP_01668",14.2805803019032,-1.78677022117744,3.37879705893336,-0.52881844929198,0.596931398139706,0.999490753219129
"LPCHMCBP_01669",15.7208965339823,-1.63058759431472,2.41472190821847,-0.675269308968886,0.499504679252447,0.999490753219129
"LPCHMCBP_01675",188.047177225131,-0.601348728695802,2.05374055165464,-0.292806571020528,0.769670005336208,0.999490753219129
"LPCHMCBP_01676",98.0105313765581,0.125902947364141,2.03863870095989,0.0617583426160112,0.950755277904538,0.999490753219129
"LPCHMCBP_01681",37.1744047487543,-2.01119037483473,3.00058902004836,-0.670265191733026,0.502688752301978,0.999490753219129
"LPCHMCBP_01686",32.8698382044185,1.44436195167371,2.62718459468244,0.549775586609777,0.582473305461231,0.999490753219129
"LPCHMCBP_01691",35.4381396480279,1.34798188132875,2.645409708008,0.509555052001294,0.610363220496782,0.999490753219129
"LPCHMCBP_01693",71.0413541925173,-0.607388469346947,2.26615570010114,-0.268025921307984,0.788679366152437,0.999490753219129
"LPCHMCBP_01708",78.4180777354668,0.0425557683579431,2.72420649275482,0.0156213445901119,0.987536477239409,0.999490753219129
"LPCHMCBP_01753",264.962965910362,-1.02411896599864,2.32888544689245,-0.439746389142999,0.660120800243819,0.999490753219129
"LPCHMCBP_01763",46.7959823247424,1.8473725290989,2.25239906883248,0.82017993820983,0.412113536875289,0.999490753219129
"LPCHMCBP_01773",71.5419799079081,0.350090204724589,1.93647342013219,0.180787508408296,0.856534368391557,0.999490753219129
"LPCHMCBP_01778",13.7265542022428,-0.514634209569864,3.39427007713957,-0.151618521176594,0.879487824510128,0.999490753219129
"LPCHMCBP_01788",24.7552816176443,-0.299154383037203,2.36430677262639,-0.126529427780172,0.899312856235103,0.999490753219129
"LPCHMCBP_01790",42.6618712859719,-0.237164983231087,2.68646768795416,-0.0882813459080524,0.929653064870417,0.999490753219129
"LPCHMCBP_01791",104.255654494289,-0.704829267795623,2.33525645460956,-0.30182092694974,0.762788576996187,0.999490753219129
"LPCHMCBP_01804",72.1197073387809,-0.0396244604054771,2.3223674238611,-0.0170620979257445,0.986387075981497,0.999490753219129
"LPCHMCBP_01842",117.965107659103,-0.533143004580147,1.92655759617261,-0.276733488601283,0.78198475550253,0.999490753219129
"LPCHMCBP_01845",40.5735064871768,0.0278256587353855,1.92231407692114,0.014475084518942,0.988450956855552,0.999490753219129
"LPCHMCBP_01849",124.513194977801,1.00808277624863,1.88196427049698,0.535654577534793,0.592197301505684,0.999490753219129
"LPCHMCBP_01852",41.7456198788314,1.7926685822681,2.74643400794358,0.652725890038909,0.513933008487437,0.999490753219129
"LPCHMCBP_01856",24.9089136484849,0.601552439697143,2.62422258576112,0.229230722638061,0.818689595033517,0.999490753219129
"LPCHMCBP_01857",29.8090805223096,1.57006950221516,3.06074395288228,0.512969894373765,0.607972380027798,0.999490753219129
"LPCHMCBP_01865",680.256921359345,-0.196751000921299,1.82472315156072,-0.107825124459573,0.914134412640025,0.999490753219129
"LPCHMCBP_01873",17.1507732737184,1.56147843710395,2.9820569750721,0.52362461554451,0.600539657152776,0.999490753219129
"LPCHMCBP_01875",451.959840117728,0.796984784101309,1.87226024639576,0.425680556768517,0.670340631701047,0.999490753219129
"LPCHMCBP_01893",52.5071278007549,0.667429175314046,2.80553169273685,0.23789757108855,0.811960539431783,0.999490753219129
"LPCHMCBP_01916",28.6557039300769,-2.87789601187353,3.01161752543616,-0.955598108845755,0.339275317337545,0.999490753219129
"LPCHMCBP_01918",40.2980414049412,1.55626537357267,3.00581391929552,0.517751735588948,0.604631496749387,0.999490753219129
"LPCHMCBP_01928",18.8990106305198,3.5374638861101,2.45093910657851,1.44330957738414,0.14893328304173,0.999490753219129
"LPCHMCBP_01936",40.695861677863,0.0686233084251566,2.39726881723199,0.028625620928233,0.977163177908843,0.999490753219129
"LPCHMCBP_01939",236.811136967862,-0.400240478469768,1.85719508034923,-0.2155080436647,0.829371241460049,0.999490753219129
"LPCHMCBP_01942",71.1815268544879,-0.885350590908752,2.70661522741394,-0.327106188549256,0.74358757128483,0.999490753219129
"LPCHMCBP_01945",598.2967234109,-0.290062483957675,1.84484322690403,-0.157228798484114,0.875064532652549,0.999490753219129
"LPCHMCBP_01959",123.259616294632,0.263186923287661,2.29377717149024,0.114739533795548,0.90865157740801,0.999490753219129
"LPCHMCBP_01961",66.8292910539601,2.25473930161983,2.8019827822843,0.804694202932137,0.420996165675859,0.999490753219129
"LPCHMCBP_01968",29.2142328585696,0.87143246375025,2.98452497393067,0.291983639393896,0.770299133058245,0.999490753219129
"LPCHMCBP_01978",99.9349959149348,-1.31453715881832,3.09674756924621,-0.424489607055152,0.671208783238527,0.999490753219129
"LPCHMCBP_01980",60.6745998663334,-1.87660891564593,2.72852120417992,-0.687775089587387,0.491594425268713,0.999490753219129
"LPCHMCBP_01994",15.8610298713543,-2.33990960733518,2.81329632098027,-0.831732366720567,0.405560026948601,0.999490753219129
"LPCHMCBP_02015",76.155205920604,0.805701398254816,2.74492095975036,0.293524443898046,0.769121318351852,0.999490753219129
"LPCHMCBP_02016",13.8931974483685,-2.53659599462795,2.95349509838597,-0.8588455068079,0.390425757175404,0.999490753219129
"LPCHMCBP_02018",96.6499629603178,0.635511096540165,1.95119842880069,0.32570295627533,0.744649107314926,0.999490753219129
"LPCHMCBP_02042",26.0983633422086,-2.20434445007369,2.9734735222054,-0.741336498748691,0.458489436665247,0.999490753219129
"LPCHMCBP_02045",51.8470951387767,0.934469461040268,3.01262287476473,0.310184679558753,0.756420520305983,0.999490753219129
"LPCHMCBP_02049",29.0958319432678,0.593407095030431,2.61698188099342,0.226752466014465,0.820616227532616,0.999490753219129
"LPCHMCBP_02054",52.3121287639932,-0.184735265407547,2.40220109211523,-0.0769024983020387,0.93870111007753,0.999490753219129
"LPCHMCBP_02059",90.7561490231034,-0.740045653800508,1.91754011279268,-0.385934901107604,0.699544881904016,0.999490753219129
"LPCHMCBP_02061",33.2835548589645,-1.34193938590195,2.30035140198348,-0.583362778723662,0.559649109042314,0.999490753219129
"LPCHMCBP_02069",97.2544429148462,-0.0651186613928575,2.28178409959695,-0.0285384850408765,0.977232673895428,0.999490753219129
"LPCHMCBP_02082",571.863596580266,0.272457655890117,1.82500606489296,0.149291370111746,0.881323724615676,0.999490753219129
"LPCHMCBP_02097",51.2795166366614,1.01749264565446,3.01791316566274,0.337151067575867,0.736003022302614,0.999490753219129
"LPCHMCBP_02099",22.4772939783657,1.17982203670293,2.97080561199853,0.397138753184608,0.691265143865677,0.999490753219129
"LPCHMCBP_02104",22.1507247609394,1.53359934343976,2.96027744934134,0.518059327101579,0.604416876921663,0.999490753219129
"LPCHMCBP_02127",22.3528422250905,1.08230870986662,2.11762834182908,0.511094741455803,0.609284717929389,0.999490753219129
"LPCHMCBP_02128",73.5419594546073,0.58935272012622,1.9213907439382,0.306732361434326,0.759047095510809,0.999490753219129
"LPCHMCBP_02138",15.5563309221176,-3.0524411928628,2.47980293150106,-1.23092087443219,0.218352459503846,0.999490753219129
"LPCHMCBP_02145",71.1473268412085,-2.72188262431493,2.21754466164924,-1.2274308028099,0.219660714968931,0.999490753219129
"LPCHMCBP_02153",1195.78931560719,0.850851701808303,1.83970256490215,0.462494165111716,0.643726985675762,0.999490753219129
"LPCHMCBP_02161",58.4543309759067,-1.48418407226228,2.2701292209815,-0.653788365237019,0.513248163346857,0.999490753219129
"LPCHMCBP_02168",25.7032701381187,0.680633147967738,2.9852236291592,0.228000723737887,0.819645677878632,0.999490753219129
"LPCHMCBP_02175",28.3583474690213,-1.04334478957685,2.12573321136133,-0.490816431714254,0.62355628716354,0.999490753219129
"LPCHMCBP_02179",26.5537271478696,-1.9670666213828,3.0137171911958,-0.652704449883134,0.513946833171611,0.999490753219129
"LPCHMCBP_02191",130.289705235113,-0.863754238227457,1.87944855727379,-0.459578547592899,0.645818760171271,0.999490753219129
"LPCHMCBP_02195",30.1356612184702,1.83803623695355,2.6443575049469,0.695078571454529,0.487006062987567,0.999490753219129
"LPCHMCBP_02196",52.8689035566479,-0.40196193830934,1.97051855961007,-0.203987897677493,0.838362956326804,0.999490753219129
"LPCHMCBP_02198",52.1325090375568,0.774017090232633,2.35917091813898,0.328088602772034,0.742844671156049,0.999490753219129
"LPCHMCBP_02199",27.7530253476168,-0.741891714600782,2.36771306481272,-0.313336833599583,0.754024768877394,0.999490753219129
"LPCHMCBP_02207",138.783757901621,0.21894556268426,2.13130428219751,0.10272843934725,0.918178501713645,0.999490753219129
"LPCHMCBP_02208",93.0042396174616,1.37741879954162,2.30968257588882,0.596367143225973,0.550929985264619,0.999490753219129
"LPCHMCBP_02218",24.5845577215847,2.41020475113803,2.96972266012347,0.811592538084959,0.417025474393193,0.999490753219129
"LPCHMCBP_02220",68.5483712861725,0.756424189204782,2.04315125934701,0.370224272796394,0.711215392426632,0.999490753219129
"LPCHMCBP_02222",23.7019972838356,0.0606258196918395,2.67615006488918,0.022654118125603,0.981926174864024,0.999490753219129
"LPCHMCBP_02238",18.9366841173461,-0.0315836183453742,3.01268298405055,-0.010483551874718,0.991635489033801,0.999490753219129
"LPCHMCBP_02240",41.4305204526429,0.768034459764301,2.01507212494668,0.381144898118534,0.703095733426204,0.999490753219129
"LPCHMCBP_02244",22.3101933411618,0.819487980995903,2.98252274302209,0.274763363636766,0.783498046692829,0.999490753219129
"LPCHMCBP_02254",32.278599138139,-0.556071109753439,3.01433195701672,-0.184475737139377,0.8536402594577,0.999490753219129
"LPCHMCBP_02257",32.0878464166935,0.801906106997176,2.28089113658498,0.351575791643355,0.725156422990486,0.999490753219129
"LPCHMCBP_02258",166.446700156457,-0.403705966654221,1.8967982531993,-0.212835479984915,0.831455288682263,0.999490753219129
"LPCHMCBP_02264",870.352728353087,0.173421974498582,1.83722977633274,0.0943931873588215,0.924796827343639,0.999490753219129
"LPCHMCBP_02269",83.4810734626319,0.94692870353322,1.89676518128677,0.499233491248939,0.61761490314561,0.999490753219129
"LPCHMCBP_02270",67.2506017120736,-0.703499070421838,2.3471014187325,-0.299731006426534,0.764382345641443,0.999490753219129
"LPCHMCBP_02273",25.6359330257482,0.46039760710169,1.96177684029922,0.234683985275037,0.814454018533074,0.999490753219129
"LPCHMCBP_02280",61.1307646539279,1.55161395619286,2.67236483060783,0.580614569695538,0.561500250527464,0.999490753219129
"LPCHMCBP_02281",17.0261578522717,0.262440314957236,2.62498787625159,0.0999777245950535,0.920362010023116,0.999490753219129
"LPCHMCBP_02282",51.7408421212594,-1.18915678727157,3.02865315045434,-0.392635514269168,0.694588705225766,0.999490753219129
"LPCHMCBP_02306",18.1534554856649,2.41268332278147,2.72124735576231,0.886609340261757,0.375289263424528,0.999490753219129
"LPCHMCBP_02316",88.8918857516545,-0.16458068066596,2.02072465043207,-0.0814463665946615,0.935086976353365,0.999490753219129
"LPCHMCBP_02321",373.871488749583,0.422685373394436,1.89017130155855,0.223622786488139,0.823050831588622,0.999490753219129
"LPCHMCBP_02326",60.0237670786023,0.303151698331611,2.64111806387786,0.114781577725649,0.908618251381081,0.999490753219129
"LPCHMCBP_02327",76.1275995894456,-0.133033978861897,2.65941508023517,-0.0500237739684219,0.960103443148454,0.999490753219129
"LPCHMCBP_02365",20.449554856957,0.239039432606563,3.03164678444295,0.0788480484709518,0.937153485829673,0.999490753219129
"LPCHMCBP_02369",69.1701548023309,-0.333347372511535,1.93984594143388,-0.171842188800382,0.863561596972539,0.999490753219129
"LPCHMCBP_02371",44.3857565826838,0.762330652752054,3.00904574077833,0.253346315883808,0.800000608297919,0.999490753219129
"LPCHMCBP_02373",91.516841852554,-1.16169165664055,2.25535945230513,-0.515080492137615,0.606496774004141,0.999490753219129
"LPCHMCBP_02380",57.5090599773635,-1.06824466604174,2.6652383477799,-0.400806429538119,0.688562644793762,0.999490753219129
"LPCHMCBP_02385",15.8694148724684,-1.43934577352724,2.98114476905648,-0.482816463147741,0.629226060258547,0.999490753219129
"LPCHMCBP_02388",380.639347672292,-0.469875497265362,1.88918013141014,-0.248719266867704,0.80357794427777,0.999490753219129
"LPCHMCBP_02396",54.9287118682345,0.248070649168444,2.64381999112455,0.0938303855789088,0.925243893957557,0.999490753219129
"LPCHMCBP_02404",398.299499596132,-0.136847451588396,1.83175381502233,-0.0747084299571818,0.940446700284398,0.999490753219129
"LPCHMCBP_02557",38.8007329112108,2.13603232619212,2.59613693666031,0.822773366084426,0.410636885240742,0.999490753219129
"LPCHMCBP_02558",65.6295489948572,-0.137641790357054,2.28672542531467,-0.0601916560831143,0.952002991148066,0.999490753219129
"LPCHMCBP_02564",73.0619180816225,-0.996891562880411,2.29836280715766,-0.433739860293531,0.664477357701445,0.999490753219129
"LPCHMCBP_02574",35.1070372605306,0.774671829353121,2.76592282582523,0.280077167056168,0.779418301991473,0.999490753219129
"LPCHMCBP_02577",15.9856593573088,-0.00541914579148163,3.39945616041902,-0.00159412139346832,0.998728075690813,0.999490753219129
"LPCHMCBP_02584",23.1520682402319,-1.1626173409536,2.985917000814,-0.389366931711985,0.697004730434876,0.999490753219129
"LPCHMCBP_02597",17.7470488603649,-0.435742502867408,2.63992825019413,-0.165058464310674,0.86889796519767,0.999490753219129
"LPCHMCBP_02599",47.0395836803063,0.0835239270036597,2.18020624703389,0.0383101035130468,0.969440435262624,0.999490753219129
"LPCHMCBP_02600",94.0623798046025,-1.22028923408384,2.30538746762581,-0.529320667879116,0.596583020592192,0.999490753219129
"LPCHMCBP_02603",337.066979012124,-1.02343856931441,2.32567059029238,-0.44006170675519,0.659892415590861,0.999490753219129
"LPCHMCBP_02608",48.0834049099069,0.725242675011488,2.31977326214595,0.312635155705083,0.754557865650859,0.999490753219129
"LPCHMCBP_02615",297.251625258544,0.565496094709587,1.9227288229357,0.294111206928372,0.768672927531449,0.999490753219129
"LPCHMCBP_02640",16.8677815585852,3.77480853100847,2.71247403844659,1.39164780104965,0.16402907627856,0.999490753219129
"LPCHMCBP_02649",163.300688162288,0.300442187810945,2.01941540816626,0.14877681263399,0.881729747823932,0.999490753219129
"LPCHMCBP_02650",125.908980339493,2.87249369000457,2.64395508275374,1.08643815802377,0.277285187277174,0.999490753219129
"LPCHMCBP_02657",30.4902585694283,3.36504348499251,2.90226808565903,1.15945301594301,0.246271577366165,0.999490753219129
"LPCHMCBP_02658",22.9365755193255,-1.43512937782794,2.9778633138716,-0.481932589431746,0.629853834257735,0.999490753219129
"LPCHMCBP_02662",42.2379880945954,-1.91842153436159,2.62463323303378,-0.730929377185439,0.464822291063454,0.999490753219129
"LPCHMCBP_02675",112.908315749019,-1.49097396347294,2.67075216057718,-0.558259948444908,0.576666890058677,0.999490753219129
"LPCHMCBP_02676",209.545110481788,0.489258434565049,1.84435994976146,0.265272749296213,0.790799355631051,0.999490753219129
"LPCHMCBP_02682",20.4050456750466,1.23012532179773,2.65338443224889,0.463606142723589,0.642929952562139,0.999490753219129
"LPCHMCBP_02694",16.8239027458675,0.472879577780107,3.01960721453721,0.156603009657526,0.87555773045098,0.999490753219129
"LPCHMCBP_02709",159.246907045697,0.233756821548448,1.85336195145506,0.126125833847472,0.899632318308589,0.999490753219129
"LPCHMCBP_02716",147.568872438112,-0.418331958388308,2.34040667018409,-0.178743277276425,0.858139286006151,0.999490753219129
"LPCHMCBP_02729",25.354452148216,0.00239597595066565,2.38043624262769,0.00100652809252341,0.999196906910563,0.999490753219129
"LPCHMCBP_02730",1166.3368045804,1.05113118767906,1.86613816797439,0.563265467540392,0.573254129038205,0.999490753219129
"LPCHMCBP_02732",50.9205431569896,1.52611695682487,2.28429413645119,0.668091263936702,0.504075337959857,0.999490753219129
"LPCHMCBP_02745",79.511569042764,2.84438743076247,3.01508376165663,0.943385874361126,0.345483565708313,0.999490753219129
"LPCHMCBP_02748",23.9398190232269,0.931026289255656,2.63988500487879,0.352676835367836,0.724330727556008,0.999490753219129
"LPCHMCBP_02757",168.812602913078,-0.322543863630801,2.32829081049603,-0.138532464319646,0.889819614143658,0.999490753219129
"LPCHMCBP_02799",14.2938643453444,1.57533725986481,2.96601033132328,0.531130064932032,0.595328651476477,0.999490753219129
"LPCHMCBP_02811",132.616515062384,-0.206995117488371,1.9086626076537,-0.108450344580716,0.913638467394768,0.999490753219129
"LPCHMCBP_02815",84.5915149039887,-0.279764087241201,2.30885376727658,-0.121170119652575,0.903556290764266,0.999490753219129
"LPCHMCBP_02819",15.5887550466776,0.265398537039018,2.63475796465769,0.100729759848548,0.919764986574679,0.999490753219129
"LPCHMCBP_02836",41.5644217266002,-2.72806917021044,2.96368065773245,-0.920500379517176,0.357311334791002,0.999490753219129
"LPCHMCBP_02841",28.1704610480913,0.855934695698711,2.98494314176185,0.286750753715697,0.774303172834523,0.999490753219129
"LPCHMCBP_02842",76.2895154005293,-0.869590482227777,2.68525801760337,-0.323838706197737,0.746060150587575,0.999490753219129
"LPCHMCBP_02866",39.3351078616992,1.2798255167274,2.26306554359966,0.565527375177875,0.571715109751904,0.999490753219129
"LPCHMCBP_02876",409.784398983032,0.0491987249609614,1.90847793013773,0.0257790379359593,0.979433581596151,0.999490753219129
"LPCHMCBP_02882",64.4870166137359,-0.501915241798931,2.06553055944477,-0.242995795682563,0.808008654419029,0.999490753219129
"LPCHMCBP_02903",36.0947898539506,-1.34689330738824,3.02512758111948,-0.445235207861815,0.656149785570673,0.999490753219129
"LPCHMCBP_02904",63.9728309688949,-1.96612477284386,2.0588061690971,-0.95498294222914,0.339586323213058,0.999490753219129
"LPCHMCBP_02910",40.39625006751,-0.0669425729917932,3.01948914590042,-0.022170165136272,0.982312216511274,0.999490753219129
"LPCHMCBP_02928",62.8811989803666,0.244411052636894,2.29985628149305,0.106272315624098,0.915366296112604,0.999490753219129
"LPCHMCBP_02942",26.1625395804405,0.669253929437053,3.02705486255265,0.22109078289803,0.825021746872116,0.999490753219129
"LPCHMCBP_02944",51.2309956647722,-1.27136878191546,2.27182422747673,-0.559624625241166,0.575735504566306,0.999490753219129
"LPCHMCBP_02946",24.5396629645864,1.43293101781831,2.28135424365822,0.628105442984848,0.529934867678481,0.999490753219129
"LPCHMCBP_02959",19.32958910069,-0.268354215635985,3.01374558801149,-0.0890434204876094,0.929047402589456,0.999490753219129
"LPCHMCBP_02960",851.285605025944,0.0819610546071051,1.81978484488016,0.0450388708520662,0.96407632591634,0.999490753219129
"LPCHMCBP_02962",49.1861386762629,-1.17529864427796,2.46502573551244,-0.476789603997232,0.633511949313545,0.999490753219129
"LPCHMCBP_02979",182.161726458712,1.07556689715612,1.89032987154768,0.568983706677351,0.569367197213813,0.999490753219129
"LPCHMCBP_02981",45.4762263785652,0.15988177659569,3.03744198761058,0.0526369811334115,0.958021151116289,0.999490753219129
"LPCHMCBP_02987",60.1598551488462,0.716702258186803,2.66086724502968,0.26934912274393,0.787661033925053,0.999490753219129
"LPCHMCBP_03003",1025.42273797724,0.306942712902595,1.86539923161074,0.16454531968342,0.86930187295756,0.999490753219129
"LPCHMCBP_03012",137.900092763057,1.41614514535532,2.27620462722058,0.622151949091035,0.533841958495913,0.999490753219129
"LPCHMCBP_03024",249.098286914014,-0.0906474570159963,1.83370346715095,-0.0494340871574161,0.960573363735544,0.999490753219129
"LPCHMCBP_03028",93.9076918642851,2.35657487828809,2.36766499763669,0.99531600992553,0.319582593567757,0.999490753219129
"LPCHMCBP_03030",64.9332706738704,-2.07091747192114,1.89753666649368,-1.09137151786787,0.27510943989713,0.999490753219129
"LPCHMCBP_03072",105.102881380849,0.758500984446082,2.32066675512837,0.326846145733718,0.743784255255438,0.999490753219129
"LPCHMCBP_03081",49.272764872774,0.725483474715623,3.01652592480677,0.240502980183105,0.809940353202865,0.999490753219129
"LPCHMCBP_03082",62.5696972116042,-0.482609769845611,2.64697145911656,-0.18232526390998,0.855327473231694,0.999490753219129
"LPCHMCBP_03088",316.14971371262,0.0703305362170615,1.82612117609265,0.0385136195438836,0.96927817271504,0.999490753219129
"LPCHMCBP_03091",395.508994811605,1.20970453181594,1.90851305437564,0.63384661113135,0.526180930712465,0.999490753219129
"LPCHMCBP_03093",127.032707937114,-0.347376019790584,1.85706395574837,-0.187056573208108,0.851616276661911,0.999490753219129
"LPCHMCBP_03094",20.291305109349,0.0773594148923013,3.02187516517785,0.0255998049766389,0.979576541626228,0.999490753219129
"LPCHMCBP_03124",99.0194426672382,-1.53396836613312,2.0282932094433,-0.756285313677182,0.449478151508131,0.999490753219129
"LPCHMCBP_03143",370.33762244856,1.59022689985851,1.9004160778525,0.836778281551635,0.402717207499508,0.999490753219129
"LPCHMCBP_03144",19.7190953799218,-0.485304021266099,3.00624452067358,-0.161431985298841,0.871753176411322,0.999490753219129
"LPCHMCBP_03167",75.7744888329915,-0.969433771247859,2.67195746983083,-0.36281781510139,0.716740982885495,0.999490753219129
"LPCHMCBP_03175",73.2221623761228,-0.915615722350619,2.49504109380483,-0.366974205204109,0.713638258970139,0.999490753219129
"LPCHMCBP_03187",83.4811988375154,-0.217733239559268,2.30645586195562,-0.0944016502334689,0.924790104964571,0.999490753219129
"LPCHMCBP_03188",162.831173489382,-0.205489789146917,1.91146468259093,-0.107503837773441,0.914389280865978,0.999490753219129
"LPCHMCBP_00001",0,NA,NA,NA,NA,NA
"LPCHMCBP_00002",0,NA,NA,NA,NA,NA
"LPCHMCBP_00003",0,NA,NA,NA,NA,NA
"LPCHMCBP_00004",0,NA,NA,NA,NA,NA
"LPCHMCBP_00005",0,NA,NA,NA,NA,NA
"LPCHMCBP_00006",0,NA,NA,NA,NA,NA
"LPCHMCBP_00022",0,NA,NA,NA,NA,NA
"LPCHMCBP_00024",0,NA,NA,NA,NA,NA
"LPCHMCBP_00025",0,NA,NA,NA,NA,NA
"LPCHMCBP_00026",0,NA,NA,NA,NA,NA
"LPCHMCBP_00027",0,NA,NA,NA,NA,NA
"LPCHMCBP_00028",0,NA,NA,NA,NA,NA
"LPCHMCBP_00029",0,NA,NA,NA,NA,NA
"LPCHMCBP_00030",0,NA,NA,NA,NA,NA
"LPCHMCBP_00031",0,NA,NA,NA,NA,NA
"LPCHMCBP_00032",0,NA,NA,NA,NA,NA
"LPCHMCBP_00033",0,NA,NA,NA,NA,NA
"LPCHMCBP_00034",0,NA,NA,NA,NA,NA
"LPCHMCBP_00035",0,NA,NA,NA,NA,NA
"LPCHMCBP_00036",0,NA,NA,NA,NA,NA
"LPCHMCBP_00038",0,NA,NA,NA,NA,NA
"LPCHMCBP_00039",0,NA,NA,NA,NA,NA
"LPCHMCBP_00040",0,NA,NA,NA,NA,NA
"LPCHMCBP_00041",1.34409258400534,0.33450404580296,3.85403657712809,0.0867931684374988,0.930835917929929,NA
"LPCHMCBP_00042",0,NA,NA,NA,NA,NA
"LPCHMCBP_00043",0,NA,NA,NA,NA,NA
"LPCHMCBP_00044",9.21019219722031,-6.84496343408414,3.70203476305493,-1.8489733004116,0.0644616681420865,NA
"LPCHMCBP_00045",0,NA,NA,NA,NA,NA
"LPCHMCBP_00046",0,NA,NA,NA,NA,NA
"LPCHMCBP_00047",0,NA,NA,NA,NA,NA
"LPCHMCBP_00048",0,NA,NA,NA,NA,NA
"LPCHMCBP_00049",0,NA,NA,NA,NA,NA
"LPCHMCBP_00050",0.149692605201308,-1.10590014677296,4.0804728567969,-0.271022547039089,0.786373690995412,NA
"LPCHMCBP_00051",0,NA,NA,NA,NA,NA
"LPCHMCBP_00053",0,NA,NA,NA,NA,NA
"LPCHMCBP_00054",0,NA,NA,NA,NA,NA
"LPCHMCBP_00055",0,NA,NA,NA,NA,NA
"LPCHMCBP_00056",0,NA,NA,NA,NA,NA
"LPCHMCBP_00057",0,NA,NA,NA,NA,NA
"LPCHMCBP_00058",0,NA,NA,NA,NA,NA
"LPCHMCBP_00059",0,NA,NA,NA,NA,NA
"LPCHMCBP_00060",0,NA,NA,NA,NA,NA
"LPCHMCBP_00061",9.58271352685848,6.76109724690707,3.68756452674884,1.83348581370264,NA,NA
"LPCHMCBP_00062",0,NA,NA,NA,NA,NA
"LPCHMCBP_00063",0,NA,NA,NA,NA,NA
"LPCHMCBP_00064",0,NA,NA,NA,NA,NA
"LPCHMCBP_00065",0,NA,NA,NA,NA,NA
"LPCHMCBP_00066",0,NA,NA,NA,NA,NA
"LPCHMCBP_00067",0,NA,NA,NA,NA,NA
"LPCHMCBP_00068",0,NA,NA,NA,NA,NA
"LPCHMCBP_00069",0,NA,NA,NA,NA,NA
"LPCHMCBP_00071",1.9165427053717,4.44735307605431,3.92808864860519,1.1321926447952,0.257553451706888,NA
"LPCHMCBP_00072",0,NA,NA,NA,NA,NA
"LPCHMCBP_00073",0,NA,NA,NA,NA,NA
"LPCHMCBP_00074",6.38583291217843,-0.0865529979717906,3.49661219598408,-0.0247533878853361,0.980251670732313,NA
"LPCHMCBP_00075",0,NA,NA,NA,NA,NA
"LPCHMCBP_00076",0,NA,NA,NA,NA,NA
"LPCHMCBP_00077",5.92965317745321,-5.18950915409821,3.56416082770256,-1.45602552886014,0.145385562528069,NA
"LPCHMCBP_00080",0,NA,NA,NA,NA,NA
"LPCHMCBP_00081",0,NA,NA,NA,NA,NA
"LPCHMCBP_00082",0,NA,NA,NA,NA,NA
"LPCHMCBP_00083",0,NA,NA,NA,NA,NA
"LPCHMCBP_00084",0,NA,NA,NA,NA,NA
"LPCHMCBP_00086",0,NA,NA,NA,NA,NA
"LPCHMCBP_00087",0,NA,NA,NA,NA,NA
"LPCHMCBP_00088",0,NA,NA,NA,NA,NA
"LPCHMCBP_00089",0,NA,NA,NA,NA,NA
"LPCHMCBP_00090",0,NA,NA,NA,NA,NA
"LPCHMCBP_00091",0,NA,NA,NA,NA,NA
"LPCHMCBP_00092",0,NA,NA,NA,NA,NA
"LPCHMCBP_00093",0,NA,NA,NA,NA,NA
"LPCHMCBP_00094",0,NA,NA,NA,NA,NA
"LPCHMCBP_00095",0,NA,NA,NA,NA,NA
"LPCHMCBP_00096",0,NA,NA,NA,NA,NA
"LPCHMCBP_00097",0,NA,NA,NA,NA,NA
"LPCHMCBP_00098",0,NA,NA,NA,NA,NA
"LPCHMCBP_00099",0,NA,NA,NA,NA,NA
"LPCHMCBP_00100",0.475783938115332,2.45505028551512,3.99015182608491,0.615277411116455,0.538371532706951,NA
"LPCHMCBP_00101",0,NA,NA,NA,NA,NA
"LPCHMCBP_00102",0,NA,NA,NA,NA,NA
"LPCHMCBP_00103",4.5784075739435,5.69757445486957,3.91522189264123,1.45523666629938,0.145603753313306,NA
"LPCHMCBP_00104",0,NA,NA,NA,NA,NA
"LPCHMCBP_00105",0,NA,NA,NA,NA,NA
"LPCHMCBP_00106",0,NA,NA,NA,NA,NA
"LPCHMCBP_00107",0,NA,NA,NA,NA,NA
"LPCHMCBP_00108",0,NA,NA,NA,NA,NA
"LPCHMCBP_00109",0,NA,NA,NA,NA,NA
"LPCHMCBP_00110",0,NA,NA,NA,NA,NA
"LPCHMCBP_00111",0,NA,NA,NA,NA,NA
"LPCHMCBP_00112",0,NA,NA,NA,NA,NA
"LPCHMCBP_00113",0,NA,NA,NA,NA,NA
"LPCHMCBP_00114",0,NA,NA,NA,NA,NA
"LPCHMCBP_00115",0,NA,NA,NA,NA,NA
"LPCHMCBP_00116",0,NA,NA,NA,NA,NA
"LPCHMCBP_00117",0,NA,NA,NA,NA,NA
"LPCHMCBP_00118",0,NA,NA,NA,NA,NA
"LPCHMCBP_00119",0,NA,NA,NA,NA,NA
"LPCHMCBP_00120",0,NA,NA,NA,NA,NA
"LPCHMCBP_00121",0.638847568457232,2.88152009818187,3.96916918142826,0.725975630281648,0.467853710233576,NA
"LPCHMCBP_00122",0,NA,NA,NA,NA,NA
"LPCHMCBP_00123",0,NA,NA,NA,NA,NA
"LPCHMCBP_00124",0.149692605201308,-1.10590014677296,4.0804728567969,-0.271022547039089,0.786373690995412,NA
"LPCHMCBP_00125",4.36545838445775,5.62907869311136,3.91619470833666,1.43738478608542,0.150608689302623,NA
"LPCHMCBP_00126",0,NA,NA,NA,NA,NA
"LPCHMCBP_00127",0,NA,NA,NA,NA,NA
"LPCHMCBP_00128",0,NA,NA,NA,NA,NA
"LPCHMCBP_00129",0.598770420805231,-2.90966135744667,3.97719752487421,-0.731585831291771,0.464421398855993,NA
"LPCHMCBP_00130",0,NA,NA,NA,NA,NA
"LPCHMCBP_00131",0,NA,NA,NA,NA,NA
"LPCHMCBP_00132",0,NA,NA,NA,NA,NA
"LPCHMCBP_00133",0,NA,NA,NA,NA,NA
"LPCHMCBP_00134",5.96257730560083,6.0778256067068,3.81074008778808,1.59492000679444,0.110730125064897,NA
"LPCHMCBP_00135",0,NA,NA,NA,NA,NA
"LPCHMCBP_00136",0,NA,NA,NA,NA,NA
"LPCHMCBP_00137",0,NA,NA,NA,NA,NA
"LPCHMCBP_00140",0,NA,NA,NA,NA,NA
"LPCHMCBP_00141",0,NA,NA,NA,NA,NA
"LPCHMCBP_00142",0,NA,NA,NA,NA,NA
"LPCHMCBP_00143",0,NA,NA,NA,NA,NA
"LPCHMCBP_00144",0,NA,NA,NA,NA,NA
"LPCHMCBP_00145",0,NA,NA,NA,NA,NA
"LPCHMCBP_00146",0,NA,NA,NA,NA,NA
"LPCHMCBP_00148",0,NA,NA,NA,NA,NA
"LPCHMCBP_00149",0,NA,NA,NA,NA,NA
"LPCHMCBP_00150",0,NA,NA,NA,NA,NA
"LPCHMCBP_00151",0,NA,NA,NA,NA,NA
"LPCHMCBP_00152",0,NA,NA,NA,NA,NA
"LPCHMCBP_00153",0,NA,NA,NA,NA,NA
"LPCHMCBP_00154",0,NA,NA,NA,NA,NA
"LPCHMCBP_00155",0,NA,NA,NA,NA,NA
"LPCHMCBP_00156",0,NA,NA,NA,NA,NA
"LPCHMCBP_00159",0,NA,NA,NA,NA,NA
"LPCHMCBP_00160",0,NA,NA,NA,NA,NA
"LPCHMCBP_00161",0,NA,NA,NA,NA,NA
"LPCHMCBP_00162",0,NA,NA,NA,NA,NA
"LPCHMCBP_00164",0,NA,NA,NA,NA,NA
"LPCHMCBP_00165",0,NA,NA,NA,NA,NA
"LPCHMCBP_00166",0,NA,NA,NA,NA,NA
"LPCHMCBP_00168",0,NA,NA,NA,NA,NA
"LPCHMCBP_00169",0,NA,NA,NA,NA,NA
"LPCHMCBP_00170",0,NA,NA,NA,NA,NA
"LPCHMCBP_00172",0,NA,NA,NA,NA,NA
"LPCHMCBP_00173",0,NA,NA,NA,NA,NA
"LPCHMCBP_00177",0,NA,NA,NA,NA,NA
"LPCHMCBP_00178",0,NA,NA,NA,NA,NA
"LPCHMCBP_00179",0,NA,NA,NA,NA,NA
"LPCHMCBP_00180",0,NA,NA,NA,NA,NA
"LPCHMCBP_00181",0,NA,NA,NA,NA,NA
"LPCHMCBP_00182",0,NA,NA,NA,NA,NA
"LPCHMCBP_00183",0,NA,NA,NA,NA,NA
"LPCHMCBP_00184",0,NA,NA,NA,NA,NA
"LPCHMCBP_00185",0,NA,NA,NA,NA,NA
"LPCHMCBP_00186",0,NA,NA,NA,NA,NA
"LPCHMCBP_00187",0,NA,NA,NA,NA,NA
"LPCHMCBP_00188",0,NA,NA,NA,NA,NA
"LPCHMCBP_00189",0,NA,NA,NA,NA,NA
"LPCHMCBP_00190",0,NA,NA,NA,NA,NA
"LPCHMCBP_00191",0,NA,NA,NA,NA,NA
"LPCHMCBP_00192",0,NA,NA,NA,NA,NA
"LPCHMCBP_00194",0,NA,NA,NA,NA,NA
"LPCHMCBP_00195",0,NA,NA,NA,NA,NA
"LPCHMCBP_00196",0,NA,NA,NA,NA,NA
"LPCHMCBP_00197",0,NA,NA,NA,NA,NA
"LPCHMCBP_00198",0,NA,NA,NA,NA,NA
"LPCHMCBP_00199",0,NA,NA,NA,NA,NA
"LPCHMCBP_00200",0,NA,NA,NA,NA,NA
"LPCHMCBP_00201",0,NA,NA,NA,NA,NA
"LPCHMCBP_00202",0,NA,NA,NA,NA,NA
"LPCHMCBP_00203",0,NA,NA,NA,NA,NA
"LPCHMCBP_00204",0,NA,NA,NA,NA,NA
"LPCHMCBP_00206",0,NA,NA,NA,NA,NA
"LPCHMCBP_00207",0,NA,NA,NA,NA,NA
"LPCHMCBP_00208",0,NA,NA,NA,NA,NA
"LPCHMCBP_00209",0,NA,NA,NA,NA,NA
"LPCHMCBP_00210",0.748463026006539,-3.23022509227334,3.96326624992954,-0.815041152567221,0.415048754433181,NA
"LPCHMCBP_00211",0,NA,NA,NA,NA,NA
"LPCHMCBP_00212",0,NA,NA,NA,NA,NA
"LPCHMCBP_00214",1.18945984528833,3.76096899750915,3.94095568183975,0.954329178285362,0.339917042815274,NA
"LPCHMCBP_00217",0,NA,NA,NA,NA,NA
"LPCHMCBP_00219",3.93956000548626,5.4814913779729,3.9172079196129,1.39933633609997,0.161712148235514,NA
"LPCHMCBP_00220",0,NA,NA,NA,NA,NA
"LPCHMCBP_00221",0,NA,NA,NA,NA,NA
"LPCHMCBP_00222",0,NA,NA,NA,NA,NA
"LPCHMCBP_00223",0.149692605201308,-1.10590014677296,4.0804728567969,-0.271022547039089,0.786373690995412,NA
"LPCHMCBP_00224",0,NA,NA,NA,NA,NA
"LPCHMCBP_00225",0,NA,NA,NA,NA,NA
"LPCHMCBP_00227",0,NA,NA,NA,NA,NA
"LPCHMCBP_00228",0,NA,NA,NA,NA,NA
"LPCHMCBP_00229",0,NA,NA,NA,NA,NA
"LPCHMCBP_00230",0,NA,NA,NA,NA,NA
"LPCHMCBP_00231",0,NA,NA,NA,NA,NA
"LPCHMCBP_00232",4.36545838445775,5.62907869311136,3.91619470833666,1.43738478608542,0.150608689302623,NA
"LPCHMCBP_00233",0,NA,NA,NA,NA,NA
"LPCHMCBP_00234",0,NA,NA,NA,NA,NA
"LPCHMCBP_00235",0,NA,NA,NA,NA,NA
"LPCHMCBP_00236",84.7082971110326,23.1637972163056,3.62894068774719,6.38307407297018,NA,NA
"LPCHMCBP_00237",0,NA,NA,NA,NA,NA
"LPCHMCBP_00238",0,NA,NA,NA,NA,NA
"LPCHMCBP_00239",0,NA,NA,NA,NA,NA
"LPCHMCBP_00240",0.748463026006539,-3.23022509227334,3.96326624992954,-0.815041152567221,0.415048754433181,NA
"LPCHMCBP_00241",2.69446689362354,-5.07400125904503,3.92258909831318,-1.29353371762212,0.195826530221635,NA
"LPCHMCBP_00242",0,NA,NA,NA,NA,NA
"LPCHMCBP_00243",1.6429916189473,-4.35753397248753,3.9327322731616,-1.10801693830646,0.267854500768368,NA
"LPCHMCBP_00244",0,NA,NA,NA,NA,NA
"LPCHMCBP_00245",0,NA,NA,NA,NA,NA
"LPCHMCBP_00246",11.2756938213142,-5.46473889554824,2.97535017343182,-1.83667083772029,0.0662585028637573,NA
"LPCHMCBP_00248",0,NA,NA,NA,NA,NA
"LPCHMCBP_00249",0,NA,NA,NA,NA,NA
"LPCHMCBP_00250",0,NA,NA,NA,NA,NA
"LPCHMCBP_00251",0,NA,NA,NA,NA,NA
"LPCHMCBP_00252",0,NA,NA,NA,NA,NA
"LPCHMCBP_00253",11.0045023804428,5.02089972149324,2.87657076721339,1.74544627190142,NA,NA
"LPCHMCBP_00254",0,NA,NA,NA,NA,NA
"LPCHMCBP_00255",0,NA,NA,NA,NA,NA
"LPCHMCBP_00256",0,NA,NA,NA,NA,NA
"LPCHMCBP_00257",0,NA,NA,NA,NA,NA
"LPCHMCBP_00258",0,NA,NA,NA,NA,NA
"LPCHMCBP_00259",0,NA,NA,NA,NA,NA
"LPCHMCBP_00261",11.8607046299298,0.489019020994225,3.40277439003681,0.143711855368976,0.885728009153627,NA
"LPCHMCBP_00262",0,NA,NA,NA,NA,NA
"LPCHMCBP_00263",0,NA,NA,NA,NA,NA
"LPCHMCBP_00264",0,NA,NA,NA,NA,NA
"LPCHMCBP_00265",0,NA,NA,NA,NA,NA
"LPCHMCBP_00266",0,NA,NA,NA,NA,NA
"LPCHMCBP_00267",0,NA,NA,NA,NA,NA
"LPCHMCBP_00269",0,NA,NA,NA,NA,NA
"LPCHMCBP_00272",0,NA,NA,NA,NA,NA
"LPCHMCBP_00273",0,NA,NA,NA,NA,NA
"LPCHMCBP_00274",0,NA,NA,NA,NA,NA
"LPCHMCBP_00275",0,NA,NA,NA,NA,NA
"LPCHMCBP_00277",0,NA,NA,NA,NA,NA
"LPCHMCBP_00278",0,NA,NA,NA,NA,NA
"LPCHMCBP_00279",0,NA,NA,NA,NA,NA
"LPCHMCBP_00281",0,NA,NA,NA,NA,NA
"LPCHMCBP_00282",0.598770420805231,-2.90966135744667,3.97719752487421,-0.731585831291771,0.464421398855993,NA
"LPCHMCBP_00283",0,NA,NA,NA,NA,NA
"LPCHMCBP_00284",0,NA,NA,NA,NA,NA
"LPCHMCBP_00285",0,NA,NA,NA,NA,NA
"LPCHMCBP_00286",0,NA,NA,NA,NA,NA
"LPCHMCBP_00287",0,NA,NA,NA,NA,NA
"LPCHMCBP_00288",0,NA,NA,NA,NA,NA
"LPCHMCBP_00289",0,NA,NA,NA,NA,NA
"LPCHMCBP_00290",0,NA,NA,NA,NA,NA
"LPCHMCBP_00291",0,NA,NA,NA,NA,NA
"LPCHMCBP_00292",4.30225793384332,-1.18343780195317,3.60966962012166,-0.327852110164389,0.743023484647967,NA
"LPCHMCBP_00293",0,NA,NA,NA,NA,NA
"LPCHMCBP_00294",0,NA,NA,NA,NA,NA
"LPCHMCBP_00295",0,NA,NA,NA,NA,NA
"LPCHMCBP_00296",0,NA,NA,NA,NA,NA
"LPCHMCBP_00298",0,NA,NA,NA,NA,NA
"LPCHMCBP_00299",0,NA,NA,NA,NA,NA
"LPCHMCBP_00300",0,NA,NA,NA,NA,NA
"LPCHMCBP_00302",0,NA,NA,NA,NA,NA
"LPCHMCBP_00303",0,NA,NA,NA,NA,NA
"LPCHMCBP_00304",0,NA,NA,NA,NA,NA
"LPCHMCBP_00305",0,NA,NA,NA,NA,NA
"LPCHMCBP_00306",0,NA,NA,NA,NA,NA
"LPCHMCBP_00307",0,NA,NA,NA,NA,NA
"LPCHMCBP_00309",6.26425886117718,-1.8373191927155,2.74707737138152,-0.668826881927793,0.503605916585,NA
"LPCHMCBP_00310",0,NA,NA,NA,NA,NA
"LPCHMCBP_00311",0,NA,NA,NA,NA,NA
"LPCHMCBP_00312",0,NA,NA,NA,NA,NA
"LPCHMCBP_00313",0,NA,NA,NA,NA,NA
"LPCHMCBP_00314",30.2737434625558,-6.07582813705867,3.30920604706978,-1.83603802562813,NA,NA
"LPCHMCBP_00315",0,NA,NA,NA,NA,NA
"LPCHMCBP_00318",0,NA,NA,NA,NA,NA
"LPCHMCBP_00319",0,NA,NA,NA,NA,NA
"LPCHMCBP_00320",0,NA,NA,NA,NA,NA
"LPCHMCBP_00321",0.241334179803512,0.817653204869526,4.0804728567969,0.200381973747858,0.841181856452921,NA
"LPCHMCBP_00322",0.161541011820346,-1.10590014677296,4.0804728567969,-0.271022547039089,0.786373690995412,NA
"LPCHMCBP_00323",0,NA,NA,NA,NA,NA
"LPCHMCBP_00324",0,NA,NA,NA,NA,NA
"LPCHMCBP_00325",0,NA,NA,NA,NA,NA
"LPCHMCBP_00326",0,NA,NA,NA,NA,NA
"LPCHMCBP_00327",5.55068613548077,5.96398300007146,3.86680596240316,1.54235383364438,0.122987633712699,NA
"LPCHMCBP_00328",0,NA,NA,NA,NA,NA
"LPCHMCBP_00330",0,NA,NA,NA,NA,NA
"LPCHMCBP_00331",0,NA,NA,NA,NA,NA
"LPCHMCBP_00333",10.6137303090329,6.90690744261297,3.26956089658332,2.11248778079976,0.0346446329352657,NA
"LPCHMCBP_00334",0.170559114763339,-1.10590014677296,4.0804728567969,-0.271022547039089,0.786373690995412,NA
"LPCHMCBP_00335",0,NA,NA,NA,NA,NA
"LPCHMCBP_00339",0,NA,NA,NA,NA,NA
"LPCHMCBP_00340",0,NA,NA,NA,NA,NA
"LPCHMCBP_00341",0,NA,NA,NA,NA,NA
"LPCHMCBP_00343",3.9627394421187,2.96409246865073,3.64345747313831,0.813538374059187,0.41590945418099,NA
"LPCHMCBP_00345",0,NA,NA,NA,NA,NA
"LPCHMCBP_00346",0,NA,NA,NA,NA,NA
"LPCHMCBP_00347",0,NA,NA,NA,NA,NA
"LPCHMCBP_00349",0,NA,NA,NA,NA,NA
"LPCHMCBP_00350",0,NA,NA,NA,NA,NA
"LPCHMCBP_00352",0,NA,NA,NA,NA,NA
"LPCHMCBP_00353",0,NA,NA,NA,NA,NA
"LPCHMCBP_00355",0,NA,NA,NA,NA,NA
"LPCHMCBP_00357",0,NA,NA,NA,NA,NA
"LPCHMCBP_00358",0,NA,NA,NA,NA,NA
"LPCHMCBP_00360",1.27769513691446,3.86743494340153,3.93854503861101,0.981945085174255,0.326126902809721,NA
"LPCHMCBP_00363",13.7717196785203,-21.6194935956959,3.63347957936074,-5.95007984041005,NA,NA
"LPCHMCBP_00364",0,NA,NA,NA,NA,NA
"LPCHMCBP_00365",25.0700108441434,0.804245476095473,3.39353020643578,0.236993757877927,NA,NA
"LPCHMCBP_00366",0,NA,NA,NA,NA,NA
"LPCHMCBP_00369",0,NA,NA,NA,NA,NA
"LPCHMCBP_00370",6.28200108982945,6.15296040143753,3.79472581157047,1.62145058878209,0.104921038763208,NA
"LPCHMCBP_00371",0,NA,NA,NA,NA,NA
"LPCHMCBP_00372",0,NA,NA,NA,NA,NA
"LPCHMCBP_00374",10.2335468858003,-6.99701155702933,3.68188082604956,-1.90039055787059,0.0573818850994144,NA
"LPCHMCBP_00375",0,NA,NA,NA,NA,NA
"LPCHMCBP_00376",0,NA,NA,NA,NA,NA
"LPCHMCBP_00378",9.03963308245697,-6.81798798230789,3.70590164143511,-1.8397649592415,0.0658027519666493,NA
"LPCHMCBP_00379",0,NA,NA,NA,NA,NA
"LPCHMCBP_00380",0,NA,NA,NA,NA,NA
"LPCHMCBP_00381",8.44516490154715,6.57836293818517,3.71838602705269,1.76914470157887,NA,NA
"LPCHMCBP_00382",0,NA,NA,NA,NA,NA
"LPCHMCBP_00383",0,NA,NA,NA,NA,NA
"LPCHMCBP_00384",0,NA,NA,NA,NA,NA
"LPCHMCBP_00385",8.68217110167585,-6.76092263207215,3.70963324519278,-1.82253128145038,0.0683744117678434,NA
"LPCHMCBP_00386",0,NA,NA,NA,NA,NA
"LPCHMCBP_00388",0,NA,NA,NA,NA,NA
"LPCHMCBP_00389",5.64315352137222,5.99855862448348,3.8302622424323,1.56609606465855,0.11732612926578,NA
"LPCHMCBP_00391",0.170559114763339,-1.10590014677296,4.0804728567969,-0.271022547039089,0.786373690995412,NA
"LPCHMCBP_00392",0,NA,NA,NA,NA,NA
"LPCHMCBP_00393",0,NA,NA,NA,NA,NA
"LPCHMCBP_00394",0,NA,NA,NA,NA,NA
"LPCHMCBP_00395",0.106474594742872,0.817653204869525,4.0804728567969,0.200381973747858,0.841181856452921,NA
"LPCHMCBP_00421",0,NA,NA,NA,NA,NA
"LPCHMCBP_00423",0,NA,NA,NA,NA,NA
"LPCHMCBP_00424",0,NA,NA,NA,NA,NA
"LPCHMCBP_00425",0,NA,NA,NA,NA,NA
"LPCHMCBP_00426",10.062987771037,-6.97275733843745,3.68491445844099,-1.89224401735162,0.0584584760905898,NA
"LPCHMCBP_00427",0,NA,NA,NA,NA,NA
"LPCHMCBP_00428",0,NA,NA,NA,NA,NA
"LPCHMCBP_00429",0,NA,NA,NA,NA,NA
"LPCHMCBP_00430",0,NA,NA,NA,NA,NA
"LPCHMCBP_00431",0,NA,NA,NA,NA,NA
"LPCHMCBP_00432",0,NA,NA,NA,NA,NA
"LPCHMCBP_00433",0,NA,NA,NA,NA,NA
"LPCHMCBP_00435",0,NA,NA,NA,NA,NA
"LPCHMCBP_00436",0,NA,NA,NA,NA,NA
"LPCHMCBP_00440",9.99146270042198,6.82064899606713,3.68386465483439,1.85149283025811,NA,NA
"LPCHMCBP_00441",0,NA,NA,NA,NA,NA
"LPCHMCBP_00442",0,NA,NA,NA,NA,NA
"LPCHMCBP_00443",0,NA,NA,NA,NA,NA
"LPCHMCBP_00444",0,NA,NA,NA,NA,NA
"LPCHMCBP_00445",5.53667892662935,5.97113623174531,3.83728108856348,1.55608517956673,0.119687838698715,NA
"LPCHMCBP_00446",0.323082023640693,-2.01115342904823,4.03705169295342,-0.498173811486895,0.618361539289361,NA
"LPCHMCBP_00447",0,NA,NA,NA,NA,NA
"LPCHMCBP_00448",0,NA,NA,NA,NA,NA
"LPCHMCBP_00449",0,NA,NA,NA,NA,NA
"LPCHMCBP_00450",0,NA,NA,NA,NA,NA
"LPCHMCBP_00451",0,NA,NA,NA,NA,NA
"LPCHMCBP_00452",0,NA,NA,NA,NA,NA
"LPCHMCBP_00453",0,NA,NA,NA,NA,NA
"LPCHMCBP_00454",0,NA,NA,NA,NA,NA
"LPCHMCBP_00455",0,NA,NA,NA,NA,NA
"LPCHMCBP_00457",0,NA,NA,NA,NA,NA
"LPCHMCBP_00459",0,NA,NA,NA,NA,NA
"LPCHMCBP_00460",10.2335468858003,-6.99701155702933,3.68188082604956,-1.90039055787059,0.0573818850994144,NA
"LPCHMCBP_00461",0,NA,NA,NA,NA,NA
"LPCHMCBP_00462",6.81437406354381,6.27008817970001,3.76979669082085,1.66324305896049,0.0962637916094505,NA
"LPCHMCBP_00463",11.2569015743804,-7.13455277000732,3.66590608085206,-1.94619082231071,0.0516318219546084,NA
"LPCHMCBP_00464",0,NA,NA,NA,NA,NA
"LPCHMCBP_00465",0,NA,NA,NA,NA,NA
"LPCHMCBP_00466",0,NA,NA,NA,NA,NA
"LPCHMCBP_00469",0,NA,NA,NA,NA,NA
"LPCHMCBP_00470",0,NA,NA,NA,NA,NA
"LPCHMCBP_00471",0,NA,NA,NA,NA,NA
"LPCHMCBP_00472",0,NA,NA,NA,NA,NA
"LPCHMCBP_00473",0,NA,NA,NA,NA,NA
"LPCHMCBP_00474",0,NA,NA,NA,NA,NA
"LPCHMCBP_00475",0,NA,NA,NA,NA,NA
"LPCHMCBP_00477",0,NA,NA,NA,NA,NA
"LPCHMCBP_00478",0,NA,NA,NA,NA,NA
"LPCHMCBP_00479",0,NA,NA,NA,NA,NA
"LPCHMCBP_00480",0,NA,NA,NA,NA,NA
"LPCHMCBP_00481",0,NA,NA,NA,NA,NA
"LPCHMCBP_00482",0,NA,NA,NA,NA,NA
"LPCHMCBP_00483",0,NA,NA,NA,NA,NA
"LPCHMCBP_00484",0,NA,NA,NA,NA,NA
"LPCHMCBP_00485",0,NA,NA,NA,NA,NA
"LPCHMCBP_00486",0.852795573816695,-3.40778660468209,3.95676535226468,-0.861255672573969,0.389097243734295,NA
"LPCHMCBP_00487",0,NA,NA,NA,NA,NA
"LPCHMCBP_00489",0.425898378971488,2.30928063015057,3.99880256375354,0.577493035310782,0.563606442143428,NA
"LPCHMCBP_00490",0,NA,NA,NA,NA,NA
"LPCHMCBP_00491",7.62870500248958,1.12898086298937,3.45433390590815,0.326830264167113,0.743796267855991,NA
"LPCHMCBP_00492",0,NA,NA,NA,NA,NA
"LPCHMCBP_00493",0,NA,NA,NA,NA,NA
"LPCHMCBP_00496",0,NA,NA,NA,NA,NA
"LPCHMCBP_00497",0,NA,NA,NA,NA,NA
"LPCHMCBP_00498",1.04784823640915,-3.71403469580704,3.94725238365662,-0.940916448916414,0.346747677485614,NA
"LPCHMCBP_00499",0,NA,NA,NA,NA,NA
"LPCHMCBP_00500",0,NA,NA,NA,NA,NA
"LPCHMCBP_00501",0,NA,NA,NA,NA,NA
"LPCHMCBP_00502",0,NA,NA,NA,NA,NA
"LPCHMCBP_00503",9.79566271634422,6.7927579896527,3.68335312561264,1.84417777986543,NA,NA
"LPCHMCBP_00504",0,NA,NA,NA,NA,NA
"LPCHMCBP_00506",0,NA,NA,NA,NA,NA
"LPCHMCBP_00507",0,NA,NA,NA,NA,NA
"LPCHMCBP_00508",0,NA,NA,NA,NA,NA
"LPCHMCBP_00510",0,NA,NA,NA,NA,NA
"LPCHMCBP_00511",0,NA,NA,NA,NA,NA
"LPCHMCBP_00512",0,NA,NA,NA,NA,NA
"LPCHMCBP_00514",0,NA,NA,NA,NA,NA
"LPCHMCBP_00516",0,NA,NA,NA,NA,NA
"LPCHMCBP_00518",5.53667892662935,5.97113623174531,3.83728108856348,1.55608517956673,0.119687838698715,NA
"LPCHMCBP_00519",0,NA,NA,NA,NA,NA
"LPCHMCBP_00520",0.212949189485744,1.48842992284013,4.04345177252307,0.368108736440143,0.712792156841894,NA
"LPCHMCBP_00521",0,NA,NA,NA,NA,NA
"LPCHMCBP_00522",0,NA,NA,NA,NA,NA
"LPCHMCBP_00523",0,NA,NA,NA,NA,NA
"LPCHMCBP_00525",0,NA,NA,NA,NA,NA
"LPCHMCBP_00527",0,NA,NA,NA,NA,NA
"LPCHMCBP_00529",0,NA,NA,NA,NA,NA
"LPCHMCBP_00530",0,NA,NA,NA,NA,NA
"LPCHMCBP_00531",0,NA,NA,NA,NA,NA
"LPCHMCBP_00533",0,NA,NA,NA,NA,NA
"LPCHMCBP_00534",0,NA,NA,NA,NA,NA
"LPCHMCBP_00535",6.11343960681355,1.58501974040294,3.49650079161114,0.45331599644014,0.650321215749926,NA
"LPCHMCBP_00536",0,NA,NA,NA,NA,NA
"LPCHMCBP_00537",0,NA,NA,NA,NA,NA
"LPCHMCBP_00538",1.17122054217159,3.74324960074567,3.94137411104021,0.949732122677831,0.342248383255538,NA
"LPCHMCBP_00539",0,NA,NA,NA,NA,NA
"LPCHMCBP_00541",0,NA,NA,NA,NA,NA
"LPCHMCBP_00542",0,NA,NA,NA,NA,NA
"LPCHMCBP_00543",0,NA,NA,NA,NA,NA
"LPCHMCBP_00544",0,NA,NA,NA,NA,NA
"LPCHMCBP_00547",0,NA,NA,NA,NA,NA
"LPCHMCBP_00548",0,NA,NA,NA,NA,NA
"LPCHMCBP_00549",0,NA,NA,NA,NA,NA
"LPCHMCBP_00551",0,NA,NA,NA,NA,NA
"LPCHMCBP_00552",0,NA,NA,NA,NA,NA
"LPCHMCBP_00553",0,NA,NA,NA,NA,NA
"LPCHMCBP_00555",0,NA,NA,NA,NA,NA
"LPCHMCBP_00556",0,NA,NA,NA,NA,NA
"LPCHMCBP_00557",0,NA,NA,NA,NA,NA
"LPCHMCBP_00558",0,NA,NA,NA,NA,NA
"LPCHMCBP_00559",0,NA,NA,NA,NA,NA
"LPCHMCBP_00560",0,NA,NA,NA,NA,NA
"LPCHMCBP_00562",0,NA,NA,NA,NA,NA
"LPCHMCBP_00563",0.320251719964647,-1.99941825338864,4.0380981557164,-0.495138596509407,0.620502290756972,NA
"LPCHMCBP_00564",0,NA,NA,NA,NA,NA
"LPCHMCBP_00566",0,NA,NA,NA,NA,NA
"LPCHMCBP_00567",0,NA,NA,NA,NA,NA
"LPCHMCBP_00568",0,NA,NA,NA,NA,NA
"LPCHMCBP_00569",0,NA,NA,NA,NA,NA
"LPCHMCBP_00570",0,NA,NA,NA,NA,NA
"LPCHMCBP_00571",0,NA,NA,NA,NA,NA
"LPCHMCBP_00572",0.851796757942976,3.28970382958256,3.95399050321258,0.831995885399751,0.405411266997765,NA
"LPCHMCBP_00573",0,NA,NA,NA,NA,NA
"LPCHMCBP_00574",19.6097312813713,-22.0981055242351,3.60228541554954,-6.1344682541941,NA,NA
"LPCHMCBP_00575",0,NA,NA,NA,NA,NA
"LPCHMCBP_00577",0.106474594742872,0.817653204869525,4.0804728567969,0.200381973747858,0.841181856452921,NA
"LPCHMCBP_00578",0,NA,NA,NA,NA,NA
"LPCHMCBP_00579",0,NA,NA,NA,NA,NA
"LPCHMCBP_00580",1.70359351588595,4.27870294426432,3.93071526953043,1.08853036937867,0.276361037163706,NA
"LPCHMCBP_00581",4.32281913687861,5.61065465976586,3.51308475766565,1.59707352563108,0.110249318729993,NA
"LPCHMCBP_00582",0,NA,NA,NA,NA,NA
"LPCHMCBP_00583",0,NA,NA,NA,NA,NA
"LPCHMCBP_00584",0,NA,NA,NA,NA,NA
"LPCHMCBP_00585",4.19139294563662,-5.71081093954422,3.91694937705907,-1.45797415023832,0.14484766828062,NA
"LPCHMCBP_00586",0,NA,NA,NA,NA,NA
"LPCHMCBP_00587",0,NA,NA,NA,NA,NA
"LPCHMCBP_00588",0.323082023640693,-2.01115342904823,4.03705169295342,-0.498173811486895,0.618361539289361,NA
"LPCHMCBP_00590",0.118945984528833,0.817653204869526,4.0804728567969,0.200381973747859,0.841181856452921,NA
"LPCHMCBP_00592",0,NA,NA,NA,NA,NA
"LPCHMCBP_00594",0,NA,NA,NA,NA,NA
"LPCHMCBP_00596",0.951567876230665,3.44191653108431,3.94931766548098,0.871521822913459,0.383469295566029,NA
"LPCHMCBP_00598",41.1435213975028,0.135548857601371,3.42649374024301,0.0395590559554788,NA,NA
"LPCHMCBP_00599",0,NA,NA,NA,NA,NA
"LPCHMCBP_00600",0,NA,NA,NA,NA,NA
"LPCHMCBP_00601",11.4955139797326,7.02353913611657,3.20240554797453,2.19320727212668,0.0282924488403754,NA
"LPCHMCBP_00602",0,NA,NA,NA,NA,NA
"LPCHMCBP_00603",5.84253073436145,-6.18870905616614,3.43348649865566,-1.80245620846019,0.0714736586045912,NA
"LPCHMCBP_00604",0,NA,NA,NA,NA,NA
"LPCHMCBP_00605",2.4933033855559,-0.656452480877593,3.79792953092026,-0.172844829145245,0.862773398750979,NA
"LPCHMCBP_00606",0,NA,NA,NA,NA,NA
"LPCHMCBP_00607",9.75838743519971,-3.16703296675825,2.97481546108477,-1.0646149343339,0.287050218791357,NA
"LPCHMCBP_00608",0,NA,NA,NA,NA,NA
"LPCHMCBP_00609",0,NA,NA,NA,NA,NA
"LPCHMCBP_00610",0,NA,NA,NA,NA,NA
"LPCHMCBP_00611",0.212949189485744,1.48842992284013,4.04345177252307,0.368108736440143,0.712792156841894,NA
"LPCHMCBP_00613",0,NA,NA,NA,NA,NA
"LPCHMCBP_00615",10.9117880813588,-1.13112239600722,3.40745685718809,-0.33195501613501,0.739923226635777,NA
"LPCHMCBP_00616",3.93956000548626,5.4814913779729,3.9172079196129,1.39933633609997,0.161712148235514,NA
"LPCHMCBP_00617",0,NA,NA,NA,NA,NA
"LPCHMCBP_00618",6.89886710267232,6.28698289785791,3.77040329949436,1.6674563431188,0.0954236983966054,NA
"LPCHMCBP_00620",0,NA,NA,NA,NA,NA
"LPCHMCBP_00621",12.2959578130162,-0.64135797483498,3.40365088723502,-0.188432361626838,0.850537733139105,NA
"LPCHMCBP_00622",0,NA,NA,NA,NA,NA
"LPCHMCBP_00632",0,NA,NA,NA,NA,NA
"LPCHMCBP_00633",0,NA,NA,NA,NA,NA
"LPCHMCBP_00634",0,NA,NA,NA,NA,NA
"LPCHMCBP_00635",0,NA,NA,NA,NA,NA
"LPCHMCBP_00636",3.17025083173887,-2.47383082913376,3.75089323963486,-0.659531122611898,0.509554767457758,NA
"LPCHMCBP_00637",0,NA,NA,NA,NA,NA
"LPCHMCBP_00638",0,NA,NA,NA,NA,NA
"LPCHMCBP_00639",0,NA,NA,NA,NA,NA
"LPCHMCBP_00640",0,NA,NA,NA,NA,NA
"LPCHMCBP_00641",0,NA,NA,NA,NA,NA
"LPCHMCBP_00642",0,NA,NA,NA,NA,NA
"LPCHMCBP_00643",9.99146270042198,6.82064899606713,3.68386465483439,1.85149283025811,NA,NA
"LPCHMCBP_00644",0,NA,NA,NA,NA,NA
"LPCHMCBP_00645",0,NA,NA,NA,NA,NA
"LPCHMCBP_00646",0,NA,NA,NA,NA,NA
"LPCHMCBP_00648",5.85610271085796,6.05188545802009,3.81700528115283,1.58550617886289,0.112851374172591,NA
"LPCHMCBP_00649",0,NA,NA,NA,NA,NA
"LPCHMCBP_00650",0,NA,NA,NA,NA,NA
"LPCHMCBP_00651",0,NA,NA,NA,NA,NA
"LPCHMCBP_00652",0,NA,NA,NA,NA,NA
"LPCHMCBP_00653",0,NA,NA,NA,NA,NA
"LPCHMCBP_00654",0,NA,NA,NA,NA,NA
"LPCHMCBP_00655",0,NA,NA,NA,NA,NA
"LPCHMCBP_00656",0,NA,NA,NA,NA,NA
"LPCHMCBP_00657",4.89783135817211,5.79464388395212,3.88655165894954,1.49094734675887,0.135975319308875,NA
"LPCHMCBP_00658",0,NA,NA,NA,NA,NA
"LPCHMCBP_00659",0,NA,NA,NA,NA,NA
"LPCHMCBP_00660",0,NA,NA,NA,NA,NA
"LPCHMCBP_00661",0,NA,NA,NA,NA,NA
"LPCHMCBP_00662",0,NA,NA,NA,NA,NA
"LPCHMCBP_00663",0.299385210402616,-1.91588442943562,4.04578977049598,-0.473550168970037,0.635820717289698,NA
"LPCHMCBP_00664",0,NA,NA,NA,NA,NA
"LPCHMCBP_00665",0.118945984528833,0.817653204869526,4.0804728567969,0.200381973747859,0.841181856452921,NA
"LPCHMCBP_00668",1.87615026239673,-4.54782507271119,3.9295329197912,-1.15734494799775,0.247131456425937,NA
"LPCHMCBP_00669",0,NA,NA,NA,NA,NA
"LPCHMCBP_00670",0,NA,NA,NA,NA,NA
"LPCHMCBP_00671",0,NA,NA,NA,NA,NA
"LPCHMCBP_00672",0,NA,NA,NA,NA,NA
"LPCHMCBP_00673",0,NA,NA,NA,NA,NA
"LPCHMCBP_00674",22.9529076600271,0.521219642243851,3.39013925492229,0.1537457912642,NA,NA
"LPCHMCBP_00675",0,NA,NA,NA,NA,NA
"LPCHMCBP_00677",0,NA,NA,NA,NA,NA
"LPCHMCBP_00678",0,NA,NA,NA,NA,NA
"LPCHMCBP_00679",0,NA,NA,NA,NA,NA
"LPCHMCBP_00681",0,NA,NA,NA,NA,NA
"LPCHMCBP_00682",0,NA,NA,NA,NA,NA
"LPCHMCBP_00683",0,NA,NA,NA,NA,NA
"LPCHMCBP_00685",0,NA,NA,NA,NA,NA
"LPCHMCBP_00687",0,NA,NA,NA,NA,NA
"LPCHMCBP_00688",0,NA,NA,NA,NA,NA
"LPCHMCBP_00689",0,NA,NA,NA,NA,NA
"LPCHMCBP_00690",0,NA,NA,NA,NA,NA
"LPCHMCBP_00691",0,NA,NA,NA,NA,NA
"LPCHMCBP_00694",0,NA,NA,NA,NA,NA
"LPCHMCBP_00695",0,NA,NA,NA,NA,NA
"LPCHMCBP_00696",0.898155631207847,-3.49232143556731,3.95393707787031,-0.883251646849261,0.37710032252062,NA
"LPCHMCBP_00697",0,NA,NA,NA,NA,NA
"LPCHMCBP_00698",0,NA,NA,NA,NA,NA
"LPCHMCBP_00699",0,NA,NA,NA,NA,NA
"LPCHMCBP_00700",1.62112629351155,0.16651417413104,3.83144349292996,0.0434599060219219,0.965334924668948,NA
"LPCHMCBP_00701",0,NA,NA,NA,NA,NA
"LPCHMCBP_00702",0,NA,NA,NA,NA,NA
"LPCHMCBP_00703",0,NA,NA,NA,NA,NA
"LPCHMCBP_00704",0,NA,NA,NA,NA,NA
"LPCHMCBP_00705",0,NA,NA,NA,NA,NA
"LPCHMCBP_00706",0,NA,NA,NA,NA,NA
"LPCHMCBP_00707",0,NA,NA,NA,NA,NA
"LPCHMCBP_00708",0,NA,NA,NA,NA,NA
"LPCHMCBP_00709",0,NA,NA,NA,NA,NA
"LPCHMCBP_00710",0,NA,NA,NA,NA,NA
"LPCHMCBP_00711",0.851796757942976,3.28970382958256,3.95399050321258,0.831995885399751,0.405411266997765,NA
"LPCHMCBP_00712",0,NA,NA,NA,NA,NA
"LPCHMCBP_00713",0,NA,NA,NA,NA,NA
"LPCHMCBP_00714",0,NA,NA,NA,NA,NA
"LPCHMCBP_00715",0,NA,NA,NA,NA,NA
"LPCHMCBP_00716",0,NA,NA,NA,NA,NA
"LPCHMCBP_00717",0,NA,NA,NA,NA,NA
"LPCHMCBP_00718",0,NA,NA,NA,NA,NA
"LPCHMCBP_00719",0,NA,NA,NA,NA,NA
"LPCHMCBP_00720",0,NA,NA,NA,NA,NA
"LPCHMCBP_00721",0,NA,NA,NA,NA,NA
"LPCHMCBP_00722",0,NA,NA,NA,NA,NA
"LPCHMCBP_00723",0,NA,NA,NA,NA,NA
"LPCHMCBP_00724",0,NA,NA,NA,NA,NA
"LPCHMCBP_00725",0,NA,NA,NA,NA,NA
"LPCHMCBP_00726",0,NA,NA,NA,NA,NA
"LPCHMCBP_00727",0.237891969057666,1.59448104934934,4.03771515851918,0.394896862891663,0.692919005287478,NA
"LPCHMCBP_00728",0,NA,NA,NA,NA,NA
"LPCHMCBP_00729",0,NA,NA,NA,NA,NA
"LPCHMCBP_00730",0,NA,NA,NA,NA,NA
"LPCHMCBP_00731",0,NA,NA,NA,NA,NA
"LPCHMCBP_00732",0,NA,NA,NA,NA,NA
"LPCHMCBP_00733",0.118945984528833,0.817653204869526,4.0804728567969,0.200381973747859,0.841181856452921,NA
"LPCHMCBP_00734",0,NA,NA,NA,NA,NA
"LPCHMCBP_00735",0,NA,NA,NA,NA,NA
"LPCHMCBP_00736",0,NA,NA,NA,NA,NA
"LPCHMCBP_00737",0,NA,NA,NA,NA,NA
"LPCHMCBP_00738",0,NA,NA,NA,NA,NA
"LPCHMCBP_00740",0,NA,NA,NA,NA,NA
"LPCHMCBP_00741",0,NA,NA,NA,NA,NA
"LPCHMCBP_00742",0,NA,NA,NA,NA,NA
"LPCHMCBP_00743",0,NA,NA,NA,NA,NA
"LPCHMCBP_00744",0,NA,NA,NA,NA,NA
"LPCHMCBP_00745",0,NA,NA,NA,NA,NA
"LPCHMCBP_00746",0,NA,NA,NA,NA,NA
"LPCHMCBP_00747",4.87678536568216,5.78732923312258,3.89242108965363,1.48681992513754,0.137062377540435,NA
"LPCHMCBP_00748",0,NA,NA,NA,NA,NA
"LPCHMCBP_00749",0,NA,NA,NA,NA,NA
"LPCHMCBP_00750",0,NA,NA,NA,NA,NA
"LPCHMCBP_00751",0,NA,NA,NA,NA,NA
"LPCHMCBP_00752",0,NA,NA,NA,NA,NA
"LPCHMCBP_00753",0,NA,NA,NA,NA,NA
"LPCHMCBP_00754",0,NA,NA,NA,NA,NA
"LPCHMCBP_00755",0.212949189485744,1.48842992284013,4.04345177252307,0.368108736440143,0.712792156841894,NA
"LPCHMCBP_00756",0,NA,NA,NA,NA,NA
"LPCHMCBP_00757",3.19423784228616,5.18013946064908,3.91962593868615,1.32159025929537,0.186304628721894,NA
"LPCHMCBP_00758",57.1825690323348,-2.27433174018863,2.50907918022781,-0.906440800318676,NA,NA
"LPCHMCBP_00760",0,NA,NA,NA,NA,NA
"LPCHMCBP_00761",0.299385210402616,-1.91588442943562,4.04578977049598,-0.473550168970037,0.635820717289698,NA
"LPCHMCBP_00763",0,NA,NA,NA,NA,NA
"LPCHMCBP_00765",23.77285646175,-1.34357665574394,3.38019457583062,-0.397485004369544,NA,NA
"LPCHMCBP_00767",0,NA,NA,NA,NA,NA
"LPCHMCBP_00768",0,NA,NA,NA,NA,NA
"LPCHMCBP_00770",0,NA,NA,NA,NA,NA
"LPCHMCBP_00771",0,NA,NA,NA,NA,NA
"LPCHMCBP_00772",0,NA,NA,NA,NA,NA
"LPCHMCBP_00773",0,NA,NA,NA,NA,NA
"LPCHMCBP_00776",0,NA,NA,NA,NA,NA
"LPCHMCBP_00779",0,NA,NA,NA,NA,NA
"LPCHMCBP_00780",0,NA,NA,NA,NA,NA
"LPCHMCBP_00781",0,NA,NA,NA,NA,NA
"LPCHMCBP_00782",0,NA,NA,NA,NA,NA
"LPCHMCBP_00783",0.609133836089897,-1.68262475159551,3.99125997211356,-0.421577337319994,0.673333550883358,NA
"LPCHMCBP_00784",0,NA,NA,NA,NA,NA
"LPCHMCBP_00785",0.319423784228616,1.93159988473103,4.02183885055739,0.480277792448927,0.631029877700129,NA
"LPCHMCBP_00786",0,NA,NA,NA,NA,NA
"LPCHMCBP_00788",0.25616719994418,-0.144119467344105,4.0804728567969,-0.0353193054829524,0.971825129384696,NA
"LPCHMCBP_00790",9.03963308245697,-6.81798798230789,3.70590164143511,-1.8397649592415,0.0658027519666493,NA
"LPCHMCBP_00791",0,NA,NA,NA,NA,NA
"LPCHMCBP_00792",0,NA,NA,NA,NA,NA
"LPCHMCBP_00793",0,NA,NA,NA,NA,NA
"LPCHMCBP_00795",0,NA,NA,NA,NA,NA
"LPCHMCBP_00796",0,NA,NA,NA,NA,NA
"LPCHMCBP_00797",6.88705323624755,1.19554679963678,3.46916590303908,0.344620820407997,0.730379451199228,NA
"LPCHMCBP_00798",0,NA,NA,NA,NA,NA
"LPCHMCBP_00799",0,NA,NA,NA,NA,NA
"LPCHMCBP_00800",0,NA,NA,NA,NA,NA
"LPCHMCBP_00801",0,NA,NA,NA,NA,NA
"LPCHMCBP_00802",0,NA,NA,NA,NA,NA
"LPCHMCBP_00803",0,NA,NA,NA,NA,NA
"LPCHMCBP_00804",10.1790971536889,-6.99032297318231,3.67790598714753,-1.90062579022141,0.0573510449699651,NA
"LPCHMCBP_00805",0,NA,NA,NA,NA,NA
"LPCHMCBP_00807",0,NA,NA,NA,NA,NA
"LPCHMCBP_00808",0.362641794687052,0.526656007083807,4.04345139435996,0.130249125244443,0.896369329255232,NA
"LPCHMCBP_00809",0,NA,NA,NA,NA,NA
"LPCHMCBP_00810",0,NA,NA,NA,NA,NA
"LPCHMCBP_00811",0,NA,NA,NA,NA,NA
"LPCHMCBP_00812",0,NA,NA,NA,NA,NA
"LPCHMCBP_00813",6.89952903449711,6.28767232484777,3.38532613032344,1.85733134203145,0.06326402795094,NA
"LPCHMCBP_00814",0,NA,NA,NA,NA,NA
"LPCHMCBP_00815",0,NA,NA,NA,NA,NA
"LPCHMCBP_00817",0,NA,NA,NA,NA,NA
"LPCHMCBP_00818",0,NA,NA,NA,NA,NA
"LPCHMCBP_00819",0,NA,NA,NA,NA,NA
"LPCHMCBP_00821",0,NA,NA,NA,NA,NA
"LPCHMCBP_00822",0.241334179803512,0.817653204869526,4.0804728567969,0.200381973747858,0.841181856452921,NA
"LPCHMCBP_00823",0,NA,NA,NA,NA,NA
"LPCHMCBP_00826",0.724002539410535,2.98252415572406,3.96501672824728,0.752209728265756,0.451924944252822,NA
"LPCHMCBP_00827",0,NA,NA,NA,NA,NA
"LPCHMCBP_00828",0,NA,NA,NA,NA,NA
"LPCHMCBP_00829",0,NA,NA,NA,NA,NA
"LPCHMCBP_00830",0,NA,NA,NA,NA,NA
"LPCHMCBP_00831",0,NA,NA,NA,NA,NA
"LPCHMCBP_00832",0,NA,NA,NA,NA,NA
"LPCHMCBP_00833",11.3702374135286,-0.785098510542457,2.11487245578505,-0.371227356238382,0.710468199236271,NA
"LPCHMCBP_00834",0,NA,NA,NA,NA,NA
"LPCHMCBP_00836",0,NA,NA,NA,NA,NA
"LPCHMCBP_00837",0,NA,NA,NA,NA,NA
"LPCHMCBP_00838",19.9080340207013,-0.372731059430821,3.02675515784894,-0.123145428021907,NA,NA
"LPCHMCBP_00839",0,NA,NA,NA,NA,NA
"LPCHMCBP_00840",0,NA,NA,NA,NA,NA
"LPCHMCBP_00841",0,NA,NA,NA,NA,NA
"LPCHMCBP_00842",0,NA,NA,NA,NA,NA
"LPCHMCBP_00843",0.341118229526678,-2.07952118119472,4.03111628557248,-0.515867326536178,0.60594707560757,NA
"LPCHMCBP_00844",0,NA,NA,NA,NA,NA
"LPCHMCBP_00846",0,NA,NA,NA,NA,NA
"LPCHMCBP_00847",0,NA,NA,NA,NA,NA
"LPCHMCBP_00848",0,NA,NA,NA,NA,NA
"LPCHMCBP_00849",0,NA,NA,NA,NA,NA
"LPCHMCBP_00850",0,NA,NA,NA,NA,NA
"LPCHMCBP_00851",10.5001657683225,-7.03455192329118,3.67531759357927,-1.9139983808693,0.0556203626348744,NA
"LPCHMCBP_00853",0,NA,NA,NA,NA,NA
"LPCHMCBP_00855",5.2456401327185,5.89371711308193,3.51645926349494,1.67603736356789,0.0937308742569436,NA
"LPCHMCBP_00856",0,NA,NA,NA,NA,NA
"LPCHMCBP_00858",0,NA,NA,NA,NA,NA
"LPCHMCBP_00859",0,NA,NA,NA,NA,NA
"LPCHMCBP_00860",0,NA,NA,NA,NA,NA
"LPCHMCBP_00861",0,NA,NA,NA,NA,NA
"LPCHMCBP_00863",0,NA,NA,NA,NA,NA
"LPCHMCBP_00864",0,NA,NA,NA,NA,NA
"LPCHMCBP_00865",83.2199350242615,0.691237347915622,2.70044877881042,0.255971286454143,NA,NA
"LPCHMCBP_00867",0,NA,NA,NA,NA,NA
"LPCHMCBP_00868",3.83308541074339,5.44210681908884,3.91749617480209,1.38917986802215,0.164778061922881,NA
"LPCHMCBP_00870",0,NA,NA,NA,NA,NA
"LPCHMCBP_00872",0,NA,NA,NA,NA,NA
"LPCHMCBP_00873",0,NA,NA,NA,NA,NA
"LPCHMCBP_00874",0,NA,NA,NA,NA,NA
"LPCHMCBP_00875",4.69581621339246,-5.87342914789421,3.46080378923653,-1.69712861681474,0.0896723470119697,NA
"LPCHMCBP_00876",0,NA,NA,NA,NA,NA
"LPCHMCBP_00877",0,NA,NA,NA,NA,NA
"LPCHMCBP_00878",0,NA,NA,NA,NA,NA
"LPCHMCBP_00879",0,NA,NA,NA,NA,NA
"LPCHMCBP_00880",0,NA,NA,NA,NA,NA
"LPCHMCBP_00882",0,NA,NA,NA,NA,NA
"LPCHMCBP_00883",0,NA,NA,NA,NA,NA
"LPCHMCBP_00884",0,NA,NA,NA,NA,NA
"LPCHMCBP_00885",0,NA,NA,NA,NA,NA
"LPCHMCBP_00888",0,NA,NA,NA,NA,NA
"LPCHMCBP_00890",1.30840582981716,3.89740134965207,3.93789744135695,0.989716316306367,0.32231279760748,NA
"LPCHMCBP_00892",0,NA,NA,NA,NA,NA
"LPCHMCBP_00893",0,NA,NA,NA,NA,NA
"LPCHMCBP_00894",0,NA,NA,NA,NA,NA
"LPCHMCBP_00895",0,NA,NA,NA,NA,NA
"LPCHMCBP_00896",0,NA,NA,NA,NA,NA
"LPCHMCBP_00897",0,NA,NA,NA,NA,NA
"LPCHMCBP_00898",0,NA,NA,NA,NA,NA
"LPCHMCBP_00899",0,NA,NA,NA,NA,NA
"LPCHMCBP_00900",0,NA,NA,NA,NA,NA
"LPCHMCBP_00901",0,NA,NA,NA,NA,NA
"LPCHMCBP_00902",0,NA,NA,NA,NA,NA
"LPCHMCBP_00904",0,NA,NA,NA,NA,NA
"LPCHMCBP_00905",0,NA,NA,NA,NA,NA
"LPCHMCBP_00906",0,NA,NA,NA,NA,NA
"LPCHMCBP_00907",0,NA,NA,NA,NA,NA
"LPCHMCBP_00909",0,NA,NA,NA,NA,NA
"LPCHMCBP_00910",0,NA,NA,NA,NA,NA
"LPCHMCBP_00911",0,NA,NA,NA,NA,NA
"LPCHMCBP_00912",0,NA,NA,NA,NA,NA
"LPCHMCBP_00913",0,NA,NA,NA,NA,NA
"LPCHMCBP_00914",0,NA,NA,NA,NA,NA
"LPCHMCBP_00915",0,NA,NA,NA,NA,NA
"LPCHMCBP_00916",13.1371035178098,-0.755181046506446,3.01331659722942,-0.250614571067904,0.802112115098166,NA
"LPCHMCBP_00917",0,NA,NA,NA,NA,NA
"LPCHMCBP_00918",0,NA,NA,NA,NA,NA
"LPCHMCBP_00920",0,NA,NA,NA,NA,NA
"LPCHMCBP_00921",0,NA,NA,NA,NA,NA
"LPCHMCBP_00922",0,NA,NA,NA,NA,NA
"LPCHMCBP_00923",0.425898378971488,2.30928063015057,3.99880256375354,0.577493035310782,0.563606442143428,NA
"LPCHMCBP_00924",0,NA,NA,NA,NA,NA
"LPCHMCBP_00925",0,NA,NA,NA,NA,NA
"LPCHMCBP_00926",3.08776324754329,5.13144931658254,3.92006586663881,1.30902119789697,0.190527170326571,NA
"LPCHMCBP_00927",8.68217110167585,-6.76092263207215,3.70963324519278,-1.82253128145038,0.0683744117678434,NA
"LPCHMCBP_00928",0,NA,NA,NA,NA,NA
"LPCHMCBP_00929",0,NA,NA,NA,NA,NA
"LPCHMCBP_00930",0,NA,NA,NA,NA,NA
"LPCHMCBP_00933",2.55539027382893,4.85978902315546,3.92280997797345,1.23885404861391,0.215399553612916,NA
"LPCHMCBP_00936",0,NA,NA,NA,NA,NA
"LPCHMCBP_00937",0,NA,NA,NA,NA,NA
"LPCHMCBP_00939",0,NA,NA,NA,NA,NA
"LPCHMCBP_00940",0.106474594742872,0.817653204869525,4.0804728567969,0.200381973747858,0.841181856452921,NA
"LPCHMCBP_00941",0,NA,NA,NA,NA,NA
"LPCHMCBP_00942",0,NA,NA,NA,NA,NA
"LPCHMCBP_00944",0,NA,NA,NA,NA,NA
"LPCHMCBP_00945",13.7717196785203,-21.6194935956959,3.63347957936074,-5.95007984041005,NA,NA
"LPCHMCBP_00946",0,NA,NA,NA,NA,NA
"LPCHMCBP_00947",0,NA,NA,NA,NA,NA
"LPCHMCBP_00948",0,NA,NA,NA,NA,NA
"LPCHMCBP_00950",0.106474594742872,0.817653204869525,4.0804728567969,0.200381973747858,0.841181856452921,NA
"LPCHMCBP_00951",0,NA,NA,NA,NA,NA
"LPCHMCBP_00952",0,NA,NA,NA,NA,NA
"LPCHMCBP_00953",0,NA,NA,NA,NA,NA
"LPCHMCBP_00954",0,NA,NA,NA,NA,NA
"LPCHMCBP_00955",3.62013622125765,5.3599601157263,3.91812316697541,1.36799173668242,0.171314662666641,NA
"LPCHMCBP_00956",0.118945984528833,0.817653204869526,4.0804728567969,0.200381973747859,0.841181856452921,NA
"LPCHMCBP_00957",0,NA,NA,NA,NA,NA
"LPCHMCBP_00958",12.8834259638875,7.18752026769774,3.64008196793895,1.97454901592982,NA,NA
"LPCHMCBP_00959",0,NA,NA,NA,NA,NA
"LPCHMCBP_00960",0,NA,NA,NA,NA,NA
"LPCHMCBP_00964",21.8315666897074,-22.2443535939382,3.60115150023818,-6.17701132331338,NA,NA
"LPCHMCBP_00965",13.4533035567418,-7.39171681535857,3.33867032408596,-2.21397026296157,NA,NA
"LPCHMCBP_00966",0,NA,NA,NA,NA,NA
"LPCHMCBP_00967",0,NA,NA,NA,NA,NA
"LPCHMCBP_00968",0,NA,NA,NA,NA,NA
"LPCHMCBP_00969",0,NA,NA,NA,NA,NA
"LPCHMCBP_00972",0,NA,NA,NA,NA,NA
"LPCHMCBP_00973",0,NA,NA,NA,NA,NA
"LPCHMCBP_00974",0,NA,NA,NA,NA,NA
"LPCHMCBP_00976",0,NA,NA,NA,NA,NA
"LPCHMCBP_00977",0.106474594742872,0.817653204869525,4.0804728567969,0.200381973747858,0.841181856452921,NA
"LPCHMCBP_00979",0,NA,NA,NA,NA,NA
"LPCHMCBP_00981",4.47193297920062,5.66373313921176,3.91597137229267,1.44631627781687,0.148088512186087,NA
"LPCHMCBP_00983",0,NA,NA,NA,NA,NA
"LPCHMCBP_00984",0,NA,NA,NA,NA,NA
"LPCHMCBP_00986",0,NA,NA,NA,NA,NA
"LPCHMCBP_00987",0,NA,NA,NA,NA,NA
"LPCHMCBP_00988",0,NA,NA,NA,NA,NA
"LPCHMCBP_00989",0,NA,NA,NA,NA,NA
"LPCHMCBP_00993",0,NA,NA,NA,NA,NA
"LPCHMCBP_00998",0,NA,NA,NA,NA,NA
"LPCHMCBP_00999",0,NA,NA,NA,NA,NA
"LPCHMCBP_01000",0,NA,NA,NA,NA,NA
"LPCHMCBP_01001",0,NA,NA,NA,NA,NA
"LPCHMCBP_01002",0,NA,NA,NA,NA,NA
"LPCHMCBP_01003",0,NA,NA,NA,NA,NA
"LPCHMCBP_01004",0,NA,NA,NA,NA,NA
"LPCHMCBP_01006",0,NA,NA,NA,NA,NA
"LPCHMCBP_01007",0,NA,NA,NA,NA,NA
"LPCHMCBP_01008",0,NA,NA,NA,NA,NA
"LPCHMCBP_01009",12.2802562629604,-7.26011550790716,3.65304316420207,-1.98741574669923,NA,NA
"LPCHMCBP_01010",0,NA,NA,NA,NA,NA
"LPCHMCBP_01011",11.4664623900412,-7.16167098310476,3.21312164632623,-2.22888261678271,0.0258217160185894,NA
"LPCHMCBP_01012",7.07690434293191,6.32037744923809,3.33157939717727,1.89711145848517,0.0578132292242823,NA
"LPCHMCBP_01015",3.93956000548626,5.4814913779729,3.9172079196129,1.39933633609997,0.161712148235514,NA
"LPCHMCBP_01016",0.106474594742872,0.817653204869525,4.0804728567969,0.200381973747858,0.841181856452921,NA
"LPCHMCBP_01017",0,NA,NA,NA,NA,NA
"LPCHMCBP_01018",30.1148906343534,-1.31395265508459,3.39375306796591,-0.387168019820641,NA,NA
"LPCHMCBP_01019",0,NA,NA,NA,NA,NA
"LPCHMCBP_01020",0.212949189485744,1.48842992284013,4.04345177252307,0.368108736440143,0.712792156841894,NA
"LPCHMCBP_01021",0,NA,NA,NA,NA,NA
"LPCHMCBP_01023",0,NA,NA,NA,NA,NA
"LPCHMCBP_01024",0,NA,NA,NA,NA,NA
"LPCHMCBP_01025",0,NA,NA,NA,NA,NA
"LPCHMCBP_01026",5.80334708076721,-0.482075296549407,2.59390488209387,-0.185849257571952,0.852562975414508,NA
"LPCHMCBP_01028",0.241334179803512,0.817653204869526,4.0804728567969,0.200381973747858,0.841181856452921,NA
"LPCHMCBP_01029",0,NA,NA,NA,NA,NA
"LPCHMCBP_01030",12.8459045873796,-1.24234026126669,3.39769634892277,-0.365641933147019,0.714632280493656,NA
"LPCHMCBP_01031",0,NA,NA,NA,NA,NA
"LPCHMCBP_01033",0,NA,NA,NA,NA,NA
"LPCHMCBP_01034",8.7309167689155,6.62700780343117,3.70676402562627,1.78781485889475,NA,NA
"LPCHMCBP_01035",7.6343228652667,-6.57543929721385,3.74026434378941,-1.75801459277395,0.0787450263875796,NA
"LPCHMCBP_01037",0,NA,NA,NA,NA,NA
"LPCHMCBP_01038",0,NA,NA,NA,NA,NA
"LPCHMCBP_01039",8.1700024742107,3.65323764043627,2.99597516424134,1.21938181732603,0.222699307864895,NA
"LPCHMCBP_01040",0,NA,NA,NA,NA,NA
"LPCHMCBP_01042",0,NA,NA,NA,NA,NA
"LPCHMCBP_01043",0,NA,NA,NA,NA,NA
"LPCHMCBP_01044",0,NA,NA,NA,NA,NA
"LPCHMCBP_01046",0,NA,NA,NA,NA,NA
"LPCHMCBP_01047",0,NA,NA,NA,NA,NA
"LPCHMCBP_01048",0,NA,NA,NA,NA,NA
"LPCHMCBP_01049",0,NA,NA,NA,NA,NA
"LPCHMCBP_01050",0,NA,NA,NA,NA,NA
"LPCHMCBP_01051",0,NA,NA,NA,NA,NA
"LPCHMCBP_01053",4.57897751989559,-4.02156523060791,3.60178756521896,-1.11654703610023,0.264188048232955,NA
"LPCHMCBP_01054",16.4771832056753,-21.8590446245217,3.61810947878177,-6.04156528505092,NA,NA
"LPCHMCBP_01056",4.04603460022914,5.51982825095879,3.91693474491046,1.40922139643278,0.158769712859301,NA
"LPCHMCBP_01057",0,NA,NA,NA,NA,NA
"LPCHMCBP_01058",0,NA,NA,NA,NA,NA
"LPCHMCBP_01059",6.77759884352672,1.87749582577672,3.46683918180552,0.541558384256787,0.588122767051833,NA
"LPCHMCBP_01060",0,NA,NA,NA,NA,NA
"LPCHMCBP_01061",9.70169585939546,-3.39111223438724,3.38833694363786,-1.00081907165537,0.316914287472056,NA
"LPCHMCBP_01062",2.49261157405681,-0.570676509148317,3.49249337729824,-0.163400885126313,0.87020280602017,NA
"LPCHMCBP_01063",5.38893378724708,-6.07316486987105,3.84918540110298,-1.57777925379505,0.114616331535831,NA
"LPCHMCBP_01064",0,NA,NA,NA,NA,NA
"LPCHMCBP_01065",4.2069765454595,-2.44171749816156,3.21031070197304,-0.760586038186549,0.446904361608455,NA
"LPCHMCBP_01066",0,NA,NA,NA,NA,NA
"LPCHMCBP_01067",0,NA,NA,NA,NA,NA
"LPCHMCBP_01069",0,NA,NA,NA,NA,NA
"LPCHMCBP_01070",0,NA,NA,NA,NA,NA
"LPCHMCBP_01071",20.3541674893636,-22.1472877569938,3.6028875827067,-6.14709375427015,NA,NA
"LPCHMCBP_01072",0,NA,NA,NA,NA,NA
"LPCHMCBP_01073",0,NA,NA,NA,NA,NA
"LPCHMCBP_01074",0,NA,NA,NA,NA,NA
"LPCHMCBP_01075",0,NA,NA,NA,NA,NA
"LPCHMCBP_01077",0,NA,NA,NA,NA,NA
"LPCHMCBP_01078",13.799307241851,6.3477570736825,3.39016298657181,1.87240468933957,NA,NA
"LPCHMCBP_01080",0,NA,NA,NA,NA,NA
"LPCHMCBP_01082",0,NA,NA,NA,NA,NA
"LPCHMCBP_01083",0,NA,NA,NA,NA,NA
"LPCHMCBP_01085",0,NA,NA,NA,NA,NA
"LPCHMCBP_01086",32.13855006089,-8.64870809472833,3.22518644238787,-2.68161492342284,NA,NA
"LPCHMCBP_01087",6.20221501975324,-1.51197724830191,3.49321508371668,-0.432832566007706,0.66513641271172,NA
"LPCHMCBP_01089",0,NA,NA,NA,NA,NA
"LPCHMCBP_01090",0,NA,NA,NA,NA,NA
"LPCHMCBP_01092",0,NA,NA,NA,NA,NA
"LPCHMCBP_01094",0,NA,NA,NA,NA,NA
"LPCHMCBP_01095",0,NA,NA,NA,NA,NA
"LPCHMCBP_01096",0,NA,NA,NA,NA,NA
"LPCHMCBP_01097",0,NA,NA,NA,NA,NA
"LPCHMCBP_01098",0,NA,NA,NA,NA,NA
"LPCHMCBP_01099",0,NA,NA,NA,NA,NA
"LPCHMCBP_01100",0,NA,NA,NA,NA,NA
"LPCHMCBP_01102",0,NA,NA,NA,NA,NA
"LPCHMCBP_01103",0,NA,NA,NA,NA,NA
"LPCHMCBP_01104",0,NA,NA,NA,NA,NA
"LPCHMCBP_01105",0,NA,NA,NA,NA,NA
"LPCHMCBP_01106",0,NA,NA,NA,NA,NA
"LPCHMCBP_01107",7.96938096343182,6.4948107081519,3.73205456946588,1.74027753004732,0.0818102976275039,NA
"LPCHMCBP_01110",0,NA,NA,NA,NA,NA
"LPCHMCBP_01112",10.574665115327,-7.04433059166118,3.67615271801332,-1.91622359896629,0.0553366407848827,NA
"LPCHMCBP_01113",0,NA,NA,NA,NA,NA
"LPCHMCBP_01114",0,NA,NA,NA,NA,NA
"LPCHMCBP_01116",0.341118229526678,-2.07952118119472,4.03111628557248,-0.515867326536178,0.60594707560757,NA
"LPCHMCBP_01118",0,NA,NA,NA,NA,NA
"LPCHMCBP_01119",0,NA,NA,NA,NA,NA
"LPCHMCBP_01120",0,NA,NA,NA,NA,NA
"LPCHMCBP_01121",0.161541011820346,-1.10590014677296,4.0804728567969,-0.271022547039089,0.786373690995412,NA
"LPCHMCBP_01123",4.16310945850916,5.55955959775903,3.91665914593187,1.41946475059838,0.15576356650584,NA
"LPCHMCBP_01124",0,NA,NA,NA,NA,NA
"LPCHMCBP_01125",18.3913977971032,0.257638683673492,3.38905127549829,0.0760208868883553,NA,NA
"LPCHMCBP_01126",0,NA,NA,NA,NA,NA
"LPCHMCBP_01127",0,NA,NA,NA,NA,NA
"LPCHMCBP_01128",0,NA,NA,NA,NA,NA
"LPCHMCBP_01130",0,NA,NA,NA,NA,NA
"LPCHMCBP_01131",0,NA,NA,NA,NA,NA
"LPCHMCBP_01132",0,NA,NA,NA,NA,NA
"LPCHMCBP_01133",0,NA,NA,NA,NA,NA
"LPCHMCBP_01134",0,NA,NA,NA,NA,NA
"LPCHMCBP_01135",0,NA,NA,NA,NA,NA
"LPCHMCBP_01136",0,NA,NA,NA,NA,NA
"LPCHMCBP_01137",5.08954857684447,-5.99074277834813,3.87274708176113,-1.54689749985528,0.12188796404138,NA
"LPCHMCBP_01138",9.56373321845363,1.42925033913934,2.39580231340311,0.596564387280003,0.550798253896801,NA
"LPCHMCBP_01139",0,NA,NA,NA,NA,NA
"LPCHMCBP_01140",0,NA,NA,NA,NA,NA
"LPCHMCBP_01141",12.600198921987,-7.29758994071797,3.64749083015876,-2.00071508895345,NA,NA
"LPCHMCBP_01142",11.7842270710585,7.05937970353616,3.19096694004199,2.21230111003383,0.0269458664650229,NA
"LPCHMCBP_01143",7.32240726968947,0.409706715353041,2.53753496201211,0.161458549926015,0.871732255339223,NA
"LPCHMCBP_01144",0,NA,NA,NA,NA,NA
"LPCHMCBP_01145",0,NA,NA,NA,NA,NA
"LPCHMCBP_01146",3.892007735234,-5.60398244317802,3.91773103951891,-1.43041530586188,0.152597857902473,NA
"LPCHMCBP_01147",0,NA,NA,NA,NA,NA
"LPCHMCBP_01148",0,NA,NA,NA,NA,NA
"LPCHMCBP_01149",0,NA,NA,NA,NA,NA
"LPCHMCBP_01150",0,NA,NA,NA,NA,NA
"LPCHMCBP_01151",0,NA,NA,NA,NA,NA
"LPCHMCBP_01152",0,NA,NA,NA,NA,NA
"LPCHMCBP_01153",0,NA,NA,NA,NA,NA
"LPCHMCBP_01154",0,NA,NA,NA,NA,NA
"LPCHMCBP_01155",0,NA,NA,NA,NA,NA
"LPCHMCBP_01156",0,NA,NA,NA,NA,NA
"LPCHMCBP_01157",0.106474594742872,0.817653204869525,4.0804728567969,0.200381973747858,0.841181856452921,NA
"LPCHMCBP_01158",0,NA,NA,NA,NA,NA
"LPCHMCBP_01159",0,NA,NA,NA,NA,NA
"LPCHMCBP_01161",0,NA,NA,NA,NA,NA
"LPCHMCBP_01162",0,NA,NA,NA,NA,NA
"LPCHMCBP_01166",0,NA,NA,NA,NA,NA
"LPCHMCBP_01167",0,NA,NA,NA,NA,NA
"LPCHMCBP_01168",8.53247849647455,-6.73584095024854,3.71350203246946,-1.81387835292748,0.0696964561112704,NA
"LPCHMCBP_01169",18.4861582822052,-0.0894253659746974,3.12602188968502,-0.028606762566115,NA,NA
"LPCHMCBP_01171",0,NA,NA,NA,NA,NA
"LPCHMCBP_01172",0,NA,NA,NA,NA,NA
"LPCHMCBP_01173",0,NA,NA,NA,NA,NA
"LPCHMCBP_01174",13.3298253911697,0.678656907731389,3.08783630536218,0.219783965410624,NA,NA
"LPCHMCBP_01175",0,NA,NA,NA,NA,NA
"LPCHMCBP_01177",0,NA,NA,NA,NA,NA
"LPCHMCBP_01178",0,NA,NA,NA,NA,NA
"LPCHMCBP_01179",5.32672618476476,0.124053840028315,3.54405695093503,0.0350033427074545,0.972077075413065,NA
"LPCHMCBP_01180",0,NA,NA,NA,NA,NA
"LPCHMCBP_01181",12.2747936265072,-7.26032694523757,3.64818147196898,-1.9901222022596,NA,NA
"LPCHMCBP_01182",0,NA,NA,NA,NA,NA
"LPCHMCBP_01184",0,NA,NA,NA,NA,NA
"LPCHMCBP_01186",0,NA,NA,NA,NA,NA
"LPCHMCBP_01187",0,NA,NA,NA,NA,NA
"LPCHMCBP_01188",0,NA,NA,NA,NA,NA
"LPCHMCBP_01189",0,NA,NA,NA,NA,NA
"LPCHMCBP_01191",14.8887440821989,1.94862289360912,3.37450711609932,0.577454077459934,NA,NA
"LPCHMCBP_01192",0,NA,NA,NA,NA,NA
"LPCHMCBP_01193",0,NA,NA,NA,NA,NA
"LPCHMCBP_01194",37.7195387147908,0.530527053603118,2.66730094850355,0.198900335524854,NA,NA
"LPCHMCBP_01195",5.83954749131652,-2.0504705438549,2.52459105485807,-0.812199084643503,0.416677404699396,NA
"LPCHMCBP_01196",0,NA,NA,NA,NA,NA
"LPCHMCBP_01197",0,NA,NA,NA,NA,NA
"LPCHMCBP_01198",6.78125708293879,1.49893147423719,3.47160389140936,0.431769153717786,0.665909200708392,NA
"LPCHMCBP_01199",0,NA,NA,NA,NA,NA
"LPCHMCBP_01202",0,NA,NA,NA,NA,NA
"LPCHMCBP_01203",0,NA,NA,NA,NA,NA
"LPCHMCBP_01204",0,NA,NA,NA,NA,NA
"LPCHMCBP_01206",6.7216590809905,-6.39074908343074,3.34100052804406,-1.91282492468569,0.055770469188577,NA
"LPCHMCBP_01207",0,NA,NA,NA,NA,NA
"LPCHMCBP_01209",0.161541011820346,-1.10590014677296,4.0804728567969,-0.271022547039089,0.786373690995412,NA
"LPCHMCBP_01210",0,NA,NA,NA,NA,NA
"LPCHMCBP_01212",0,NA,NA,NA,NA,NA
"LPCHMCBP_01214",6.26233640084671,0.986282003766352,3.11647581271151,0.316473498604897,0.751643137319084,NA
"LPCHMCBP_01215",0,NA,NA,NA,NA,NA
"LPCHMCBP_01216",5.74962811611509,6.02546887003075,3.82350831358146,1.57590055411354,0.115048723275593,NA
"LPCHMCBP_01217",5.64315352137222,5.99855862448348,3.8302622424323,1.56609606465855,0.11732612926578,NA
"LPCHMCBP_01218",0,NA,NA,NA,NA,NA
"LPCHMCBP_01219",0,NA,NA,NA,NA,NA
"LPCHMCBP_01221",0,NA,NA,NA,NA,NA
"LPCHMCBP_01222",138.825754288194,-1.18833458055891,2.0403562456739,-0.58241524394502,NA,NA
"LPCHMCBP_01223",0,NA,NA,NA,NA,NA
"LPCHMCBP_01224",0,NA,NA,NA,NA,NA
"LPCHMCBP_01225",5.64315352137222,5.99855862448348,3.8302622424323,1.56609606465855,0.11732612926578,NA
"LPCHMCBP_01228",0,NA,NA,NA,NA,NA
"LPCHMCBP_01229",0,NA,NA,NA,NA,NA
"LPCHMCBP_01230",0,NA,NA,NA,NA,NA
"LPCHMCBP_01231",0,NA,NA,NA,NA,NA
"LPCHMCBP_01232",0,NA,NA,NA,NA,NA
"LPCHMCBP_01233",0,NA,NA,NA,NA,NA
"LPCHMCBP_01235",0,NA,NA,NA,NA,NA
"LPCHMCBP_01236",0,NA,NA,NA,NA,NA
"LPCHMCBP_01237",5.51535930283977,5.96485988247991,3.447714214403,1.73009115940103,0.0836139894945236,NA
"LPCHMCBP_01239",0,NA,NA,NA,NA,NA
"LPCHMCBP_01240",0,NA,NA,NA,NA,NA
"LPCHMCBP_01241",3.62013622125765,5.3599601157263,3.91812316697541,1.36799173668242,0.171314662666641,NA
"LPCHMCBP_01242",4.04603460022914,5.51982825095879,3.91693474491046,1.40922139643278,0.158769712859301,NA
"LPCHMCBP_01243",0,NA,NA,NA,NA,NA
"LPCHMCBP_01245",0,NA,NA,NA,NA,NA
"LPCHMCBP_01246",0,NA,NA,NA,NA,NA
"LPCHMCBP_01248",0,NA,NA,NA,NA,NA
"LPCHMCBP_01249",0,NA,NA,NA,NA,NA
"LPCHMCBP_01250",0,NA,NA,NA,NA,NA
"LPCHMCBP_01251",0,NA,NA,NA,NA,NA
"LPCHMCBP_01252",0,NA,NA,NA,NA,NA
"LPCHMCBP_01253",0,NA,NA,NA,NA,NA
"LPCHMCBP_01255",0,NA,NA,NA,NA,NA
"LPCHMCBP_01256",0,NA,NA,NA,NA,NA
"LPCHMCBP_01257",0,NA,NA,NA,NA,NA
"LPCHMCBP_01258",0,NA,NA,NA,NA,NA
"LPCHMCBP_01260",0,NA,NA,NA,NA,NA
"LPCHMCBP_01261",0,NA,NA,NA,NA,NA
"LPCHMCBP_01263",0,NA,NA,NA,NA,NA
"LPCHMCBP_01264",7.87912001097253,6.47915929570172,3.73065477448239,1.73673515438069,NA,NA
"LPCHMCBP_01265",18.4360859444964,-1.50407744250595,3.37889279766327,-0.445139142486591,NA,NA
"LPCHMCBP_01266",0,NA,NA,NA,NA,NA
"LPCHMCBP_01268",0,NA,NA,NA,NA,NA
"LPCHMCBP_01269",0,NA,NA,NA,NA,NA
"LPCHMCBP_01270",0,NA,NA,NA,NA,NA
"LPCHMCBP_01271",6.13739681325362,-6.26070202585737,3.80396181676777,-1.64583724217744,0.0997972725012192,NA
"LPCHMCBP_01272",3.51366162651478,5.31706258229421,3.91846495694887,1.35692487765269,0.174805081250228,NA
"LPCHMCBP_01273",0,NA,NA,NA,NA,NA
"LPCHMCBP_01274",0,NA,NA,NA,NA,NA
"LPCHMCBP_01275",2.7232862543772,4.94956716420298,3.82518006599508,1.29394357358584,0.195684912036305,NA
"LPCHMCBP_01276",0,NA,NA,NA,NA,NA
"LPCHMCBP_01278",0,NA,NA,NA,NA,NA
"LPCHMCBP_01279",0,NA,NA,NA,NA,NA
"LPCHMCBP_01280",13.5793983341544,-7.40563742462122,3.18840727398483,-2.32267611639392,0.020196558257307,NA
"LPCHMCBP_01281",0,NA,NA,NA,NA,NA
"LPCHMCBP_01282",0,NA,NA,NA,NA,NA
"LPCHMCBP_01284",0.170559114763339,-1.10590014677296,4.0804728567969,-0.271022547039089,0.786373690995412,NA
"LPCHMCBP_01285",0,NA,NA,NA,NA,NA
"LPCHMCBP_01286",0,NA,NA,NA,NA,NA
"LPCHMCBP_01288",0,NA,NA,NA,NA,NA
"LPCHMCBP_01289",0,NA,NA,NA,NA,NA
"LPCHMCBP_01290",0,NA,NA,NA,NA,NA
"LPCHMCBP_01291",0,NA,NA,NA,NA,NA
"LPCHMCBP_01293",0,NA,NA,NA,NA,NA
"LPCHMCBP_01294",0,NA,NA,NA,NA,NA
"LPCHMCBP_01295",0,NA,NA,NA,NA,NA
"LPCHMCBP_01296",0,NA,NA,NA,NA,NA
"LPCHMCBP_01297",0,NA,NA,NA,NA,NA
"LPCHMCBP_01298",0,NA,NA,NA,NA,NA
"LPCHMCBP_01300",0,NA,NA,NA,NA,NA
"LPCHMCBP_01301",0,NA,NA,NA,NA,NA
"LPCHMCBP_01302",0,NA,NA,NA,NA,NA
"LPCHMCBP_01303",0,NA,NA,NA,NA,NA
"LPCHMCBP_01305",10.8406721192507,2.32840082742962,2.61581331902819,0.890124998788008,0.373398771108159,NA
"LPCHMCBP_01306",0.319423784228616,1.93159988473103,4.02183885055739,0.480277792448927,0.631029877700129,NA
"LPCHMCBP_01307",1.11044776509525,-3.79393731269827,3.94508178798053,-0.961687872798289,0.336206415925297,NA
"LPCHMCBP_01308",18.7460446416418,-0.210057346207892,3.39739242269477,-0.061828991200633,NA,NA
"LPCHMCBP_01309",0,NA,NA,NA,NA,NA
"LPCHMCBP_01310",0,NA,NA,NA,NA,NA
"LPCHMCBP_01311",0,NA,NA,NA,NA,NA
"LPCHMCBP_01312",0,NA,NA,NA,NA,NA
"LPCHMCBP_01313",0,NA,NA,NA,NA,NA
"LPCHMCBP_01315",4.36545838445775,5.62907869311136,3.91619470833666,1.43738478608542,0.150608689302623,NA
"LPCHMCBP_01317",9.40017498852366,6.7329753120355,3.38159295893841,1.99106616136,0.0464736140299516,NA
"LPCHMCBP_01318",0,NA,NA,NA,NA,NA
"LPCHMCBP_01321",0,NA,NA,NA,NA,NA
"LPCHMCBP_01322",0,NA,NA,NA,NA,NA
"LPCHMCBP_01323",0.237891969057666,1.59448104934934,4.03771515851918,0.394896862891663,0.692919005287478,NA
"LPCHMCBP_01324",0,NA,NA,NA,NA,NA
"LPCHMCBP_01325",0,NA,NA,NA,NA,NA
"LPCHMCBP_01327",0,NA,NA,NA,NA,NA
"LPCHMCBP_01329",0,NA,NA,NA,NA,NA
"LPCHMCBP_01331",0,NA,NA,NA,NA,NA
"LPCHMCBP_01332",2.30287657710425,-3.81371856721542,3.64286292034522,-1.04690147573656,0.295145021180985,NA
"LPCHMCBP_01333",0,NA,NA,NA,NA,NA
"LPCHMCBP_01334",0,NA,NA,NA,NA,NA
"LPCHMCBP_01335",0,NA,NA,NA,NA,NA
"LPCHMCBP_01336",0,NA,NA,NA,NA,NA
"LPCHMCBP_01337",0,NA,NA,NA,NA,NA
"LPCHMCBP_01338",0,NA,NA,NA,NA,NA
"LPCHMCBP_01339",4.5547345309292,2.34433748871996,3.58257107437641,0.654372918233875,0.512871577760098,NA
"LPCHMCBP_01340",0,NA,NA,NA,NA,NA
"LPCHMCBP_01341",0,NA,NA,NA,NA,NA
"LPCHMCBP_01343",0,NA,NA,NA,NA,NA
"LPCHMCBP_01344",0,NA,NA,NA,NA,NA
"LPCHMCBP_01345",0,NA,NA,NA,NA,NA
"LPCHMCBP_01346",0,NA,NA,NA,NA,NA
"LPCHMCBP_01347",0.724002539410535,2.98252415572406,3.96501672824728,0.752209728265756,0.451924944252822,NA
"LPCHMCBP_01348",0,NA,NA,NA,NA,NA
"LPCHMCBP_01349",0,NA,NA,NA,NA,NA
"LPCHMCBP_01350",0.319423784228616,1.93159988473103,4.02183885055739,0.480277792448927,0.631029877700129,NA
"LPCHMCBP_01351",5.23362331926866,5.88903903211673,3.86430844370885,1.52395677464726,0.127519509406038,NA
"LPCHMCBP_01352",0,NA,NA,NA,NA,NA
"LPCHMCBP_01353",0,NA,NA,NA,NA,NA
"LPCHMCBP_01354",0,NA,NA,NA,NA,NA
"LPCHMCBP_01355",0,NA,NA,NA,NA,NA
"LPCHMCBP_01357",9.73409989982746,4.8016546859719,2.66973559199399,1.7985506506229,0.0720897896496473,NA
"LPCHMCBP_01358",0,NA,NA,NA,NA,NA
"LPCHMCBP_01359",0,NA,NA,NA,NA,NA
"LPCHMCBP_01360",0,NA,NA,NA,NA,NA
"LPCHMCBP_01361",0,NA,NA,NA,NA,NA
"LPCHMCBP_01362",0,NA,NA,NA,NA,NA
"LPCHMCBP_01363",0,NA,NA,NA,NA,NA
"LPCHMCBP_01364",0,NA,NA,NA,NA,NA
"LPCHMCBP_01365",0,NA,NA,NA,NA,NA
"LPCHMCBP_01366",0.149692605201308,-1.10590014677296,4.0804728567969,-0.271022547039089,0.786373690995412,NA
"LPCHMCBP_01368",0,NA,NA,NA,NA,NA
"LPCHMCBP_01369",0,NA,NA,NA,NA,NA
"LPCHMCBP_01370",0,NA,NA,NA,NA,NA
"LPCHMCBP_01371",0,NA,NA,NA,NA,NA
"LPCHMCBP_01372",0,NA,NA,NA,NA,NA
"LPCHMCBP_01373",0,NA,NA,NA,NA,NA
"LPCHMCBP_01374",0,NA,NA,NA,NA,NA
"LPCHMCBP_01375",0,NA,NA,NA,NA,NA
"LPCHMCBP_01378",0,NA,NA,NA,NA,NA
"LPCHMCBP_01379",0,NA,NA,NA,NA,NA
"LPCHMCBP_01381",0,NA,NA,NA,NA,NA
"LPCHMCBP_01382",0,NA,NA,NA,NA,NA
"LPCHMCBP_01383",0,NA,NA,NA,NA,NA
"LPCHMCBP_01384",0,NA,NA,NA,NA,NA
"LPCHMCBP_01385",0,NA,NA,NA,NA,NA
"LPCHMCBP_01386",0,NA,NA,NA,NA,NA
"LPCHMCBP_01387",0,NA,NA,NA,NA,NA
"LPCHMCBP_01388",0,NA,NA,NA,NA,NA
"LPCHMCBP_01389",0,NA,NA,NA,NA,NA
"LPCHMCBP_01390",0,NA,NA,NA,NA,NA
"LPCHMCBP_01391",0,NA,NA,NA,NA,NA
"LPCHMCBP_01392",0,NA,NA,NA,NA,NA
"LPCHMCBP_01393",0,NA,NA,NA,NA,NA
"LPCHMCBP_01395",0,NA,NA,NA,NA,NA
"LPCHMCBP_01396",0,NA,NA,NA,NA,NA
"LPCHMCBP_01397",0,NA,NA,NA,NA,NA
"LPCHMCBP_01398",26.1696439148961,-22.4911323969522,3.5920007407739,-6.26144982144588,NA,NA
"LPCHMCBP_01399",0,NA,NA,NA,NA,NA
"LPCHMCBP_01400",0,NA,NA,NA,NA,NA
"LPCHMCBP_01401",0,NA,NA,NA,NA,NA
"LPCHMCBP_01402",0,NA,NA,NA,NA,NA
"LPCHMCBP_01403",0,NA,NA,NA,NA,NA
"LPCHMCBP_01404",0,NA,NA,NA,NA,NA
"LPCHMCBP_01405",0,NA,NA,NA,NA,NA
"LPCHMCBP_01406",0,NA,NA,NA,NA,NA
"LPCHMCBP_01407",0,NA,NA,NA,NA,NA
"LPCHMCBP_01408",0,NA,NA,NA,NA,NA
"LPCHMCBP_01409",0,NA,NA,NA,NA,NA
"LPCHMCBP_01413",0.638847568457232,2.88152009818187,3.96916918142826,0.725975630281648,0.467853710233576,NA
"LPCHMCBP_01415",0,NA,NA,NA,NA,NA
"LPCHMCBP_01416",0,NA,NA,NA,NA,NA
"LPCHMCBP_01417",0,NA,NA,NA,NA,NA
"LPCHMCBP_01418",0,NA,NA,NA,NA,NA
"LPCHMCBP_01419",0,NA,NA,NA,NA,NA
"LPCHMCBP_01420",0,NA,NA,NA,NA,NA
"LPCHMCBP_01421",0,NA,NA,NA,NA,NA
"LPCHMCBP_01423",0,NA,NA,NA,NA,NA
"LPCHMCBP_01424",6.83321924038242,-0.929902268177168,3.4731721442323,-0.267738605966135,0.788900531047596,NA
"LPCHMCBP_01425",10.2215610953157,6.85406754338765,3.67553210246788,1.86478239131297,NA,NA
"LPCHMCBP_01427",0,NA,NA,NA,NA,NA
"LPCHMCBP_01428",0,NA,NA,NA,NA,NA
"LPCHMCBP_01429",0,NA,NA,NA,NA,NA
"LPCHMCBP_01430",0,NA,NA,NA,NA,NA
"LPCHMCBP_01431",0,NA,NA,NA,NA,NA
"LPCHMCBP_01432",0,NA,NA,NA,NA,NA
"LPCHMCBP_01434",0,NA,NA,NA,NA,NA
"LPCHMCBP_01435",0,NA,NA,NA,NA,NA
"LPCHMCBP_01436",0,NA,NA,NA,NA,NA
"LPCHMCBP_01437",0,NA,NA,NA,NA,NA
"LPCHMCBP_01438",0,NA,NA,NA,NA,NA
"LPCHMCBP_01439",0,NA,NA,NA,NA,NA
"LPCHMCBP_01440",0,NA,NA,NA,NA,NA
"LPCHMCBP_01441",0,NA,NA,NA,NA,NA
"LPCHMCBP_01442",0,NA,NA,NA,NA,NA
"LPCHMCBP_01443",0,NA,NA,NA,NA,NA
"LPCHMCBP_01444",0,NA,NA,NA,NA,NA
"LPCHMCBP_01446",0,NA,NA,NA,NA,NA
"LPCHMCBP_01447",0,NA,NA,NA,NA,NA
"LPCHMCBP_01448",0.745322163200104,3.10003904550039,3.96052713956588,0.782733948350166,0.433783362277309,NA
"LPCHMCBP_01449",0,NA,NA,NA,NA,NA
"LPCHMCBP_01450",0,NA,NA,NA,NA,NA
"LPCHMCBP_01451",0,NA,NA,NA,NA,NA
"LPCHMCBP_01454",8.75475602512271,-6.77240834956559,3.26446644898893,-2.07458353620486,0.0380251492679451,NA
"LPCHMCBP_01455",0,NA,NA,NA,NA,NA
"LPCHMCBP_01456",0,NA,NA,NA,NA,NA
"LPCHMCBP_01457",0,NA,NA,NA,NA,NA
"LPCHMCBP_01458",0,NA,NA,NA,NA,NA
"LPCHMCBP_01459",0.241334179803512,0.817653204869526,4.0804728567969,0.200381973747858,0.841181856452921,NA
"LPCHMCBP_01460",0,NA,NA,NA,NA,NA
"LPCHMCBP_01461",0,NA,NA,NA,NA,NA
"LPCHMCBP_01463",0,NA,NA,NA,NA,NA
"LPCHMCBP_01464",0,NA,NA,NA,NA,NA
"LPCHMCBP_01465",0,NA,NA,NA,NA,NA
"LPCHMCBP_01466",0,NA,NA,NA,NA,NA
"LPCHMCBP_01467",0,NA,NA,NA,NA,NA
"LPCHMCBP_01469",0,NA,NA,NA,NA,NA
"LPCHMCBP_01470",0,NA,NA,NA,NA,NA
"LPCHMCBP_01471",0,NA,NA,NA,NA,NA
"LPCHMCBP_01473",0,NA,NA,NA,NA,NA
"LPCHMCBP_01475",0,NA,NA,NA,NA,NA
"LPCHMCBP_01476",0,NA,NA,NA,NA,NA
"LPCHMCBP_01477",10.8384271081586,6.9388092863627,3.20733617943768,2.16341814457979,0.0305090332574782,NA
"LPCHMCBP_01478",0,NA,NA,NA,NA,NA
"LPCHMCBP_01479",0,NA,NA,NA,NA,NA
"LPCHMCBP_01481",0,NA,NA,NA,NA,NA
"LPCHMCBP_01482",0,NA,NA,NA,NA,NA
"LPCHMCBP_01483",43.1988181848286,22.2279066253964,3.61301527406759,6.15217621274319,NA,NA
"LPCHMCBP_01484",1.59711892114308,4.18635968001565,3.93228709455588,1.0646119114272,0.287051587306931,NA
"LPCHMCBP_01485",3.41118229526678,-5.4112995447286,3.91929543649073,-1.38068171497012,0.167376845844279,NA
"LPCHMCBP_01486",0,NA,NA,NA,NA,NA
"LPCHMCBP_01487",0,NA,NA,NA,NA,NA
"LPCHMCBP_01490",0,NA,NA,NA,NA,NA
"LPCHMCBP_01491",0,NA,NA,NA,NA,NA
"LPCHMCBP_01493",0,NA,NA,NA,NA,NA
"LPCHMCBP_01494",0,NA,NA,NA,NA,NA
"LPCHMCBP_01495",0,NA,NA,NA,NA,NA
"LPCHMCBP_01496",0,NA,NA,NA,NA,NA
"LPCHMCBP_01498",0,NA,NA,NA,NA,NA
"LPCHMCBP_01499",0,NA,NA,NA,NA,NA
"LPCHMCBP_01501",2.24538907801962,-4.81130857728798,3.92574168396899,-1.22557951200286,0.220356951660841,NA
"LPCHMCBP_01502",0,NA,NA,NA,NA,NA
"LPCHMCBP_01503",0,NA,NA,NA,NA,NA
"LPCHMCBP_01504",0,NA,NA,NA,NA,NA
"LPCHMCBP_01505",0,NA,NA,NA,NA,NA
"LPCHMCBP_01506",0,NA,NA,NA,NA,NA
"LPCHMCBP_01508",0,NA,NA,NA,NA,NA
"LPCHMCBP_01509",0,NA,NA,NA,NA,NA
"LPCHMCBP_01510",0,NA,NA,NA,NA,NA
"LPCHMCBP_01512",4.07793086639823,-1.82810389663887,2.7422567051909,-0.666642146659134,0.505000740956889,NA
"LPCHMCBP_01513",0,NA,NA,NA,NA,NA
"LPCHMCBP_01514",0,NA,NA,NA,NA,NA
"LPCHMCBP_01515",0,NA,NA,NA,NA,NA
"LPCHMCBP_01516",6.58647462885754,-6.36253582119355,3.78161475263368,-1.68249180241388,0.0924735132019155,NA
"LPCHMCBP_01518",0,NA,NA,NA,NA,NA
"LPCHMCBP_01519",0,NA,NA,NA,NA,NA
"LPCHMCBP_01520",0,NA,NA,NA,NA,NA
"LPCHMCBP_01521",1.0705138607595,3.61025576020684,3.94468075522481,0.915221277520362,0.360075476629719,NA
"LPCHMCBP_01522",0,NA,NA,NA,NA,NA
"LPCHMCBP_01523",0,NA,NA,NA,NA,NA
"LPCHMCBP_01524",0,NA,NA,NA,NA,NA
"LPCHMCBP_01525",19.9688953957176,-1.41602985027707,3.37873415573403,-0.419100700146513,NA,NA
"LPCHMCBP_01526",35.0619088697356,-2.93195182093169,3.35982900151422,-0.872649119824345,NA,NA
"LPCHMCBP_01527",0,NA,NA,NA,NA,NA
"LPCHMCBP_01528",0,NA,NA,NA,NA,NA
"LPCHMCBP_01529",0,NA,NA,NA,NA,NA
"LPCHMCBP_01530",5.87249054544089,-6.19638510243259,3.37456828350578,-1.83620083573928,0.0663279591297072,NA
"LPCHMCBP_01531",0,NA,NA,NA,NA,NA
"LPCHMCBP_01532",0,NA,NA,NA,NA,NA
"LPCHMCBP_01534",0,NA,NA,NA,NA,NA
"LPCHMCBP_01535",1.29232809456277,-4.01196827836623,3.93973031295103,-1.01833576404398,0.308518417717164,NA
"LPCHMCBP_01536",0,NA,NA,NA,NA,NA
"LPCHMCBP_01537",0.319423784228616,1.93159988473103,4.02183885055739,0.480277792448927,0.631029877700129,NA
"LPCHMCBP_01538",0,NA,NA,NA,NA,NA
"LPCHMCBP_01539",0,NA,NA,NA,NA,NA
"LPCHMCBP_01541",0,NA,NA,NA,NA,NA
"LPCHMCBP_01542",0,NA,NA,NA,NA,NA
"LPCHMCBP_01544",0,NA,NA,NA,NA,NA
"LPCHMCBP_01545",0,NA,NA,NA,NA,NA
"LPCHMCBP_01546",0,NA,NA,NA,NA,NA
"LPCHMCBP_01547",6.61505580357492,0.472535657605069,3.15336084015251,0.149851438372722,0.880881825547705,NA
"LPCHMCBP_01548",21.9976177371991,-0.295020752945979,3.39430607563408,-0.0869163671077798,NA,NA
"LPCHMCBP_01549",0,NA,NA,NA,NA,NA
"LPCHMCBP_01551",0,NA,NA,NA,NA,NA
"LPCHMCBP_01552",0,NA,NA,NA,NA,NA
"LPCHMCBP_01553",0,NA,NA,NA,NA,NA
"LPCHMCBP_01554",0,NA,NA,NA,NA,NA
"LPCHMCBP_01555",0,NA,NA,NA,NA,NA
"LPCHMCBP_01556",0,NA,NA,NA,NA,NA
"LPCHMCBP_01557",0,NA,NA,NA,NA,NA
"LPCHMCBP_01558",0,NA,NA,NA,NA,NA
"LPCHMCBP_01560",0,NA,NA,NA,NA,NA
"LPCHMCBP_01561",0,NA,NA,NA,NA,NA
"LPCHMCBP_01562",0,NA,NA,NA,NA,NA
"LPCHMCBP_01563",3.84564886196913,-1.7904203195632,3.6482559610612,-0.490760609637269,0.623595772974741,NA
"LPCHMCBP_01564",0,NA,NA,NA,NA,NA
"LPCHMCBP_01565",0,NA,NA,NA,NA,NA
"LPCHMCBP_01566",0,NA,NA,NA,NA,NA
"LPCHMCBP_01567",3.44292991963008,-5.42726226271121,3.91915777629241,-1.38480320836828,0.166112649640555,NA
"LPCHMCBP_01568",0,NA,NA,NA,NA,NA
"LPCHMCBP_01570",0,NA,NA,NA,NA,NA
"LPCHMCBP_01571",0,NA,NA,NA,NA,NA
"LPCHMCBP_01572",0,NA,NA,NA,NA,NA
"LPCHMCBP_01573",0,NA,NA,NA,NA,NA
"LPCHMCBP_01574",0,NA,NA,NA,NA,NA
"LPCHMCBP_01575",0,NA,NA,NA,NA,NA
"LPCHMCBP_01576",13.7717196785203,-21.6194935956959,3.63347957936074,-5.95007984041005,NA,NA
"LPCHMCBP_01577",0,NA,NA,NA,NA,NA
"LPCHMCBP_01579",0,NA,NA,NA,NA,NA
"LPCHMCBP_01581",0,NA,NA,NA,NA,NA
"LPCHMCBP_01582",0,NA,NA,NA,NA,NA
"LPCHMCBP_01584",0,NA,NA,NA,NA,NA
"LPCHMCBP_01586",0,NA,NA,NA,NA,NA
"LPCHMCBP_01587",0,NA,NA,NA,NA,NA
"LPCHMCBP_01588",0,NA,NA,NA,NA,NA
"LPCHMCBP_01589",0,NA,NA,NA,NA,NA
"LPCHMCBP_01592",0,NA,NA,NA,NA,NA
"LPCHMCBP_01593",0,NA,NA,NA,NA,NA
"LPCHMCBP_01594",0,NA,NA,NA,NA,NA
"LPCHMCBP_01595",0,NA,NA,NA,NA,NA
"LPCHMCBP_01596",0,NA,NA,NA,NA,NA
"LPCHMCBP_01597",0,NA,NA,NA,NA,NA
"LPCHMCBP_01598",10.884342169237,-6.11107487074785,3.41833918059664,-1.78773215526296,NA,NA
"LPCHMCBP_01599",0,NA,NA,NA,NA,NA
"LPCHMCBP_01600",0,NA,NA,NA,NA,NA
"LPCHMCBP_01601",0,NA,NA,NA,NA,NA
"LPCHMCBP_01602",0,NA,NA,NA,NA,NA
"LPCHMCBP_01603",7.24451959266288,3.7340263793296,3.11829594704405,1.19745734296619,0.231128344507305,NA
"LPCHMCBP_01604",0,NA,NA,NA,NA,NA
"LPCHMCBP_01605",0,NA,NA,NA,NA,NA
"LPCHMCBP_01606",0.341118229526678,-2.07952118119472,4.03111628557248,-0.515867326536178,0.60594707560757,NA
"LPCHMCBP_01608",0,NA,NA,NA,NA,NA
"LPCHMCBP_01609",0,NA,NA,NA,NA,NA
"LPCHMCBP_01610",0,NA,NA,NA,NA,NA
"LPCHMCBP_01611",0,NA,NA,NA,NA,NA
"LPCHMCBP_01612",10.5318803504244,0.154369085353356,3.0406031856361,0.0507692309481884,0.959509409392164,NA
"LPCHMCBP_01613",22.9277157372476,-0.20298691098164,3.39608900138018,-0.0597707866016309,NA,NA
"LPCHMCBP_01614",0,NA,NA,NA,NA,NA
"LPCHMCBP_01616",0,NA,NA,NA,NA,NA
"LPCHMCBP_01617",0,NA,NA,NA,NA,NA
"LPCHMCBP_01618",0,NA,NA,NA,NA,NA
"LPCHMCBP_01619",0,NA,NA,NA,NA,NA
"LPCHMCBP_01620",0,NA,NA,NA,NA,NA
"LPCHMCBP_01621",0,NA,NA,NA,NA,NA
"LPCHMCBP_01622",0,NA,NA,NA,NA,NA
"LPCHMCBP_01623",0,NA,NA,NA,NA,NA
"LPCHMCBP_01624",0,NA,NA,NA,NA,NA
"LPCHMCBP_01625",0,NA,NA,NA,NA,NA
"LPCHMCBP_01626",0,NA,NA,NA,NA,NA
"LPCHMCBP_01628",21.7056855880526,-1.81449309832734,3.00367456729013,-0.604091108300174,NA,NA
"LPCHMCBP_01630",32.0374262349674,-2.28776569493187,3.37502283422631,-0.677851916061574,NA,NA
"LPCHMCBP_01631",6.13739681325362,-6.26070202585737,3.80396181676777,-1.64583724217744,0.0997972725012192,NA
"LPCHMCBP_01632",0,NA,NA,NA,NA,NA
"LPCHMCBP_01633",0,NA,NA,NA,NA,NA
"LPCHMCBP_01634",0,NA,NA,NA,NA,NA
"LPCHMCBP_01635",0,NA,NA,NA,NA,NA
"LPCHMCBP_01636",0,NA,NA,NA,NA,NA
"LPCHMCBP_01637",0,NA,NA,NA,NA,NA
"LPCHMCBP_01638",0,NA,NA,NA,NA,NA
"LPCHMCBP_01639",0,NA,NA,NA,NA,NA
"LPCHMCBP_01640",0,NA,NA,NA,NA,NA
"LPCHMCBP_01643",0,NA,NA,NA,NA,NA
"LPCHMCBP_01644",6.81418123764749,-1.12609177763285,3.47446823948791,-0.324104783815442,0.7458587052915,NA
"LPCHMCBP_01645",0,NA,NA,NA,NA,NA
"LPCHMCBP_01647",0,NA,NA,NA,NA,NA
"LPCHMCBP_01648",0,NA,NA,NA,NA,NA
"LPCHMCBP_01649",0,NA,NA,NA,NA,NA
"LPCHMCBP_01650",0,NA,NA,NA,NA,NA
"LPCHMCBP_01651",0,NA,NA,NA,NA,NA
"LPCHMCBP_01652",0,NA,NA,NA,NA,NA
"LPCHMCBP_01653",0,NA,NA,NA,NA,NA
"LPCHMCBP_01654",0,NA,NA,NA,NA,NA
"LPCHMCBP_01655",0,NA,NA,NA,NA,NA
"LPCHMCBP_01656",0,NA,NA,NA,NA,NA
"LPCHMCBP_01657",0,NA,NA,NA,NA,NA
"LPCHMCBP_01658",0,NA,NA,NA,NA,NA
"LPCHMCBP_01660",0,NA,NA,NA,NA,NA
"LPCHMCBP_01663",0,NA,NA,NA,NA,NA
"LPCHMCBP_01664",0,NA,NA,NA,NA,NA
"LPCHMCBP_01665",0,NA,NA,NA,NA,NA
"LPCHMCBP_01667",0,NA,NA,NA,NA,NA
"LPCHMCBP_01670",0,NA,NA,NA,NA,NA
"LPCHMCBP_01671",0,NA,NA,NA,NA,NA
"LPCHMCBP_01672",0,NA,NA,NA,NA,NA
"LPCHMCBP_01673",0,NA,NA,NA,NA,NA
"LPCHMCBP_01674",0,NA,NA,NA,NA,NA
"LPCHMCBP_01677",0,NA,NA,NA,NA,NA
"LPCHMCBP_01678",0,NA,NA,NA,NA,NA
"LPCHMCBP_01679",0,NA,NA,NA,NA,NA
"LPCHMCBP_01682",0.460926222222962,-2.53065713895965,3.99811123029542,-0.632963165152527,0.526757697438483,NA
"LPCHMCBP_01683",0,NA,NA,NA,NA,NA
"LPCHMCBP_01684",0,NA,NA,NA,NA,NA
"LPCHMCBP_01685",2.98128865280042,5.08105432856196,3.92053698232212,1.29600979444211,0.194972110518084,NA
"LPCHMCBP_01687",0,NA,NA,NA,NA,NA
"LPCHMCBP_01688",0,NA,NA,NA,NA,NA
"LPCHMCBP_01689",8.52795573816695,-6.73389684996318,3.71854917999929,-1.81089358349281,0.0701573260285583,NA
"LPCHMCBP_01690",0.212949189485744,1.48842992284013,4.04345177252307,0.368108736440143,0.712792156841894,NA
"LPCHMCBP_01692",0,NA,NA,NA,NA,NA
"LPCHMCBP_01694",0.347808774546384,1.88187986703121,4.02397120237375,0.467667329706804,0.640022507775176,NA
"LPCHMCBP_01695",0,NA,NA,NA,NA,NA
"LPCHMCBP_01696",0,NA,NA,NA,NA,NA
"LPCHMCBP_01697",0,NA,NA,NA,NA,NA
"LPCHMCBP_01698",8.50326484524773,-0.959800367710501,3.43877844422542,-0.279110848017048,0.78015975831345,NA
"LPCHMCBP_01699",0,NA,NA,NA,NA,NA
"LPCHMCBP_01700",0,NA,NA,NA,NA,NA
"LPCHMCBP_01701",0,NA,NA,NA,NA,NA
"LPCHMCBP_01702",0,NA,NA,NA,NA,NA
"LPCHMCBP_01703",0,NA,NA,NA,NA,NA
"LPCHMCBP_01704",0,NA,NA,NA,NA,NA
"LPCHMCBP_01705",0,NA,NA,NA,NA,NA
"LPCHMCBP_01706",0,NA,NA,NA,NA,NA
"LPCHMCBP_01707",0,NA,NA,NA,NA,NA
"LPCHMCBP_01709",1.19754084161046,-3.90616121572927,3.94222734091974,-0.990851332997438,0.321758179237687,NA
"LPCHMCBP_01710",0,NA,NA,NA,NA,NA
"LPCHMCBP_01711",0,NA,NA,NA,NA,NA
"LPCHMCBP_01712",0,NA,NA,NA,NA,NA
"LPCHMCBP_01713",0,NA,NA,NA,NA,NA
"LPCHMCBP_01714",9.84170132108165,-6.94135432941285,2.85885475711724,-2.42801923117362,0.0151815382439209,NA
"LPCHMCBP_01717",11.5246866234492,-0.676800792630859,2.68780853499937,-0.25180394504217,0.801192607854263,NA
"LPCHMCBP_01718",0.682236459053356,-3.08473926288723,3.96921303490971,-0.777166464928078,0.437060564644458,NA
"LPCHMCBP_01719",0,NA,NA,NA,NA,NA
"LPCHMCBP_01720",0,NA,NA,NA,NA,NA
"LPCHMCBP_01721",0.511677344290017,-2.66789703505766,3.98991023283269,-0.668660917006032,0.503711803945945,NA
"LPCHMCBP_01722",0,NA,NA,NA,NA,NA
"LPCHMCBP_01723",0,NA,NA,NA,NA,NA
"LPCHMCBP_01724",0,NA,NA,NA,NA,NA
"LPCHMCBP_01726",0,NA,NA,NA,NA,NA
"LPCHMCBP_01727",0.898155631207847,-3.49232143556731,3.95393707787031,-0.883251646849261,0.37710032252062,NA
"LPCHMCBP_01728",13.5945342206103,-0.493190228576474,2.14792595608609,-0.22961230445539,0.818393044743546,NA
"LPCHMCBP_01729",0,NA,NA,NA,NA,NA
"LPCHMCBP_01730",3.30071243702903,5.22723918249886,3.91921417521465,1.33374675350897,0.182286866676955,NA
"LPCHMCBP_01731",0,NA,NA,NA,NA,NA
"LPCHMCBP_01732",0,NA,NA,NA,NA,NA
"LPCHMCBP_01733",0,NA,NA,NA,NA,NA
"LPCHMCBP_01734",0,NA,NA,NA,NA,NA
"LPCHMCBP_01735",0,NA,NA,NA,NA,NA
"LPCHMCBP_01736",0,NA,NA,NA,NA,NA
"LPCHMCBP_01737",0,NA,NA,NA,NA,NA
"LPCHMCBP_01738",0,NA,NA,NA,NA,NA
"LPCHMCBP_01739",0,NA,NA,NA,NA,NA
"LPCHMCBP_01740",0.341118229526678,-2.07952118119472,4.03111628557248,-0.515867326536178,0.60594707560757,NA
"LPCHMCBP_01741",0,NA,NA,NA,NA,NA
"LPCHMCBP_01742",0,NA,NA,NA,NA,NA
"LPCHMCBP_01743",13.1039122972772,-1.05379245924304,2.70627945939854,-0.389387893989795,0.696989226004866,NA
"LPCHMCBP_01744",0,NA,NA,NA,NA,NA
"LPCHMCBP_01745",25.8228650780173,-8.33281935511513,3.26998053902278,-2.54827796547234,NA,NA
"LPCHMCBP_01746",0,NA,NA,NA,NA,NA
"LPCHMCBP_01747",0,NA,NA,NA,NA,NA
"LPCHMCBP_01748",0,NA,NA,NA,NA,NA
"LPCHMCBP_01751",0,NA,NA,NA,NA,NA
"LPCHMCBP_01752",0,NA,NA,NA,NA,NA
"LPCHMCBP_01754",0,NA,NA,NA,NA,NA
"LPCHMCBP_01755",0,NA,NA,NA,NA,NA
"LPCHMCBP_01756",0,NA,NA,NA,NA,NA
"LPCHMCBP_01757",1.946003867617,-4.60517010689575,3.92864818914036,-1.17220221439666,0.241115879582782,NA
"LPCHMCBP_01758",0,NA,NA,NA,NA,NA
"LPCHMCBP_01759",2.54477428842223,-4.99163969958619,3.92351675222849,-1.27223611234769,0.203289240358967,NA
"LPCHMCBP_01760",0,NA,NA,NA,NA,NA
"LPCHMCBP_01761",0,NA,NA,NA,NA,NA
"LPCHMCBP_01762",0,NA,NA,NA,NA,NA
"LPCHMCBP_01764",0,NA,NA,NA,NA,NA
"LPCHMCBP_01765",0,NA,NA,NA,NA,NA
"LPCHMCBP_01766",0,NA,NA,NA,NA,NA
"LPCHMCBP_01767",0,NA,NA,NA,NA,NA
"LPCHMCBP_01768",0,NA,NA,NA,NA,NA
"LPCHMCBP_01769",0,NA,NA,NA,NA,NA
"LPCHMCBP_01770",0,NA,NA,NA,NA,NA
"LPCHMCBP_01771",0,NA,NA,NA,NA,NA
"LPCHMCBP_01772",0,NA,NA,NA,NA,NA
"LPCHMCBP_01774",0,NA,NA,NA,NA,NA
"LPCHMCBP_01775",0,NA,NA,NA,NA,NA
"LPCHMCBP_01776",0,NA,NA,NA,NA,NA
"LPCHMCBP_01777",0,NA,NA,NA,NA,NA
"LPCHMCBP_01779",0,NA,NA,NA,NA,NA
"LPCHMCBP_01780",0,NA,NA,NA,NA,NA
"LPCHMCBP_01781",0,NA,NA,NA,NA,NA
"LPCHMCBP_01782",6.24789037246735,-0.220063168211648,3.11703774771107,-0.0706000972792989,0.943716032989966,NA
"LPCHMCBP_01783",0,NA,NA,NA,NA,NA
"LPCHMCBP_01784",0,NA,NA,NA,NA,NA
"LPCHMCBP_01785",0,NA,NA,NA,NA,NA
"LPCHMCBP_01786",0,NA,NA,NA,NA,NA
"LPCHMCBP_01787",0,NA,NA,NA,NA,NA
"LPCHMCBP_01789",0,NA,NA,NA,NA,NA
"LPCHMCBP_01792",0,NA,NA,NA,NA,NA
"LPCHMCBP_01793",12.615044012874,1.44824268176155,2.43229540207237,0.595422200990725,0.551561289056704,NA
"LPCHMCBP_01794",0,NA,NA,NA,NA,NA
"LPCHMCBP_01795",0,NA,NA,NA,NA,NA
"LPCHMCBP_01796",0,NA,NA,NA,NA,NA
"LPCHMCBP_01797",0,NA,NA,NA,NA,NA
"LPCHMCBP_01798",0.425898378971488,2.30928063015057,3.99880256375354,0.577493035310782,0.563606442143428,NA
"LPCHMCBP_01799",0,NA,NA,NA,NA,NA
"LPCHMCBP_01800",0,NA,NA,NA,NA,NA
"LPCHMCBP_01801",0,NA,NA,NA,NA,NA
"LPCHMCBP_01802",0,NA,NA,NA,NA,NA
"LPCHMCBP_01805",0,NA,NA,NA,NA,NA
"LPCHMCBP_01806",2.96669744280906,-1.16057849428693,2.70698111363753,-0.428735349663151,0.668115832177213,NA
"LPCHMCBP_01807",0,NA,NA,NA,NA,NA
"LPCHMCBP_01808",0,NA,NA,NA,NA,NA
"LPCHMCBP_01809",0,NA,NA,NA,NA,NA
"LPCHMCBP_01810",0,NA,NA,NA,NA,NA
"LPCHMCBP_01811",1.79631126241569,-4.48988540873937,3.93046304494128,-1.14232988770066,0.253316922426929,NA
"LPCHMCBP_01812",0,NA,NA,NA,NA,NA
"LPCHMCBP_01813",0,NA,NA,NA,NA,NA
"LPCHMCBP_01814",0,NA,NA,NA,NA,NA
"LPCHMCBP_01815",0,NA,NA,NA,NA,NA
"LPCHMCBP_01817",7.33993203136826,1.61484091669757,3.09262513696206,0.522158633905386,0.60155988485066,NA
"LPCHMCBP_01818",0,NA,NA,NA,NA,NA
"LPCHMCBP_01819",0,NA,NA,NA,NA,NA
"LPCHMCBP_01820",0,NA,NA,NA,NA,NA
"LPCHMCBP_01821",0,NA,NA,NA,NA,NA
"LPCHMCBP_01822",0,NA,NA,NA,NA,NA
"LPCHMCBP_01823",0,NA,NA,NA,NA,NA
"LPCHMCBP_01824",0,NA,NA,NA,NA,NA
"LPCHMCBP_01825",0,NA,NA,NA,NA,NA
"LPCHMCBP_01826",0,NA,NA,NA,NA,NA
"LPCHMCBP_01827",0,NA,NA,NA,NA,NA
"LPCHMCBP_01828",0,NA,NA,NA,NA,NA
"LPCHMCBP_01829",0,NA,NA,NA,NA,NA
"LPCHMCBP_01830",0,NA,NA,NA,NA,NA
"LPCHMCBP_01831",0,NA,NA,NA,NA,NA
"LPCHMCBP_01832",0,NA,NA,NA,NA,NA
"LPCHMCBP_01833",0,NA,NA,NA,NA,NA
"LPCHMCBP_01834",0,NA,NA,NA,NA,NA
"LPCHMCBP_01835",0.638847568457232,2.88152009818187,3.96916918142826,0.725975630281648,0.467853710233576,NA
"LPCHMCBP_01836",5.86850240102532,3.52406056345781,2.86377086779158,1.23056652440054,0.218485031894104,NA
"LPCHMCBP_01837",0,NA,NA,NA,NA,NA
"LPCHMCBP_01838",1.427351814346,4.02203287777371,3.93534150965529,1.02202893139153,0.306767207487251,NA
"LPCHMCBP_01839",0,NA,NA,NA,NA,NA
"LPCHMCBP_01840",0,NA,NA,NA,NA,NA
"LPCHMCBP_01841",0,NA,NA,NA,NA,NA
"LPCHMCBP_01843",13.3162551698905,-1.59362320763433,3.38395994734806,-0.470934417791565,0.637687568837854,NA
"LPCHMCBP_01844",9.58271352685848,6.76109724690707,3.68756452674884,1.83348581370264,NA,NA
"LPCHMCBP_01846",0,NA,NA,NA,NA,NA
"LPCHMCBP_01847",0,NA,NA,NA,NA,NA
"LPCHMCBP_01848",0,NA,NA,NA,NA,NA
"LPCHMCBP_01850",0,NA,NA,NA,NA,NA
"LPCHMCBP_01851",0,NA,NA,NA,NA,NA
"LPCHMCBP_01853",0,NA,NA,NA,NA,NA
"LPCHMCBP_01854",5.9815038362705,0.126468468030452,3.53749174287052,0.0357508871321995,0.971480994398345,NA
"LPCHMCBP_01855",3.59262252483139,-5.48860613693088,3.91864266104902,-1.40063961215121,0.161321869197906,NA
"LPCHMCBP_01858",0,NA,NA,NA,NA,NA
"LPCHMCBP_01859",0,NA,NA,NA,NA,NA
"LPCHMCBP_01860",2.141027721519,4.60361074654625,3.92591137314118,1.17262217839187,0.240947351490966,NA
"LPCHMCBP_01861",0,NA,NA,NA,NA,NA
"LPCHMCBP_01862",0,NA,NA,NA,NA,NA
"LPCHMCBP_01863",0,NA,NA,NA,NA,NA
"LPCHMCBP_01864",0,NA,NA,NA,NA,NA
"LPCHMCBP_01866",0,NA,NA,NA,NA,NA
"LPCHMCBP_01867",0,NA,NA,NA,NA,NA
"LPCHMCBP_01868",1.85345700122495,0.802638414265051,3.82606922507971,0.209781466839071,0.833838238529585,NA
"LPCHMCBP_01869",0.118945984528833,0.817653204869526,4.0804728567969,0.200381973747859,0.841181856452921,NA
"LPCHMCBP_01870",0,NA,NA,NA,NA,NA
"LPCHMCBP_01871",2.55539027382893,4.85978902315546,3.92280997797345,1.23885404861391,0.215399553612916,NA
"LPCHMCBP_01872",0,NA,NA,NA,NA,NA
"LPCHMCBP_01874",0,NA,NA,NA,NA,NA
"LPCHMCBP_01876",0,NA,NA,NA,NA,NA
"LPCHMCBP_01877",0,NA,NA,NA,NA,NA
"LPCHMCBP_01878",0,NA,NA,NA,NA,NA
"LPCHMCBP_01879",0,NA,NA,NA,NA,NA
"LPCHMCBP_01880",0,NA,NA,NA,NA,NA
"LPCHMCBP_01881",0,NA,NA,NA,NA,NA
"LPCHMCBP_01882",0,NA,NA,NA,NA,NA
"LPCHMCBP_01883",0,NA,NA,NA,NA,NA
"LPCHMCBP_01884",0,NA,NA,NA,NA,NA
"LPCHMCBP_01885",0,NA,NA,NA,NA,NA
"LPCHMCBP_01886",0,NA,NA,NA,NA,NA
"LPCHMCBP_01887",0,NA,NA,NA,NA,NA
"LPCHMCBP_01888",0,NA,NA,NA,NA,NA
"LPCHMCBP_01889",0,NA,NA,NA,NA,NA
"LPCHMCBP_01890",0,NA,NA,NA,NA,NA
"LPCHMCBP_01891",0,NA,NA,NA,NA,NA
"LPCHMCBP_01892",0,NA,NA,NA,NA,NA
"LPCHMCBP_01894",0,NA,NA,NA,NA,NA
"LPCHMCBP_01895",0,NA,NA,NA,NA,NA
"LPCHMCBP_01896",0,NA,NA,NA,NA,NA
"LPCHMCBP_01897",0,NA,NA,NA,NA,NA
"LPCHMCBP_01898",0,NA,NA,NA,NA,NA
"LPCHMCBP_01899",0,NA,NA,NA,NA,NA
"LPCHMCBP_01901",0,NA,NA,NA,NA,NA
"LPCHMCBP_01902",0,NA,NA,NA,NA,NA
"LPCHMCBP_01903",0,NA,NA,NA,NA,NA
"LPCHMCBP_01904",0,NA,NA,NA,NA,NA
"LPCHMCBP_01905",0,NA,NA,NA,NA,NA
"LPCHMCBP_01906",0,NA,NA,NA,NA,NA
"LPCHMCBP_01907",0,NA,NA,NA,NA,NA
"LPCHMCBP_01908",0,NA,NA,NA,NA,NA
"LPCHMCBP_01910",0,NA,NA,NA,NA,NA
"LPCHMCBP_01911",0,NA,NA,NA,NA,NA
"LPCHMCBP_01912",0,NA,NA,NA,NA,NA
"LPCHMCBP_01913",0,NA,NA,NA,NA,NA
"LPCHMCBP_01914",0,NA,NA,NA,NA,NA
"LPCHMCBP_01915",0,NA,NA,NA,NA,NA
"LPCHMCBP_01917",0,NA,NA,NA,NA,NA
"LPCHMCBP_01919",0,NA,NA,NA,NA,NA
"LPCHMCBP_01920",0,NA,NA,NA,NA,NA
"LPCHMCBP_01921",0,NA,NA,NA,NA,NA
"LPCHMCBP_01922",0,NA,NA,NA,NA,NA
"LPCHMCBP_01923",0,NA,NA,NA,NA,NA
"LPCHMCBP_01924",0,NA,NA,NA,NA,NA
"LPCHMCBP_01925",0,NA,NA,NA,NA,NA
"LPCHMCBP_01926",0,NA,NA,NA,NA,NA
"LPCHMCBP_01927",8.88720915902908,-6.79431346349659,3.26724248125581,-2.07952531912633,0.0375690931205115,NA
"LPCHMCBP_01929",0,NA,NA,NA,NA,NA
"LPCHMCBP_01930",0,NA,NA,NA,NA,NA
"LPCHMCBP_01931",0,NA,NA,NA,NA,NA
"LPCHMCBP_01932",0,NA,NA,NA,NA,NA
"LPCHMCBP_01933",0,NA,NA,NA,NA,NA
"LPCHMCBP_01934",0,NA,NA,NA,NA,NA
"LPCHMCBP_01935",0,NA,NA,NA,NA,NA
"LPCHMCBP_01937",7.76160767998065,-0.113652211304691,3.07588326367059,-0.0369494553473608,0.970525306981774,NA
"LPCHMCBP_01938",0.449077815603924,-2.49680542875619,4.00025408168715,-0.624161710173954,0.532521390190908,NA
"LPCHMCBP_01940",0,NA,NA,NA,NA,NA
"LPCHMCBP_01941",0.851796757942976,3.28970382958256,3.95399050321258,0.831995885399751,0.405411266997765,NA
"LPCHMCBP_01943",0,NA,NA,NA,NA,NA
"LPCHMCBP_01944",1.13078708274242,-3.81928410818895,3.94441772562056,-0.968275769419953,0.332906662699342,NA
"LPCHMCBP_01946",9.74691704910457,-3.00525727668944,3.38304428879877,-0.888329273914568,0.374363657357292,NA
"LPCHMCBP_01947",0,NA,NA,NA,NA,NA
"LPCHMCBP_01948",3.83408422661711,1.81828426123141,3.65610500226029,0.497328238687702,0.618957601385644,NA
"LPCHMCBP_01949",0,NA,NA,NA,NA,NA
"LPCHMCBP_01950",0,NA,NA,NA,NA,NA
"LPCHMCBP_01951",0,NA,NA,NA,NA,NA
"LPCHMCBP_01952",0,NA,NA,NA,NA,NA
"LPCHMCBP_01953",0,NA,NA,NA,NA,NA
"LPCHMCBP_01954",0,NA,NA,NA,NA,NA
"LPCHMCBP_01955",0,NA,NA,NA,NA,NA
"LPCHMCBP_01956",0,NA,NA,NA,NA,NA
"LPCHMCBP_01957",0,NA,NA,NA,NA,NA
"LPCHMCBP_01958",0,NA,NA,NA,NA,NA
"LPCHMCBP_01960",10.2714466544596,6.86172082413743,3.29486407646696,2.08255049825762,0.0372922153590598,NA
"LPCHMCBP_01962",0,NA,NA,NA,NA,NA
"LPCHMCBP_01963",0,NA,NA,NA,NA,NA
"LPCHMCBP_01964",3.93956000548626,5.4814913779729,3.9172079196129,1.39933633609997,0.161712148235514,NA
"LPCHMCBP_01965",0,NA,NA,NA,NA,NA
"LPCHMCBP_01966",0,NA,NA,NA,NA,NA
"LPCHMCBP_01967",0,NA,NA,NA,NA,NA
"LPCHMCBP_01969",0,NA,NA,NA,NA,NA
"LPCHMCBP_01970",0,NA,NA,NA,NA,NA
"LPCHMCBP_01971",0,NA,NA,NA,NA,NA
"LPCHMCBP_01972",0,NA,NA,NA,NA,NA
"LPCHMCBP_01973",0,NA,NA,NA,NA,NA
"LPCHMCBP_01974",0,NA,NA,NA,NA,NA
"LPCHMCBP_01975",0,NA,NA,NA,NA,NA
"LPCHMCBP_01976",0,NA,NA,NA,NA,NA
"LPCHMCBP_01977",0,NA,NA,NA,NA,NA
"LPCHMCBP_01979",0,NA,NA,NA,NA,NA
"LPCHMCBP_01981",0,NA,NA,NA,NA,NA
"LPCHMCBP_01982",0,NA,NA,NA,NA,NA
"LPCHMCBP_01984",0,NA,NA,NA,NA,NA
"LPCHMCBP_01986",0.106474594742872,0.817653204869525,4.0804728567969,0.200381973747858,0.841181856452921,NA
"LPCHMCBP_01987",0,NA,NA,NA,NA,NA
"LPCHMCBP_01988",0,NA,NA,NA,NA,NA
"LPCHMCBP_01989",0,NA,NA,NA,NA,NA
"LPCHMCBP_01990",4.89783135817211,5.79464388395212,3.88655165894954,1.49094734675887,0.135975319308875,NA
"LPCHMCBP_01991",0,NA,NA,NA,NA,NA
"LPCHMCBP_01993",0,NA,NA,NA,NA,NA
"LPCHMCBP_01995",0,NA,NA,NA,NA,NA
"LPCHMCBP_01996",0,NA,NA,NA,NA,NA
"LPCHMCBP_01997",0,NA,NA,NA,NA,NA
"LPCHMCBP_01998",11.086342459617,-7.11252059411827,3.66832846761305,-1.9388995987991,0.0525135648295103,NA
"LPCHMCBP_01999",0.852795573816695,-3.40778660468209,3.95676535226468,-0.861255672573969,0.389097243734295,NA
"LPCHMCBP_02000",0,NA,NA,NA,NA,NA
"LPCHMCBP_02001",0,NA,NA,NA,NA,NA
"LPCHMCBP_02002",0,NA,NA,NA,NA,NA
"LPCHMCBP_02003",0,NA,NA,NA,NA,NA
"LPCHMCBP_02004",0,NA,NA,NA,NA,NA
"LPCHMCBP_02005",0,NA,NA,NA,NA,NA
"LPCHMCBP_02006",0,NA,NA,NA,NA,NA
"LPCHMCBP_02007",0,NA,NA,NA,NA,NA
"LPCHMCBP_02008",0,NA,NA,NA,NA,NA
"LPCHMCBP_02009",3.93956000548626,5.4814913779729,3.9172079196129,1.39933633609997,0.161712148235514,NA
"LPCHMCBP_02010",0,NA,NA,NA,NA,NA
"LPCHMCBP_02011",0,NA,NA,NA,NA,NA
"LPCHMCBP_02012",0,NA,NA,NA,NA,NA
"LPCHMCBP_02013",0,NA,NA,NA,NA,NA
"LPCHMCBP_02014",0,NA,NA,NA,NA,NA
"LPCHMCBP_02019",0,NA,NA,NA,NA,NA
"LPCHMCBP_02020",1.65594918419391,-0.225606262301406,3.82589934998425,-0.0589681645185817,0.95297746500426,NA
"LPCHMCBP_02021",0,NA,NA,NA,NA,NA
"LPCHMCBP_02022",0,NA,NA,NA,NA,NA
"LPCHMCBP_02023",0,NA,NA,NA,NA,NA
"LPCHMCBP_02024",0,NA,NA,NA,NA,NA
"LPCHMCBP_02025",0,NA,NA,NA,NA,NA
"LPCHMCBP_02026",0,NA,NA,NA,NA,NA
"LPCHMCBP_02027",0,NA,NA,NA,NA,NA
"LPCHMCBP_02028",0,NA,NA,NA,NA,NA
"LPCHMCBP_02029",0,NA,NA,NA,NA,NA
"LPCHMCBP_02030",0,NA,NA,NA,NA,NA
"LPCHMCBP_02031",0,NA,NA,NA,NA,NA
"LPCHMCBP_02032",0,NA,NA,NA,NA,NA
"LPCHMCBP_02033",4.82119545779875,0.0363808704917619,2.82271409710054,0.0128886133133823,0.989716659133063,NA
"LPCHMCBP_02034",0,NA,NA,NA,NA,NA
"LPCHMCBP_02035",0,NA,NA,NA,NA,NA
"LPCHMCBP_02036",0,NA,NA,NA,NA,NA
"LPCHMCBP_02037",6.16882301863139,6.12773071573654,3.37019554175141,1.81821221938716,0.0690317030904146,NA
"LPCHMCBP_02038",0,NA,NA,NA,NA,NA
"LPCHMCBP_02039",0,NA,NA,NA,NA,NA
"LPCHMCBP_02040",0,NA,NA,NA,NA,NA
"LPCHMCBP_02041",0,NA,NA,NA,NA,NA
"LPCHMCBP_02044",0,NA,NA,NA,NA,NA
"LPCHMCBP_02046",0,NA,NA,NA,NA,NA
"LPCHMCBP_02047",0,NA,NA,NA,NA,NA
"LPCHMCBP_02048",0,NA,NA,NA,NA,NA
"LPCHMCBP_02050",0,NA,NA,NA,NA,NA
"LPCHMCBP_02051",0,NA,NA,NA,NA,NA
"LPCHMCBP_02052",0,NA,NA,NA,NA,NA
"LPCHMCBP_02053",0,NA,NA,NA,NA,NA
"LPCHMCBP_02055",0,NA,NA,NA,NA,NA
"LPCHMCBP_02056",0,NA,NA,NA,NA,NA
"LPCHMCBP_02057",0.811719610290975,-1.27710748068786,3.93920410882079,-0.324204444707023,0.745783257276273,NA
"LPCHMCBP_02058",0,NA,NA,NA,NA,NA
"LPCHMCBP_02060",0,NA,NA,NA,NA,NA
"LPCHMCBP_02062",0,NA,NA,NA,NA,NA
"LPCHMCBP_02063",0,NA,NA,NA,NA,NA
"LPCHMCBP_02064",0,NA,NA,NA,NA,NA
"LPCHMCBP_02065",0,NA,NA,NA,NA,NA
"LPCHMCBP_02066",0,NA,NA,NA,NA,NA
"LPCHMCBP_02067",0,NA,NA,NA,NA,NA
"LPCHMCBP_02068",0,NA,NA,NA,NA,NA
"LPCHMCBP_02070",0,NA,NA,NA,NA,NA
"LPCHMCBP_02071",0,NA,NA,NA,NA,NA
"LPCHMCBP_02072",7.70162117833275,6.44556116746559,3.3391159262071,1.93031967440169,0.0535672407625977,NA
"LPCHMCBP_02073",0,NA,NA,NA,NA,NA
"LPCHMCBP_02074",0,NA,NA,NA,NA,NA
"LPCHMCBP_02075",0,NA,NA,NA,NA,NA
"LPCHMCBP_02076",0,NA,NA,NA,NA,NA
"LPCHMCBP_02077",0,NA,NA,NA,NA,NA
"LPCHMCBP_02078",0,NA,NA,NA,NA,NA
"LPCHMCBP_02079",0.425898378971488,2.30928063015057,3.99880256375354,0.577493035310782,0.563606442143428,NA
"LPCHMCBP_02080",0,NA,NA,NA,NA,NA
"LPCHMCBP_02081",2.63390093402245,-5.04067938127309,3.40043026719012,-1.48236516711115,0.138243157110921,NA
"LPCHMCBP_02083",0,NA,NA,NA,NA,NA
"LPCHMCBP_02084",0,NA,NA,NA,NA,NA
"LPCHMCBP_02085",0.425898378971488,2.30928063015057,3.99880256375354,0.577493035310782,0.563606442143428,NA
"LPCHMCBP_02086",0,NA,NA,NA,NA,NA
"LPCHMCBP_02087",0,NA,NA,NA,NA,NA
"LPCHMCBP_02088",0,NA,NA,NA,NA,NA
"LPCHMCBP_02089",0,NA,NA,NA,NA,NA
"LPCHMCBP_02090",0,NA,NA,NA,NA,NA
"LPCHMCBP_02091",0,NA,NA,NA,NA,NA
"LPCHMCBP_02092",0,NA,NA,NA,NA,NA
"LPCHMCBP_02093",0,NA,NA,NA,NA,NA
"LPCHMCBP_02094",0,NA,NA,NA,NA,NA
"LPCHMCBP_02095",0,NA,NA,NA,NA,NA
"LPCHMCBP_02096",0,NA,NA,NA,NA,NA
"LPCHMCBP_02098",21.3405849748417,-5.24317177201744,3.31081010398466,-1.58365222025484,NA,NA
"LPCHMCBP_02100",0,NA,NA,NA,NA,NA
"LPCHMCBP_02101",2.44891567908606,4.79873429014052,3.9235004254026,1.22307474699665,0.221301465667936,NA
"LPCHMCBP_02102",0,NA,NA,NA,NA,NA
"LPCHMCBP_02103",0,NA,NA,NA,NA,NA
"LPCHMCBP_02105",5.64237420753262,3.03926757604822,2.57978767150567,1.17810764413584,0.238753694981075,NA
"LPCHMCBP_02106",3.62001269705267,5.34396868320022,3.91824940153029,1.36386639429157,0.172609619259395,NA
"LPCHMCBP_02107",3.56002049977965,1.57034725545305,3.6864950107689,0.425972977276734,0.670127536868546,NA
"LPCHMCBP_02108",0,NA,NA,NA,NA,NA
"LPCHMCBP_02109",0,NA,NA,NA,NA,NA
"LPCHMCBP_02110",0,NA,NA,NA,NA,NA
"LPCHMCBP_02111",0,NA,NA,NA,NA,NA
"LPCHMCBP_02112",0,NA,NA,NA,NA,NA
"LPCHMCBP_02113",0,NA,NA,NA,NA,NA
"LPCHMCBP_02114",0,NA,NA,NA,NA,NA
"LPCHMCBP_02115",0.106474594742872,0.817653204869525,4.0804728567969,0.200381973747858,0.841181856452921,NA
"LPCHMCBP_02116",2.99385210402616,-5.22583186361707,3.92101128908654,-1.33277654113424,0.182605146314047,NA
"LPCHMCBP_02117",0,NA,NA,NA,NA,NA
"LPCHMCBP_02118",0,NA,NA,NA,NA,NA
"LPCHMCBP_02119",0,NA,NA,NA,NA,NA
"LPCHMCBP_02120",0,NA,NA,NA,NA,NA
"LPCHMCBP_02121",0,NA,NA,NA,NA,NA
"LPCHMCBP_02122",0,NA,NA,NA,NA,NA
"LPCHMCBP_02123",2.70438059194596,4.92337937992098,3.78854687562672,1.29954294919646,0.193757664017929,NA
"LPCHMCBP_02124",0,NA,NA,NA,NA,NA
"LPCHMCBP_02125",0,NA,NA,NA,NA,NA
"LPCHMCBP_02126",0,NA,NA,NA,NA,NA
"LPCHMCBP_02129",7.53936702451022,-0.0758547565287011,3.13926284071289,-0.0241632384344967,0.980722401042243,NA
"LPCHMCBP_02130",1.19754084161046,-3.90616121572927,3.94222734091974,-0.990851332997438,0.321758179237687,NA
"LPCHMCBP_02131",0,NA,NA,NA,NA,NA
"LPCHMCBP_02132",0,NA,NA,NA,NA,NA
"LPCHMCBP_02134",0,NA,NA,NA,NA,NA
"LPCHMCBP_02135",0,NA,NA,NA,NA,NA
"LPCHMCBP_02136",0,NA,NA,NA,NA,NA
"LPCHMCBP_02137",4.49077815603923,-5.81027092434576,3.91627173489129,-1.48362302660978,0.137908957074387,NA
"LPCHMCBP_02139",0,NA,NA,NA,NA,NA
"LPCHMCBP_02140",0,NA,NA,NA,NA,NA
"LPCHMCBP_02141",0.106474594742872,0.817653204869525,4.0804728567969,0.200381973747858,0.841181856452921,NA
"LPCHMCBP_02142",0,NA,NA,NA,NA,NA
"LPCHMCBP_02143",1.17122054217159,3.74324960074567,3.94137411104021,0.949732122677831,0.342248383255538,NA
"LPCHMCBP_02144",0,NA,NA,NA,NA,NA
"LPCHMCBP_02146",0.106474594742872,0.817653204869525,4.0804728567969,0.200381973747858,0.841181856452921,NA
"LPCHMCBP_02147",0,NA,NA,NA,NA,NA
"LPCHMCBP_02148",0,NA,NA,NA,NA,NA
"LPCHMCBP_02149",0,NA,NA,NA,NA,NA
"LPCHMCBP_02150",0,NA,NA,NA,NA,NA
"LPCHMCBP_02151",0,NA,NA,NA,NA,NA
"LPCHMCBP_02152",0,NA,NA,NA,NA,NA
"LPCHMCBP_02154",0,NA,NA,NA,NA,NA
"LPCHMCBP_02155",0,NA,NA,NA,NA,NA
"LPCHMCBP_02156",0,NA,NA,NA,NA,NA
"LPCHMCBP_02157",0,NA,NA,NA,NA,NA
"LPCHMCBP_02158",23.5371578373408,-22.3462673255969,3.59775545468606,-6.21116904888324,NA,NA
"LPCHMCBP_02159",0,NA,NA,NA,NA,NA
"LPCHMCBP_02160",0,NA,NA,NA,NA,NA
"LPCHMCBP_02162",0,NA,NA,NA,NA,NA
"LPCHMCBP_02163",0,NA,NA,NA,NA,NA
"LPCHMCBP_02164",0,NA,NA,NA,NA,NA
"LPCHMCBP_02165",0,NA,NA,NA,NA,NA
"LPCHMCBP_02166",0,NA,NA,NA,NA,NA
"LPCHMCBP_02167",0,NA,NA,NA,NA,NA
"LPCHMCBP_02169",0,NA,NA,NA,NA,NA
"LPCHMCBP_02170",0,NA,NA,NA,NA,NA
"LPCHMCBP_02171",0,NA,NA,NA,NA,NA
"LPCHMCBP_02172",0,NA,NA,NA,NA,NA
"LPCHMCBP_02173",0.544844363500321,2.65447609722692,3.97959553116594,0.667021579564699,0.504758349487457,NA
"LPCHMCBP_02174",0,NA,NA,NA,NA,NA
"LPCHMCBP_02176",0,NA,NA,NA,NA,NA
"LPCHMCBP_02177",0,NA,NA,NA,NA,NA
"LPCHMCBP_02178",0,NA,NA,NA,NA,NA
"LPCHMCBP_02180",1.38416973165734,3.98176564176734,3.93614368568353,1.01159052100911,0.311733879994557,NA
"LPCHMCBP_02181",0,NA,NA,NA,NA,NA
"LPCHMCBP_02182",0,NA,NA,NA,NA,NA
"LPCHMCBP_02183",0,NA,NA,NA,NA,NA
"LPCHMCBP_02184",0,NA,NA,NA,NA,NA
"LPCHMCBP_02185",0,NA,NA,NA,NA,NA
"LPCHMCBP_02186",0,NA,NA,NA,NA,NA
"LPCHMCBP_02187",10.2042259115843,0.00967318671602582,3.42092752659167,0.00282765029099093,0.997743864495998,NA
"LPCHMCBP_02188",0,NA,NA,NA,NA,NA
"LPCHMCBP_02189",0,NA,NA,NA,NA,NA
"LPCHMCBP_02190",3.83308541074339,5.44210681908884,3.91749617480209,1.38917986802215,0.164778061922881,NA
"LPCHMCBP_02192",0,NA,NA,NA,NA,NA
"LPCHMCBP_02193",0,NA,NA,NA,NA,NA
"LPCHMCBP_02194",1.89684589182107,-1.31974036729945,3.83502437642288,-0.344128286488349,0.730749811031439,NA
"LPCHMCBP_02200",47.9408721929287,-1.20534277632471,2.63012391962449,-0.458283644862178,NA,NA
"LPCHMCBP_02201",0,NA,NA,NA,NA,NA
"LPCHMCBP_02202",0,NA,NA,NA,NA,NA
"LPCHMCBP_02203",0,NA,NA,NA,NA,NA
"LPCHMCBP_02204",0,NA,NA,NA,NA,NA
"LPCHMCBP_02205",22.2935576679448,0.289313146592381,3.13457572498112,0.0922973863054858,NA,NA
"LPCHMCBP_02206",0,NA,NA,NA,NA,NA
"LPCHMCBP_02209",0,NA,NA,NA,NA,NA
"LPCHMCBP_02210",0,NA,NA,NA,NA,NA
"LPCHMCBP_02211",0,NA,NA,NA,NA,NA
"LPCHMCBP_02212",0,NA,NA,NA,NA,NA
"LPCHMCBP_02213",0,NA,NA,NA,NA,NA
"LPCHMCBP_02214",0,NA,NA,NA,NA,NA
"LPCHMCBP_02215",10.574665115327,-7.04433059166118,3.67615271801332,-1.91622359896629,0.0553366407848827,NA
"LPCHMCBP_02216",0,NA,NA,NA,NA,NA
"LPCHMCBP_02217",0,NA,NA,NA,NA,NA
"LPCHMCBP_02219",1.59711892114308,4.18635968001565,3.93228709455588,1.0646119114272,0.287051587306931,NA
"LPCHMCBP_02221",0,NA,NA,NA,NA,NA
"LPCHMCBP_02223",11.676023205702,-7.18819879962336,3.65538333179535,-1.96646921735917,NA,NA
"LPCHMCBP_02224",0,NA,NA,NA,NA,NA
"LPCHMCBP_02225",11.1463298156039,-7.12070988782829,3.66541798419863,-1.94267336454538,0.0520556364208516,NA
"LPCHMCBP_02226",0,NA,NA,NA,NA,NA
"LPCHMCBP_02227",0,NA,NA,NA,NA,NA
"LPCHMCBP_02228",0,NA,NA,NA,NA,NA
"LPCHMCBP_02229",0,NA,NA,NA,NA,NA
"LPCHMCBP_02230",0,NA,NA,NA,NA,NA
"LPCHMCBP_02231",0,NA,NA,NA,NA,NA
"LPCHMCBP_02232",0,NA,NA,NA,NA,NA
"LPCHMCBP_02233",0,NA,NA,NA,NA,NA
"LPCHMCBP_02234",0,NA,NA,NA,NA,NA
"LPCHMCBP_02235",0,NA,NA,NA,NA,NA
"LPCHMCBP_02236",0,NA,NA,NA,NA,NA
"LPCHMCBP_02237",10.3280356900586,6.8689961386663,3.67369300733441,1.86977957193281,NA,NA
"LPCHMCBP_02241",0,NA,NA,NA,NA,NA
"LPCHMCBP_02242",0,NA,NA,NA,NA,NA
"LPCHMCBP_02243",8.7364829820533,-2.76870959750557,3.07482817942898,-0.900443678781342,0.367884185077372,NA
"LPCHMCBP_02245",0,NA,NA,NA,NA,NA
"LPCHMCBP_02246",0.149692605201308,-1.10590014677296,4.0804728567969,-0.271022547039089,0.786373690995412,NA
"LPCHMCBP_02247",0,NA,NA,NA,NA,NA
"LPCHMCBP_02248",0,NA,NA,NA,NA,NA
"LPCHMCBP_02249",0,NA,NA,NA,NA,NA
"LPCHMCBP_02250",0,NA,NA,NA,NA,NA
"LPCHMCBP_02251",0,NA,NA,NA,NA,NA
"LPCHMCBP_02252",0,NA,NA,NA,NA,NA
"LPCHMCBP_02253",0,NA,NA,NA,NA,NA
"LPCHMCBP_02255",3.0534816500435,-3.51026698677179,3.37850316838582,-1.03900064964241,0.298804434132842,NA
"LPCHMCBP_02256",8.56167362647836,-6.74009893418641,3.71561544057155,-1.81399260552906,0.0696788641951056,NA
"LPCHMCBP_02259",0,NA,NA,NA,NA,NA
"LPCHMCBP_02260",0,NA,NA,NA,NA,NA
"LPCHMCBP_02261",0,NA,NA,NA,NA,NA
"LPCHMCBP_02262",0,NA,NA,NA,NA,NA
"LPCHMCBP_02265",0,NA,NA,NA,NA,NA
"LPCHMCBP_02266",0,NA,NA,NA,NA,NA
"LPCHMCBP_02267",0,NA,NA,NA,NA,NA
"LPCHMCBP_02268",13.7977342053446,20.6424895944712,3.63584311692656,5.67749733160121,NA,NA
"LPCHMCBP_02271",0,NA,NA,NA,NA,NA
"LPCHMCBP_02272",11.345031699234,4.48958534468745,3.36633493766882,1.33367161254503,NA,NA
"LPCHMCBP_02274",0,NA,NA,NA,NA,NA
"LPCHMCBP_02275",1.59711892114308,4.18635968001565,3.93228709455588,1.0646119114272,0.287051587306931,NA
"LPCHMCBP_02276",6.28200108982945,6.15296040143753,3.79472581157047,1.62145058878209,0.104921038763208,NA
"LPCHMCBP_02277",0,NA,NA,NA,NA,NA
"LPCHMCBP_02278",0,NA,NA,NA,NA,NA
"LPCHMCBP_02279",0,NA,NA,NA,NA,NA
"LPCHMCBP_02283",0,NA,NA,NA,NA,NA
"LPCHMCBP_02284",0,NA,NA,NA,NA,NA
"LPCHMCBP_02285",0,NA,NA,NA,NA,NA
"LPCHMCBP_02286",0,NA,NA,NA,NA,NA
"LPCHMCBP_02287",0,NA,NA,NA,NA,NA
"LPCHMCBP_02288",0,NA,NA,NA,NA,NA
"LPCHMCBP_02289",0,NA,NA,NA,NA,NA
"LPCHMCBP_02290",0,NA,NA,NA,NA,NA
"LPCHMCBP_02291",0.212949189485744,1.48842992284013,4.04345177252307,0.368108736440143,0.712792156841894,NA
"LPCHMCBP_02293",0,NA,NA,NA,NA,NA
"LPCHMCBP_02294",7.33493765486408,-6.51774731221106,3.75078540376153,-1.73770200387221,0.0822633354584715,NA
"LPCHMCBP_02295",0,NA,NA,NA,NA,NA
"LPCHMCBP_02296",8.9265667024396,-0.502827987972313,3.43517649121332,-0.14637617288616,0.883624435983273,NA
"LPCHMCBP_02297",0,NA,NA,NA,NA,NA
"LPCHMCBP_02298",0,NA,NA,NA,NA,NA
"LPCHMCBP_02299",0,NA,NA,NA,NA,NA
"LPCHMCBP_02300",2.87481405805754,5.02884154545637,3.92104261940485,1.28252662201863,0.199657972225669,NA
"LPCHMCBP_02301",0,NA,NA,NA,NA,NA
"LPCHMCBP_02302",0,NA,NA,NA,NA,NA
"LPCHMCBP_02303",0,NA,NA,NA,NA,NA
"LPCHMCBP_02304",0,NA,NA,NA,NA,NA
"LPCHMCBP_02305",5.53667892662935,5.97113623174531,3.83728108856348,1.55608517956673,0.119687838698715,NA
"LPCHMCBP_02307",0,NA,NA,NA,NA,NA
"LPCHMCBP_02308",0,NA,NA,NA,NA,NA
"LPCHMCBP_02309",0,NA,NA,NA,NA,NA
"LPCHMCBP_02310",0,NA,NA,NA,NA,NA
"LPCHMCBP_02311",0,NA,NA,NA,NA,NA
"LPCHMCBP_02312",0,NA,NA,NA,NA,NA
"LPCHMCBP_02313",0,NA,NA,NA,NA,NA
"LPCHMCBP_02314",0,NA,NA,NA,NA,NA
"LPCHMCBP_02315",6.25306214629452,-3.37447193653693,3.08201658717678,-1.09489090700451,0.273564433180026,NA
"LPCHMCBP_02317",0,NA,NA,NA,NA,NA
"LPCHMCBP_02318",1.002488179018,-3.6430745547086,3.94928236328343,-0.922464949221748,0.356286105061105,NA
"LPCHMCBP_02319",0,NA,NA,NA,NA,NA
"LPCHMCBP_02320",0,NA,NA,NA,NA,NA
"LPCHMCBP_02322",0,NA,NA,NA,NA,NA
"LPCHMCBP_02323",0,NA,NA,NA,NA,NA
"LPCHMCBP_02324",0,NA,NA,NA,NA,NA
"LPCHMCBP_02325",0,NA,NA,NA,NA,NA
"LPCHMCBP_02328",0,NA,NA,NA,NA,NA
"LPCHMCBP_02329",0,NA,NA,NA,NA,NA
"LPCHMCBP_02330",0,NA,NA,NA,NA,NA
"LPCHMCBP_02331",22.8693171296597,-1.46464624835318,3.37968243043323,-0.433368009717242,NA,NA
"LPCHMCBP_02332",0,NA,NA,NA,NA,NA
"LPCHMCBP_02333",0,NA,NA,NA,NA,NA
"LPCHMCBP_02334",0,NA,NA,NA,NA,NA
"LPCHMCBP_02335",0,NA,NA,NA,NA,NA
"LPCHMCBP_02336",0,NA,NA,NA,NA,NA
"LPCHMCBP_02337",0,NA,NA,NA,NA,NA
"LPCHMCBP_02338",0,NA,NA,NA,NA,NA
"LPCHMCBP_02339",0,NA,NA,NA,NA,NA
"LPCHMCBP_02340",0,NA,NA,NA,NA,NA
"LPCHMCBP_02341",0,NA,NA,NA,NA,NA
"LPCHMCBP_02342",0,NA,NA,NA,NA,NA
"LPCHMCBP_02343",11.5611851877135,7.02730616692517,2.95227061954938,2.38030555884398,0.0172982875132999,NA
"LPCHMCBP_02344",0,NA,NA,NA,NA,NA
"LPCHMCBP_02345",0,NA,NA,NA,NA,NA
"LPCHMCBP_02346",13.5519683597142,3.62279027186773,2.92519724222633,1.23847726217275,0.215539147989265,NA
"LPCHMCBP_02347",0,NA,NA,NA,NA,NA
"LPCHMCBP_02349",0,NA,NA,NA,NA,NA
"LPCHMCBP_02350",0,NA,NA,NA,NA,NA
"LPCHMCBP_02351",0,NA,NA,NA,NA,NA
"LPCHMCBP_02352",8.83186370687716,-6.7855755079797,3.70591050378618,-1.83101440281603,0.0670983933558083,NA
"LPCHMCBP_02353",68.6027814208459,-1.09758060241471,2.66924234033743,-0.411195561312714,NA,NA
"LPCHMCBP_02354",1.59711892114308,4.18635968001565,3.93228709455588,1.0646119114272,0.287051587306931,NA
"LPCHMCBP_02355",0,NA,NA,NA,NA,NA
"LPCHMCBP_02356",0,NA,NA,NA,NA,NA
"LPCHMCBP_02357",2.55638908970265,1.01504407034204,3.80213614167206,0.266966787227049,0.789494733220956,NA
"LPCHMCBP_02358",0,NA,NA,NA,NA,NA
"LPCHMCBP_02359",0,NA,NA,NA,NA,NA
"LPCHMCBP_02360",0,NA,NA,NA,NA,NA
"LPCHMCBP_02361",0,NA,NA,NA,NA,NA
"LPCHMCBP_02362",10.7760701592288,6.93054220729362,3.20605856695228,2.16170168528203,0.0306411776630387,NA
"LPCHMCBP_02363",2.84415949882485,-5.15191321343361,3.92175879798328,-1.3136741647862,0.188955878685135,NA
"LPCHMCBP_02364",0,NA,NA,NA,NA,NA
"LPCHMCBP_02366",0,NA,NA,NA,NA,NA
"LPCHMCBP_02368",0,NA,NA,NA,NA,NA
"LPCHMCBP_02372",13.6287481270876,20.6257158631401,3.63310680859939,5.67715648059673,NA,NA
"LPCHMCBP_02374",0,NA,NA,NA,NA,NA
"LPCHMCBP_02375",13.2463629692684,-7.36974048512433,3.64104201061217,-2.0240745543843,NA,NA
"LPCHMCBP_02376",0,NA,NA,NA,NA,NA
"LPCHMCBP_02377",0,NA,NA,NA,NA,NA
"LPCHMCBP_02378",0,NA,NA,NA,NA,NA
"LPCHMCBP_02379",11.1249581054184,-1.51514837144041,2.68865613232327,-0.563533712335004,0.573071510575588,NA
"LPCHMCBP_02381",0,NA,NA,NA,NA,NA
"LPCHMCBP_02382",0,NA,NA,NA,NA,NA
"LPCHMCBP_02383",2.91803206851598,4.01325188361331,3.83762303291094,1.04576500849516,0.295669540281848,NA
"LPCHMCBP_02387",0.362641794687052,0.526656007083807,4.04345139435996,0.130249125244443,0.896369329255232,NA
"LPCHMCBP_02389",0,NA,NA,NA,NA,NA
"LPCHMCBP_02390",0,NA,NA,NA,NA,NA
"LPCHMCBP_02391",0,NA,NA,NA,NA,NA
"LPCHMCBP_02392",0,NA,NA,NA,NA,NA
"LPCHMCBP_02393",0,NA,NA,NA,NA,NA
"LPCHMCBP_02394",10.9595708435777,6.95061129173251,3.23533625345376,2.14834278332357,0.0316865345072817,NA
"LPCHMCBP_02395",0,NA,NA,NA,NA,NA
"LPCHMCBP_02397",0,NA,NA,NA,NA,NA
"LPCHMCBP_02398",12.5745912461025,-2.19769209230043,3.37540355385223,-0.651090175511691,0.514988278077873,NA
"LPCHMCBP_02399",0,NA,NA,NA,NA,NA
"LPCHMCBP_02401",0,NA,NA,NA,NA,NA
"LPCHMCBP_02402",0,NA,NA,NA,NA,NA
"LPCHMCBP_02403",0,NA,NA,NA,NA,NA
"LPCHMCBP_02405",0,NA,NA,NA,NA,NA
"LPCHMCBP_02406",1.10796395788716,2.49548410571267,3.94887264371497,0.631948490332927,0.527420536289251,NA
"LPCHMCBP_02407",0,NA,NA,NA,NA,NA
"LPCHMCBP_02408",0,NA,NA,NA,NA,NA
"LPCHMCBP_02409",0,NA,NA,NA,NA,NA
"LPCHMCBP_02410",7.40963816029125,-1.00785107269145,3.16197825619297,-0.318740671513948,0.749923170558572,NA
"LPCHMCBP_02411",0,NA,NA,NA,NA,NA
"LPCHMCBP_02412",0,NA,NA,NA,NA,NA
"LPCHMCBP_02413",1.64661865721439,-4.36458362013075,3.93260611832544,-1.10984509732423,0.267065782315679,NA
"LPCHMCBP_02414",0,NA,NA,NA,NA,NA
"LPCHMCBP_02415",0.299385210402616,-1.91588442943562,4.04578977049598,-0.473550168970037,0.635820717289698,NA
"LPCHMCBP_02416",0,NA,NA,NA,NA,NA
"LPCHMCBP_02417",0,NA,NA,NA,NA,NA
"LPCHMCBP_02418",0,NA,NA,NA,NA,NA
"LPCHMCBP_02419",0,NA,NA,NA,NA,NA
"LPCHMCBP_02420",0,NA,NA,NA,NA,NA
"LPCHMCBP_02421",0,NA,NA,NA,NA,NA
"LPCHMCBP_02423",3.892007735234,-5.60398244317802,3.91773103951891,-1.43041530586188,0.152597857902473,NA
"LPCHMCBP_02424",0,NA,NA,NA,NA,NA
"LPCHMCBP_02425",0,NA,NA,NA,NA,NA
"LPCHMCBP_02426",11.400235823088,-7.15323772195594,3.21457491193839,-2.22525152404756,0.0260643577176179,NA
"LPCHMCBP_02427",0,NA,NA,NA,NA,NA
"LPCHMCBP_02428",0,NA,NA,NA,NA,NA
"LPCHMCBP_02429",0,NA,NA,NA,NA,NA
"LPCHMCBP_02430",9.1222545750983,4.78350907386063,3.18076442978595,1.5038866220541,NA,NA
"LPCHMCBP_02431",0,NA,NA,NA,NA,NA
"LPCHMCBP_02432",16.1724857298548,0.257846595736012,3.0756928373105,0.0838336626493179,NA,NA
"LPCHMCBP_02433",0,NA,NA,NA,NA,NA
"LPCHMCBP_02434",0,NA,NA,NA,NA,NA
"LPCHMCBP_02435",0,NA,NA,NA,NA,NA
"LPCHMCBP_02436",0,NA,NA,NA,NA,NA
"LPCHMCBP_02437",0,NA,NA,NA,NA,NA
"LPCHMCBP_02438",5.64315352137222,5.99855862448348,3.8302622424323,1.56609606465855,0.11732612926578,NA
"LPCHMCBP_02439",0,NA,NA,NA,NA,NA
"LPCHMCBP_02440",5.33943405117578,-1.21546400310392,3.53196072016786,-0.344132933348746,0.730746316541177,NA
"LPCHMCBP_02441",0,NA,NA,NA,NA,NA
"LPCHMCBP_02442",0,NA,NA,NA,NA,NA
"LPCHMCBP_02443",24.3524521513395,-2.56080946771354,3.35556009799773,-0.763154106297061,NA,NA
"LPCHMCBP_02444",0.241334179803512,0.817653204869526,4.0804728567969,0.200381973747858,0.841181856452921,NA
"LPCHMCBP_02445",11.9917521673591,-7.22601750106483,3.21662992897778,-2.24645596808247,0.0246748168777153,NA
"LPCHMCBP_02446",0,NA,NA,NA,NA,NA
"LPCHMCBP_02447",0,NA,NA,NA,NA,NA
"LPCHMCBP_02448",0,NA,NA,NA,NA,NA
"LPCHMCBP_02449",0,NA,NA,NA,NA,NA
"LPCHMCBP_02450",0,NA,NA,NA,NA,NA
"LPCHMCBP_02451",0,NA,NA,NA,NA,NA
"LPCHMCBP_02452",0,NA,NA,NA,NA,NA
"LPCHMCBP_02453",0,NA,NA,NA,NA,NA
"LPCHMCBP_02454",0,NA,NA,NA,NA,NA
"LPCHMCBP_02455",0,NA,NA,NA,NA,NA
"LPCHMCBP_02456",0.170559114763339,-1.10590014677296,4.0804728567969,-0.271022547039089,0.786373690995412,NA
"LPCHMCBP_02457",0,NA,NA,NA,NA,NA
"LPCHMCBP_02458",0,NA,NA,NA,NA,NA
"LPCHMCBP_02459",0,NA,NA,NA,NA,NA
"LPCHMCBP_02460",0,NA,NA,NA,NA,NA
"LPCHMCBP_02461",7.67516016435026,-6.5818421653251,3.74381969617697,-1.75805532837124,0.0787380956411129,NA
"LPCHMCBP_02462",3.72661081600052,5.40161852288322,3.91780077341381,1.37873741807868,0.167975728237913,NA
"LPCHMCBP_02463",0,NA,NA,NA,NA,NA
"LPCHMCBP_02464",7.65759621878279,6.43846339612131,3.28206420002141,1.96171159481868,0.0497960711477981,NA
"LPCHMCBP_02465",0,NA,NA,NA,NA,NA
"LPCHMCBP_02466",1.81006811062882,4.36549438307182,3.92932572424089,1.11100343657949,0.266566870072036,NA
"LPCHMCBP_02467",0,NA,NA,NA,NA,NA
"LPCHMCBP_02468",9.48880238334135,1.11934147645559,3.41781218617991,0.327502336430802,0.7432879760995,NA
"LPCHMCBP_02469",0,NA,NA,NA,NA,NA
"LPCHMCBP_02470",0,NA,NA,NA,NA,NA
"LPCHMCBP_02471",11.2676301938914,-1.13471351531222,3.40270849793198,-0.333473618443028,0.738776800344471,NA
"LPCHMCBP_02472",9.03989482419131,6.67642434825562,3.70353015734825,1.80271904496546,NA,NA
"LPCHMCBP_02473",0,NA,NA,NA,NA,NA
"LPCHMCBP_02474",2.76833946331467,4.9746648597487,3.92158681701536,1.2685336553469,0.204607439838707,NA
"LPCHMCBP_02475",0,NA,NA,NA,NA,NA
"LPCHMCBP_02476",0,NA,NA,NA,NA,NA
"LPCHMCBP_02477",3.92521748945149,5.47489262691422,3.91725567206675,1.39763474361776,0.162222779485733,NA
"LPCHMCBP_02478",0,NA,NA,NA,NA,NA
"LPCHMCBP_02479",0,NA,NA,NA,NA,NA
"LPCHMCBP_02480",0,NA,NA,NA,NA,NA
"LPCHMCBP_02481",0,NA,NA,NA,NA,NA
"LPCHMCBP_02482",0,NA,NA,NA,NA,NA
"LPCHMCBP_02483",0,NA,NA,NA,NA,NA
"LPCHMCBP_02484",0,NA,NA,NA,NA,NA
"LPCHMCBP_02485",7.37465104078765,6.38306548743541,3.75187380145821,1.70130069005907,0.0888865384766134,NA
"LPCHMCBP_02486",0,NA,NA,NA,NA,NA
"LPCHMCBP_02487",0,NA,NA,NA,NA,NA
"LPCHMCBP_02488",0,NA,NA,NA,NA,NA
"LPCHMCBP_02489",0,NA,NA,NA,NA,NA
"LPCHMCBP_02490",0,NA,NA,NA,NA,NA
"LPCHMCBP_02491",0,NA,NA,NA,NA,NA
"LPCHMCBP_02492",0.748463026006539,-3.23022509227334,3.96326624992954,-0.815041152567221,0.415048754433181,NA
"LPCHMCBP_02493",0,NA,NA,NA,NA,NA
"LPCHMCBP_02494",0,NA,NA,NA,NA,NA
"LPCHMCBP_02495",0,NA,NA,NA,NA,NA
"LPCHMCBP_02496",0,NA,NA,NA,NA,NA
"LPCHMCBP_02497",0,NA,NA,NA,NA,NA
"LPCHMCBP_02498",3.93956000548626,5.4814913779729,3.9172079196129,1.39933633609997,0.161712148235514,NA
"LPCHMCBP_02499",0,NA,NA,NA,NA,NA
"LPCHMCBP_02500",0,NA,NA,NA,NA,NA
"LPCHMCBP_02501",0,NA,NA,NA,NA,NA
"LPCHMCBP_02502",0,NA,NA,NA,NA,NA
"LPCHMCBP_02503",0,NA,NA,NA,NA,NA
"LPCHMCBP_02504",2.56692610049048,4.86498867789868,3.80226149731958,1.27949870920984,0.200721493870249,NA
"LPCHMCBP_02505",0,NA,NA,NA,NA,NA
"LPCHMCBP_02506",0,NA,NA,NA,NA,NA
"LPCHMCBP_02507",0,NA,NA,NA,NA,NA
"LPCHMCBP_02508",0,NA,NA,NA,NA,NA
"LPCHMCBP_02510",0,NA,NA,NA,NA,NA
"LPCHMCBP_02511",0,NA,NA,NA,NA,NA
"LPCHMCBP_02512",16.8853523615706,-21.8938570171755,3.61805522041337,-6.05127773994398,NA,NA
"LPCHMCBP_02513",0,NA,NA,NA,NA,NA
"LPCHMCBP_02514",0,NA,NA,NA,NA,NA
"LPCHMCBP_02515",0,NA,NA,NA,NA,NA
"LPCHMCBP_02516",0,NA,NA,NA,NA,NA
"LPCHMCBP_02517",0,NA,NA,NA,NA,NA
"LPCHMCBP_02518",0,NA,NA,NA,NA,NA
"LPCHMCBP_02520",0,NA,NA,NA,NA,NA
"LPCHMCBP_02521",0,NA,NA,NA,NA,NA
"LPCHMCBP_02522",19.3607476096804,-0.474492924166224,3.08939130284763,-0.153587835807287,NA,NA
"LPCHMCBP_02523",0,NA,NA,NA,NA,NA
"LPCHMCBP_02524",7.78401547046801,-6.60344233663197,3.73533262087165,-1.76783248156654,0.0770889130023665,NA
"LPCHMCBP_02525",0,NA,NA,NA,NA,NA
"LPCHMCBP_02526",0,NA,NA,NA,NA,NA
"LPCHMCBP_02527",0,NA,NA,NA,NA,NA
"LPCHMCBP_02528",1.64661865721439,-4.36458362013075,3.93260611832544,-1.10984509732423,0.267065782315679,NA
"LPCHMCBP_02529",0,NA,NA,NA,NA,NA
"LPCHMCBP_02530",11.0592620087466,-2.33586648283208,2.98005711044918,-0.783832791204459,0.433138230137533,NA
"LPCHMCBP_02531",0,NA,NA,NA,NA,NA
"LPCHMCBP_02532",0,NA,NA,NA,NA,NA
"LPCHMCBP_02533",0,NA,NA,NA,NA,NA
"LPCHMCBP_02534",0,NA,NA,NA,NA,NA
"LPCHMCBP_02535",0,NA,NA,NA,NA,NA
"LPCHMCBP_02536",0,NA,NA,NA,NA,NA
"LPCHMCBP_02537",0,NA,NA,NA,NA,NA
"LPCHMCBP_02538",6.13855844917316,-6.26009290566311,3.80676008888951,-1.64446741047169,0.100079690675802,NA
"LPCHMCBP_02539",0,NA,NA,NA,NA,NA
"LPCHMCBP_02540",0,NA,NA,NA,NA,NA
"LPCHMCBP_02541",0,NA,NA,NA,NA,NA
"LPCHMCBP_02542",0,NA,NA,NA,NA,NA
"LPCHMCBP_02543",0,NA,NA,NA,NA,NA
"LPCHMCBP_02544",2.73718749503374,0.663040511160299,3.79302986534581,0.174804980371503,0.861232874825581,NA
"LPCHMCBP_02546",0,NA,NA,NA,NA,NA
"LPCHMCBP_02547",0,NA,NA,NA,NA,NA
"LPCHMCBP_02548",0,NA,NA,NA,NA,NA
"LPCHMCBP_02549",0,NA,NA,NA,NA,NA
"LPCHMCBP_02550",0,NA,NA,NA,NA,NA
"LPCHMCBP_02551",0,NA,NA,NA,NA,NA
"LPCHMCBP_02552",0,NA,NA,NA,NA,NA
"LPCHMCBP_02553",4.43453698384682,-5.79008794154139,3.91640550323198,-1.47841890651087,0.139295687938757,NA
"LPCHMCBP_02554",0,NA,NA,NA,NA,NA
"LPCHMCBP_02555",4.68468934279004,-5.87013204095711,3.91003361836908,-1.50129963419742,0.133278079568586,NA
"LPCHMCBP_02556",0,NA,NA,NA,NA,NA
"LPCHMCBP_02559",0,NA,NA,NA,NA,NA
"LPCHMCBP_02560",0,NA,NA,NA,NA,NA
"LPCHMCBP_02561",0,NA,NA,NA,NA,NA
"LPCHMCBP_02562",0,NA,NA,NA,NA,NA
"LPCHMCBP_02563",0,NA,NA,NA,NA,NA
"LPCHMCBP_02565",11.676023205702,-7.18819879962336,3.65538333179535,-1.96646921735917,NA,NA
"LPCHMCBP_02566",0,NA,NA,NA,NA,NA
"LPCHMCBP_02567",0,NA,NA,NA,NA,NA
"LPCHMCBP_02568",0.149692605201308,-1.10590014677296,4.0804728567969,-0.271022547039089,0.786373690995412,NA
"LPCHMCBP_02570",0,NA,NA,NA,NA,NA
"LPCHMCBP_02571",0,NA,NA,NA,NA,NA
"LPCHMCBP_02572",0.72894182878618,-1.99967208279667,3.97473520247618,-0.503095673279294,0.614897008565134,NA
"LPCHMCBP_02573",0,NA,NA,NA,NA,NA
"LPCHMCBP_02575",0,NA,NA,NA,NA,NA
"LPCHMCBP_02576",0,NA,NA,NA,NA,NA
"LPCHMCBP_02578",0,NA,NA,NA,NA,NA
"LPCHMCBP_02579",0,NA,NA,NA,NA,NA
"LPCHMCBP_02580",0,NA,NA,NA,NA,NA
"LPCHMCBP_02581",0,NA,NA,NA,NA,NA
"LPCHMCBP_02582",0,NA,NA,NA,NA,NA
"LPCHMCBP_02583",5.08954857684447,-5.99074277834813,3.87274708176113,-1.54689749985528,0.12188796404138,NA
"LPCHMCBP_02585",0,NA,NA,NA,NA,NA
"LPCHMCBP_02586",0,NA,NA,NA,NA,NA
"LPCHMCBP_02587",0,NA,NA,NA,NA,NA
"LPCHMCBP_02589",0,NA,NA,NA,NA,NA
"LPCHMCBP_02591",0,NA,NA,NA,NA,NA
"LPCHMCBP_02592",0,NA,NA,NA,NA,NA
"LPCHMCBP_02593",0,NA,NA,NA,NA,NA
"LPCHMCBP_02594",0,NA,NA,NA,NA,NA
"LPCHMCBP_02595",0,NA,NA,NA,NA,NA
"LPCHMCBP_02596",0,NA,NA,NA,NA,NA
"LPCHMCBP_02598",0,NA,NA,NA,NA,NA
"LPCHMCBP_02601",0,NA,NA,NA,NA,NA
"LPCHMCBP_02604",6.26765857379468,6.15011744126446,3.33754675727701,1.84270600190246,0.06537194724502,NA
"LPCHMCBP_02605",0,NA,NA,NA,NA,NA
"LPCHMCBP_02606",0,NA,NA,NA,NA,NA
"LPCHMCBP_02607",0,NA,NA,NA,NA,NA
"LPCHMCBP_02609",0,NA,NA,NA,NA,NA
"LPCHMCBP_02610",0,NA,NA,NA,NA,NA
"LPCHMCBP_02611",0,NA,NA,NA,NA,NA
"LPCHMCBP_02612",0,NA,NA,NA,NA,NA
"LPCHMCBP_02613",0,NA,NA,NA,NA,NA
"LPCHMCBP_02614",13.5931160508326,-6.43217133304921,3.39844785055066,-1.89267913350708,NA,NA
"LPCHMCBP_02616",0,NA,NA,NA,NA,NA
"LPCHMCBP_02617",0,NA,NA,NA,NA,NA
"LPCHMCBP_02618",0,NA,NA,NA,NA,NA
"LPCHMCBP_02619",0,NA,NA,NA,NA,NA
"LPCHMCBP_02620",0,NA,NA,NA,NA,NA
"LPCHMCBP_02621",0,NA,NA,NA,NA,NA
"LPCHMCBP_02622",0,NA,NA,NA,NA,NA
"LPCHMCBP_02623",0,NA,NA,NA,NA,NA
"LPCHMCBP_02624",4.95361281985629,-0.785405565687285,3.55872295928593,-0.220698709810465,0.825327036115768,NA
"LPCHMCBP_02625",0,NA,NA,NA,NA,NA
"LPCHMCBP_02626",8.38278589127324,-6.71031567494311,3.71752472840249,-1.80504937160881,0.071066956528587,NA
"LPCHMCBP_02627",0,NA,NA,NA,NA,NA
"LPCHMCBP_02628",2.17270990531588,3.56303849185569,3.92698011417587,0.907322774310367,0.364236134186671,NA
"LPCHMCBP_02629",0.277033709506211,-0.144119467344105,4.0804728567969,-0.0353193054829525,0.971825129384696,NA
"LPCHMCBP_02630",11.524967089847,-2.0403149789583,3.01079947889231,-0.677665514844896,0.497983796325288,NA
"LPCHMCBP_02631",10.9668832585158,6.95546106043858,3.6635278359325,1.89856918574993,NA,NA
"LPCHMCBP_02632",0,NA,NA,NA,NA,NA
"LPCHMCBP_02633",0,NA,NA,NA,NA,NA
"LPCHMCBP_02634",0,NA,NA,NA,NA,NA
"LPCHMCBP_02635",0,NA,NA,NA,NA,NA
"LPCHMCBP_02636",0,NA,NA,NA,NA,NA
"LPCHMCBP_02637",0,NA,NA,NA,NA,NA
"LPCHMCBP_02638",0,NA,NA,NA,NA,NA
"LPCHMCBP_02639",0,NA,NA,NA,NA,NA
"LPCHMCBP_02641",1.5239105261296,1.09606016878873,3.51962131884475,0.311414231673221,0.755485736118503,NA
"LPCHMCBP_02642",0,NA,NA,NA,NA,NA
"LPCHMCBP_02643",4.64047076124054,-5.85754555811663,3.91129640201871,-1.49759694895366,0.134237999952768,NA
"LPCHMCBP_02644",3.93956000548626,5.4814913779729,3.9172079196129,1.39933633609997,0.161712148235514,NA
"LPCHMCBP_02645",0,NA,NA,NA,NA,NA
"LPCHMCBP_02646",0,NA,NA,NA,NA,NA
"LPCHMCBP_02647",0,NA,NA,NA,NA,NA
"LPCHMCBP_02648",0,NA,NA,NA,NA,NA
"LPCHMCBP_02651",0,NA,NA,NA,NA,NA
"LPCHMCBP_02652",0,NA,NA,NA,NA,NA
"LPCHMCBP_02653",6.17271980571336,6.12740678400723,3.471025154024,1.76530175153115,0.0775130653140085,NA
"LPCHMCBP_02654",0,NA,NA,NA,NA,NA
"LPCHMCBP_02655",1.44800507882107,4.00699905422241,3.93563842959035,1.01813190563837,0.308615274579143,NA
"LPCHMCBP_02656",3.59262252483139,-5.48860613693088,3.91864266104902,-1.40063961215121,0.161321869197906,NA
"LPCHMCBP_02659",0,NA,NA,NA,NA,NA
"LPCHMCBP_02660",0,NA,NA,NA,NA,NA
"LPCHMCBP_02661",0,NA,NA,NA,NA,NA
"LPCHMCBP_02663",0,NA,NA,NA,NA,NA
"LPCHMCBP_02664",0,NA,NA,NA,NA,NA
"LPCHMCBP_02666",0,NA,NA,NA,NA,NA
"LPCHMCBP_02667",3.80627150492266,5.43062113976765,3.91758172176247,1.38621770404945,0.165680437104283,NA
"LPCHMCBP_02668",0,NA,NA,NA,NA,NA
"LPCHMCBP_02669",12.846166329114,7.18285309024637,3.6446494065755,1.97079397466527,NA,NA
"LPCHMCBP_02670",0,NA,NA,NA,NA,NA
"LPCHMCBP_02671",4.34628351821661,5.62383053593774,3.49565021138202,1.60880814608574,0.107658299104554,NA
"LPCHMCBP_02672",0,NA,NA,NA,NA,NA
"LPCHMCBP_02673",0,NA,NA,NA,NA,NA
"LPCHMCBP_02674",0,NA,NA,NA,NA,NA
"LPCHMCBP_02677",0,NA,NA,NA,NA,NA
"LPCHMCBP_02678",0,NA,NA,NA,NA,NA
"LPCHMCBP_02679",0,NA,NA,NA,NA,NA
"LPCHMCBP_02680",0,NA,NA,NA,NA,NA
"LPCHMCBP_02681",0,NA,NA,NA,NA,NA
"LPCHMCBP_02683",0,NA,NA,NA,NA,NA
"LPCHMCBP_02684",0,NA,NA,NA,NA,NA
"LPCHMCBP_02685",10.6334543898826,5.92668542013378,3.14930417890607,1.88190313905863,NA,NA
"LPCHMCBP_02686",7.53218253031765,0.137699567386384,3.45928729282903,0.0398057622076749,0.968247982296674,NA
"LPCHMCBP_02687",0,NA,NA,NA,NA,NA
"LPCHMCBP_02688",0,NA,NA,NA,NA,NA
"LPCHMCBP_02689",0,NA,NA,NA,NA,NA
"LPCHMCBP_02690",0,NA,NA,NA,NA,NA
"LPCHMCBP_02691",0.299385210402616,-1.91588442943562,4.04578977049598,-0.473550168970037,0.635820717289698,NA
"LPCHMCBP_02692",0,NA,NA,NA,NA,NA
"LPCHMCBP_02693",0,NA,NA,NA,NA,NA
"LPCHMCBP_02695",0,NA,NA,NA,NA,NA
"LPCHMCBP_02696",0,NA,NA,NA,NA,NA
"LPCHMCBP_02697",0,NA,NA,NA,NA,NA
"LPCHMCBP_02698",0,NA,NA,NA,NA,NA
"LPCHMCBP_02699",9.13124891727978,-6.83365209156793,3.69887423574994,-1.84749511770908,0.0646754150688717,NA
"LPCHMCBP_02700",0,NA,NA,NA,NA,NA
"LPCHMCBP_02701",4.25898378971488,5.59357411101707,3.91642912381529,1.42823320279263,0.153224746809831,NA
"LPCHMCBP_02702",0,NA,NA,NA,NA,NA
"LPCHMCBP_02703",0,NA,NA,NA,NA,NA
"LPCHMCBP_02704",0,NA,NA,NA,NA,NA
"LPCHMCBP_02705",9.87251671589315,6.80339021163893,3.68608700549711,1.84569441836098,NA,NA
"LPCHMCBP_02706",0,NA,NA,NA,NA,NA
"LPCHMCBP_02707",0,NA,NA,NA,NA,NA
"LPCHMCBP_02708",0,NA,NA,NA,NA,NA
"LPCHMCBP_02710",0,NA,NA,NA,NA,NA
"LPCHMCBP_02711",0,NA,NA,NA,NA,NA
"LPCHMCBP_02712",0,NA,NA,NA,NA,NA
"LPCHMCBP_02713",0,NA,NA,NA,NA,NA
"LPCHMCBP_02714",0,NA,NA,NA,NA,NA
"LPCHMCBP_02715",0,NA,NA,NA,NA,NA
"LPCHMCBP_02717",0,NA,NA,NA,NA,NA
"LPCHMCBP_02718",0,NA,NA,NA,NA,NA
"LPCHMCBP_02719",0,NA,NA,NA,NA,NA
"LPCHMCBP_02720",13.6447291810671,-7.41215418334088,3.63948662958916,-2.03659332694886,NA,NA
"LPCHMCBP_02721",0.799477868825825,0.561017987668472,3.94904720039393,0.142064138309744,0.887029344303916,NA
"LPCHMCBP_02722",0.356837953586499,2.0477702902679,4.01657322301284,0.509830190206731,0.610170432928995,NA
"LPCHMCBP_02723",0,NA,NA,NA,NA,NA
"LPCHMCBP_02724",6.17552649508658,6.12834798879123,3.80025654123318,1.61261428598254,0.106828332799945,NA
"LPCHMCBP_02725",0,NA,NA,NA,NA,NA
"LPCHMCBP_02726",0,NA,NA,NA,NA,NA
"LPCHMCBP_02727",0,NA,NA,NA,NA,NA
"LPCHMCBP_02728",0,NA,NA,NA,NA,NA
"LPCHMCBP_02731",0,NA,NA,NA,NA,NA
"LPCHMCBP_02733",0,NA,NA,NA,NA,NA
"LPCHMCBP_02734",0.341118229526678,-2.07952118119472,4.03111628557248,-0.515867326536178,0.60594707560757,NA
"LPCHMCBP_02735",0,NA,NA,NA,NA,NA
"LPCHMCBP_02736",0,NA,NA,NA,NA,NA
"LPCHMCBP_02737",0,NA,NA,NA,NA,NA
"LPCHMCBP_02738",0,NA,NA,NA,NA,NA
"LPCHMCBP_02739",0,NA,NA,NA,NA,NA
"LPCHMCBP_02740",0,NA,NA,NA,NA,NA
"LPCHMCBP_02741",0,NA,NA,NA,NA,NA
"LPCHMCBP_02742",0,NA,NA,NA,NA,NA
"LPCHMCBP_02743",0,NA,NA,NA,NA,NA
"LPCHMCBP_02744",0,NA,NA,NA,NA,NA
"LPCHMCBP_02746",0,NA,NA,NA,NA,NA
"LPCHMCBP_02747",0,NA,NA,NA,NA,NA
"LPCHMCBP_02749",0,NA,NA,NA,NA,NA
"LPCHMCBP_02750",0,NA,NA,NA,NA,NA
"LPCHMCBP_02751",0,NA,NA,NA,NA,NA
"LPCHMCBP_02752",0,NA,NA,NA,NA,NA
"LPCHMCBP_02753",0,NA,NA,NA,NA,NA
"LPCHMCBP_02754",0,NA,NA,NA,NA,NA
"LPCHMCBP_02755",0,NA,NA,NA,NA,NA
"LPCHMCBP_02756",0,NA,NA,NA,NA,NA
"LPCHMCBP_02758",0,NA,NA,NA,NA,NA
"LPCHMCBP_02759",0,NA,NA,NA,NA,NA
"LPCHMCBP_02760",0,NA,NA,NA,NA,NA
"LPCHMCBP_02761",0,NA,NA,NA,NA,NA
"LPCHMCBP_02762",0,NA,NA,NA,NA,NA
"LPCHMCBP_02778",0,NA,NA,NA,NA,NA
"LPCHMCBP_02779",0,NA,NA,NA,NA,NA
"LPCHMCBP_02780",0,NA,NA,NA,NA,NA
"LPCHMCBP_02781",0,NA,NA,NA,NA,NA
"LPCHMCBP_02782",0,NA,NA,NA,NA,NA
"LPCHMCBP_02783",0.360280164332345,1.95448963113444,4.02087983523106,0.486085063773641,0.626906856345808,NA
"LPCHMCBP_02784",0,NA,NA,NA,NA,NA
"LPCHMCBP_02785",0,NA,NA,NA,NA,NA
"LPCHMCBP_02786",0,NA,NA,NA,NA,NA
"LPCHMCBP_02787",0,NA,NA,NA,NA,NA
"LPCHMCBP_02788",0,NA,NA,NA,NA,NA
"LPCHMCBP_02789",0,NA,NA,NA,NA,NA
"LPCHMCBP_02790",0.149692605201308,-1.10590014677296,4.0804728567969,-0.271022547039089,0.786373690995412,NA
"LPCHMCBP_02791",2.24538907801962,-4.81130857728798,3.92574168396899,-1.22557951200286,0.220356951660841,NA
"LPCHMCBP_02792",0,NA,NA,NA,NA,NA
"LPCHMCBP_02793",0.82015050191587,3.23054439194717,3.95594038813435,0.816631211541263,0.414139212903269,NA
"LPCHMCBP_02794",0,NA,NA,NA,NA,NA
"LPCHMCBP_02795",0,NA,NA,NA,NA,NA
"LPCHMCBP_02796",0,NA,NA,NA,NA,NA
"LPCHMCBP_02797",0,NA,NA,NA,NA,NA
"LPCHMCBP_02798",0,NA,NA,NA,NA,NA
"LPCHMCBP_02800",0,NA,NA,NA,NA,NA
"LPCHMCBP_02801",0,NA,NA,NA,NA,NA
"LPCHMCBP_02802",0,NA,NA,NA,NA,NA
"LPCHMCBP_02803",0,NA,NA,NA,NA,NA
"LPCHMCBP_02804",0,NA,NA,NA,NA,NA
"LPCHMCBP_02805",0,NA,NA,NA,NA,NA
"LPCHMCBP_02806",0,NA,NA,NA,NA,NA
"LPCHMCBP_02807",24.0767514616036,-1.56646535649444,3.05667583892532,-0.512473497040884,NA,NA
"LPCHMCBP_02808",0,NA,NA,NA,NA,NA
"LPCHMCBP_02809",0,NA,NA,NA,NA,NA
"LPCHMCBP_02810",0,NA,NA,NA,NA,NA
"LPCHMCBP_02812",0,NA,NA,NA,NA,NA
"LPCHMCBP_02813",0,NA,NA,NA,NA,NA
"LPCHMCBP_02814",23.3063394179672,-0.0264678091094794,3.40045777386547,-0.00778360175882793,NA,NA
"LPCHMCBP_02816",0,NA,NA,NA,NA,NA
"LPCHMCBP_02817",0,NA,NA,NA,NA,NA
"LPCHMCBP_02818",0,NA,NA,NA,NA,NA
"LPCHMCBP_02820",0,NA,NA,NA,NA,NA
"LPCHMCBP_02821",9.59031212764446,-6.90405006549983,3.24760131535813,-2.1258921262441,0.0335122426516625,NA
"LPCHMCBP_02822",0,NA,NA,NA,NA,NA
"LPCHMCBP_02823",0.724626533775761,-1.03533780685976,3.9520393136049,-0.26197558392084,0.793340266171886,NA
"LPCHMCBP_02824",0,NA,NA,NA,NA,NA
"LPCHMCBP_02825",0,NA,NA,NA,NA,NA
"LPCHMCBP_02826",0,NA,NA,NA,NA,NA
"LPCHMCBP_02827",0,NA,NA,NA,NA,NA
"LPCHMCBP_02828",0.44759282426955,-1.11774016823691,4.03111563455498,-0.277278120889307,0.781566558176035,NA
"LPCHMCBP_02829",0,NA,NA,NA,NA,NA
"LPCHMCBP_02830",0,NA,NA,NA,NA,NA
"LPCHMCBP_02831",0,NA,NA,NA,NA,NA
"LPCHMCBP_02832",0,NA,NA,NA,NA,NA
"LPCHMCBP_02833",0,NA,NA,NA,NA,NA
"LPCHMCBP_02834",0,NA,NA,NA,NA,NA
"LPCHMCBP_02835",0,NA,NA,NA,NA,NA
"LPCHMCBP_02837",0,NA,NA,NA,NA,NA
"LPCHMCBP_02838",0,NA,NA,NA,NA,NA
"LPCHMCBP_02839",6.0690519003437,6.10330790350597,3.80599073458337,1.6036055600577,0.108801024396899,NA
"LPCHMCBP_02840",0,NA,NA,NA,NA,NA
"LPCHMCBP_02843",0,NA,NA,NA,NA,NA
"LPCHMCBP_02844",0,NA,NA,NA,NA,NA
"LPCHMCBP_02845",0,NA,NA,NA,NA,NA
"LPCHMCBP_02846",0,NA,NA,NA,NA,NA
"LPCHMCBP_02847",0,NA,NA,NA,NA,NA
"LPCHMCBP_02848",0,NA,NA,NA,NA,NA
"LPCHMCBP_02849",0,NA,NA,NA,NA,NA
"LPCHMCBP_02850",0,NA,NA,NA,NA,NA
"LPCHMCBP_02851",0,NA,NA,NA,NA,NA
"LPCHMCBP_02852",0,NA,NA,NA,NA,NA
"LPCHMCBP_02853",0,NA,NA,NA,NA,NA
"LPCHMCBP_02854",0,NA,NA,NA,NA,NA
"LPCHMCBP_02855",5.593903483601,5.98509210701984,3.50049215875993,1.70978589169018,0.0873054728341161,NA
"LPCHMCBP_02856",19.9410968119553,-6.98951437105831,3.04945965688822,-2.29205011952532,NA,NA
"LPCHMCBP_02857",0,NA,NA,NA,NA,NA
"LPCHMCBP_02858",0,NA,NA,NA,NA,NA
"LPCHMCBP_02859",1.27769513691446,3.86743494340153,3.93854503861101,0.981945085174255,0.326126902809721,NA
"LPCHMCBP_02860",0.212949189485744,1.48842992284013,4.04345177252307,0.368108736440143,0.712792156841894,NA
"LPCHMCBP_02861",0,NA,NA,NA,NA,NA
"LPCHMCBP_02862",0,NA,NA,NA,NA,NA
"LPCHMCBP_02863",0,NA,NA,NA,NA,NA
"LPCHMCBP_02864",0,NA,NA,NA,NA,NA
"LPCHMCBP_02865",0,NA,NA,NA,NA,NA
"LPCHMCBP_02867",0,NA,NA,NA,NA,NA
"LPCHMCBP_02868",0,NA,NA,NA,NA,NA
"LPCHMCBP_02869",0,NA,NA,NA,NA,NA
"LPCHMCBP_02871",0,NA,NA,NA,NA,NA
"LPCHMCBP_02872",0,NA,NA,NA,NA,NA
"LPCHMCBP_02874",0,NA,NA,NA,NA,NA
"LPCHMCBP_02875",13.4877936822033,-0.546877280569746,3.40328708882237,-0.160690904498151,0.872336853495976,NA
"LPCHMCBP_02877",0,NA,NA,NA,NA,NA
"LPCHMCBP_02878",0,NA,NA,NA,NA,NA
"LPCHMCBP_02879",0,NA,NA,NA,NA,NA
"LPCHMCBP_02880",0,NA,NA,NA,NA,NA
"LPCHMCBP_02881",0,NA,NA,NA,NA,NA
"LPCHMCBP_02883",0,NA,NA,NA,NA,NA
"LPCHMCBP_02884",6.71489117991697,-2.97004374606314,3.45814253697178,-0.858855213256752,0.390420401337454,NA
"LPCHMCBP_02885",0,NA,NA,NA,NA,NA
"LPCHMCBP_02886",21.5495389008326,-2.06024803157209,3.36777767935213,-0.611752980074514,NA,NA
"LPCHMCBP_02887",0,NA,NA,NA,NA,NA
"LPCHMCBP_02888",0,NA,NA,NA,NA,NA
"LPCHMCBP_02889",0,NA,NA,NA,NA,NA
"LPCHMCBP_02890",0,NA,NA,NA,NA,NA
"LPCHMCBP_02891",0,NA,NA,NA,NA,NA
"LPCHMCBP_02892",0,NA,NA,NA,NA,NA
"LPCHMCBP_02893",0,NA,NA,NA,NA,NA
"LPCHMCBP_02894",0,NA,NA,NA,NA,NA
"LPCHMCBP_02895",0,NA,NA,NA,NA,NA
"LPCHMCBP_02896",0,NA,NA,NA,NA,NA
"LPCHMCBP_02897",0,NA,NA,NA,NA,NA
"LPCHMCBP_02898",9.5709041444644,-1.70353036839519,3.4076413591597,-0.499914805827826,0.617135066557702,NA
"LPCHMCBP_02899",0,NA,NA,NA,NA,NA
"LPCHMCBP_02900",0,NA,NA,NA,NA,NA
"LPCHMCBP_02901",0,NA,NA,NA,NA,NA
"LPCHMCBP_02902",0,NA,NA,NA,NA,NA
"LPCHMCBP_02905",0,NA,NA,NA,NA,NA
"LPCHMCBP_02906",0,NA,NA,NA,NA,NA
"LPCHMCBP_02907",0.598770420805231,-2.90966135744667,3.97719752487421,-0.731585831291771,0.464421398855993,NA
"LPCHMCBP_02908",0,NA,NA,NA,NA,NA
"LPCHMCBP_02909",0,NA,NA,NA,NA,NA
"LPCHMCBP_02911",0,NA,NA,NA,NA,NA
"LPCHMCBP_02912",0,NA,NA,NA,NA,NA
"LPCHMCBP_02913",0,NA,NA,NA,NA,NA
"LPCHMCBP_02914",5.78223014116683,0.202268688411004,3.51648215742353,0.057520180497433,0.954130831008366,NA
"LPCHMCBP_02915",0,NA,NA,NA,NA,NA
"LPCHMCBP_02916",0,NA,NA,NA,NA,NA
"LPCHMCBP_02917",0,NA,NA,NA,NA,NA
"LPCHMCBP_02918",0,NA,NA,NA,NA,NA
"LPCHMCBP_02919",0,NA,NA,NA,NA,NA
"LPCHMCBP_02920",0,NA,NA,NA,NA,NA
"LPCHMCBP_02921",0,NA,NA,NA,NA,NA
"LPCHMCBP_02922",0,NA,NA,NA,NA,NA
"LPCHMCBP_02923",0,NA,NA,NA,NA,NA
"LPCHMCBP_02924",0,NA,NA,NA,NA,NA
"LPCHMCBP_02925",0,NA,NA,NA,NA,NA
"LPCHMCBP_02926",0,NA,NA,NA,NA,NA
"LPCHMCBP_02927",0,NA,NA,NA,NA,NA
"LPCHMCBP_02929",0,NA,NA,NA,NA,NA
"LPCHMCBP_02930",0,NA,NA,NA,NA,NA
"LPCHMCBP_02931",0,NA,NA,NA,NA,NA
"LPCHMCBP_02932",0,NA,NA,NA,NA,NA
"LPCHMCBP_02933",0.969246070922078,-3.59683948210541,3.95065916633797,-0.910440341893496,0.362590330529097,NA
"LPCHMCBP_02934",0,NA,NA,NA,NA,NA
"LPCHMCBP_02935",0,NA,NA,NA,NA,NA
"LPCHMCBP_02936",0,NA,NA,NA,NA,NA
"LPCHMCBP_02937",0,NA,NA,NA,NA,NA
"LPCHMCBP_02938",0,NA,NA,NA,NA,NA
"LPCHMCBP_02939",0,NA,NA,NA,NA,NA
"LPCHMCBP_02940",0,NA,NA,NA,NA,NA
"LPCHMCBP_02941",0,NA,NA,NA,NA,NA
"LPCHMCBP_02943",0,NA,NA,NA,NA,NA
"LPCHMCBP_02945",0,NA,NA,NA,NA,NA
"LPCHMCBP_02947",0,NA,NA,NA,NA,NA
"LPCHMCBP_02948",0,NA,NA,NA,NA,NA
"LPCHMCBP_02949",0,NA,NA,NA,NA,NA
"LPCHMCBP_02951",0,NA,NA,NA,NA,NA
"LPCHMCBP_02952",0,NA,NA,NA,NA,NA
"LPCHMCBP_02953",0,NA,NA,NA,NA,NA
"LPCHMCBP_02954",0,NA,NA,NA,NA,NA
"LPCHMCBP_02955",0,NA,NA,NA,NA,NA
"LPCHMCBP_02956",1.44800507882107,4.00699905422241,3.93563842959035,1.01813190563837,0.308615274579143,NA
"LPCHMCBP_02957",12.7250648390986,-0.722961098440749,3.39621892070502,-0.212872348726763,0.831426530585892,NA
"LPCHMCBP_02958",0,NA,NA,NA,NA,NA
"LPCHMCBP_02961",0,NA,NA,NA,NA,NA
"LPCHMCBP_02963",13.4856099162114,-1.88830663105245,2.9802229081002,-0.633612548215792,0.526333709647122,NA
"LPCHMCBP_02964",15.2330883168757,-1.52157563684566,3.38380302970009,-0.449664363880104,NA,NA
"LPCHMCBP_02965",0,NA,NA,NA,NA,NA
"LPCHMCBP_02966",0,NA,NA,NA,NA,NA
"LPCHMCBP_02967",0,NA,NA,NA,NA,NA
"LPCHMCBP_02968",0,NA,NA,NA,NA,NA
"LPCHMCBP_02969",24.8574205197617,21.4582700763086,3.61930371234542,5.92883929666211,NA,NA
"LPCHMCBP_02970",4.58534941626672,5.68713841165191,3.9158235239497,1.45234798679476,0.146404870893472,NA
"LPCHMCBP_02971",0,NA,NA,NA,NA,NA
"LPCHMCBP_02972",0,NA,NA,NA,NA,NA
"LPCHMCBP_02973",0,NA,NA,NA,NA,NA
"LPCHMCBP_02974",0,NA,NA,NA,NA,NA
"LPCHMCBP_02975",0,NA,NA,NA,NA,NA
"LPCHMCBP_02976",0.475783938115332,2.45505028551512,3.99015182608491,0.615277411116455,0.538371532706951,NA
"LPCHMCBP_02977",0,NA,NA,NA,NA,NA
"LPCHMCBP_02978",0,NA,NA,NA,NA,NA
"LPCHMCBP_02980",0,NA,NA,NA,NA,NA
"LPCHMCBP_02982",0,NA,NA,NA,NA,NA
"LPCHMCBP_02983",0,NA,NA,NA,NA,NA
"LPCHMCBP_02984",0,NA,NA,NA,NA,NA
"LPCHMCBP_02985",0,NA,NA,NA,NA,NA
"LPCHMCBP_02986",0,NA,NA,NA,NA,NA
"LPCHMCBP_02988",0,NA,NA,NA,NA,NA
"LPCHMCBP_02989",0,NA,NA,NA,NA,NA
"LPCHMCBP_02990",0,NA,NA,NA,NA,NA
"LPCHMCBP_02991",0,NA,NA,NA,NA,NA
"LPCHMCBP_02992",0,NA,NA,NA,NA,NA
"LPCHMCBP_02993",0,NA,NA,NA,NA,NA
"LPCHMCBP_02994",0.511677344290017,-2.66789703505766,3.98991023283269,-0.668660917006032,0.503711803945945,NA
"LPCHMCBP_02995",5.83801160285101,-6.18858664058444,3.81977784228429,-1.62014308059433,0.105201545020303,NA
"LPCHMCBP_02996",12.2869866441568,0.917273094546063,3.07330837372292,0.29846438528227,0.765348754494806,NA
"LPCHMCBP_02998",0,NA,NA,NA,NA,NA
"LPCHMCBP_02999",0,NA,NA,NA,NA,NA
"LPCHMCBP_03000",0,NA,NA,NA,NA,NA
"LPCHMCBP_03001",0,NA,NA,NA,NA,NA
"LPCHMCBP_03002",0,NA,NA,NA,NA,NA
"LPCHMCBP_03004",0,NA,NA,NA,NA,NA
"LPCHMCBP_03005",0,NA,NA,NA,NA,NA
"LPCHMCBP_03006",0,NA,NA,NA,NA,NA
"LPCHMCBP_03007",0,NA,NA,NA,NA,NA
"LPCHMCBP_03008",0,NA,NA,NA,NA,NA
"LPCHMCBP_03009",0,NA,NA,NA,NA,NA
"LPCHMCBP_03010",0,NA,NA,NA,NA,NA
"LPCHMCBP_03011",96.3497037244476,-1.97780123866703,2.63717454879985,-0.749969788525033,NA,NA
"LPCHMCBP_03013",0,NA,NA,NA,NA,NA
"LPCHMCBP_03014",0,NA,NA,NA,NA,NA
"LPCHMCBP_03015",5.98770420805231,-6.22509541138119,3.81097564772898,-1.63346501967044,0.102371231911695,NA
"LPCHMCBP_03016",0,NA,NA,NA,NA,NA
"LPCHMCBP_03017",0,NA,NA,NA,NA,NA
"LPCHMCBP_03018",0,NA,NA,NA,NA,NA
"LPCHMCBP_03019",0,NA,NA,NA,NA,NA
"LPCHMCBP_03020",0,NA,NA,NA,NA,NA
"LPCHMCBP_03021",0,NA,NA,NA,NA,NA
"LPCHMCBP_03022",1.27769513691446,3.86743494340153,3.93854503861101,0.981945085174255,0.326126902809721,NA
"LPCHMCBP_03023",0,NA,NA,NA,NA,NA
"LPCHMCBP_03025",0,NA,NA,NA,NA,NA
"LPCHMCBP_03026",0,NA,NA,NA,NA,NA
"LPCHMCBP_03027",0,NA,NA,NA,NA,NA
"LPCHMCBP_03029",0,NA,NA,NA,NA,NA
"LPCHMCBP_03031",0,NA,NA,NA,NA,NA
"LPCHMCBP_03032",0,NA,NA,NA,NA,NA
"LPCHMCBP_03033",0,NA,NA,NA,NA,NA
"LPCHMCBP_03034",0,NA,NA,NA,NA,NA
"LPCHMCBP_03035",0,NA,NA,NA,NA,NA
"LPCHMCBP_03036",0,NA,NA,NA,NA,NA
"LPCHMCBP_03037",11.3078708274242,-7.14146883490219,3.66315075093588,-1.94954270803014,NA,NA
"LPCHMCBP_03038",0,NA,NA,NA,NA,NA
"LPCHMCBP_03039",0,NA,NA,NA,NA,NA
"LPCHMCBP_03040",0,NA,NA,NA,NA,NA
"LPCHMCBP_03041",0,NA,NA,NA,NA,NA
"LPCHMCBP_03042",9.63462474683548,6.76823942839507,3.69072118979642,1.83385281096468,NA,NA
"LPCHMCBP_03043",0,NA,NA,NA,NA,NA
"LPCHMCBP_03044",7.18524504966278,-6.48801253935422,3.75640194021219,-1.7271880492607,0.0841338964210967,NA
"LPCHMCBP_03045",0,NA,NA,NA,NA,NA
"LPCHMCBP_03046",0,NA,NA,NA,NA,NA
"LPCHMCBP_03047",0,NA,NA,NA,NA,NA
"LPCHMCBP_03048",0,NA,NA,NA,NA,NA
"LPCHMCBP_03049",0,NA,NA,NA,NA,NA
"LPCHMCBP_03050",0,NA,NA,NA,NA,NA
"LPCHMCBP_03051",0,NA,NA,NA,NA,NA
"LPCHMCBP_03052",0,NA,NA,NA,NA,NA
"LPCHMCBP_03053",0,NA,NA,NA,NA,NA
"LPCHMCBP_03054",0,NA,NA,NA,NA,NA
"LPCHMCBP_03055",0,NA,NA,NA,NA,NA
"LPCHMCBP_03056",0,NA,NA,NA,NA,NA
"LPCHMCBP_03057",0,NA,NA,NA,NA,NA
"LPCHMCBP_03058",0,NA,NA,NA,NA,NA
"LPCHMCBP_03059",0,NA,NA,NA,NA,NA
"LPCHMCBP_03060",0,NA,NA,NA,NA,NA
"LPCHMCBP_03061",0,NA,NA,NA,NA,NA
"LPCHMCBP_03062",0,NA,NA,NA,NA,NA
"LPCHMCBP_03063",0,NA,NA,NA,NA,NA
"LPCHMCBP_03064",0,NA,NA,NA,NA,NA
"LPCHMCBP_03065",0,NA,NA,NA,NA,NA
"LPCHMCBP_03066",0,NA,NA,NA,NA,NA
"LPCHMCBP_03067",0,NA,NA,NA,NA,NA
"LPCHMCBP_03068",0,NA,NA,NA,NA,NA
"LPCHMCBP_03069",0,NA,NA,NA,NA,NA
"LPCHMCBP_03070",0,NA,NA,NA,NA,NA
"LPCHMCBP_03071",0,NA,NA,NA,NA,NA
"LPCHMCBP_03073",6.09276250300761,1.67808480265901,3.49836846881468,0.479676402762566,0.631457509587671,NA
"LPCHMCBP_03074",0,NA,NA,NA,NA,NA
"LPCHMCBP_03075",0,NA,NA,NA,NA,NA
"LPCHMCBP_03076",0,NA,NA,NA,NA,NA
"LPCHMCBP_03077",0,NA,NA,NA,NA,NA
"LPCHMCBP_03078",0,NA,NA,NA,NA,NA
"LPCHMCBP_03079",0,NA,NA,NA,NA,NA
"LPCHMCBP_03080",12.1461659538379,1.60864618423331,2.62736115084326,0.612266868495414,0.540361206351279,NA
"LPCHMCBP_03083",0,NA,NA,NA,NA,NA
"LPCHMCBP_03084",0,NA,NA,NA,NA,NA
"LPCHMCBP_03085",0,NA,NA,NA,NA,NA
"LPCHMCBP_03086",0,NA,NA,NA,NA,NA
"LPCHMCBP_03087",0,NA,NA,NA,NA,NA
"LPCHMCBP_03089",0,NA,NA,NA,NA,NA
"LPCHMCBP_03090",0,NA,NA,NA,NA,NA
"LPCHMCBP_03092",0,NA,NA,NA,NA,NA
"LPCHMCBP_03095",0,NA,NA,NA,NA,NA
"LPCHMCBP_03096",0,NA,NA,NA,NA,NA
"LPCHMCBP_03097",0,NA,NA,NA,NA,NA
"LPCHMCBP_03098",0,NA,NA,NA,NA,NA
"LPCHMCBP_03099",0,NA,NA,NA,NA,NA
"LPCHMCBP_03100",0,NA,NA,NA,NA,NA
"LPCHMCBP_03101",2.98128865280042,5.08105432856196,3.92053698232212,1.29600979444211,0.194972110518084,NA
"LPCHMCBP_03102",0,NA,NA,NA,NA,NA
"LPCHMCBP_03103",0,NA,NA,NA,NA,NA
"LPCHMCBP_03104",0,NA,NA,NA,NA,NA
"LPCHMCBP_03105",0,NA,NA,NA,NA,NA
"LPCHMCBP_03106",0,NA,NA,NA,NA,NA
"LPCHMCBP_03107",0,NA,NA,NA,NA,NA
"LPCHMCBP_03108",0,NA,NA,NA,NA,NA
"LPCHMCBP_03109",0,NA,NA,NA,NA,NA
"LPCHMCBP_03110",0,NA,NA,NA,NA,NA
"LPCHMCBP_03111",0,NA,NA,NA,NA,NA
"LPCHMCBP_03112",0,NA,NA,NA,NA,NA
"LPCHMCBP_03113",0,NA,NA,NA,NA,NA
"LPCHMCBP_03114",0,NA,NA,NA,NA,NA
"LPCHMCBP_03115",0,NA,NA,NA,NA,NA
"LPCHMCBP_03116",0,NA,NA,NA,NA,NA
"LPCHMCBP_03117",0,NA,NA,NA,NA,NA
"LPCHMCBP_03118",29.288303417566,-1.63147722439996,3.38207441653903,-0.482389511130124,NA,NA
"LPCHMCBP_03119",0,NA,NA,NA,NA,NA
"LPCHMCBP_03120",0,NA,NA,NA,NA,NA
"LPCHMCBP_03121",0,NA,NA,NA,NA,NA
"LPCHMCBP_03122",0,NA,NA,NA,NA,NA
"LPCHMCBP_03123",0,NA,NA,NA,NA,NA
"LPCHMCBP_03125",0,NA,NA,NA,NA,NA
"LPCHMCBP_03126",0,NA,NA,NA,NA,NA
"LPCHMCBP_03127",0,NA,NA,NA,NA,NA
"LPCHMCBP_03128",0,NA,NA,NA,NA,NA
"LPCHMCBP_03129",0,NA,NA,NA,NA,NA
"LPCHMCBP_03130",0,NA,NA,NA,NA,NA
"LPCHMCBP_03131",0,NA,NA,NA,NA,NA
"LPCHMCBP_03132",0,NA,NA,NA,NA,NA
"LPCHMCBP_03133",0,NA,NA,NA,NA,NA
"LPCHMCBP_03134",0,NA,NA,NA,NA,NA
"LPCHMCBP_03135",0,NA,NA,NA,NA,NA
"LPCHMCBP_03136",0,NA,NA,NA,NA,NA
"LPCHMCBP_03137",0,NA,NA,NA,NA,NA
"LPCHMCBP_03138",0,NA,NA,NA,NA,NA
"LPCHMCBP_03139",0,NA,NA,NA,NA,NA
"LPCHMCBP_03140",0,NA,NA,NA,NA,NA
"LPCHMCBP_03141",0,NA,NA,NA,NA,NA
"LPCHMCBP_03142",0,NA,NA,NA,NA,NA
"LPCHMCBP_03145",0,NA,NA,NA,NA,NA
"LPCHMCBP_03146",0,NA,NA,NA,NA,NA
"LPCHMCBP_03147",0,NA,NA,NA,NA,NA
"LPCHMCBP_03148",0,NA,NA,NA,NA,NA
"LPCHMCBP_03149",0,NA,NA,NA,NA,NA
"LPCHMCBP_03150",0,NA,NA,NA,NA,NA
"LPCHMCBP_03151",0,NA,NA,NA,NA,NA
"LPCHMCBP_03152",0,NA,NA,NA,NA,NA
"LPCHMCBP_03153",0,NA,NA,NA,NA,NA
"LPCHMCBP_03154",0,NA,NA,NA,NA,NA
"LPCHMCBP_03155",0,NA,NA,NA,NA,NA
"LPCHMCBP_03156",0,NA,NA,NA,NA,NA
"LPCHMCBP_03157",0,NA,NA,NA,NA,NA
"LPCHMCBP_03158",0,NA,NA,NA,NA,NA
"LPCHMCBP_03159",0,NA,NA,NA,NA,NA
"LPCHMCBP_03160",2.11573504664431,-2.41416622547516,3.86955491933612,-0.62388731412277,0.532701592084713,NA
"LPCHMCBP_03161",20.0173544294563,-5.0813017638254,3.03099559887499,-1.67644643420512,NA,NA
"LPCHMCBP_03162",0,NA,NA,NA,NA,NA
"LPCHMCBP_03163",0,NA,NA,NA,NA,NA
"LPCHMCBP_03165",0,NA,NA,NA,NA,NA
"LPCHMCBP_03166",13.2373670706103,-0.232485523389877,3.01332508967275,-0.0771524865294654,0.938502239180821,NA
"LPCHMCBP_03168",2.87481405805754,5.02884154545637,3.92104261940485,1.28252662201863,0.199657972225669,NA
"LPCHMCBP_03169",0,NA,NA,NA,NA,NA
"LPCHMCBP_03170",0,NA,NA,NA,NA,NA
"LPCHMCBP_03171",0,NA,NA,NA,NA,NA
"LPCHMCBP_03172",0,NA,NA,NA,NA,NA
"LPCHMCBP_03173",0,NA,NA,NA,NA,NA
"LPCHMCBP_03174",26.3311849267165,-20.7798596235977,3.59181915549914,-5.78533014163125,NA,NA
"LPCHMCBP_03176",7.33493765486408,-6.51774731221106,3.75078540376153,-1.73770200387221,0.0822633354584715,NA
"LPCHMCBP_03177",0,NA,NA,NA,NA,NA
"LPCHMCBP_03178",0,NA,NA,NA,NA,NA
"LPCHMCBP_03179",15.2334940861852,3.31377191490345,2.80593707338604,1.18098582692184,NA,NA
"LPCHMCBP_03180",0,NA,NA,NA,NA,NA
"LPCHMCBP_03181",0,NA,NA,NA,NA,NA
"LPCHMCBP_03182",0,NA,NA,NA,NA,NA
"LPCHMCBP_03183",0,NA,NA,NA,NA,NA
"LPCHMCBP_03184",0,NA,NA,NA,NA,NA
"LPCHMCBP_03185",0.106474594742872,0.817653204869525,4.0804728567969,0.200381973747858,0.841181856452921,NA
"LPCHMCBP_03186",0,NA,NA,NA,NA,NA
"LPCHMCBP_03189",0,NA,NA,NA,NA,NA
"LPCHMCBP_03190",0,NA,NA,NA,NA,NA
"LPCHMCBP_03191",0,NA,NA,NA,NA,NA
"LPCHMCBP_03192",0,NA,NA,NA,NA,NA
"LPCHMCBP_03193",0,NA,NA,NA,NA,NA
"LPCHMCBP_03194",0,NA,NA,NA,NA,NA
"LPCHMCBP_03195",0,NA,NA,NA,NA,NA
"LPCHMCBP_03196",0,NA,NA,NA,NA,NA
"LPCHMCBP_03197",0,NA,NA,NA,NA,NA
"LPCHMCBP_03198",0,NA,NA,NA,NA,NA
"LPCHMCBP_03199",0,NA,NA,NA,NA,NA
"LPCHMCBP_03200",0,NA,NA,NA,NA,NA
"LPCHMCBP_03201",0,NA,NA,NA,NA,NA
"LPCHMCBP_03202",0,NA,NA,NA,NA,NA
"LPCHMCBP_03203",0,NA,NA,NA,NA,NA
"LPCHMCBP_03204",0,NA,NA,NA,NA,NA
"LPCHMCBP_03205",0,NA,NA,NA,NA,NA
"LPCHMCBP_03206",0,NA,NA,NA,NA,NA
"LPCHMCBP_03207",0,NA,NA,NA,NA,NA
"LPCHMCBP_03208",0,NA,NA,NA,NA,NA
"LPCHMCBP_03209",0,NA,NA,NA,NA,NA
"LPCHMCBP_03210",0,NA,NA,NA,NA,NA
"LPCHMCBP_03211",0,NA,NA,NA,NA,NA
"LPCHMCBP_03212",0,NA,NA,NA,NA,NA
