"","HI_Serum_trim_ERR1801009_pass","HI_Serum_trim_ERR1801010_pass","HI_Serum_trim_ERR1801011_pass","BHI_trim_ERR1801012_pass","BHI_trim_ERR1801013_pass","BHI_trim_ERR1801014_pass"
"LPCHMCBP_00001",0,0,0,0,0,0
"LPCHMCBP_00002",0,0,0,0,0,0
"LPCHMCBP_00003",0,0,0,0,0,0
"LPCHMCBP_00004",0,0,0,0,0,0
"LPCHMCBP_00005",0,0,0,0,0,0
"LPCHMCBP_00006",0,0,0,0,0,0
"LPCHMCBP_00022",0,0,0,0,0,0
"LPCHMCBP_00024",0,0,0,0,0,0
"LPCHMCBP_00025",0,0,0,0,0,0
"LPCHMCBP_00026",0,0,0,0,0,0
"LPCHMCBP_00027",0,0,0,0,0,0
"LPCHMCBP_00028",0,0,0,0,0,0
"LPCHMCBP_00029",0,0,0,0,0,0
"LPCHMCBP_00030",0,0,0,0,0,0
"LPCHMCBP_00031",0,0,0,0,0,0
"LPCHMCBP_00032",0,0,0,0,0,0
"LPCHMCBP_00033",0,0,0,0,0,0
"LPCHMCBP_00034",0,0,0,0,0,0
"LPCHMCBP_00035",0,0,0,0,0,0
"LPCHMCBP_00036",0,0,0,0,0,0
"LPCHMCBP_00037",30.6880640084389,0,0,0,2.69446689362354,82.8917297749828
"LPCHMCBP_00038",0,0,0,0,0,0
"LPCHMCBP_00039",0,0,0,0,0,0
"LPCHMCBP_00040",0,0,0,0,0,0
"LPCHMCBP_00041",0,0,4.47193297920062,0,3.59262252483139,0
"LPCHMCBP_00042",0,0,0,0,0,0
"LPCHMCBP_00043",0,0,0,0,0,0
"LPCHMCBP_00044",0,0,0,0,0,55.2611531833219
"LPCHMCBP_00045",0,0,0,0,0,0
"LPCHMCBP_00046",0,0,0,0,0,0
"LPCHMCBP_00047",0,0,0,0,0,0
"LPCHMCBP_00048",0,0,0,0,0,0
"LPCHMCBP_00049",0,0,0,0,0,0
"LPCHMCBP_00050",0,0,0,0,0.898155631207847,0
"LPCHMCBP_00051",0,0,0,0,0,0
"LPCHMCBP_00052",0,0,69.6343849618383,35.8621046241169,82.6303180711219,60.377926626222
"LPCHMCBP_00053",0,0,0,0,0,0
"LPCHMCBP_00054",0,0,0,0,0,0
"LPCHMCBP_00055",0,0,0,0,0,0
"LPCHMCBP_00056",0,0,0,0,0,0
"LPCHMCBP_00057",0,0,0,0,0,0
"LPCHMCBP_00058",0,0,0,0,0,0
"LPCHMCBP_00059",0,0,0,0,0,0
"LPCHMCBP_00060",0,0,0,0,0,0
"LPCHMCBP_00061",0,0,57.4962811611509,0,0,0
"LPCHMCBP_00062",0,0,0,0,0,0
"LPCHMCBP_00063",0,0,0,0,0,0
"LPCHMCBP_00064",0,0,0,0,0,0
"LPCHMCBP_00065",0,0,0,0,0,0
"LPCHMCBP_00066",0,0,0,0,0,0
"LPCHMCBP_00067",0,0,0,0,0,0
"LPCHMCBP_00068",0,0,0,0,0,0
"LPCHMCBP_00069",0,0,0,0,0,0
"LPCHMCBP_00070",27.1196844725739,94.1203301233695,33.2200735597761,0,0,0
"LPCHMCBP_00071",0,0,11.4992562322302,0,0,0
"LPCHMCBP_00072",0,0,0,0,0,0
"LPCHMCBP_00073",0,0,0,0,0,0
"LPCHMCBP_00074",18.555573586498,0,0,0,19.7594238865726,0
"LPCHMCBP_00075",0,0,0,0,0,0
"LPCHMCBP_00076",0,0,0,0,0,0
"LPCHMCBP_00077",0,1.44800507882107,0,0,34.1299139858982,0
"LPCHMCBP_00078",69.9402389029539,0,107.965239069272,0,0,0
"LPCHMCBP_00079",623.752742869201,140.456492645644,98.3825255424137,126.971235290792,87.1210962271612,116.662434498124
"LPCHMCBP_00080",0,0,0,0,0,0
"LPCHMCBP_00081",0,0,0,0,0,0
"LPCHMCBP_00082",0,0,0,0,0,0
"LPCHMCBP_00083",0,0,0,0,0,0
"LPCHMCBP_00084",0,0,0,0,0,0
"LPCHMCBP_00085",28.5470362869199,0,36.4143114020622,0,0,57.3078625604819
"LPCHMCBP_00086",0,0,0,0,0,0
"LPCHMCBP_00087",0,0,0,0,0,0
"LPCHMCBP_00088",0,0,0,0,0,0
"LPCHMCBP_00089",0,0,0,0,0,0
"LPCHMCBP_00090",0,0,0,0,0,0
"LPCHMCBP_00091",0,0,0,0,0,0
"LPCHMCBP_00092",0,0,0,0,0,0
"LPCHMCBP_00093",0,0,0,0,0,0
"LPCHMCBP_00094",0,0,0,0,0,0
"LPCHMCBP_00095",0,0,0,0,0,0
"LPCHMCBP_00096",0,0,0,0,0,0
"LPCHMCBP_00097",0,0,0,0,0,0
"LPCHMCBP_00098",0,0,0,0,0,0
"LPCHMCBP_00099",0,0,0,0,0,0
"LPCHMCBP_00100",2.85470362869199,0,0,0,0,0
"LPCHMCBP_00101",0,0,0,0,0,0
"LPCHMCBP_00102",0,0,0,0,0,0
"LPCHMCBP_00103",0,0,27.470445443661,0,0,0
"LPCHMCBP_00104",0,0,0,0,0,0
"LPCHMCBP_00105",0,0,0,0,0,0
"LPCHMCBP_00106",0,0,0,0,0,0
"LPCHMCBP_00107",0,0,0,0,0,0
"LPCHMCBP_00108",0,0,0,0,0,0
"LPCHMCBP_00109",0,0,0,0,0,0
"LPCHMCBP_00110",0,0,0,0,0,0
"LPCHMCBP_00111",0,0,0,0,0,0
"LPCHMCBP_00112",0,0,0,0,0,0
"LPCHMCBP_00113",0,0,0,0,0,0
"LPCHMCBP_00114",0,0,0,0,0,0
"LPCHMCBP_00115",0,0,0,0,0,0
"LPCHMCBP_00116",0,0,0,0,0,0
"LPCHMCBP_00117",0,0,0,0,0,0
"LPCHMCBP_00118",0,0,0,0,0,0
"LPCHMCBP_00119",0,0,0,0,0,0
"LPCHMCBP_00120",0,0,0,0,0,0
"LPCHMCBP_00121",0,0,3.83308541074339,0,0,0
"LPCHMCBP_00122",0,0,0,0,0,0
"LPCHMCBP_00123",0,0,0,0,0,0
"LPCHMCBP_00124",0,0,0,0,0.898155631207847,0
"LPCHMCBP_00125",0,0,26.1927503067465,0,0,0
"LPCHMCBP_00126",0,0,0,0,0,0
"LPCHMCBP_00127",0,0,0,0,0,0
"LPCHMCBP_00128",0,0,0,0,0,0
"LPCHMCBP_00129",0,0,0,0,3.59262252483139,0
"LPCHMCBP_00130",0,0,0,0,0,0
"LPCHMCBP_00131",0,0,0,0,0,0
"LPCHMCBP_00132",0,0,0,0,0,0
"LPCHMCBP_00133",0,0,0,0,0,0
"LPCHMCBP_00134",0,0,35.775463833605,0,0,0
"LPCHMCBP_00135",0,0,0,0,0,0
"LPCHMCBP_00136",0,0,0,0,0,0
"LPCHMCBP_00137",0,0,0,0,0,0
"LPCHMCBP_00138",53.5256930379749,0,2.55539027382893,123.094251007104,61.0745829221336,35.8174141003012
"LPCHMCBP_00139",24.264980843882,0,92.6328974262986,0,1.79631126241569,89.031857906463
"LPCHMCBP_00140",0,0,0,0,0,0
"LPCHMCBP_00141",0,0,0,0,0,0
"LPCHMCBP_00142",0,0,0,0,0,0
"LPCHMCBP_00143",0,0,0,0,0,0
"LPCHMCBP_00144",0,0,0,0,0,0
"LPCHMCBP_00145",0,0,0,0,0,0
"LPCHMCBP_00146",0,0,0,0,0,0
"LPCHMCBP_00148",0,0,0,0,0,0
"LPCHMCBP_00149",0,0,0,0,0,0
"LPCHMCBP_00150",0,0,0,0,0,0
"LPCHMCBP_00151",0,0,0,0,0,0
"LPCHMCBP_00152",0,0,0,0,0,0
"LPCHMCBP_00153",0,0,0,0,0,0
"LPCHMCBP_00154",0,0,0,0,0,0
"LPCHMCBP_00155",0,0,0,0,0,0
"LPCHMCBP_00156",0,0,0,0,0,0
"LPCHMCBP_00157",228.37629029536,282.360990370109,376.920065389767,183.187507404273,145.501212255671,197.507454895947
"LPCHMCBP_00158",162.718106835444,4.34401523646321,62.6070617088087,2.90773821276624,12.5741788369099,40.9341875432014
"LPCHMCBP_00159",0,0,0,0,0,0
"LPCHMCBP_00160",0,0,0,0,0,0
"LPCHMCBP_00161",0,0,0,0,0,0
"LPCHMCBP_00162",0,0,0,0,0,0
"LPCHMCBP_00163",0,0,35.1366162651478,22.2926596312078,26.9446689362354,68.5647641348623
"LPCHMCBP_00164",0,0,0,0,0,0
"LPCHMCBP_00165",0,0,0,0,0,0
"LPCHMCBP_00166",0,0,0,0,0,0
"LPCHMCBP_00167",129.889015105486,63.7122234681271,166.739215367338,0,170.649569929491,15.3503203287005
"LPCHMCBP_00168",0,0,0,0,0,0
"LPCHMCBP_00169",0,0,0,0,0,0
"LPCHMCBP_00170",0,0,0,0,0,0
"LPCHMCBP_00171",145.589885063292,0,51.7466530450358,191.910722042572,31.4354470922746,124.849272006764
"LPCHMCBP_00172",0,0,0,0,0,0
"LPCHMCBP_00173",0,0,0,0,0,0
"LPCHMCBP_00174",644.449344177218,337.385183365309,603.710952192084,1020.61611268095,256.872510525444,429.808969203614
"LPCHMCBP_00175",598.774086118146,254.848893872508,574.962811611509,354.744061957481,122.149165844267,138.152882958305
"LPCHMCBP_00176",44.2479062447259,0,99.6602206793282,0,0,0
"LPCHMCBP_00177",0,0,0,0,0,0
"LPCHMCBP_00178",0,0,0,0,0,0
"LPCHMCBP_00179",0,0,0,0,0,0
"LPCHMCBP_00180",0,0,0,0,0,0
"LPCHMCBP_00181",0,0,0,0,0,0
"LPCHMCBP_00182",0,0,0,0,0,0
"LPCHMCBP_00183",0,0,0,0,0,0
"LPCHMCBP_00184",0,0,0,0,0,0
"LPCHMCBP_00185",0,0,0,0,0,0
"LPCHMCBP_00186",0,0,0,0,0,0
"LPCHMCBP_00187",0,0,0,0,0,0
"LPCHMCBP_00188",0,0,0,0,0,0
"LPCHMCBP_00189",0,0,0,0,0,0
"LPCHMCBP_00190",0,0,0,0,0,0
"LPCHMCBP_00191",0,0,0,0,0,0
"LPCHMCBP_00192",0,0,0,0,0,0
"LPCHMCBP_00193",2728.38299312237,3242.08337148037,2137.5839640579,3340.02196039748,1510.6977716916,1221.88549816456
"LPCHMCBP_00194",0,0,0,0,0,0
"LPCHMCBP_00195",0,0,0,0,0,0
"LPCHMCBP_00196",0,0,0,0,0,0
"LPCHMCBP_00197",0,0,0,0,0,0
"LPCHMCBP_00198",0,0,0,0,0,0
"LPCHMCBP_00199",0,0,0,0,0,0
"LPCHMCBP_00200",0,0,0,0,0,0
"LPCHMCBP_00201",0,0,0,0,0,0
"LPCHMCBP_00202",0,0,0,0,0,0
"LPCHMCBP_00203",0,0,0,0,0,0
"LPCHMCBP_00204",0,0,0,0,0,0
"LPCHMCBP_00205",0,0,25.5539027382893,64.9394867517792,46.704092822808,0
"LPCHMCBP_00206",0,0,0,0,0,0
"LPCHMCBP_00207",0,0,0,0,0,0
"LPCHMCBP_00208",0,0,0,0,0,0
"LPCHMCBP_00209",0,0,0,0,0,0
"LPCHMCBP_00210",0,0,0,0,4.49077815603923,0
"LPCHMCBP_00211",0,0,0,0,0,0
"LPCHMCBP_00212",0,0,0,0,0,0
"LPCHMCBP_00213",79.2180256962028,14.4800507882107,128.408361259904,66.8779788936234,0,1.02335468858003
"LPCHMCBP_00214",7.13675907172999,0,0,0,0,0
"LPCHMCBP_00215",34.9701194514769,0,45.3581773604635,97.8938531631299,0,0
"LPCHMCBP_00216",152.726644135022,412.681447464005,103.493306090072,133.755957787247,14.3704900993256,75.7282469549226
"LPCHMCBP_00217",0,0,0,0,0,0
"LPCHMCBP_00218",0,735.586580041103,26.8315978752037,0,4.49077815603923,0
"LPCHMCBP_00219",0,0,23.6373600329176,0,0,0
"LPCHMCBP_00220",0,0,0,0,0,0
"LPCHMCBP_00221",0,0,0,0,0,0
"LPCHMCBP_00222",0,0,0,0,0,0
"LPCHMCBP_00223",0,0,0,0,0.898155631207847,0
"LPCHMCBP_00224",0,0,0,0,0,0
"LPCHMCBP_00225",0,0,0,0,0,0
"LPCHMCBP_00227",0,0,0,0,0,0
"LPCHMCBP_00228",0,0,0,0,0,0
"LPCHMCBP_00229",0,0,0,0,0,0
"LPCHMCBP_00230",0,0,0,0,0,0
"LPCHMCBP_00231",0,0,0,0,0,0
"LPCHMCBP_00232",0,0,26.1927503067465,0,0,0
"LPCHMCBP_00233",0,0,0,0,0,0
"LPCHMCBP_00234",0,0,0,0,0,0
"LPCHMCBP_00235",0,0,0,0,0,0
"LPCHMCBP_00236",0,508.249782666195,0,0,0,0
"LPCHMCBP_00237",0,0,0,0,0,0
"LPCHMCBP_00238",0,0,0,0,0,0
"LPCHMCBP_00239",0,0,0,0,0,0
"LPCHMCBP_00240",0,0,0,0,4.49077815603923,0
"LPCHMCBP_00241",0,0,0,0,16.1668013617412,0
"LPCHMCBP_00242",0,0,0,0,0,0
"LPCHMCBP_00243",0,0,0,0,2.69446689362354,7.16348282006024
"LPCHMCBP_00244",0,0,0,0,0,0
"LPCHMCBP_00245",0,0,0,0,0,0
"LPCHMCBP_00246",0,0,1.27769513691446,0,37.7225365107296,28.653931280241
"LPCHMCBP_00247",0,0,78.5782509202395,60.0932563971689,27.8428245674433,69.5881188234423
"LPCHMCBP_00248",0,0,0,0,0,0
"LPCHMCBP_00249",0,0,0,0,0,0
"LPCHMCBP_00250",0,0,0,0,0,0
"LPCHMCBP_00251",0,0,0,0,0,0
"LPCHMCBP_00252",0,0,0,0,0,0
"LPCHMCBP_00253",1.427351814346,0,62.6070617088087,0.969246070922078,0,1.02335468858003
"LPCHMCBP_00254",0,0,0,0,0,0
"LPCHMCBP_00255",0,0,0,0,0,0
"LPCHMCBP_00256",0,0,0,0,0,0
"LPCHMCBP_00257",0,0,0,0,0,0
"LPCHMCBP_00258",0,0,0,0,0,0
"LPCHMCBP_00259",0,0,0,0,0,0
"LPCHMCBP_00260",87.0684606751058,0,43.4416346550918,0,0,78.7983110206627
"LPCHMCBP_00261",0,0,41.5250919497201,0,29.639135829859,0
"LPCHMCBP_00262",0,0,0,0,0,0
"LPCHMCBP_00263",0,0,0,0,0,0
"LPCHMCBP_00264",0,0,0,0,0,0
"LPCHMCBP_00265",0,0,0,0,0,0
"LPCHMCBP_00266",0,0,0,0,0,0
"LPCHMCBP_00267",0,0,0,0,0,0
"LPCHMCBP_00268",42.1068785232069,69.5042437834113,25.5539027382893,0,0,0
"LPCHMCBP_00269",0,0,0,0,0,0
"LPCHMCBP_00270",0,0,0,0,46.704092822808,68.5647641348623
"LPCHMCBP_00271",64.9445075527429,0,54.940890887322,9.69246070922078,0,126.895981383924
"LPCHMCBP_00272",0,0,0,0,0,0
"LPCHMCBP_00273",0,0,0,0,0,0
"LPCHMCBP_00274",0,0,0,0,0,0
"LPCHMCBP_00275",0,0,0,0,0,0
"LPCHMCBP_00276",8.56411088607598,0,21.0819697590887,0,65.5653610781728,42.9808969203614
"LPCHMCBP_00277",0,0,0,0,0,0
"LPCHMCBP_00278",0,0,0,0,0,0
"LPCHMCBP_00279",0,0,0,0,0,0
"LPCHMCBP_00280",13.559842236287,0,34.4977686966905,154.11012527661,0,62.4246360033821
"LPCHMCBP_00281",0,0,0,0,0,0
"LPCHMCBP_00282",0,0,0,0,3.59262252483139,0
"LPCHMCBP_00283",0,0,0,0,0,0
"LPCHMCBP_00284",0,0,0,0,0,0
"LPCHMCBP_00285",0,0,0,0,0,0
"LPCHMCBP_00286",0,0,0,0,0,0
"LPCHMCBP_00287",0,0,0,0,0,0
"LPCHMCBP_00288",0,0,0,0,0,0
"LPCHMCBP_00289",0,0,0,0,0,0
"LPCHMCBP_00290",0,0,0,0,0,0
"LPCHMCBP_00291",0,0,0,0,0,0
"LPCHMCBP_00292",7.85043497890298,0,0,0,17.9631126241569,0
"LPCHMCBP_00293",0,0,0,0,0,0
"LPCHMCBP_00294",0,0,0,0,0,0
"LPCHMCBP_00295",0,0,0,0,0,0
"LPCHMCBP_00296",0,0,0,0,0,0
"LPCHMCBP_00297",363.261036751056,459.017609986279,401.196272991142,373.159737305,263.159599943899,272.212347162289
"LPCHMCBP_00298",0,0,0,0,0,0
"LPCHMCBP_00299",0,0,0,0,0,0
"LPCHMCBP_00300",0,0,0,0,0,0
"LPCHMCBP_00301",0,110.048385990401,43.4416346550918,0,64.667205446965,154.526557975585
"LPCHMCBP_00302",0,0,0,0,0,0
"LPCHMCBP_00303",0,0,0,0,0,0
"LPCHMCBP_00304",0,0,0,0,0,0
"LPCHMCBP_00305",0,0,0,0,0,0
"LPCHMCBP_00306",0,0,0,0,0,0
"LPCHMCBP_00307",0,0,0,0,0,0
"LPCHMCBP_00308",0,17.3760609458528,5.74962811611509,0,40.4170034043531,31.7239953459811
"LPCHMCBP_00309",4.28205544303799,0,3.83308541074339,0,16.1668013617412,13.3036109515404
"LPCHMCBP_00310",0,0,0,0,0,0
"LPCHMCBP_00311",0,0,0,0,0,0
"LPCHMCBP_00312",0,0,0,0,0,0
"LPCHMCBP_00313",0,0,0,0,0,0
"LPCHMCBP_00314",0,0,2.55539027382893,0,0,179.087070501506
"LPCHMCBP_00315",0,0,0,0,0,0
"LPCHMCBP_00316",84.2137570464138,406.889427148721,54.3020433188647,305.312512340455,143.704900993256,63.4479906919621
"LPCHMCBP_00317",42.8205544303799,60.8162133104849,0,0,44.0096259291845,0
"LPCHMCBP_00318",0,0,0,0,0,0
"LPCHMCBP_00319",0,0,0,0,0,0
"LPCHMCBP_00320",0,0,0,0,0,0
"LPCHMCBP_00321",0,1.44800507882107,0,0,0,0
"LPCHMCBP_00322",0,0,0,0.969246070922078,0,0
"LPCHMCBP_00323",0,0,0,0,0,0
"LPCHMCBP_00324",0,0,0,0,0,0
"LPCHMCBP_00325",0,0,0,0,0,0
"LPCHMCBP_00326",0,0,0,0,0,0
"LPCHMCBP_00327",0,33.3041168128846,0,0,0,0
"LPCHMCBP_00328",0,0,0,0,0,0
"LPCHMCBP_00329",155.581347763714,17.3760609458528,461.886791994579,92.0783767375974,572.125137079399,114.615725120964
"LPCHMCBP_00330",0,0,0,0,0,0
"LPCHMCBP_00331",0,0,0,0,0,0
"LPCHMCBP_00332",325.436213670887,0,17.8877319168025,137.632942070935,207.473950809013,59.354571937642
"LPCHMCBP_00333",52.0983412236289,11.5840406305686,0,0,0,0
"LPCHMCBP_00334",0,0,0,0,0,1.02335468858003
"LPCHMCBP_00335",0,0,0,0,0,0
"LPCHMCBP_00336",164.859134556963,175.208614537349,173.766538620367,56.2162721134805,329.62311665328,322.356726902711
"LPCHMCBP_00337",0,0,79.2170984886968,0,97.8989638016553,367.384333200232
"LPCHMCBP_00338",317.585778691984,183.896645010276,123.936428280703,296.589297702156,351.178851802268,179.087070501506
"LPCHMCBP_00339",0,0,0,0,0,0
"LPCHMCBP_00340",0,0,0,0,0,0
"LPCHMCBP_00341",0,0,0,0,0,0
"LPCHMCBP_00342",62.0898039240509,115.840406305686,0,79.4781778156104,66.4635167093807,0
"LPCHMCBP_00343",0,0,21.0819697590887,0,2.69446689362354,0
"LPCHMCBP_00344",102.055654725739,0,145.018398039792,242.31151773052,217.353662752299,287.56266749099
"LPCHMCBP_00345",0,0,0,0,0,0
"LPCHMCBP_00346",0,0,0,0,0,0
"LPCHMCBP_00347",0,0,0,0,0,0
"LPCHMCBP_00348",0.713675907172999,0,28.7481405805754,162.833339914909,15.2686457305334,1.02335468858003
"LPCHMCBP_00349",0,0,0,0,0,0
"LPCHMCBP_00350",0,0,0,0,0,0
"LPCHMCBP_00351",0,0,1.9165427053717,21.3234135602857,65.5653610781728,23.5371578373408
"LPCHMCBP_00352",0,0,0,0,0,0
"LPCHMCBP_00353",0,0,0,0,0,0
"LPCHMCBP_00354",71.3675907172998,40.5441422069899,17.2488843483453,41.6775810496494,127.538099631514,33.7707047231411
"LPCHMCBP_00355",0,0,0,0,0,0
"LPCHMCBP_00356",264.773761561182,212.856746586697,273.426759299695,269.450407716338,134.723344681177,130.989400138244
"LPCHMCBP_00357",0,0,0,0,0,0
"LPCHMCBP_00358",0,0,0,0,0,0
"LPCHMCBP_00359",40.6795267088609,0,23.6373600329176,225.834334524844,57.4819603973022,0
"LPCHMCBP_00360",0,0,7.66617082148678,0,0,0
"LPCHMCBP_00361",119.897552405064,0,228.068581939232,92.0783767375974,158.973546723789,90.055212595043
"LPCHMCBP_00362",75.6496461603379,0,7.02732325302955,0,25.1483576738197,0
"LPCHMCBP_00363",0,0,0,0,82.6303180711219,0
"LPCHMCBP_00364",0,0,0,0,0,0
"LPCHMCBP_00365",95.6325715611818,0,0,0,54.7874935036787,0
"LPCHMCBP_00366",0,0,0,0,0,0
"LPCHMCBP_00367",122.752256033756,257.74490403015,193.570813242541,32.9543664113507,408.66081219957,191.367326764466
"LPCHMCBP_00368",670.855352742619,315.665107182993,976.797932171108,720.149830695104,709.542948654199,627.316424099561
"LPCHMCBP_00369",0,0,0,0,0,0
"LPCHMCBP_00370",0,0,37.6920065389767,0,0,0
"LPCHMCBP_00371",0,0,0,0,0,0
"LPCHMCBP_00372",0,0,0,0,0,0
"LPCHMCBP_00373",176.277949071731,15.9280558670318,67.0789946880094,265.573423432649,178.732970610362,166.806814238546
"LPCHMCBP_00374",0,0,0,0,0,61.4012813148021
"LPCHMCBP_00375",0,0,0,0,0,0
"LPCHMCBP_00376",0,0,0,0,0,0
"LPCHMCBP_00377",97.0599233755278,0,24.2762076013748,0,84.4266293335376,1.02335468858003
"LPCHMCBP_00378",0,0,0,0,0,54.2377984947418
"LPCHMCBP_00379",0,0,0,0,0,0
"LPCHMCBP_00380",0,0,0,0,0,0
"LPCHMCBP_00381",50.6709894092829,0,0,0,0,0
"LPCHMCBP_00382",0,0,0,0,0,0
"LPCHMCBP_00383",0,0,0,0,0,0
"LPCHMCBP_00384",0,0,0,0,0,0
"LPCHMCBP_00385",0,0,0,0,52.0930266100551,0
"LPCHMCBP_00386",0,0,0,0,0,0
"LPCHMCBP_00387",51.3846653164559,0,79.855946057154,0,20.6575795177805,0
"LPCHMCBP_00388",0,0,0,0,0,0
"LPCHMCBP_00389",0,0,33.8589211282333,0,0,0
"LPCHMCBP_00390",0,0,4.47193297920062,0,149.093834780503,116.662434498124
"LPCHMCBP_00391",0,0,0,0,0,1.02335468858003
"LPCHMCBP_00392",0,0,0,0,0,0
"LPCHMCBP_00393",0,0,0,0,0,0
"LPCHMCBP_00394",0,0,0,0,0,0
"LPCHMCBP_00395",0,0,0.638847568457232,0,0,0
"LPCHMCBP_00421",0,0,0,0,0,0
"LPCHMCBP_00423",0,0,0,0,0,0
"LPCHMCBP_00424",0,0,0,0,0,0
"LPCHMCBP_00425",0,0,0,0,0,0
"LPCHMCBP_00426",0,0,0,0,0,60.377926626222
"LPCHMCBP_00427",0,0,0,0,0,0
"LPCHMCBP_00428",0,0,0,0,0,0
"LPCHMCBP_00429",0,0,0,0,0,0
"LPCHMCBP_00430",0,0,0,0,0,0
"LPCHMCBP_00431",0,0,0,0,0,0
"LPCHMCBP_00432",0,0,0,0,0,0
"LPCHMCBP_00433",0,0,0,0,0,0
"LPCHMCBP_00434",19.982925400844,0,79.855946057154,153.140879205688,42.2133146667688,0
"LPCHMCBP_00435",0,0,0,0,0,0
"LPCHMCBP_00436",0,0,0,0,0,0
"LPCHMCBP_00437",11774.2251165401,9794.30635314571,11457.7311402805,2985.27789844,1040.06422093869,1458.28043122655
"LPCHMCBP_00438",37.1111471729959,0,77.9394033517823,0.969246070922078,26.9446689362354,0
"LPCHMCBP_00439",35.6837953586499,0,0,58.1547642553247,30.5372914610668,92.1019219722031
"LPCHMCBP_00440",59.9487762025319,0,0,0,0,0
"LPCHMCBP_00441",0,0,0,0,0,0
"LPCHMCBP_00442",0,0,0,0,0,0
"LPCHMCBP_00443",0,0,0,0,0,0
"LPCHMCBP_00444",0,0,0,0,0,0
"LPCHMCBP_00445",0,0,33.2200735597761,0,0,0
"LPCHMCBP_00446",0,0,0,1.93849214184416,0,0
"LPCHMCBP_00447",0,0,0,0,0,0
"LPCHMCBP_00448",0,0,0,0,0,0
"LPCHMCBP_00449",0,0,0,0,0,0
"LPCHMCBP_00450",0,0,0,0,0,0
"LPCHMCBP_00451",0,0,0,0,0,0
"LPCHMCBP_00452",0,0,0,0,0,0
"LPCHMCBP_00453",0,0,0,0,0,0
"LPCHMCBP_00454",0,0,0,0,0,0
"LPCHMCBP_00455",0,0,0,0,0,0
"LPCHMCBP_00456",184.128384050634,30.4081066552425,146.934940745163,220.988104170234,101.491586326487,277.329120605189
"LPCHMCBP_00457",0,0,0,0,0,0
"LPCHMCBP_00458",2.141027721519,95.5683352021906,87.5221168786408,92.0783767375974,138.315967206008,15.3503203287005
"LPCHMCBP_00459",0,0,0,0,0,0
"LPCHMCBP_00460",0,0,0,0,0,61.4012813148021
"LPCHMCBP_00461",0,0,0,0,0,0
"LPCHMCBP_00462",0,0,40.8862443812628,0,0,0
"LPCHMCBP_00463",0,0,0,0,0,67.5414094462823
"LPCHMCBP_00464",0,0,0,0,0,0
"LPCHMCBP_00465",0,0,0,0,0,0
"LPCHMCBP_00466",0,0,0,0,0,0
"LPCHMCBP_00467",124.893283755275,18.8240660246739,254.261332245978,44.5853192624156,190.408993816064,143.269656401205
"LPCHMCBP_00468",371.111471729959,269.328944660719,202.514679200943,471.05359046813,202.085017021766,178.063715812926
"LPCHMCBP_00469",0,0,0,0,0,0
"LPCHMCBP_00470",0,0,0,0,0,0
"LPCHMCBP_00471",0,0,0,0,0,0
"LPCHMCBP_00472",0,0,0,0,0,0
"LPCHMCBP_00473",0,0,0,0,0,0
"LPCHMCBP_00474",0,0,0,0,0,0
"LPCHMCBP_00475",0,0,0,0,0,0
"LPCHMCBP_00476",42.8205544303799,0,118.825647733045,5.81547642553247,112.269453900981,253.791962767849
"LPCHMCBP_00477",0,0,0,0,0,0
"LPCHMCBP_00478",0,0,0,0,0,0
"LPCHMCBP_00479",0,0,0,0,0,0
"LPCHMCBP_00480",0,0,0,0,0,0
"LPCHMCBP_00481",0,0,0,0,0,0
"LPCHMCBP_00482",0,0,0,0,0,0
"LPCHMCBP_00483",0,0,0,0,0,0
"LPCHMCBP_00484",0,0,0,0,0,0
"LPCHMCBP_00485",0,0,0,0,0,0
"LPCHMCBP_00486",0,0,0,0,0,5.11677344290017
"LPCHMCBP_00487",0,0,0,0,0,0
"LPCHMCBP_00488",229.803642109706,923.827240287842,325.173412344731,314.035726978753,543.384156880747,457.439545795275
"LPCHMCBP_00489",0,0,2.55539027382893,0,0,0
"LPCHMCBP_00490",0,0,0,0,0,0
"LPCHMCBP_00491",31.4017399156119,0,0,0,14.3704900993256,0
"LPCHMCBP_00492",0,0,0,0,0,0
"LPCHMCBP_00493",0,0,0,0,0,0
"LPCHMCBP_00494",31.4017399156119,13.0320457093896,17.8877319168025,0,31.4354470922746,0
"LPCHMCBP_00495",60.6624521097049,0,22.9985124644604,0,0,0
"LPCHMCBP_00496",0,0,0,0,0,0
"LPCHMCBP_00497",0,0,0,0,0,0
"LPCHMCBP_00498",0,0,0,0,6.28708941845493,0
"LPCHMCBP_00499",0,0,0,0,0,0
"LPCHMCBP_00500",0,0,0,0,0,0
"LPCHMCBP_00501",0,0,0,0,0,0
"LPCHMCBP_00502",0,0,0,0,0,0
"LPCHMCBP_00503",0,0,58.7739762980653,0,0,0
"LPCHMCBP_00504",0,0,0,0,0,0
"LPCHMCBP_00505",46.3889339662449,217.20076182316,132.880294239104,210.326397390091,38.6206921419374,51.1677344290017
"LPCHMCBP_00506",0,0,0,0,0,0
"LPCHMCBP_00507",0,0,0,0,0,0
"LPCHMCBP_00508",0,0,0,0,0,0
"LPCHMCBP_00509",27.1196844725739,10.1360355517475,68.9955373933811,0.969246070922078,20.6575795177805,62.4246360033821
"LPCHMCBP_00510",0,0,0,0,0,0
"LPCHMCBP_00511",0,0,0,0,0,0
"LPCHMCBP_00512",0,0,0,0,0,0
"LPCHMCBP_00513",4.99573135021099,179.552629773813,28.1092930121182,0,52.991182241263,0
"LPCHMCBP_00514",0,0,0,0,0,0
"LPCHMCBP_00515",54.2393689451479,195.480685640844,35.1366162651478,77.5396856737663,1.79631126241569,4.09341875432014
"LPCHMCBP_00516",0,0,0,0,0,0
"LPCHMCBP_00517",9.99146270042198,0,182.071557010311,0,0,65.4947000691222
"LPCHMCBP_00518",0,0,33.2200735597761,0,0,0
"LPCHMCBP_00519",0,0,0,0,0,0
"LPCHMCBP_00520",0,0,1.27769513691446,0,0,0
"LPCHMCBP_00521",0,0,0,0,0,0
"LPCHMCBP_00522",0,0,0,0,0,0
"LPCHMCBP_00523",0,0,0,0,0,0
"LPCHMCBP_00524",47.1026098734179,0,117.547952596131,23.2619057021299,93.4081856456161,114.615725120964
"LPCHMCBP_00525",0,0,0,0,0,0
"LPCHMCBP_00526",291.179770126583,39.0961371281689,254.900179814436,160.894847773065,182.325593135193,96.1953407265232
"LPCHMCBP_00527",0,0,0,0,0,0
"LPCHMCBP_00528",87.0684606751058,0,60.0516714349798,292.712313418468,238.909397901287,53.2144438061618
"LPCHMCBP_00529",0,0,0,0,0,0
"LPCHMCBP_00530",0,0,0,0,0,0
"LPCHMCBP_00531",0,0,0,0,0,0
"LPCHMCBP_00532",33.5427676371309,17.3760609458528,85.6055741732691,0,70.0561392342121,1.02335468858003
"LPCHMCBP_00533",0,0,0,0,0,0
"LPCHMCBP_00534",0,0,0,0,0,0
"LPCHMCBP_00535",0,0,27.470445443661,0,0,9.21019219722031
"LPCHMCBP_00536",0,0,0,0,0,0
"LPCHMCBP_00537",0,0,0,0,0,0
"LPCHMCBP_00538",0,0,7.02732325302955,0,0,0
"LPCHMCBP_00539",0,0,0,0,0,0
"LPCHMCBP_00540",0,0,0,0,8.98155631207847,106.428887612324
"LPCHMCBP_00541",0,0,0,0,0,0
"LPCHMCBP_00542",0,0,0,0,0,0
"LPCHMCBP_00543",0,0,0,0,0,0
"LPCHMCBP_00544",0,0,0,0,0,0
"LPCHMCBP_00545",215.530123966246,108.60038091158,220.402411117745,410.960334070961,250.585421106989,74.7048922663425
"LPCHMCBP_00546",330.431945021098,191.136670404381,426.750175729431,333.420648397195,238.909397901287,526.004309930138
"LPCHMCBP_00547",0,0,0,0,0,0
"LPCHMCBP_00548",0,0,0,0,0,0
"LPCHMCBP_00549",0,0,0,0,0,0
"LPCHMCBP_00550",0,17.3760609458528,56.2185860242364,116.309528510649,113.167609532189,26.6072219030809
"LPCHMCBP_00551",0,0,0,0,0,0
"LPCHMCBP_00552",0,0,0,0,0,0
"LPCHMCBP_00553",0,0,0,0,0,0
"LPCHMCBP_00554",207.679688987343,52.1281828375585,252.344789540607,517.57740187239,364.651186270386,264.025509653649
"LPCHMCBP_00555",0,0,0,0,0,0
"LPCHMCBP_00556",0,0,0,0,0,0
"LPCHMCBP_00557",0,0,0,0,0,0
"LPCHMCBP_00558",0,0,0,0,0,0
"LPCHMCBP_00559",0,0,0,0,0,0
"LPCHMCBP_00560",0,0,0,0,0,0
"LPCHMCBP_00561",174.850597257385,10.1360355517475,613.9325132874,187.064491687961,186.816371291232,363.290914445912
"LPCHMCBP_00562",0,0,0,0,0,0
"LPCHMCBP_00563",0,0,0,0,0.898155631207847,1.02335468858003
"LPCHMCBP_00564",0,0,0,0,0,0
"LPCHMCBP_00565",0,0,43.4416346550918,0,27.8428245674433,86.9851485293029
"LPCHMCBP_00566",0,0,0,0,0,0
"LPCHMCBP_00567",0,0,0,0,0,0
"LPCHMCBP_00568",0,0,0,0,0,0
"LPCHMCBP_00569",0,0,0,0,0,0
"LPCHMCBP_00570",0,0,0,0,0,0
"LPCHMCBP_00571",0,0,0,0,0,0
"LPCHMCBP_00572",0,0,5.11078054765786,0,0,0
"LPCHMCBP_00573",0,0,0,0,0,0
"LPCHMCBP_00574",0,0,0,0,117.658387688228,0
"LPCHMCBP_00575",0,0,0,0,0,0
"LPCHMCBP_00576",55.6667207594939,0,28.1092930121182,0,0,0
"LPCHMCBP_00577",0,0,0.638847568457232,0,0,0
"LPCHMCBP_00578",0,0,0,0,0,0
"LPCHMCBP_00579",0,0,0,0,0,0
"LPCHMCBP_00580",0,0,10.2215610953157,0,0,0
"LPCHMCBP_00581",0,8.68803047292642,17.2488843483453,0,0,0
"LPCHMCBP_00582",0,0,0,0,0,0
"LPCHMCBP_00583",0,0,0,0,0,0
"LPCHMCBP_00584",0,0,0,0,0,0
"LPCHMCBP_00585",0,0,0,0,25.1483576738197,0
"LPCHMCBP_00586",0,0,0,0,0,0
"LPCHMCBP_00587",0,0,0,0,0,0
"LPCHMCBP_00588",0,0,0,1.93849214184416,0,0
"LPCHMCBP_00589",0,0,79.2170984886968,32.9543664113507,116.76023205702,56.2845078719019
"LPCHMCBP_00590",0.713675907172999,0,0,0,0,0
"LPCHMCBP_00591",607.338197004222,288.153010685393,500.85649367047,875.229202042637,543.384156880747,898.50541657327
"LPCHMCBP_00592",0,0,0,0,0,0
"LPCHMCBP_00593",0,0,0,110.494052085117,7.18524504966278,0
"LPCHMCBP_00594",0,0,0,0,0,0
"LPCHMCBP_00595",67.0855352742619,137.560482488002,148.212635882078,183.187507404273,106.880520113734,127.919336072504
"LPCHMCBP_00596",5.70940725738399,0,0,0,0,0
"LPCHMCBP_00597",59.2351002953589,237.472832926655,0,0,0,69.5881188234423
"LPCHMCBP_00598",129.175339198313,0,0,0,0,117.685789186704
"LPCHMCBP_00599",0,0,0,0,0,0
"LPCHMCBP_00600",0,0,0,0,0,0
"LPCHMCBP_00601",48.5299616877639,0,20.4431221906314,0,0,0
"LPCHMCBP_00602",0,0,0,0,0,0
"LPCHMCBP_00603",0,0,0,31.9851203404286,0,3.0700640657401
"LPCHMCBP_00604",0,0,0,0,0,0
"LPCHMCBP_00605",0,0,5.74962811611509,0,0,9.21019219722031
"LPCHMCBP_00606",0,0,0,0,0,0
"LPCHMCBP_00607",0,0,5.74962811611509,0,32.3336027234825,20.4670937716007
"LPCHMCBP_00608",0,0,0,0,0,0
"LPCHMCBP_00609",0,0,0,0,0,0
"LPCHMCBP_00610",0,0,0,0,0,0
"LPCHMCBP_00611",0,0,1.27769513691446,0,0,0
"LPCHMCBP_00612",39.9658508016879,0,0,56.2162721134805,15.2686457305334,0
"LPCHMCBP_00613",0,0,0,0,0,0
"LPCHMCBP_00614",306.880640084389,328.697152892383,226.790886802317,478.807559035507,202.983172652973,333.613628477091
"LPCHMCBP_00615",0,0,20.4431221906314,0,0,45.0276062975215
"LPCHMCBP_00616",0,0,23.6373600329176,0,0,0
"LPCHMCBP_00617",0,0,0,0,0,0
"LPCHMCBP_00618",41.3932026160339,0,0,0,0,0
"LPCHMCBP_00619",87.0684606751058,94.1203301233695,0,0,68.2598279717964,40.9341875432014
"LPCHMCBP_00620",0,0,0,0,0,0
"LPCHMCBP_00621",0,0,28.7481405805754,0,0,45.0276062975215
"LPCHMCBP_00622",0,0,0,0,0,0
"LPCHMCBP_00632",0,0,0,0,0,0
"LPCHMCBP_00633",0,0,0,0,0,0
"LPCHMCBP_00634",0,0,0,0,0,0
"LPCHMCBP_00635",0,0,0,0,0,0
"LPCHMCBP_00636",2.85470362869199,0,0,0,16.1668013617412,0
"LPCHMCBP_00637",0,0,0,0,0,0
"LPCHMCBP_00638",0,0,0,0,0,0
"LPCHMCBP_00639",0,0,0,0,0,0
"LPCHMCBP_00640",0,0,0,0,0,0
"LPCHMCBP_00641",0,0,0,0,0,0
"LPCHMCBP_00642",0,0,0,0,0,0
"LPCHMCBP_00643",59.9487762025319,0,0,0,0,0
"LPCHMCBP_00644",0,0,0,0,0,0
"LPCHMCBP_00645",0,0,0,0,0,0
"LPCHMCBP_00646",0,0,0,0,0,0
"LPCHMCBP_00647",0,89.7763148869063,0,0,0,19.4437390830207
"LPCHMCBP_00648",0,0,35.1366162651478,0,0,0
"LPCHMCBP_00649",0,0,0,0,0,0
"LPCHMCBP_00650",0,0,0,0,0,0
"LPCHMCBP_00651",0,0,0,0,0,0
"LPCHMCBP_00652",0,0,0,0,0,0
"LPCHMCBP_00653",0,0,0,0,0,0
"LPCHMCBP_00654",0,0,0,0,0,0
"LPCHMCBP_00655",0,0,0,0,0,0
"LPCHMCBP_00656",0,0,0,0,0,0
"LPCHMCBP_00657",0,0,29.3869881490327,0,0,0
"LPCHMCBP_00658",0,0,0,0,0,0
"LPCHMCBP_00659",0,0,0,0,0,0
"LPCHMCBP_00660",0,0,0,0,0,0
"LPCHMCBP_00661",0,0,0,0,0,0
"LPCHMCBP_00662",0,0,0,0,0,0
"LPCHMCBP_00663",0,0,0,0,1.79631126241569,0
"LPCHMCBP_00664",0,0,0,0,0,0
"LPCHMCBP_00665",0.713675907172999,0,0,0,0,0
"LPCHMCBP_00666",159.863403206752,0,33.8589211282333,108.555559943273,48.5004040852237,0
"LPCHMCBP_00667",27.1196844725739,0,70.2732325302955,0,38.6206921419374,0
"LPCHMCBP_00668",0,0,0,0,0,11.2569015743804
"LPCHMCBP_00669",0,0,0,0,0,0
"LPCHMCBP_00670",0,0,0,0,0,0
"LPCHMCBP_00671",0,0,0,0,0,0
"LPCHMCBP_00672",0,0,0,0,0,0
"LPCHMCBP_00673",0,0,0,0,0,0
"LPCHMCBP_00674",0,0,81.1336411940685,0,56.5838047660944,0
"LPCHMCBP_00675",0,0,0,0,0,0
"LPCHMCBP_00676",154.867671856541,0,115.631409890759,0,0,0
"LPCHMCBP_00677",0,0,0,0,0,0
"LPCHMCBP_00678",0,0,0,0,0,0
"LPCHMCBP_00679",0,0,0,0,0,0
"LPCHMCBP_00680",0,0,45.9970249289207,14.5386910638312,75.4450730214592,67.5414094462823
"LPCHMCBP_00681",0,0,0,0,0,0
"LPCHMCBP_00682",0,0,0,0,0,0
"LPCHMCBP_00683",0,0,0,0,0,0
"LPCHMCBP_00684",48.5299616877639,0,30.6646832859471,20.3541674893636,31.4354470922746,29.677285968821
"LPCHMCBP_00685",0,0,0,0,0,0
"LPCHMCBP_00686",72.7949425316459,56.4721980740217,149.490331018992,41.6775810496494,67.3616723405885,129.966045449664
"LPCHMCBP_00687",0,0,0,0,0,0
"LPCHMCBP_00688",0,0,0,0,0,0
"LPCHMCBP_00689",0,0,0,0,0,0
"LPCHMCBP_00690",0,0,0,0,0,0
"LPCHMCBP_00691",0,0,0,0,0,0
"LPCHMCBP_00692",790.039229240509,818.122869533904,650.346824689462,1042.90877231216,622.421852427038,799.240011781007
"LPCHMCBP_00693",150.585616413503,0,55.5797384557792,63.9702406808572,199.390550128142,67.5414094462823
"LPCHMCBP_00694",0,0,0,0,0,0
"LPCHMCBP_00695",0,0,0,0,0,0
"LPCHMCBP_00696",0,0,0,0,5.38893378724708,0
"LPCHMCBP_00697",0,0,0,0,0,0
"LPCHMCBP_00698",0,0,0,0,0,0
"LPCHMCBP_00699",0,0,0,0,0,0
"LPCHMCBP_00700",0,0,5.11078054765786,0,3.59262252483139,1.02335468858003
"LPCHMCBP_00701",0,0,0,0,0,0
"LPCHMCBP_00702",0,0,0,0,0,0
"LPCHMCBP_00703",0,0,0,0,0,0
"LPCHMCBP_00704",0,0,0,0,0,0
"LPCHMCBP_00705",0,0,0,0,0,0
"LPCHMCBP_00706",0,0,0,0,0,0
"LPCHMCBP_00707",0,0,0,0,0,0
"LPCHMCBP_00708",0,0,0,0,0,0
"LPCHMCBP_00709",0,0,0,0,0,0
"LPCHMCBP_00710",0,0,0,0,0,0
"LPCHMCBP_00711",0,0,5.11078054765786,0,0,0
"LPCHMCBP_00712",0,0,0,0,0,0
"LPCHMCBP_00713",0,0,0,0,0,0
"LPCHMCBP_00714",0,0,0,0,0,0
"LPCHMCBP_00715",0,0,0,0,0,0
"LPCHMCBP_00716",0,0,0,0,0,0
"LPCHMCBP_00717",0,0,0,0,0,0
"LPCHMCBP_00718",0,0,0,0,0,0
"LPCHMCBP_00719",0,0,0,0,0,0
"LPCHMCBP_00720",0,0,0,0,0,0
"LPCHMCBP_00721",0,0,0,0,0,0
"LPCHMCBP_00722",0,0,0,0,0,0
"LPCHMCBP_00723",0,0,0,0,0,0
"LPCHMCBP_00724",0,0,0,0,0,0
"LPCHMCBP_00725",0,0,0,0,0,0
"LPCHMCBP_00726",0,0,0,0,0,0
"LPCHMCBP_00727",1.427351814346,0,0,0,0,0
"LPCHMCBP_00728",0,0,0,0,0,0
"LPCHMCBP_00729",0,0,0,0,0,0
"LPCHMCBP_00730",0,0,0,0,0,0
"LPCHMCBP_00731",0,0,0,0,0,0
"LPCHMCBP_00732",0,0,0,0,0,0
"LPCHMCBP_00733",0.713675907172999,0,0,0,0,0
"LPCHMCBP_00734",0,0,0,0,0,0
"LPCHMCBP_00735",0,0,0,0,0,0
"LPCHMCBP_00736",0,0,0,0,0,0
"LPCHMCBP_00737",0,0,0,0,0,0
"LPCHMCBP_00738",0,0,0,0,0,0
"LPCHMCBP_00739",51.3846653164559,202.72071103495,222.957801391574,0,0,64.4713453805422
"LPCHMCBP_00740",0,0,0,0,0,0
"LPCHMCBP_00741",0,0,0,0,0,0
"LPCHMCBP_00742",0,0,0,0,0,0
"LPCHMCBP_00743",0,0,0,0,0,0
"LPCHMCBP_00744",0,0,0,0,0,0
"LPCHMCBP_00745",0,0,0,0,0,0
"LPCHMCBP_00746",0,0,0,0,0,0
"LPCHMCBP_00747",29.2607121940929,0,0,0,0,0
"LPCHMCBP_00748",0,0,0,0,0,0
"LPCHMCBP_00749",0,0,0,0,0,0
"LPCHMCBP_00750",0,0,0,0,0,0
"LPCHMCBP_00751",0,0,0,0,0,0
"LPCHMCBP_00752",0,0,0,0,0,0
"LPCHMCBP_00753",0,0,0,0,0,0
"LPCHMCBP_00754",0,0,0,0,0,0
"LPCHMCBP_00755",0,0,1.27769513691446,0,0,0
"LPCHMCBP_00756",0,0,0,0,0,0
"LPCHMCBP_00757",0,0,19.165427053717,0,0,0
"LPCHMCBP_00758",0,27.5120964976003,31.3035308544044,274.296638070948,1.79631126241569,8.18683750864028
"LPCHMCBP_00759",307.594315991562,399.649401754615,251.067094403692,49.431549617026,294.595047036174,401.155037923374
"LPCHMCBP_00760",0,0,0,0,0,0
"LPCHMCBP_00761",0,0,0,0,1.79631126241569,0
"LPCHMCBP_00762",171.28221772152,204.168716113771,126.491818554532,192.879968113494,323.336027234825,0
"LPCHMCBP_00763",0,0,0,0,0,0
"LPCHMCBP_00764",0,4.34401523646321,9.58271352685848,0,41.315159035561,33.7707047231411
"LPCHMCBP_00765",0,0,40.2473968128056,0,102.389741957695,0
"LPCHMCBP_00766",47.8162857805909,0,26.1927503067465,153.140879205688,85.3247849647455,0
"LPCHMCBP_00767",0,0,0,0,0,0
"LPCHMCBP_00768",0,0,0,0,0,0
"LPCHMCBP_00769",22.837629029536,0,9.58271352685848,16.4771832056753,7.18524504966278,137.129528269725
"LPCHMCBP_00770",0,0,0,0,0,0
"LPCHMCBP_00771",0,0,0,0,0,0
"LPCHMCBP_00772",0,0,0,0,0,0
"LPCHMCBP_00773",0,0,0,0,0,0
"LPCHMCBP_00774",16.414545864979,0,39.6085492443484,0,44.9077815603924,89.031857906463
"LPCHMCBP_00775",427.491868396626,750.066630829314,306.007985291014,56.2162721134805,388.901388312998,982.420501036833
"LPCHMCBP_00776",0,0,0,0,0,0
"LPCHMCBP_00777",1.427351814346,0,18.5265794852597,0,28.7409801986511,38.8874781660413
"LPCHMCBP_00778",75.6496461603379,0,26.8315978752037,0,79.9358511774984,69.5881188234423
"LPCHMCBP_00779",0,0,0,0,0,0
"LPCHMCBP_00780",0,0,0,0,0,0
"LPCHMCBP_00781",0,0,0,0,0,0
"LPCHMCBP_00782",0,0,0,0,0,0
"LPCHMCBP_00783",0,0,0.638847568457232,0.969246070922078,0,2.04670937716007
"LPCHMCBP_00784",0,0,0,0,0,0
"LPCHMCBP_00785",0,0,1.9165427053717,0,0,0
"LPCHMCBP_00786",0,0,0,0,0,0
"LPCHMCBP_00787",346.846490886077,502.457762350911,643.95834900489,1770.81257157464,1411.00249662753,779.796272697986
"LPCHMCBP_00788",0,0,0.638847568457232,0,0.898155631207847,0
"LPCHMCBP_00789",27.8333603797469,0,30.0258357174899,89.1706385248312,43.1114702979767,0
"LPCHMCBP_00790",0,0,0,0,0,54.2377984947418
"LPCHMCBP_00791",0,0,0,0,0,0
"LPCHMCBP_00792",0,0,0,0,0,0
"LPCHMCBP_00793",0,0,0,0,0,0
"LPCHMCBP_00794",237.654077088609,288.153010685393,162.906129956594,676.533757503611,50.2967153476394,77.7749563320826
"LPCHMCBP_00795",0,0,0,0,0,0
"LPCHMCBP_00796",0,0,0,0,0,0
"LPCHMCBP_00797",0,0,28.7481405805754,0,12.5741788369099,0
"LPCHMCBP_00798",0,0,0,0,0,0
"LPCHMCBP_00799",0,0,0,0,0,0
"LPCHMCBP_00800",0,0,0,0,0,0
"LPCHMCBP_00801",0,0,0,0,0,0
"LPCHMCBP_00802",0,0,0,0,0,0
"LPCHMCBP_00803",0,0,0,0,0,0
"LPCHMCBP_00804",0,0,0,0,61.0745829221336,0
"LPCHMCBP_00805",0,0,0,0,0,0
"LPCHMCBP_00806",0,0,24.2762076013748,5.81547642553247,192.205305078479,158.619976729905
"LPCHMCBP_00807",0,0,0,0,0,0
"LPCHMCBP_00808",0,0,1.27769513691446,0,0.898155631207847,0
"LPCHMCBP_00809",0,0,0,0,0,0
"LPCHMCBP_00810",0,0,0,0,0,0
"LPCHMCBP_00811",0,0,0,0,0,0
"LPCHMCBP_00812",0,0,0,0,0,0
"LPCHMCBP_00813",0,4.34401523646321,37.0531589705195,0,0,0
"LPCHMCBP_00814",0,0,0,0,0,0
"LPCHMCBP_00815",0,0,0,0,0,0
"LPCHMCBP_00816",69.9402389029539,26.0640914187792,0,0,0,0
"LPCHMCBP_00817",0,0,0,0,0,0
"LPCHMCBP_00818",0,0,0,0,0,0
"LPCHMCBP_00819",0,0,0,0,0,0
"LPCHMCBP_00820",239.795104810128,0,58.1351287296081,252.00397843974,199.390550128142,42.9808969203614
"LPCHMCBP_00821",0,0,0,0,0,0
"LPCHMCBP_00822",0,1.44800507882107,0,0,0,0
"LPCHMCBP_00823",0,0,0,0,0,0
"LPCHMCBP_00824",0,43.4401523646321,0,115.340282439727,16.1668013617412,136.106173581145
"LPCHMCBP_00825",64.2308316455699,0,17.2488843483453,0,36.8243808795217,51.1677344290017
"LPCHMCBP_00826",0,4.34401523646321,0,0,0,0
"LPCHMCBP_00827",0,0,0,0,0,0
"LPCHMCBP_00828",0,0,0,0,0,0
"LPCHMCBP_00829",0,0,0,0,0,0
"LPCHMCBP_00830",0,0,0,0,0,0
"LPCHMCBP_00831",0,0,0,0,0,0
"LPCHMCBP_00832",0,0,0,0,0,0
"LPCHMCBP_00833",12.846166329114,5.79202031528428,6.38847568457232,4.84623035461039,33.2317583546903,5.11677344290017
"LPCHMCBP_00834",0,0,0,0,0,0
"LPCHMCBP_00835",89.9231643037978,121.63242662097,88.160964447098,19.3849214184416,313.456315291539,48.0976703632616
"LPCHMCBP_00836",0,0,0,0,0,0
"LPCHMCBP_00837",0,0,0,0,0,0
"LPCHMCBP_00838",0,24.6160863399582,27.470445443661,0,67.3616723405885,0
"LPCHMCBP_00839",0,0,0,0,0,0
"LPCHMCBP_00840",0,0,0,0,0,0
"LPCHMCBP_00841",0,0,0,0,0,0
"LPCHMCBP_00842",0,0,0,0,0,0
"LPCHMCBP_00843",0,0,0,0,0,2.04670937716007
"LPCHMCBP_00844",0,0,0,0,0,0
"LPCHMCBP_00845",18.555573586498,4.34401523646321,59.4128238665226,32.9543664113507,53.8893378724708,270.165637785129
"LPCHMCBP_00846",0,0,0,0,0,0
"LPCHMCBP_00847",0,0,0,0,0,0
"LPCHMCBP_00848",0,0,0,0,0,0
"LPCHMCBP_00849",0,0,0,0,0,0
"LPCHMCBP_00850",0,0,0,0,0,0
"LPCHMCBP_00851",0,0,0,63.0009946099351,0,0
"LPCHMCBP_00852",23.551304936709,0,183.349252147226,40.7083349787273,179.631126241569,110.522306366644
"LPCHMCBP_00853",0,0,0,0,0,0
"LPCHMCBP_00854",78.5043497890298,0,159.711892114308,228.74207273761,114.963920794604,188.297262698726
"LPCHMCBP_00855",0,1.44800507882107,30.0258357174899,0,0,0
"LPCHMCBP_00856",0,0,0,0,0,0
"LPCHMCBP_00857",0,0,32.5812259913188,0,52.0930266100551,9.21019219722031
"LPCHMCBP_00858",0,0,0,0,0,0
"LPCHMCBP_00859",0,0,0,0,0,0
"LPCHMCBP_00860",0,0,0,0,0,0
"LPCHMCBP_00861",0,0,0,0,0,0
"LPCHMCBP_00862",0,0,30.0258357174899,227.772826666688,18.8612682553648,65.4947000691222
"LPCHMCBP_00863",0,0,0,0,0,0
"LPCHMCBP_00864",0,0,0,0,0,0
"LPCHMCBP_00865",129.889015105486,143.352502803286,35.1366162651478,190.941475971649,0,0
"LPCHMCBP_00866",244.790836160339,0,174.405386188824,30.0466281985844,107.778675744942,63.4479906919621
"LPCHMCBP_00867",0,0,0,0,0,0
"LPCHMCBP_00868",0,0,22.9985124644604,0,0,0
"LPCHMCBP_00869",268.342141097047,528.52185376969,267.038283615123,301.435528056766,361.956719376762,413.435294186334
"LPCHMCBP_00870",0,0,0,0,0,0
"LPCHMCBP_00871",0,143.352502803286,127.130666122989,62.031748539013,134.723344681177,81.8683750864028
"LPCHMCBP_00872",0,0,0,0,0,0
"LPCHMCBP_00873",0,0,0,0,0,0
"LPCHMCBP_00874",0,0,0,0,0,0
"LPCHMCBP_00875",0,0,0,0,10.7778675744942,17.3970297058606
"LPCHMCBP_00876",0,0,0,0,0,0
"LPCHMCBP_00877",0,0,0,0,0,0
"LPCHMCBP_00878",0,0,0,0,0,0
"LPCHMCBP_00879",0,0,0,0,0,0
"LPCHMCBP_00880",0,0,0,0,0,0
"LPCHMCBP_00881",173.423245443039,91.2243199657274,148.212635882078,63.9702406808572,162.56616924862,165.783459549966
"LPCHMCBP_00882",0,0,0,0,0,0
"LPCHMCBP_00883",0,0,0,0,0,0
"LPCHMCBP_00884",0,0,0,0,0,0
"LPCHMCBP_00885",0,0,0,0,0,0
"LPCHMCBP_00886",42.1068785232069,0,11.4992562322302,0,26.0465133050276,26.6072219030809
"LPCHMCBP_00887",27.1196844725739,27.5120964976003,20.4431221906314,0,0,27.6305765916609
"LPCHMCBP_00888",0,0,0,0,0,0
"LPCHMCBP_00889",32.8290917299579,514.04180298148,0,0,34.1299139858982,0
"LPCHMCBP_00890",7.85043497890298,0,0,0,0,0
"LPCHMCBP_00891",44.9615821518989,0,21.7208173275459,116.309528510649,48.5004040852237,4.09341875432014
"LPCHMCBP_00892",0,0,0,0,0,0
"LPCHMCBP_00893",0,0,0,0,0,0
"LPCHMCBP_00894",0,0,0,0,0,0
"LPCHMCBP_00895",0,0,0,0,0,0
"LPCHMCBP_00896",0,0,0,0,0,0
"LPCHMCBP_00897",0,0,0,0,0,0
"LPCHMCBP_00898",0,0,0,0,0,0
"LPCHMCBP_00899",0,0,0,0,0,0
"LPCHMCBP_00900",0,0,0,0,0,0
"LPCHMCBP_00901",0,0,0,0,0,0
"LPCHMCBP_00902",0,0,0,0,0,0
"LPCHMCBP_00903",62.8034798312239,8.68803047292642,109.242934206187,0,50.2967153476394,38.8874781660413
"LPCHMCBP_00904",0,0,0,0,0,0
"LPCHMCBP_00905",0,0,0,0,0,0
"LPCHMCBP_00906",0,0,0,0,0,0
"LPCHMCBP_00907",0,0,0,0,0,0
"LPCHMCBP_00908",45.6752580590719,0,8.94386595840125,122.125004936182,0,0
"LPCHMCBP_00909",0,0,0,0,0,0
"LPCHMCBP_00910",0,0,0,0,0,0
"LPCHMCBP_00911",0,0,0,0,0,0
"LPCHMCBP_00912",0,0,0,0,0,0
"LPCHMCBP_00913",0,0,0,0,0,0
"LPCHMCBP_00914",0,0,0,0,0,0
"LPCHMCBP_00915",0,0,0,0,0,0
"LPCHMCBP_00916",29.2607121940929,0,0,0,18.8612682553648,30.700640657401
"LPCHMCBP_00917",0,0,0,0,0,0
"LPCHMCBP_00918",0,0,0,0,0,0
"LPCHMCBP_00919",49.2436375949369,0,134.157989376019,0,57.4819603973022,239.464997127728
"LPCHMCBP_00920",0,0,0,0,0,0
"LPCHMCBP_00921",0,0,0,0,0,0
"LPCHMCBP_00922",0,0,0,0,0,0
"LPCHMCBP_00923",0,0,2.55539027382893,0,0,0
"LPCHMCBP_00924",0,0,0,0,0,0
"LPCHMCBP_00925",0,0,0,0,0,0
"LPCHMCBP_00926",0,0,18.5265794852597,0,0,0
"LPCHMCBP_00927",0,0,0,0,52.0930266100551,0
"LPCHMCBP_00928",0,0,0,0,0,0
"LPCHMCBP_00929",0,0,0,0,0,0
"LPCHMCBP_00930",0,0,0,0,0,0
"LPCHMCBP_00931",0,0,19.165427053717,0,121.251010213059,59.354571937642
"LPCHMCBP_00932",1851.27530320676,1895.43864817678,1710.83378832847,1374.39092856751,1187.36174445677,996.747466676954
"LPCHMCBP_00933",0,0,15.3323416429736,0,0,0
"LPCHMCBP_00934",0,0,0,90.1398845957533,111.371298269773,228.208095553348
"LPCHMCBP_00935",5.70940725738399,4.34401523646321,120.742190438417,120.186512794338,52.0930266100551,67.5414094462823
"LPCHMCBP_00936",0,0,0,0,0,0
"LPCHMCBP_00937",0,0,0,0,0,0
"LPCHMCBP_00938",123.465931940929,253.400888793687,83.6890314678974,111.463298156039,294.595047036174,97.2186954151033
"LPCHMCBP_00939",0,0,0,0,0,0
"LPCHMCBP_00940",0,0,0.638847568457232,0,0,0
"LPCHMCBP_00941",0,0,0,0,0,0
"LPCHMCBP_00942",0,0,0,0,0,0
"LPCHMCBP_00943",62.0898039240509,0,26.1927503067465,0,0,0
"LPCHMCBP_00944",0,0,0,0,0,0
"LPCHMCBP_00945",0,0,0,0,82.6303180711219,0
"LPCHMCBP_00946",0,0,0,0,0,0
"LPCHMCBP_00947",0,0,0,0,0,0
"LPCHMCBP_00948",0,0,0,0,0,0
"LPCHMCBP_00949",87.7821365822788,115.840406305686,43.4416346550918,72.6934553191559,79.9358511774984,71.6348282006024
"LPCHMCBP_00950",0,0,0.638847568457232,0,0,0
"LPCHMCBP_00951",0,0,0,0,0,0
"LPCHMCBP_00952",0,0,0,0,0,0
"LPCHMCBP_00953",0,0,0,0,0,0
"LPCHMCBP_00954",0,0,0,0,0,0
"LPCHMCBP_00955",0,0,21.7208173275459,0,0,0
"LPCHMCBP_00956",0.713675907172999,0,0,0,0,0
"LPCHMCBP_00957",0,0,0,0,0,0
"LPCHMCBP_00958",0,0,77.3005557833251,0,0,0
"LPCHMCBP_00959",0,0,0,0,0,0
"LPCHMCBP_00960",0,0,0,0,0,0
"LPCHMCBP_00961",85.6411088607598,0,88.160964447098,0,160.769857986205,19.4437390830207
"LPCHMCBP_00962",0,27.5120964976003,46.6358724973779,0,30.5372914610668,99.2654047922633
"LPCHMCBP_00963",0,0,46.6358724973779,54.2777799716364,11.676023205702,0
"LPCHMCBP_00964",0,0,0,0,0,130.989400138244
"LPCHMCBP_00965",0,0,0,0,0.898155631207847,79.8216657092427
"LPCHMCBP_00966",0,0,0,0,0,0
"LPCHMCBP_00967",0,0,0,0,0,0
"LPCHMCBP_00968",0,0,0,0,0,0
"LPCHMCBP_00969",0,0,0,0,0,0
"LPCHMCBP_00970",121.32490421941,794.954788272767,225.513191665403,6.78472249645455,506.559776001226,588.42894593352
"LPCHMCBP_00971",0,0,0,131.817465645403,38.6206921419374,0
"LPCHMCBP_00972",0,0,0,0,0,0
"LPCHMCBP_00973",0,0,0,0,0,0
"LPCHMCBP_00974",0,0,0,0,0,0
"LPCHMCBP_00975",48.5299616877639,0,51.1078054765786,97.8938531631299,99.695275064071,0
"LPCHMCBP_00976",0,0,0,0,0,0
"LPCHMCBP_00977",0,0,0.638847568457232,0,0,0
"LPCHMCBP_00978",26.4060085654009,0,96.465982837042,157.017863489377,53.8893378724708,193.414036141626
"LPCHMCBP_00979",0,0,0,0,0,0
"LPCHMCBP_00980",0,40.5441422069899,91.9940498578414,79.4781778156104,0.898155631207847,68.5647641348623
"LPCHMCBP_00981",0,0,26.8315978752037,0,0,0
"LPCHMCBP_00982",1.427351814346,0,5.74962811611509,5.81547642553247,17.9631126241569,144.293011089785
"LPCHMCBP_00983",0,0,0,0,0,0
"LPCHMCBP_00984",0,0,0,0,0,0
"LPCHMCBP_00985",56.3803966666669,1.44800507882107,26.8315978752037,0,0,0
"LPCHMCBP_00986",0,0,0,0,0,0
"LPCHMCBP_00987",0,0,0,0,0,0
"LPCHMCBP_00988",0,0,0,0,0,0
"LPCHMCBP_00989",0,0,0,0,0,0
"LPCHMCBP_00990",0,0,14.6934940745163,0,11.676023205702,63.4479906919621
"LPCHMCBP_00991",48.5299616877639,1.44800507882107,0.638847568457232,1.93849214184416,71.8524504966278,2.04670937716007
"LPCHMCBP_00992",775.765711097049,564.721980740217,942.300163474417,1224.15778757458,695.172458554874,679.507513217143
"LPCHMCBP_00993",0,0,0,0,0,0
"LPCHMCBP_00994",0,0,0,0,75.4450730214592,63.4479906919621
"LPCHMCBP_00995",115.615496962026,0,0,0,13.4723344681177,64.4713453805422
"LPCHMCBP_00996",44.2479062447259,0,23.6373600329176,0,63.7690498157571,50.1443797404217
"LPCHMCBP_00997",66.3718593670889,62.264218389306,19.8042746221742,0.969246070922078,1.79631126241569,65.4947000691222
"LPCHMCBP_00998",0,0,0,0,0,0
"LPCHMCBP_00999",0,0,0,0,0,0
"LPCHMCBP_01000",0,0,0,0,0,0
"LPCHMCBP_01001",0,0,0,0,0,0
"LPCHMCBP_01002",0,0,0,0,0,0
"LPCHMCBP_01003",0,0,0,0,0,0
"LPCHMCBP_01004",0,0,0,0,0,0
"LPCHMCBP_01005",100.628302911393,0,31.9423784228616,0,19.7594238865726,14.3269656401205
"LPCHMCBP_01006",0,0,0,0,0,0
"LPCHMCBP_01007",0,0,0,0,0,0
"LPCHMCBP_01008",0,0,0,0,0,0
"LPCHMCBP_01009",0,0,0,0,0,73.6815375777625
"LPCHMCBP_01010",0,0,0,0,0,0
"LPCHMCBP_01011",0,0,0,0,35.028069617106,33.7707047231411
"LPCHMCBP_01012",0,18.8240660246739,23.6373600329176,0,0,0
"LPCHMCBP_01013",951.329984261607,616.850163577776,764.700539443307,802.535746723481,746.367329533721,800.263366469587
"LPCHMCBP_01014",0,0,75.3840130779534,108.555559943273,29.639135829859,0
"LPCHMCBP_01015",0,0,23.6373600329176,0,0,0
"LPCHMCBP_01016",0,0,0.638847568457232,0,0,0
"LPCHMCBP_01017",0,0,0,0,0,0
"LPCHMCBP_01018",0,0,51.7466530450358,0,0,128.942690761084
"LPCHMCBP_01019",0,0,0,0,0,0
"LPCHMCBP_01020",0,0,1.27769513691446,0,0,0
"LPCHMCBP_01021",0,0,0,0,0,0
"LPCHMCBP_01022",42.1068785232069,0,53.6631957504075,90.1398845957533,26.0465133050276,0
"LPCHMCBP_01023",0,0,0,0,0,0
"LPCHMCBP_01024",0,0,0,0,0,0
"LPCHMCBP_01025",0,0,0,0,0,0
"LPCHMCBP_01026",3.56837953586499,0,10.8604086637729,17.4464292765974,0.898155631207847,2.04670937716007
"LPCHMCBP_01027",136.312098270043,0,55.5797384557792,0.969246070922078,102.389741957695,0
"LPCHMCBP_01028",0,1.44800507882107,0,0,0,0
"LPCHMCBP_01029",0,0,0,0,0,0
"LPCHMCBP_01030",22.837629029536,0,0,0,0,54.2377984947418
"LPCHMCBP_01031",0,0,0,0,0,0
"LPCHMCBP_01032",0,0,19.8042746221742,62.031748539013,44.0096259291845,0
"LPCHMCBP_01033",0,0,0,0,0,0
"LPCHMCBP_01034",0,0,52.385500613493,0,0,0
"LPCHMCBP_01035",0,0,0,0,45.8059371916002,0
"LPCHMCBP_01036",92.0641920253168,0,22.3596648960031,0,0,0
"LPCHMCBP_01037",0,0,0,0,0,0
"LPCHMCBP_01038",0,0,0,0,0,0
"LPCHMCBP_01039",12.846166329114,0,32.5812259913188,0,3.59262252483139,0
"LPCHMCBP_01040",0,0,0,0,0,0
"LPCHMCBP_01041",47.1026098734179,182.448639931455,17.2488843483453,0,114.963920794604,0
"LPCHMCBP_01042",0,0,0,0,0,0
"LPCHMCBP_01043",0,0,0,0,0,0
"LPCHMCBP_01044",0,0,0,0,0,0
"LPCHMCBP_01045",81.3590534177218,0,26.8315978752037,0,12.5741788369099,14.3269656401205
"LPCHMCBP_01046",0,0,0,0,0,0
"LPCHMCBP_01047",0,0,0,0,0,0
"LPCHMCBP_01048",0,0,0,0,0,0
"LPCHMCBP_01049",0,0,0,0,0,0
"LPCHMCBP_01050",0,0,0,0,0,0
"LPCHMCBP_01051",0,0,0,0,0,0
"LPCHMCBP_01052",94.2052197468358,0,31.3035308544044,0,0.898155631207847,0
"LPCHMCBP_01053",1.427351814346,0,0,0,26.0465133050276,0
"LPCHMCBP_01054",0,0,0,98.863099234052,0,0
"LPCHMCBP_01055",94.9188956540088,14.4800507882107,27.470445443661,0.969246070922078,87.1210962271612,72.6581828891824
"LPCHMCBP_01056",0,0,24.2762076013748,0,0,0
"LPCHMCBP_01057",0,0,0,0,0,0
"LPCHMCBP_01058",0,0,0,0,0,0
"LPCHMCBP_01059",0,0,31.9423784228616,8.72321463829871,0,0
"LPCHMCBP_01060",0,0,0,0,0,0
"LPCHMCBP_01061",4.99573135021099,0,0,0,0,53.2144438061618
"LPCHMCBP_01062",2.141027721519,0,3.83308541074339,0,8.98155631207847,0
"LPCHMCBP_01063",0,0,0,0,32.3336027234825,0
"LPCHMCBP_01064",0,0,0,0,0,0
"LPCHMCBP_01065",0,0,3.83308541074339,0,15.2686457305334,6.14012813148021
"LPCHMCBP_01066",0,0,0,0,0,0
"LPCHMCBP_01067",0,0,0,0,0,0
"LPCHMCBP_01068",0,0,47.2747200658352,101.770837446818,0,167.830168927126
"LPCHMCBP_01069",0,0,0,0,0,0
"LPCHMCBP_01070",0,0,0,0,0,0
"LPCHMCBP_01071",0,0,0,122.125004936182,0,0
"LPCHMCBP_01072",0,0,0,0,0,0
"LPCHMCBP_01073",0,0,0,0,0,0
"LPCHMCBP_01074",0,0,0,0,0,0
"LPCHMCBP_01075",0,0,0,0,0,0
"LPCHMCBP_01076",69.2265629957809,18.8240660246739,21.7208173275459,104.678575659584,0,154.526557975585
"LPCHMCBP_01077",0,0,0,0,0,0
"LPCHMCBP_01078",0,0,81.7724887625257,0,0,1.02335468858003
"LPCHMCBP_01079",112.760793333334,0,29.3869881490327,0,0,0
"LPCHMCBP_01080",0,0,0,0,0,0
"LPCHMCBP_01081",54.9530448523209,0,59.4128238665226,0,74.5469173902513,42.9808969203614
"LPCHMCBP_01082",0,0,0,0,0,0
"LPCHMCBP_01083",0,0,0,0,0,0
"LPCHMCBP_01084",22.123953122363,1.44800507882107,34.4977686966905,0,26.9446689362354,1.02335468858003
"LPCHMCBP_01085",0,0,0,0,0,0
"LPCHMCBP_01086",0,0,0,0,187.71452692244,5.11677344290017
"LPCHMCBP_01087",0,0,9.58271352685848,0,0,27.6305765916609
"LPCHMCBP_01088",0,81.0882844139799,0,0,42.2133146667688,0
"LPCHMCBP_01089",0,0,0,0,0,0
"LPCHMCBP_01090",0,0,0,0,0,0
"LPCHMCBP_01091",40.6795267088609,0,206.986612180143,0,48.5004040852237,0
"LPCHMCBP_01092",0,0,0,0,0,0
"LPCHMCBP_01093",31.4017399156119,0,48.5524152027496,0,120.352854581852,57.3078625604819
"LPCHMCBP_01094",0,0,0,0,0,0
"LPCHMCBP_01095",0,0,0,0,0,0
"LPCHMCBP_01096",0,0,0,0,0,0
"LPCHMCBP_01097",0,0,0,0,0,0
"LPCHMCBP_01098",0,0,0,0,0,0
"LPCHMCBP_01099",0,0,0,0,0,0
"LPCHMCBP_01100",0,0,0,0,0,0
"LPCHMCBP_01101",20.696601308017,0,79.2170984886968,63.0009946099351,44.9077815603924,13.3036109515404
"LPCHMCBP_01102",0,0,0,0,0,0
"LPCHMCBP_01103",0,0,0,0,0,0
"LPCHMCBP_01104",0,0,0,0,0,0
"LPCHMCBP_01105",0,0,0,0,0,0
"LPCHMCBP_01106",0,0,0,0,0,0
"LPCHMCBP_01107",47.8162857805909,0,0,0,0,0
"LPCHMCBP_01108",89.2094883966248,141.904497724465,26.8315978752037,100.801591375896,65.5653610781728,443.112580155155
"LPCHMCBP_01109",53.5256930379749,244.712858320761,54.940890887322,135.694449929091,33.2317583546903,123.825917318184
"LPCHMCBP_01110",0,0,0,0,0,0
"LPCHMCBP_01111",0,0,63.8847568457232,0,32.3336027234825,117.685789186704
"LPCHMCBP_01112",0,0,0,0,0,63.4479906919621
"LPCHMCBP_01113",0,0,0,0,0,0
"LPCHMCBP_01114",0,0,0,0,0,0
"LPCHMCBP_01115",82.7864052320678,0,74.1063179410389,0,0,0
"LPCHMCBP_01116",0,0,0,0,0,2.04670937716007
"LPCHMCBP_01117",52.8120171308019,0,120.742190438417,66.8779788936234,77.2413842838748,185.227198632986
"LPCHMCBP_01118",0,0,0,0,0,0
"LPCHMCBP_01119",0,0,0,0,0,0
"LPCHMCBP_01120",0,0,0,0,0,0
"LPCHMCBP_01121",0,0,0,0.969246070922078,0,0
"LPCHMCBP_01122",77.0769979746838,224.440787217266,1.27769513691446,173.495046695052,1.79631126241569,171.923587681446
"LPCHMCBP_01123",24.9786567510549,0,0,0,0,0
"LPCHMCBP_01124",0,0,0,0,0,0
"LPCHMCBP_01125",0,0,60.0516714349798,0,50.2967153476394,0
"LPCHMCBP_01126",0,0,0,0,0,0
"LPCHMCBP_01127",0,0,0,0,0,0
"LPCHMCBP_01128",0,0,0,0,0,0
"LPCHMCBP_01129",35.6837953586499,0,112.437172048473,0,193.103460709687,0
"LPCHMCBP_01130",0,0,0,0,0,0
"LPCHMCBP_01131",0,0,0,0,0,0
"LPCHMCBP_01132",0,0,0,0,0,0
"LPCHMCBP_01133",0,0,0,0,0,0
"LPCHMCBP_01134",0,0,0,0,0,0
"LPCHMCBP_01135",0,0,0,0,0,0
"LPCHMCBP_01136",0,0,0,0,0,0
"LPCHMCBP_01137",0,0,0,0,30.5372914610668,0
"LPCHMCBP_01138",20.696601308017,11.5840406305686,9.58271352685848,0,13.4723344681177,2.04670937716007
"LPCHMCBP_01139",0,0,0,0,0,0
"LPCHMCBP_01140",0,0,0,0,0,0
"LPCHMCBP_01141",0,0,0,75.6011935319221,0,0
"LPCHMCBP_01142",40.6795267088609,0,30.0258357174899,0,0,0
"LPCHMCBP_01143",0.713675907172999,0,24.2762076013748,4.84623035461039,8.98155631207847,5.11677344290017
"LPCHMCBP_01144",0,0,0,0,0,0
"LPCHMCBP_01145",0,0,0,0,0,0
"LPCHMCBP_01146",0,0,0,0,23.352046411404,0
"LPCHMCBP_01147",0,0,0,0,0,0
"LPCHMCBP_01148",0,0,0,0,0,0
"LPCHMCBP_01149",0,0,0,0,0,0
"LPCHMCBP_01150",0,0,0,0,0,0
"LPCHMCBP_01151",0,0,0,0,0,0
"LPCHMCBP_01152",0,0,0,0,0,0
"LPCHMCBP_01153",0,0,0,0,0,0
"LPCHMCBP_01154",0,0,0,0,0,0
"LPCHMCBP_01155",0,0,0,0,0,0
"LPCHMCBP_01156",0,0,0,0,0,0
"LPCHMCBP_01157",0,0,0.638847568457232,0,0,0
"LPCHMCBP_01158",0,0,0,0,0,0
"LPCHMCBP_01159",0,0,0,0,0,0
"LPCHMCBP_01160",476.735505991563,854.322996504431,307.285680427929,381.882951943299,454.466749391171,324.403436279871
"LPCHMCBP_01161",0,0,0,0,0,0
"LPCHMCBP_01162",0,0,0,0,0,0
"LPCHMCBP_01163",9.27778679324898,0,35.1366162651478,0,39.5188477731453,0
"LPCHMCBP_01164",396.090128481014,450.329579513353,370.531589705195,1103.97127478025,943.961568399447,816.637041486867
"LPCHMCBP_01165",44.9615821518989,0,0,0,51.1948709788473,48.0976703632616
"LPCHMCBP_01166",0,0,0,0,0,0
"LPCHMCBP_01167",0,0,0,0,0,0
"LPCHMCBP_01168",0,0,0,0,51.1948709788473,0
"LPCHMCBP_01169",0,0,53.6631957504075,0.969246070922078,0,56.2845078719019
"LPCHMCBP_01170",89.2094883966248,249.056873557224,105.409848795443,0,0,0
"LPCHMCBP_01171",0,0,0,0,0,0
"LPCHMCBP_01172",0,0,0,0,0,0
"LPCHMCBP_01173",0,0,0,0,0,0
"LPCHMCBP_01174",0,0,49.1912627712069,0,28.7409801986511,2.04670937716007
"LPCHMCBP_01175",0,0,0,0,0,0
"LPCHMCBP_01176",276.906251983123,153.488538355033,91.9940498578414,76.5704396028442,272.141156255978,447.205998909475
"LPCHMCBP_01177",0,0,0,0,0,0
"LPCHMCBP_01178",0,0,0,0,0,0
"LPCHMCBP_01179",0,0,16.610036779888,0,0,15.3503203287005
"LPCHMCBP_01180",0,0,0,0,0,0
"LPCHMCBP_01181",0,0,0,0,73.6487617590435,0
"LPCHMCBP_01182",0,0,0,0,0,0
"LPCHMCBP_01183",1.427351814346,0,34.4977686966905,124.063497078026,91.6118743832004,0
"LPCHMCBP_01184",0,0,0,0,0,0
"LPCHMCBP_01185",49.2436375949369,269.328944660719,301.536052311814,0,166.158791773452,144.293011089785
"LPCHMCBP_01186",0,0,0,0,0,0
"LPCHMCBP_01187",0,0,0,0,0,0
"LPCHMCBP_01188",0,0,0,0,0,0
"LPCHMCBP_01189",0,0,0,0,0,0
"LPCHMCBP_01190",0,0,26.8315978752037,0,55.6856491348865,86.9851485293029
"LPCHMCBP_01191",0,0,70.9120800987528,0,0,18.4203843944406
"LPCHMCBP_01192",0,0,0,0,0,0
"LPCHMCBP_01193",0,0,0,0,0,0
"LPCHMCBP_01194",0,133.216467251538,0.638847568457232,83.3551620992987,8.08340068087062,1.02335468858003
"LPCHMCBP_01195",2.85470362869199,0,3.83308541074339,17.4464292765974,9.87971194328632,1.02335468858003
"LPCHMCBP_01196",0,0,0,0,0,0
"LPCHMCBP_01197",0,0,0,0,0,0
"LPCHMCBP_01198",0,0,30.0258357174899,10.6617067801429,0,0
"LPCHMCBP_01199",0,0,0,0,0,0
"LPCHMCBP_01200",3.56837953586499,0,162.906129956594,198.695444539026,0.898155631207847,23.5371578373408
"LPCHMCBP_01201",19.269249493671,0,92.6328974262986,28.1081360567403,27.8428245674433,111.545661055224
"LPCHMCBP_01202",0,0,0,0,0,0
"LPCHMCBP_01203",0,0,0,0,0,0
"LPCHMCBP_01204",0,0,0,0,0,0
"LPCHMCBP_01205",82.7864052320678,0,54.940890887322,177.37203097874,78.1395399150827,0
"LPCHMCBP_01206",0,0,0,0,11.676023205702,28.653931280241
"LPCHMCBP_01207",0,0,0,0,0,0
"LPCHMCBP_01208",92.7778679324898,53.5761879163796,43.4416346550918,150.233140992922,132.927033418761,86.9851485293029
"LPCHMCBP_01209",0,0,0,0.969246070922078,0,0
"LPCHMCBP_01210",0,0,0,0,0,0
"LPCHMCBP_01211",72.7949425316459,0,20.4431221906314,0,18.8612682553648,0
"LPCHMCBP_01212",0,0,0,0,0,0
"LPCHMCBP_01213",0,0,68.9955373933811,0,107.778675744942,61.4012813148021
"LPCHMCBP_01214",0,11.5840406305686,13.4157989376019,0,12.5741788369099,0
"LPCHMCBP_01215",0,0,0,0,0,0
"LPCHMCBP_01216",0,0,34.4977686966905,0,0,0
"LPCHMCBP_01217",0,0,33.8589211282333,0,0,0
"LPCHMCBP_01218",0,0,0,0,0,0
"LPCHMCBP_01219",0,0,0,0,0,0
"LPCHMCBP_01220",118.470200590718,82.536289492801,253.622484677521,52.3392878297922,68.2598279717964,0
"LPCHMCBP_01221",0,0,0,0,0,0
"LPCHMCBP_01222",219.812179409284,7.24002539410535,26.8315978752037,256.850208794351,81.7321624399141,240.488351816308
"LPCHMCBP_01223",0,0,0,0,0,0
"LPCHMCBP_01224",0,0,0,0,0,0
"LPCHMCBP_01225",0,0,33.8589211282333,0,0,0
"LPCHMCBP_01226",49.2436375949369,231.680812611371,0,0,0,61.4012813148021
"LPCHMCBP_01227",60.6624521097049,39.0961371281689,86.2444217417263,157.987109560299,114.963920794604,69.5881188234423
"LPCHMCBP_01228",0,0,0,0,0,0
"LPCHMCBP_01229",0,0,0,0,0,0
"LPCHMCBP_01230",0,0,0,0,0,0
"LPCHMCBP_01231",0,0,0,0,0,0
"LPCHMCBP_01232",0,0,0,0,0,0
"LPCHMCBP_01233",0,0,0,0,0,0
"LPCHMCBP_01234",177.705300886077,0,170.572300778081,0,185.918215660024,371.477751954553
"LPCHMCBP_01235",0,0,0,0,0,0
"LPCHMCBP_01236",0,0,0,0,0,0
"LPCHMCBP_01237",0,4.34401523646321,28.7481405805754,0,0,0
"LPCHMCBP_01238",0,0,23.6373600329176,4.84623035461039,28.7409801986511,102.335468858003
"LPCHMCBP_01239",0,0,0,0,0,0
"LPCHMCBP_01240",0,0,0,0,0,0
"LPCHMCBP_01241",0,0,21.7208173275459,0,0,0
"LPCHMCBP_01242",0,0,24.2762076013748,0,0,0
"LPCHMCBP_01243",0,0,0,0,0,0
"LPCHMCBP_01244",11.418814514768,5.79202031528428,175.683081325739,384.790690156065,79.0376955462905,104.382178235164
"LPCHMCBP_01245",0,0,0,0,0,0
"LPCHMCBP_01246",0,0,0,0,0,0
"LPCHMCBP_01247",35.6837953586499,115.840406305686,28.1092930121182,333.420648397195,107.778675744942,36.8407687888812
"LPCHMCBP_01248",0,0,0,0,0,0
"LPCHMCBP_01249",0,0,0,0,0,0
"LPCHMCBP_01250",0,0,0,0,0,0
"LPCHMCBP_01251",0,0,0,0,0,0
"LPCHMCBP_01252",0,0,0,0,0,0
"LPCHMCBP_01253",0,0,0,0,0,0
"LPCHMCBP_01254",11.418814514768,0,24.2762076013748,0,57.4819603973022,12.2802562629604
"LPCHMCBP_01255",0,0,0,0,0,0
"LPCHMCBP_01256",0,0,0,0,0,0
"LPCHMCBP_01257",0,0,0,0,0,0
"LPCHMCBP_01258",0,0,0,0,0,0
"LPCHMCBP_01259",85.6411088607598,24.6160863399582,175.044233757282,114.371036368805,86.2229405959533,185.227198632986
"LPCHMCBP_01260",0,0,0,0,0,0
"LPCHMCBP_01261",0,0,0,0,0,0
"LPCHMCBP_01262",96.3462474683548,99.9123504386538,158.434196977394,18.4156753475195,87.1210962271612,3.0700640657401
"LPCHMCBP_01263",0,0,0,0,0,0
"LPCHMCBP_01264",0,0,47.2747200658352,0,0,0
"LPCHMCBP_01265",0,0,28.7481405805754,0,0,81.8683750864028
"LPCHMCBP_01266",0,0,0,0,0,0
"LPCHMCBP_01267",0,0,47.2747200658352,0,26.0465133050276,66.5180547577022
"LPCHMCBP_01268",0,0,0,0,0,0
"LPCHMCBP_01269",0,0,0,0,0,0
"LPCHMCBP_01270",0,0,0,0,0,0
"LPCHMCBP_01271",0,0,0,0,36.8243808795217,0
"LPCHMCBP_01272",0,0,21.0819697590887,0,0,0
"LPCHMCBP_01273",0,0,0,0,0,0
"LPCHMCBP_01274",0,0,0,0,0,0
"LPCHMCBP_01275",15.700869957806,0,0.638847568457232,0,0,0
"LPCHMCBP_01276",0,0,0,0,0,0
"LPCHMCBP_01277",348.987518607596,60.8162133104849,375.642370252852,268.481161645416,234.418619745248,292.67944093389
"LPCHMCBP_01278",0,0,0,0,0,0
"LPCHMCBP_01279",0,0,0,0,0,0
"LPCHMCBP_01280",0,0,0,0,39.5188477731453,41.9575422317814
"LPCHMCBP_01281",0,0,0,0,0,0
"LPCHMCBP_01282",0,0,0,0,0,0
"LPCHMCBP_01283",24.9786567510549,166.520584064423,99.021373110871,0,64.667205446965,42.9808969203614
"LPCHMCBP_01284",0,0,0,0,0,1.02335468858003
"LPCHMCBP_01285",0,0,0,0,0,0
"LPCHMCBP_01286",0,0,0,0,0,0
"LPCHMCBP_01287",47.1026098734179,136.112477409181,238.290143034548,147.325402780156,0,89.031857906463
"LPCHMCBP_01288",0,0,0,0,0,0
"LPCHMCBP_01289",0,0,0,0,0,0
"LPCHMCBP_01290",0,0,0,0,0,0
"LPCHMCBP_01291",0,0,0,0,0,0
"LPCHMCBP_01292",377.534554894516,0,100.299068247785,73.6627013900779,112.269453900981,55.2611531833219
"LPCHMCBP_01293",0,0,0,0,0,0
"LPCHMCBP_01294",0,0,0,0,0,0
"LPCHMCBP_01295",0,0,0,0,0,0
"LPCHMCBP_01296",0,0,0,0,0,0
"LPCHMCBP_01297",0,0,0,0,0,0
"LPCHMCBP_01298",0,0,0,0,0,0
"LPCHMCBP_01299",0,31.8561117340635,13.4157989376019,0,13.4723344681177,40.9341875432014
"LPCHMCBP_01300",0,0,0,0,0,0
"LPCHMCBP_01301",0,0,0,0,0,0
"LPCHMCBP_01302",0,0,0,0,0,0
"LPCHMCBP_01303",0,0,0,0,0,0
"LPCHMCBP_01304",43.5342303375529,60.8162133104849,49.1912627712069,64.9394867517792,41.315159035561,69.5881188234423
"LPCHMCBP_01305",17.128221772152,11.5840406305686,25.5539027382893,0,10.7778675744942,0
"LPCHMCBP_01306",0,0,1.9165427053717,0,0,0
"LPCHMCBP_01307",0,0,0,0,3.59262252483139,3.0700640657401
"LPCHMCBP_01308",52.0983412236289,0,0,0,0,60.377926626222
"LPCHMCBP_01309",0,0,0,0,0,0
"LPCHMCBP_01310",0,0,0,0,0,0
"LPCHMCBP_01311",0,0,0,0,0,0
"LPCHMCBP_01312",0,0,0,0,0,0
"LPCHMCBP_01313",0,0,0,0,0,0
"LPCHMCBP_01314",0,94.1203301233695,3.83308541074339,0,7.18524504966278,0
"LPCHMCBP_01315",0,0,26.1927503067465,0,0,0
"LPCHMCBP_01316",74.9359702531649,0,64.5236044141804,71.7242092482338,90.7137187519925,113.592370432384
"LPCHMCBP_01317",54.9530448523209,1.44800507882107,0,0,0,0
"LPCHMCBP_01318",0,0,0,0,0,0
"LPCHMCBP_01320",0,0,0,0,19.7594238865726,146.339720466945
"LPCHMCBP_01321",0,0,0,0,0,0
"LPCHMCBP_01322",0,0,0,0,0,0
"LPCHMCBP_01323",1.427351814346,0,0,0,0,0
"LPCHMCBP_01324",0,0,0,0,0,0
"LPCHMCBP_01325",0,0,0,0,0,0
"LPCHMCBP_01326",0,0,53.6631957504075,794.781778156104,590.088249703555,546.471403701738
"LPCHMCBP_01327",0,0,0,0,0,0
"LPCHMCBP_01328",0,0,0,35.8621046241169,95.2044969080318,60.377926626222
"LPCHMCBP_01329",0,0,0,0,0,0
"LPCHMCBP_01330",91.3505161181438,112.944396148043,0,2607.27193078039,1506.20699353556,2187.93232418411
"LPCHMCBP_01331",0,0,0,0,0,0
"LPCHMCBP_01332",0,0,0.638847568457232,0,0.898155631207847,12.2802562629604
"LPCHMCBP_01333",0,0,0,0,0,0
"LPCHMCBP_01334",0,0,0,0,0,0
"LPCHMCBP_01335",0,0,0,0,0,0
"LPCHMCBP_01336",0,0,0,0,0,0
"LPCHMCBP_01337",0,0,0,0,0,0
"LPCHMCBP_01338",0,0,0,0,0,0
"LPCHMCBP_01339",22.837629029536,0,0,0,4.49077815603923,0
"LPCHMCBP_01340",0,0,0,0,0,0
"LPCHMCBP_01341",0,0,0,0,0,0
"LPCHMCBP_01342",37.8248230801689,0,57.4962811611509,0,0,0
"LPCHMCBP_01343",0,0,0,0,0,0
"LPCHMCBP_01344",0,0,0,0,0,0
"LPCHMCBP_01345",0,0,0,0,0,0
"LPCHMCBP_01346",0,0,0,0,0,0
"LPCHMCBP_01347",0,4.34401523646321,0,0,0,0
"LPCHMCBP_01348",0,0,0,0,0,0
"LPCHMCBP_01349",0,0,0,0,0,0
"LPCHMCBP_01350",0,0,1.9165427053717,0,0,0
"LPCHMCBP_01351",31.4017399156119,0,0,0,0,0
"LPCHMCBP_01352",0,0,0,0,0,0
"LPCHMCBP_01353",0,0,0,0,0,0
"LPCHMCBP_01354",0,0,0,0,0,0
"LPCHMCBP_01355",0,0,0,0,0,0
"LPCHMCBP_01356",171.995893628693,573.410011213144,244.67861871912,0,37.7225365107296,0
"LPCHMCBP_01357",4.99573135021099,34.7521218917057,16.610036779888,0,0,2.04670937716007
"LPCHMCBP_01358",0,0,0,0,0,0
"LPCHMCBP_01359",0,0,0,0,0,0
"LPCHMCBP_01360",0,0,0,0,0,0
"LPCHMCBP_01361",0,0,0,0,0,0
"LPCHMCBP_01362",0,0,0,0,0,0
"LPCHMCBP_01363",0,0,0,0,0,0
"LPCHMCBP_01364",0,0,0,0,0,0
"LPCHMCBP_01365",0,0,0,0,0,0
"LPCHMCBP_01366",0,0,0,0,0.898155631207847,0
"LPCHMCBP_01367",42.8205544303799,0,56.8574335926937,19.3849214184416,45.8059371916002,34.7940594117212
"LPCHMCBP_01368",0,0,0,0,0,0
"LPCHMCBP_01369",0,0,0,0,0,0
"LPCHMCBP_01370",0,0,0,0,0,0
"LPCHMCBP_01371",0,0,0,0,0,0
"LPCHMCBP_01372",0,0,0,0,0,0
"LPCHMCBP_01373",0,0,0,0,0,0
"LPCHMCBP_01374",0,0,0,0,0,0
"LPCHMCBP_01375",0,0,0,0,0,0
"LPCHMCBP_01377",232.658345738398,0,93.9105925632131,0,26.0465133050276,0
"LPCHMCBP_01378",0,0,0,0,0,0
"LPCHMCBP_01379",0,0,0,0,0,0
"LPCHMCBP_01380",140.594153713081,0,298.980662037985,82.3859160283767,99.695275064071,137.129528269725
"LPCHMCBP_01381",0,0,0,0,0,0
"LPCHMCBP_01382",0,0,0,0,0,0
"LPCHMCBP_01383",0,0,0,0,0,0
"LPCHMCBP_01384",0,0,0,0,0,0
"LPCHMCBP_01385",0,0,0,0,0,0
"LPCHMCBP_01386",0,0,0,0,0,0
"LPCHMCBP_01387",0,0,0,0,0,0
"LPCHMCBP_01388",0,0,0,0,0,0
"LPCHMCBP_01389",0,0,0,0,0,0
"LPCHMCBP_01390",0,0,0,0,0,0
"LPCHMCBP_01391",0,0,0,0,0,0
"LPCHMCBP_01392",0,0,0,0,0,0
"LPCHMCBP_01393",0,0,0,0,0,0
"LPCHMCBP_01394",99.2009510970468,298.28904623714,114.992562322302,150.233140992922,399.679255887492,72.6581828891824
"LPCHMCBP_01395",0,0,0,0,0,0
"LPCHMCBP_01396",0,0,0,0,0,0
"LPCHMCBP_01397",0,0,0,0,0,0
"LPCHMCBP_01398",0,0,0,157.017863489377,0,0
"LPCHMCBP_01399",0,0,0,0,0,0
"LPCHMCBP_01400",0,0,0,0,0,0
"LPCHMCBP_01401",0,0,0,0,0,0
"LPCHMCBP_01402",0,0,0,0,0,0
"LPCHMCBP_01403",0,0,0,0,0,0
"LPCHMCBP_01404",0,0,0,0,0,0
"LPCHMCBP_01405",0,0,0,0,0,0
"LPCHMCBP_01406",0,0,0,0,0,0
"LPCHMCBP_01407",0,0,0,0,0,0
"LPCHMCBP_01408",0,0,0,0,0,0
"LPCHMCBP_01409",0,0,0,0,0,0
"LPCHMCBP_01410",147.730912784811,249.056873557224,91.3552022893842,137.632942070935,105.982364482526,0
"LPCHMCBP_01411",0.713675907172999,221.544777059624,105.409848795443,0,0,0
"LPCHMCBP_01412",118.470200590718,39.0961371281689,0,0,0,0
"LPCHMCBP_01413",0,0,3.83308541074339,0,0,0
"LPCHMCBP_01414",588.068947510551,939.755296154874,452.942926036178,454.576407262455,379.021676369711,478.929994255456
"LPCHMCBP_01415",0,0,0,0,0,0
"LPCHMCBP_01416",0,0,0,0,0,0
"LPCHMCBP_01417",0,0,0,0,0,0
"LPCHMCBP_01418",0,0,0,0,0,0
"LPCHMCBP_01419",0,0,0,0,0,0
"LPCHMCBP_01420",0,0,0,0,0,0
"LPCHMCBP_01421",0,0,0,0,0,0
"LPCHMCBP_01422",293.320797848102,0,67.7178422564666,2.90773821276624,54.7874935036787,101.312114169423
"LPCHMCBP_01423",0,0,0,0,0,0
"LPCHMCBP_01424",0,0,14.0546465060591,0,26.9446689362354,0
"LPCHMCBP_01425",0,0,61.3293665718943,0,0,0
"LPCHMCBP_01426",194.119846751056,266.432934503077,173.766538620367,37.8005967659611,54.7874935036787,96.1953407265232
"LPCHMCBP_01427",0,0,0,0,0,0
"LPCHMCBP_01428",0,0,0,0,0,0
"LPCHMCBP_01429",0,0,0,0,0,0
"LPCHMCBP_01430",0,0,0,0,0,0
"LPCHMCBP_01431",0,0,0,0,0,0
"LPCHMCBP_01432",0,0,0,0,0,0
"LPCHMCBP_01434",0,0,0,0,0,0
"LPCHMCBP_01435",0,0,0,0,0,0
"LPCHMCBP_01436",0,0,0,0,0,0
"LPCHMCBP_01437",0,0,0,0,0,0
"LPCHMCBP_01438",0,0,0,0,0,0
"LPCHMCBP_01439",0,0,0,0,0,0
"LPCHMCBP_01440",0,0,0,0,0,0
"LPCHMCBP_01441",0,0,0,0,0,0
"LPCHMCBP_01442",0,0,0,0,0,0
"LPCHMCBP_01443",0,0,0,0,0,0
"LPCHMCBP_01444",0,0,0,0,0,0
"LPCHMCBP_01445",51.3846653164559,0,95.1882877001276,0,40.4170034043531,1.02335468858003
"LPCHMCBP_01446",0,0,0,0,0,0
"LPCHMCBP_01447",0,0,0,0,0,0
"LPCHMCBP_01448",0,0,4.47193297920062,0,0,0
"LPCHMCBP_01449",0,0,0,0,0,0
"LPCHMCBP_01450",0,0,0,0,0,0
"LPCHMCBP_01451",0,0,0,0,0,0
"LPCHMCBP_01452",254.78229886076,11.5840406305686,104.132153658529,283.019852709247,79.0376955462905,0
"LPCHMCBP_01453",19.982925400844,7.24002539410535,22.3596648960031,0,61.9727385533414,36.8407687888812
"LPCHMCBP_01454",0,0,0,0,26.9446689362354,25.5838672145009
"LPCHMCBP_01455",0,0,0,0,0,0
"LPCHMCBP_01456",0,0,0,0,0,0
"LPCHMCBP_01457",0,0,0,0,0,0
"LPCHMCBP_01458",0,0,0,0,0,0
"LPCHMCBP_01459",0,1.44800507882107,0,0,0,0
"LPCHMCBP_01460",0,0,0,0,0,0
"LPCHMCBP_01461",0,0,0,0,0,0
"LPCHMCBP_01462",109.906089704642,30.4081066552425,8.94386595840125,70.7549631773117,57.4819603973022,48.0976703632616
"LPCHMCBP_01463",0,0,0,0,0,0
"LPCHMCBP_01464",0,0,0,0,0,0
"LPCHMCBP_01465",0,0,0,0,0,0
"LPCHMCBP_01466",0,0,0,0,0,0
"LPCHMCBP_01467",0,0,0,0,0,0
"LPCHMCBP_01468",25.6923326582279,0,115.631409890759,0,0,60.377926626222
"LPCHMCBP_01469",0,0,0,0,0,0
"LPCHMCBP_01470",0,0,0,0,0,0
"LPCHMCBP_01471",0,0,0,0,0,0
"LPCHMCBP_01472",71.3675907172998,172.312604379707,49.1912627712069,54.2777799716364,14.3704900993256,57.3078625604819
"LPCHMCBP_01473",0,0,0,0,0,0
"LPCHMCBP_01474",0,0,7.66617082148678,18.4156753475195,77.2413842838748,37.8641234774613
"LPCHMCBP_01475",0,0,0,0,0,0
"LPCHMCBP_01476",0,0,0,0,0,0
"LPCHMCBP_01477",41.3932026160339,0,23.6373600329176,0,0,0
"LPCHMCBP_01478",0,0,0,0,0,0
"LPCHMCBP_01479",0,0,0,0,0,0
"LPCHMCBP_01480",59.9487762025319,288.153010685393,431.222108708632,63.0009946099351,118.556543319436,53.2144438061618
"LPCHMCBP_01481",0,0,0,0,0,0
"LPCHMCBP_01482",0,0,0,0,0,0
"LPCHMCBP_01483",0,259.192909108971,0,0,0,0
"LPCHMCBP_01484",0,0,9.58271352685848,0,0,0
"LPCHMCBP_01485",0,0,0,0,0,20.4670937716007
"LPCHMCBP_01486",0,0,0,0,0,0
"LPCHMCBP_01487",0,0,0,0,0,0
"LPCHMCBP_01488",0,0,26.1927503067465,0,77.2413842838748,35.8174141003012
"LPCHMCBP_01489",5.70940725738399,0,38.9697016758912,0,0,52.1910891175818
"LPCHMCBP_01490",0,0,0,0,0,0
"LPCHMCBP_01491",0,0,0,0,0,0
"LPCHMCBP_01492",0,76.7442691775167,15.3323416429736,0,10.7778675744942,0
"LPCHMCBP_01493",0,0,0,0,0,0
"LPCHMCBP_01494",0,0,0,0,0,0
"LPCHMCBP_01495",0,0,0,0,0,0
"LPCHMCBP_01496",0,0,0,0,0,0
"LPCHMCBP_01497",96.3462474683548,0,22.3596648960031,0,0,0
"LPCHMCBP_01498",0,0,0,0,0,0
"LPCHMCBP_01499",0,0,0,0,0,0
"LPCHMCBP_01500",37.8248230801689,50.6801777587374,19.165427053717,53.3085339007143,67.3616723405885,71.6348282006024
"LPCHMCBP_01501",0,0,0,0,13.4723344681177,0
"LPCHMCBP_01502",0,0,0,0,0,0
"LPCHMCBP_01503",0,0,0,0,0,0
"LPCHMCBP_01504",0,0,0,0,0,0
"LPCHMCBP_01505",0,0,0,0,0,0
"LPCHMCBP_01506",0,0,0,0,0,0
"LPCHMCBP_01508",0,0,0,0,0,0
"LPCHMCBP_01509",0,0,0,0,0,0
"LPCHMCBP_01510",0,0,0,0,0,0
"LPCHMCBP_01511",69.9402389029539,335.937178286488,101.5767633847,127.940481361714,90.7137187519925,93.1252766607831
"LPCHMCBP_01512",0.713675907172999,1.44800507882107,3.19423784228616,0,17.0649569929491,2.04670937716007
"LPCHMCBP_01513",0,0,0,0,0,0
"LPCHMCBP_01514",0,0,0,0,0,0
"LPCHMCBP_01515",0,0,0,0,0,0
"LPCHMCBP_01516",0,0,0,0,39.5188477731453,0
"LPCHMCBP_01517",0,0,0,160.894847773065,57.4819603973022,1.02335468858003
"LPCHMCBP_01518",0,0,0,0,0,0
"LPCHMCBP_01519",0,0,0,0,0,0
"LPCHMCBP_01520",0,0,0,0,0,0
"LPCHMCBP_01521",6.42308316455699,0,0,0,0,0
"LPCHMCBP_01522",0,0,0,0,0,0
"LPCHMCBP_01523",0,0,0,0,0,0
"LPCHMCBP_01524",0,0,0,0,0,0
"LPCHMCBP_01525",0,0,32.5812259913188,87.232146382987,0,0
"LPCHMCBP_01526",0,0,24.2762076013748,186.095245617039,0,0
"LPCHMCBP_01527",0,0,0,0,0,0
"LPCHMCBP_01528",0,0,0,0,0,0
"LPCHMCBP_01529",0,0,0,0,0,0
"LPCHMCBP_01530",0,0,0,0,18.8612682553648,16.3736750172806
"LPCHMCBP_01531",0,0,0,0,0,0
"LPCHMCBP_01532",0,0,0,0,0,0
"LPCHMCBP_01533",74.9359702531649,39.0961371281689,45.3581773604635,0,98.7971194328632,36.8407687888812
"LPCHMCBP_01534",0,0,0,0,0,0
"LPCHMCBP_01535",0,0,0,7.75396856737663,0,0
"LPCHMCBP_01536",0,0,0,0,0,0
"LPCHMCBP_01537",0,0,1.9165427053717,0,0,0
"LPCHMCBP_01538",0,0,0,0,0,0
"LPCHMCBP_01539",0,0,0,0,0,0
"LPCHMCBP_01540",53.5256930379749,0,48.5524152027496,8.72321463829871,22.4538907801962,0
"LPCHMCBP_01541",0,0,0,0,0,0
"LPCHMCBP_01542",0,0,0,0,0,0
"LPCHMCBP_01543",0,0,53.0243481819503,0,29.639135829859,54.2377984947418
"LPCHMCBP_01544",0,0,0,0,0,0
"LPCHMCBP_01545",0,0,0,0,0,0
"LPCHMCBP_01546",0,0,0,0,0,0
"LPCHMCBP_01547",0,23.1680812611371,0,4.84623035461039,11.676023205702,0
"LPCHMCBP_01548",59.2351002953589,0,0,0,72.7506061278356,0
"LPCHMCBP_01549",0,0,0,0,0,0
"LPCHMCBP_01550",9.27778679324898,0,27.470445443661,0,48.5004040852237,0
"LPCHMCBP_01551",0,0,0,0,0,0
"LPCHMCBP_01552",0,0,0,0,0,0
"LPCHMCBP_01553",0,0,0,0,0,0
"LPCHMCBP_01554",0,0,0,0,0,0
"LPCHMCBP_01555",0,0,0,0,0,0
"LPCHMCBP_01556",0,0,0,0,0,0
"LPCHMCBP_01557",0,0,0,0,0,0
"LPCHMCBP_01558",0,0,0,0,0,0
"LPCHMCBP_01559",239.795104810128,130.320457093896,124.57527584916,283.019852709247,69.1579836030042,78.7983110206627
"LPCHMCBP_01560",0,0,0,0,0,0
"LPCHMCBP_01561",0,0,0,0,0,0
"LPCHMCBP_01562",0,0,0,0,0,0
"LPCHMCBP_01563",0,0,5.11078054765786,0,17.9631126241569,0
"LPCHMCBP_01564",0,0,0,0,0,0
"LPCHMCBP_01565",0,0,0,0,0,0
"LPCHMCBP_01566",0,0,0,0,0,0
"LPCHMCBP_01567",0,0,0,0,20.6575795177805,0
"LPCHMCBP_01568",0,0,0,0,0,0
"LPCHMCBP_01569",117.756524683545,487.9777115627,19.8042746221742,2.90773821276624,55.6856491348865,0
"LPCHMCBP_01570",0,0,0,0,0,0
"LPCHMCBP_01571",0,0,0,0,0,0
"LPCHMCBP_01572",0,0,0,0,0,0
"LPCHMCBP_01573",0,0,0,0,0,0
"LPCHMCBP_01574",0,0,0,0,0,0
"LPCHMCBP_01575",0,0,0,0,0,0
"LPCHMCBP_01576",0,0,0,0,82.6303180711219,0
"LPCHMCBP_01577",0,0,0,0,0,0
"LPCHMCBP_01578",129.889015105486,260.640914187792,28.1092930121182,0,0,61.4012813148021
"LPCHMCBP_01579",0,0,0,0,0,0
"LPCHMCBP_01580",124.893283755275,0,73.4674703725817,289.804575205701,103.287897588902,137.129528269725
"LPCHMCBP_01581",0,0,0,0,0,0
"LPCHMCBP_01582",0,0,0,0,0,0
"LPCHMCBP_01583",52.8120171308019,0,173.12769105191,130.848219574481,0,200.577518961687
"LPCHMCBP_01584",0,0,0,0,0,0
"LPCHMCBP_01586",0,0,0,0,0,0
"LPCHMCBP_01587",0,0,0,0,0,0
"LPCHMCBP_01588",0,0,0,0,0,0
"LPCHMCBP_01589",0,0,0,0,0,0
"LPCHMCBP_01592",0,0,0,0,0,0
"LPCHMCBP_01593",0,0,0,0,0,0
"LPCHMCBP_01594",0,0,0,0,0,0
"LPCHMCBP_01595",0,0,0,0,0,0
"LPCHMCBP_01596",0,0,0,0,0,0
"LPCHMCBP_01597",0,0,0,0,0,0
"LPCHMCBP_01598",0,0,0.638847568457232,0,64.667205446965,0
"LPCHMCBP_01599",0,0,0,0,0,0
"LPCHMCBP_01600",0,0,0,0,0,0
"LPCHMCBP_01601",0,0,0,0,0,0
"LPCHMCBP_01602",0,0,0,0,0,0
"LPCHMCBP_01603",1.427351814346,0,38.9697016758912,0,0,3.0700640657401
"LPCHMCBP_01604",0,0,0,0,0,0
"LPCHMCBP_01605",0,0,0,0,0,0
"LPCHMCBP_01606",0,0,0,0,0,2.04670937716007
"LPCHMCBP_01607",0,118.736416463328,0,0,0,0
"LPCHMCBP_01608",0,0,0,0,0,0
"LPCHMCBP_01609",0,0,0,0,0,0
"LPCHMCBP_01610",0,0,0,0,0,0
"LPCHMCBP_01611",0,0,0,0,0,0
"LPCHMCBP_01612",0,0,33.2200735597761,0,12.5741788369099,17.3970297058606
"LPCHMCBP_01613",0,0,63.8847568457232,0,0,73.6815375777625
"LPCHMCBP_01614",0,0,0,0,0,0
"LPCHMCBP_01615",192.69249493671,0,0,135.694449929091,70.9542948654199,3.0700640657401
"LPCHMCBP_01616",0,0,0,0,0,0
"LPCHMCBP_01617",0,0,0,0,0,0
"LPCHMCBP_01618",0,0,0,0,0,0
"LPCHMCBP_01619",0,0,0,0,0,0
"LPCHMCBP_01620",0,0,0,0,0,0
"LPCHMCBP_01621",0,0,0,0,0,0
"LPCHMCBP_01622",0,0,0,0,0,0
"LPCHMCBP_01623",0,0,0,0,0,0
"LPCHMCBP_01624",0,0,0,0,0,0
"LPCHMCBP_01625",0,0,0,0,0,0
"LPCHMCBP_01626",0,0,0,0,0,0
"LPCHMCBP_01627",58.5214243881859,0,0,85.2936542411429,31.4354470922746,0
"LPCHMCBP_01628",12.132490421941,0,16.610036779888,0,101.491586326487,0
"LPCHMCBP_01629",159.863403206752,0,56.2185860242364,63.9702406808572,85.3247849647455,8.18683750864028
"LPCHMCBP_01630",0,0,32.5812259913188,0,0,159.643331418485
"LPCHMCBP_01631",0,0,0,0,36.8243808795217,0
"LPCHMCBP_01632",0,0,0,0,0,0
"LPCHMCBP_01633",0,0,0,0,0,0
"LPCHMCBP_01634",0,0,0,0,0,0
"LPCHMCBP_01635",0,0,0,0,0,0
"LPCHMCBP_01636",0,0,0,0,0,0
"LPCHMCBP_01637",0,0,0,0,0,0
"LPCHMCBP_01638",0,0,0,0,0,0
"LPCHMCBP_01639",0,0,0,0,0,0
"LPCHMCBP_01640",0,0,0,0,0,0
"LPCHMCBP_01642",0,241.816848163119,231.262819781518,0.969246070922078,58.3801160285101,32.7473500345611
"LPCHMCBP_01643",0,0,0,0,0,0
"LPCHMCBP_01644",0,0,12.7769513691446,28.1081360567403,0,0
"LPCHMCBP_01645",0,0,0,0,0,0
"LPCHMCBP_01646",0,0,51.7466530450358,76.5704396028442,21.5557351489883,0
"LPCHMCBP_01647",0,0,0,0,0,0
"LPCHMCBP_01648",0,0,0,0,0,0
"LPCHMCBP_01649",0,0,0,0,0,0
"LPCHMCBP_01650",0,0,0,0,0,0
"LPCHMCBP_01651",0,0,0,0,0,0
"LPCHMCBP_01652",0,0,0,0,0,0
"LPCHMCBP_01653",0,0,0,0,0,0
"LPCHMCBP_01654",0,0,0,0,0,0
"LPCHMCBP_01655",0,0,0,0,0,0
"LPCHMCBP_01656",0,0,0,0,0,0
"LPCHMCBP_01657",0,0,0,0,0,0
"LPCHMCBP_01658",0,0,0,0,0,0
"LPCHMCBP_01659",60.6624521097049,65.1602285469481,29.3869881490327,0.969246070922078,97.8989638016553,73.6815375777625
"LPCHMCBP_01660",0,0,0,0,0,0
"LPCHMCBP_01661",0.713675907172999,111.496391069222,44.080482223549,215.172627744701,137.417811574801,61.4012813148021
"LPCHMCBP_01662",66.3718593670889,0,91.9940498578414,133.755957787247,0,158.619976729905
"LPCHMCBP_01663",0,0,0,0,0,0
"LPCHMCBP_01664",0,0,0,0,0,0
"LPCHMCBP_01665",0,0,0,0,0,0
"LPCHMCBP_01666",1033.4027135865,1611.62965272785,908.441242346184,952.768887716403,460.753838809626,781.842982075146
"LPCHMCBP_01667",0,0,0,0,0,0
"LPCHMCBP_01668",0,0,19.165427053717,0,0,66.5180547577022
"LPCHMCBP_01669",4.99573135021099,0,17.8877319168025,41.6775810496494,28.7409801986511,1.02335468858003
"LPCHMCBP_01670",0,0,0,0,0,0
"LPCHMCBP_01671",0,0,0,0,0,0
"LPCHMCBP_01672",0,0,0,0,0,0
"LPCHMCBP_01673",0,0,0,0,0,0
"LPCHMCBP_01674",0,0,0,0,0,0
"LPCHMCBP_01675",241.222456624474,4.34401523646321,202.514679200943,252.973224510662,77.2413842838748,349.987303494372
"LPCHMCBP_01676",37.8248230801689,230.23280753255,38.9697016758912,81.4166699574546,190.408993816064,9.21019219722031
"LPCHMCBP_01677",0,0,0,0,0,0
"LPCHMCBP_01678",0,0,0,0,0,0
"LPCHMCBP_01679",0,0,0,0,0,0
"LPCHMCBP_01680",29.2607121940929,0,86.2444217417263,4.84623035461039,0,0
"LPCHMCBP_01681",44.2479062447259,0,0,0,31.4354470922746,147.363075155525
"LPCHMCBP_01682",0,0,0,0.969246070922078,1.79631126241569,0
"LPCHMCBP_01683",0,0,0,0,0,0
"LPCHMCBP_01684",0,0,0,0,0,0
"LPCHMCBP_01685",0,0,17.8877319168025,0,0,0
"LPCHMCBP_01686",59.2351002953589,0,84.9667266048119,12.600198921987,40.4170034043531,0
"LPCHMCBP_01687",0,0,0,0,0,0
"LPCHMCBP_01688",0,0,0,0,0,0
"LPCHMCBP_01689",0,0,0,0,0,51.1677344290017
"LPCHMCBP_01690",0,0,1.27769513691446,0,0,0
"LPCHMCBP_01691",97.0599233755278,0,55.5797384557792,9.69246070922078,50.2967153476394,0
"LPCHMCBP_01692",0,0,0,0,0,0
"LPCHMCBP_01693",49.9573135021099,0,118.825647733045,78.5089317446883,125.741788369099,53.2144438061618
"LPCHMCBP_01694",0,1.44800507882107,0.638847568457232,0,0,0
"LPCHMCBP_01695",0,0,0,0,0,0
"LPCHMCBP_01696",0,0,0,0,0,0
"LPCHMCBP_01697",0,0,0,0,0,0
"LPCHMCBP_01698",0,0,17.2488843483453,0,0,33.7707047231411
"LPCHMCBP_01699",0,0,0,0,0,0
"LPCHMCBP_01700",0,0,0,0,0,0
"LPCHMCBP_01701",0,0,0,0,0,0
"LPCHMCBP_01702",0,0,0,0,0,0
"LPCHMCBP_01703",0,0,0,0,0,0
"LPCHMCBP_01704",0,0,0,0,0,0
"LPCHMCBP_01705",0,0,0,0,0,0
"LPCHMCBP_01706",0,0,0,0,0,0
"LPCHMCBP_01707",0,0,0,0,0,0
"LPCHMCBP_01708",21.41027721519,131.768462172717,85.6055741732691,0,231.724152851625,0
"LPCHMCBP_01709",0,0,0,0,7.18524504966278,0
"LPCHMCBP_01710",0,0,0,0,0,0
"LPCHMCBP_01711",0,0,0,0,0,0
"LPCHMCBP_01712",0,0,0,0,0,0
"LPCHMCBP_01713",0,0,0,0,0,0
"LPCHMCBP_01714",0,0,0,33.9236124822727,17.9631126241569,7.16348282006024
"LPCHMCBP_01716",0,0,1.27769513691446,226.803580595766,95.2044969080318,155.549912664165
"LPCHMCBP_01717",21.41027721519,0,5.11078054765786,0,9.87971194328632,32.7473500345611
"LPCHMCBP_01718",0,0,0,0,0,4.09341875432014
"LPCHMCBP_01719",0,0,0,0,0,0
"LPCHMCBP_01720",0,0,0,0,0,0
"LPCHMCBP_01721",0,0,0,0,0,3.0700640657401
"LPCHMCBP_01722",0,0,0,0,0,0
"LPCHMCBP_01723",0,0,0,0,0,0
"LPCHMCBP_01724",0,0,0,0,0,0
"LPCHMCBP_01725",0,0,0,132.786711716325,36.8243808795217,0
"LPCHMCBP_01726",0,0,0,0,0,0
"LPCHMCBP_01727",0,0,0,0,5.38893378724708,0
"LPCHMCBP_01728",0.713675907172999,10.1360355517475,22.9985124644604,23.2619057021299,8.08340068087062,16.3736750172806
"LPCHMCBP_01729",0,0,0,0,0,0
"LPCHMCBP_01730",0,0,19.8042746221742,0,0,0
"LPCHMCBP_01731",0,0,0,0,0,0
"LPCHMCBP_01732",0,0,0,0,0,0
"LPCHMCBP_01733",0,0,0,0,0,0
"LPCHMCBP_01734",0,0,0,0,0,0
"LPCHMCBP_01735",0,0,0,0,0,0
"LPCHMCBP_01736",0,0,0,0,0,0
"LPCHMCBP_01737",0,0,0,0,0,0
"LPCHMCBP_01738",0,0,0,0,0,0
"LPCHMCBP_01739",0,0,0,0,0,0
"LPCHMCBP_01740",0,0,0,0,0,2.04670937716007
"LPCHMCBP_01741",0,0,0,0,0,0
"LPCHMCBP_01742",0,0,0,0,0,0
"LPCHMCBP_01743",23.551304936709,0,1.9165427053717,19.3849214184416,0,33.7707047231411
"LPCHMCBP_01744",0,0,0,0,0,0
"LPCHMCBP_01745",0,0,0,153.140879205688,1.79631126241569,0
"LPCHMCBP_01746",0,0,0,0,0,0
"LPCHMCBP_01747",0,0,0,0,0,0
"LPCHMCBP_01748",0,0,0,0,0,0
"LPCHMCBP_01751",0,0,0,0,0,0
"LPCHMCBP_01752",0,0,0,0,0,0
"LPCHMCBP_01753",323.295185949368,0,200.598136495571,181.249015262429,150.890146042918,733.745311711885
"LPCHMCBP_01754",0,0,0,0,0,0
"LPCHMCBP_01755",0,0,0,0,0,0
"LPCHMCBP_01756",0,0,0,0,0,0
"LPCHMCBP_01757",0,0,0,0,11.676023205702,0
"LPCHMCBP_01758",0,0,0,0,0,0
"LPCHMCBP_01759",0,0,0,0,15.2686457305334,0
"LPCHMCBP_01760",0,0,0,0,0,0
"LPCHMCBP_01761",0,0,0,0,0,0
"LPCHMCBP_01762",0,0,0,0,0,0
"LPCHMCBP_01763",69.9402389029539,34.7521218917057,114.992562322302,0,24.2502020426119,36.8407687888812
"LPCHMCBP_01764",0,0,0,0,0,0
"LPCHMCBP_01765",0,0,0,0,0,0
"LPCHMCBP_01766",0,0,0,0,0,0
"LPCHMCBP_01767",0,0,0,0,0,0
"LPCHMCBP_01768",0,0,0,0,0,0
"LPCHMCBP_01769",0,0,0,0,0,0
"LPCHMCBP_01770",0,0,0,0,0,0
"LPCHMCBP_01771",0,0,0,0,0,0
"LPCHMCBP_01772",0,0,0,0,0,0
"LPCHMCBP_01773",157.00869957806,63.7122234681271,19.8042746221742,31.0158742695065,79.9358511774984,77.7749563320826
"LPCHMCBP_01774",0,0,0,0,0,0
"LPCHMCBP_01775",0,0,0,0,0,0
"LPCHMCBP_01776",0,0,0,0,0,0
"LPCHMCBP_01777",0,0,0,0,0,0
"LPCHMCBP_01778",0,0,33.8589211282333,0,48.5004040852237,0
"LPCHMCBP_01779",0,0,0,0,0,0
"LPCHMCBP_01780",0,0,0,0,0,0
"LPCHMCBP_01781",0,0,0,0,0,0
"LPCHMCBP_01782",0,0,17.2488843483453,0,8.98155631207847,11.2569015743804
"LPCHMCBP_01783",0,0,0,0,0,0
"LPCHMCBP_01784",0,0,0,0,0,0
"LPCHMCBP_01785",0,0,0,0,0,0
"LPCHMCBP_01786",0,0,0,0,0,0
"LPCHMCBP_01787",0,0,0,0,0,0
"LPCHMCBP_01788",6.42308316455699,0,60.0516714349798,59.1240103262468,11.676023205702,11.2569015743804
"LPCHMCBP_01789",0,0,0,0,0,0
"LPCHMCBP_01790",77.7906738818568,0,39.6085492443484,0,11.676023205702,126.895981383924
"LPCHMCBP_01791",92.0641920253168,0,145.657245608249,14.5386910638312,170.649569929491,202.624228338847
"LPCHMCBP_01792",0,0,0,0,0,0
"LPCHMCBP_01793",33.5427676371309,11.5840406305686,10.2215610953157,0,0.898155631207847,19.4437390830207
"LPCHMCBP_01794",0,0,0,0,0,0
"LPCHMCBP_01795",0,0,0,0,0,0
"LPCHMCBP_01796",0,0,0,0,0,0
"LPCHMCBP_01797",0,0,0,0,0,0
"LPCHMCBP_01798",0,0,2.55539027382893,0,0,0
"LPCHMCBP_01799",0,0,0,0,0,0
"LPCHMCBP_01800",0,0,0,0,0,0
"LPCHMCBP_01801",0,0,0,0,0,0
"LPCHMCBP_01802",0,0,0,0,0,0
"LPCHMCBP_01803",0,117.288411384507,23.6373600329176,0,0,0
"LPCHMCBP_01804",46.3889339662449,50.6801777587374,116.270257459216,0,41.315159035561,178.063715812926
"LPCHMCBP_01805",0,0,0,0,0,0
"LPCHMCBP_01806",2.85470362869199,0,2.55539027382893,2.90773821276624,5.38893378724708,4.09341875432014
"LPCHMCBP_01807",0,0,0,0,0,0
"LPCHMCBP_01808",0,0,0,0,0,0
"LPCHMCBP_01809",0,0,0,0,0,0
"LPCHMCBP_01810",0,0,0,0,0,0
"LPCHMCBP_01811",0,0,0,0,10.7778675744942,0
"LPCHMCBP_01812",0,0,0,0,0,0
"LPCHMCBP_01813",0,0,0,0,0,0
"LPCHMCBP_01814",0,0,0,0,0,0
"LPCHMCBP_01815",0,0,0,0,0,0
"LPCHMCBP_01816",0,0,0,0,146.399367886879,79.8216657092427
"LPCHMCBP_01817",0,27.5120964976003,5.74962811611509,0,10.7778675744942,0
"LPCHMCBP_01818",0,0,0,0,0,0
"LPCHMCBP_01819",0,0,0,0,0,0
"LPCHMCBP_01820",0,0,0,0,0,0
"LPCHMCBP_01821",0,0,0,0,0,0
"LPCHMCBP_01822",0,0,0,0,0,0
"LPCHMCBP_01823",0,0,0,0,0,0
"LPCHMCBP_01824",0,0,0,0,0,0
"LPCHMCBP_01825",0,0,0,0,0,0
"LPCHMCBP_01826",0,0,0,0,0,0
"LPCHMCBP_01827",0,0,0,0,0,0
"LPCHMCBP_01828",0,0,0,0,0,0
"LPCHMCBP_01829",0,0,0,0,0,0
"LPCHMCBP_01830",0,0,0,0,0,0
"LPCHMCBP_01831",0,0,0,0,0,0
"LPCHMCBP_01832",0,0,0,0,0,0
"LPCHMCBP_01833",0,0,0,0,0,0
"LPCHMCBP_01834",0,0,0,0,0,0
"LPCHMCBP_01835",0,0,3.83308541074339,0,0,0
"LPCHMCBP_01836",4.28205544303799,0,28.1092930121182,0,1.79631126241569,1.02335468858003
"LPCHMCBP_01837",0,0,0,0,0,0
"LPCHMCBP_01838",8.56411088607598,0,0,0,0,0
"LPCHMCBP_01839",0,0,0,0,0,0
"LPCHMCBP_01840",0,0,0,0,0,0
"LPCHMCBP_01841",0,0,0,0,0,0
"LPCHMCBP_01842",45.6752580590719,198.376695798487,45.3581773604635,219.04961202839,52.991182241263,146.339720466945
"LPCHMCBP_01843",0,0,19.8042746221742,60.0932563971689,0,0
"LPCHMCBP_01844",0,0,57.4962811611509,0,0,0
"LPCHMCBP_01845",35.6837953586499,52.1281828375585,35.1366162651478,42.6468271205714,65.5653610781728,12.2802562629604
"LPCHMCBP_01846",0,0,0,0,0,0
"LPCHMCBP_01847",0,0,0,0,0,0
"LPCHMCBP_01848",0,0,0,0,0,0
"LPCHMCBP_01849",149.87194050633,220.096771980803,129.047208828361,26.1696439148961,111.371298269773,110.522306366644
"LPCHMCBP_01850",0,0,0,0,0,0
"LPCHMCBP_01851",0,0,0,0,0,0
"LPCHMCBP_01852",98.4872751898738,0,95.8271352685848,0,0.898155631207847,55.2611531833219
"LPCHMCBP_01853",0,0,0,0,0,0
"LPCHMCBP_01854",0,18.8240660246739,0,0,17.0649569929491,0
"LPCHMCBP_01855",0,0,0,0,21.5557351489883,0
"LPCHMCBP_01856",29.9743881012659,0,60.0516714349798,38.7698428368831,20.6575795177805,0
"LPCHMCBP_01857",7.85043497890298,125.976441857433,0,0,0,45.0276062975215
"LPCHMCBP_01858",0,0,0,0,0,0
"LPCHMCBP_01859",0,0,0,0,0,0
"LPCHMCBP_01860",12.846166329114,0,0,0,0,0
"LPCHMCBP_01861",0,0,0,0,0,0
"LPCHMCBP_01862",0,0,0,0,0,0
"LPCHMCBP_01863",0,0,0,0,0,0
"LPCHMCBP_01864",0,0,0,0,0,0
"LPCHMCBP_01865",502.427838649791,676.218371809439,723.175447493587,915.937537021364,529.013666781422,734.768666400465
"LPCHMCBP_01866",0,0,0,0,0,0
"LPCHMCBP_01867",0,0,0,0,0,0
"LPCHMCBP_01868",0,0,7.02732325302955,0,0,4.09341875432014
"LPCHMCBP_01869",0.713675907172999,0,0,0,0,0
"LPCHMCBP_01870",0,0,0,0,0,0
"LPCHMCBP_01871",0,0,15.3323416429736,0,0,0
"LPCHMCBP_01872",0,0,0,0,0,0
"LPCHMCBP_01873",62.8034798312239,0,14.0546465060591,0,26.0465133050276,0
"LPCHMCBP_01874",0,0,0,0,0,0
"LPCHMCBP_01875",286.184038776372,1077.31577864288,357.75463833605,280.112114496481,483.207729589822,227.184740864768
"LPCHMCBP_01876",0,0,0,0,0,0
"LPCHMCBP_01877",0,0,0,0,0,0
"LPCHMCBP_01878",0,0,0,0,0,0
"LPCHMCBP_01879",0,0,0,0,0,0
"LPCHMCBP_01880",0,0,0,0,0,0
"LPCHMCBP_01881",0,0,0,0,0,0
"LPCHMCBP_01882",0,0,0,0,0,0
"LPCHMCBP_01883",0,0,0,0,0,0
"LPCHMCBP_01884",0,0,0,0,0,0
"LPCHMCBP_01885",0,0,0,0,0,0
"LPCHMCBP_01886",0,0,0,0,0,0
"LPCHMCBP_01887",0,0,0,0,0,0
"LPCHMCBP_01888",0,0,0,0,0,0
"LPCHMCBP_01889",0,0,0,0,0,0
"LPCHMCBP_01890",0,0,0,0,0,0
"LPCHMCBP_01891",0,0,0,0,0,0
"LPCHMCBP_01892",0,0,0,0,0,0
"LPCHMCBP_01893",45.6752580590719,147.696518039749,0,1.93849214184416,0,119.732498563864
"LPCHMCBP_01894",0,0,0,0,0,0
"LPCHMCBP_01895",0,0,0,0,0,0
"LPCHMCBP_01896",0,0,0,0,0,0
"LPCHMCBP_01897",0,0,0,0,0,0
"LPCHMCBP_01898",0,0,0,0,0,0
"LPCHMCBP_01899",0,0,0,0,0,0
"LPCHMCBP_01900",114.18814514768,112.944396148043,56.8574335926937,0,0,0
"LPCHMCBP_01901",0,0,0,0,0,0
"LPCHMCBP_01902",0,0,0,0,0,0
"LPCHMCBP_01903",0,0,0,0,0,0
"LPCHMCBP_01904",0,0,0,0,0,0
"LPCHMCBP_01905",0,0,0,0,0,0
"LPCHMCBP_01906",0,0,0,0,0,0
"LPCHMCBP_01907",0,0,0,0,0,0
"LPCHMCBP_01908",0,0,0,0,0,0
"LPCHMCBP_01909",0,0,0.638847568457232,18.4156753475195,45.8059371916002,98.2420501036833
"LPCHMCBP_01910",0,0,0,0,0,0
"LPCHMCBP_01911",0,0,0,0,0,0
"LPCHMCBP_01912",0,0,0,0,0,0
"LPCHMCBP_01913",0,0,0,0,0,0
"LPCHMCBP_01914",0,0,0,0,0,0
"LPCHMCBP_01915",0,0,0,0,0,0
"LPCHMCBP_01916",6.42308316455699,0,14.0546465060591,0,0,151.456493909845
"LPCHMCBP_01917",0,0,0,0,0,0
"LPCHMCBP_01918",148.444588691984,0,31.9423784228616,0,0,61.4012813148021
"LPCHMCBP_01919",0,0,0,0,0,0
"LPCHMCBP_01920",0,0,0,0,0,0
"LPCHMCBP_01921",0,0,0,0,0,0
"LPCHMCBP_01922",0,0,0,0,0,0
"LPCHMCBP_01923",0,0,0,0,0,0
"LPCHMCBP_01924",0,0,0,0,0,0
"LPCHMCBP_01925",0,0,0,0,0,0
"LPCHMCBP_01926",0,0,0,0,0,0
"LPCHMCBP_01927",0,0,0,0,35.9262252483139,17.3970297058606
"LPCHMCBP_01928",69.2265629957809,0,35.1366162651478,0.969246070922078,0.898155631207847,7.16348282006024
"LPCHMCBP_01929",0,0,0,0,0,0
"LPCHMCBP_01930",0,0,0,0,0,0
"LPCHMCBP_01931",0,0,0,0,0,0
"LPCHMCBP_01932",0,0,0,0,0,0
"LPCHMCBP_01933",0,0,0,0,0,0
"LPCHMCBP_01934",0,0,0,0,0,0
"LPCHMCBP_01935",0,0,0,0,0,0
"LPCHMCBP_01936",76.3633220675109,0,48.5524152027496,1.93849214184416,90.7137187519925,26.6072219030809
"LPCHMCBP_01937",5.70940725738399,0,16.610036779888,0,24.2502020426119,0
"LPCHMCBP_01938",0,0,0,0,2.69446689362354,0
"LPCHMCBP_01939",123.465931940929,318.561117340635,170.572300778081,315.974219120598,146.399367886879,345.893884740052
"LPCHMCBP_01940",0,0,0,0,0,0
"LPCHMCBP_01941",0,0,5.11078054765786,0,0,0
"LPCHMCBP_01942",132.030042827005,0,17.8877319168025,227.772826666688,49.3985597164316,0
"LPCHMCBP_01943",0,0,0,0,0,0
"LPCHMCBP_01944",0,0,0,6.78472249645455,0,0
"LPCHMCBP_01945",380.389258523208,807.986833982157,426.750175729431,792.84328601426,368.243808795217,813.566977421127
"LPCHMCBP_01946",0,0,6.38847568457232,0,52.0930266100551,0
"LPCHMCBP_01947",0,0,0,0,0,0
"LPCHMCBP_01948",0,0,17.8877319168025,0,0,5.11677344290017
"LPCHMCBP_01949",0,0,0,0,0,0
"LPCHMCBP_01950",0,0,0,0,0,0
"LPCHMCBP_01951",0,0,0,0,0,0
"LPCHMCBP_01952",0,0,0,0,0,0
"LPCHMCBP_01953",0,0,0,0,0,0
"LPCHMCBP_01954",0,0,0,0,0,0
"LPCHMCBP_01955",0,0,0,0,0,0
"LPCHMCBP_01956",0,0,0,0,0,0
"LPCHMCBP_01957",0,0,0,0,0,0
"LPCHMCBP_01958",0,0,0,0,0,0
"LPCHMCBP_01959",165.572810464136,137.560482488002,100.299068247785,137.632942070935,198.492394496934,0
"LPCHMCBP_01960",2.85470362869199,0,58.7739762980653,0,0,0
"LPCHMCBP_01961",105.624034261604,225.888792296087,0,0,0.898155631207847,68.5647641348623
"LPCHMCBP_01962",0,0,0,0,0,0
"LPCHMCBP_01963",0,0,0,0,0,0
"LPCHMCBP_01964",0,0,23.6373600329176,0,0,0
"LPCHMCBP_01965",0,0,0,0,0,0
"LPCHMCBP_01966",0,0,0,0,0,0
"LPCHMCBP_01967",0,0,0,0,0,0
"LPCHMCBP_01968",57.0940725738399,0,56.2185860242364,0,61.9727385533414,0
"LPCHMCBP_01969",0,0,0,0,0,0
"LPCHMCBP_01970",0,0,0,0,0,0
"LPCHMCBP_01971",0,0,0,0,0,0
"LPCHMCBP_01972",0,0,0,0,0,0
"LPCHMCBP_01973",0,0,0,0,0,0
"LPCHMCBP_01974",0,0,0,0,0,0
"LPCHMCBP_01975",0,0,0,0,0,0
"LPCHMCBP_01976",0,0,0,0,0,0
"LPCHMCBP_01977",0,0,0,0,0,0
"LPCHMCBP_01978",0,0,171.849995914995,382.852198014221,44.9077815603924,0
"LPCHMCBP_01979",0,0,0,0,0,0
"LPCHMCBP_01980",0,4.34401523646321,73.4674703725817,167.67957026952,118.556543319436,0
"LPCHMCBP_01981",0,0,0,0,0,0
"LPCHMCBP_01982",0,0,0,0,0,0
"LPCHMCBP_01984",0,0,0,0,0,0
"LPCHMCBP_01986",0,0,0.638847568457232,0,0,0
"LPCHMCBP_01987",0,0,0,0,0,0
"LPCHMCBP_01988",0,0,0,0,0,0
"LPCHMCBP_01989",0,0,0,0,0,0
"LPCHMCBP_01990",0,0,29.3869881490327,0,0,0
"LPCHMCBP_01991",0,0,0,0,0,0
"LPCHMCBP_01992",0,0,0,0,153.584612936542,137.129528269725
"LPCHMCBP_01993",0,0,0,0,0,0
"LPCHMCBP_01994",10.705138607595,4.34401523646321,0.638847568457232,79.4781778156104,0,0
"LPCHMCBP_01995",0,0,0,0,0,0
"LPCHMCBP_01996",0,0,0,0,0,0
"LPCHMCBP_01997",0,0,0,0,0,0
"LPCHMCBP_01998",0,0,0,0,0,66.5180547577022
"LPCHMCBP_01999",0,0,0,0,0,5.11677344290017
"LPCHMCBP_02000",0,0,0,0,0,0
"LPCHMCBP_02001",0,0,0,0,0,0
"LPCHMCBP_02002",0,0,0,0,0,0
"LPCHMCBP_02003",0,0,0,0,0,0
"LPCHMCBP_02004",0,0,0,0,0,0
"LPCHMCBP_02005",0,0,0,0,0,0
"LPCHMCBP_02006",0,0,0,0,0,0
"LPCHMCBP_02007",0,0,0,0,0,0
"LPCHMCBP_02008",0,0,0,0,0,0
"LPCHMCBP_02009",0,0,23.6373600329176,0,0,0
"LPCHMCBP_02010",0,0,0,0,0,0
"LPCHMCBP_02011",0,0,0,0,0,0
"LPCHMCBP_02012",0,0,0,0,0,0
"LPCHMCBP_02013",0,0,0,0,0,0
"LPCHMCBP_02014",0,0,0,0,0,0
"LPCHMCBP_02015",0,272.224954818361,18.5265794852597,110.494052085117,55.6856491348865,0
"LPCHMCBP_02016",0,0,12.1381038006874,0,32.3336027234825,38.8874781660413
"LPCHMCBP_02018",39.9658508016879,52.1281828375585,260.649807930551,44.5853192624156,136.519655943593,46.0509609861016
"LPCHMCBP_02019",0,0,0,0,0,0
"LPCHMCBP_02020",0.713675907172999,0,3.83308541074339,0,5.38893378724708,0
"LPCHMCBP_02021",0,0,0,0,0,0
"LPCHMCBP_02022",0,0,0,0,0,0
"LPCHMCBP_02023",0,0,0,0,0,0
"LPCHMCBP_02024",0,0,0,0,0,0
"LPCHMCBP_02025",0,0,0,0,0,0
"LPCHMCBP_02026",0,0,0,0,0,0
"LPCHMCBP_02027",0,0,0,0,0,0
"LPCHMCBP_02028",0,0,0,0,0,0
"LPCHMCBP_02029",0,0,0,0,0,0
"LPCHMCBP_02030",0,0,0,0,0,0
"LPCHMCBP_02031",0,0,0,0,0,0
"LPCHMCBP_02032",0,0,0,0,0,0
"LPCHMCBP_02033",4.99573135021099,0,9.58271352685848,0,7.18524504966278,7.16348282006024
"LPCHMCBP_02034",0,0,0,0,0,0
"LPCHMCBP_02035",0,0,0,0,0,0
"LPCHMCBP_02036",0,0,0,0,0,0
"LPCHMCBP_02037",5.70940725738399,0,31.3035308544044,0,0,0
"LPCHMCBP_02038",0,0,0,0,0,0
"LPCHMCBP_02039",0,0,0,0,0,0
"LPCHMCBP_02040",0,0,0,0,0,0
"LPCHMCBP_02041",0,0,0,0,0,0
"LPCHMCBP_02042",27.8333603797469,0,0,94.9861149503637,0,33.7707047231411
"LPCHMCBP_02043",0,0,0,97.8938531631299,40.4170034043531,139.176237646885
"LPCHMCBP_02044",0,0,0,0,0,0
"LPCHMCBP_02045",89.2094883966248,0,114.992562322302,0,106.880520113734,0
"LPCHMCBP_02046",0,0,0,0,0,0
"LPCHMCBP_02047",0,0,0,0,0,0
"LPCHMCBP_02048",0,0,0,0,0,0
"LPCHMCBP_02049",44.2479062447259,0,60.690519003437,31.0158742695065,38.6206921419374,0
"LPCHMCBP_02050",0,0,0,0,0,0
"LPCHMCBP_02051",0,0,0,0,0,0
"LPCHMCBP_02052",0,0,0,0,0,0
"LPCHMCBP_02053",0,0,0,0,0,0
"LPCHMCBP_02054",108.478737890296,0,38.3308541074339,1.93849214184416,78.1395399150827,86.9851485293029
"LPCHMCBP_02055",0,0,0,0,0,0
"LPCHMCBP_02056",0,0,0,0,0,0
"LPCHMCBP_02057",0,0,1.27769513691446,0,3.59262252483139,0
"LPCHMCBP_02058",0,0,0,0,0,0
"LPCHMCBP_02059",95.6325715611818,34.7521218917057,73.4674703725817,33.9236124822727,214.659195858675,92.1019219722031
"LPCHMCBP_02060",0,0,0,0,0,0
"LPCHMCBP_02061",7.13675907172999,0,49.1912627712069,49.431549617026,16.1668013617412,77.7749563320826
"LPCHMCBP_02062",0,0,0,0,0,0
"LPCHMCBP_02063",0,0,0,0,0,0
"LPCHMCBP_02064",0,0,0,0,0,0
"LPCHMCBP_02065",0,0,0,0,0,0
"LPCHMCBP_02066",0,0,0,0,0,0
"LPCHMCBP_02067",0,0,0,0,0,0
"LPCHMCBP_02068",0,0,0,0,0,0
"LPCHMCBP_02069",159.863403206752,0,125.214123417617,48.4623035461039,137.417811574801,112.569015743804
"LPCHMCBP_02070",0,0,0,0,0,0
"LPCHMCBP_02071",0,0,0,0,0,0
"LPCHMCBP_02072",0,7.24002539410535,38.9697016758912,0,0,0
"LPCHMCBP_02073",0,0,0,0,0,0
"LPCHMCBP_02074",0,0,0,0,0,0
"LPCHMCBP_02075",0,0,0,0,0,0
"LPCHMCBP_02076",0,0,0,0,0,0
"LPCHMCBP_02077",0,0,0,0,0,0
"LPCHMCBP_02078",0,0,0,0,0,0
"LPCHMCBP_02079",0,0,2.55539027382893,0,0,0
"LPCHMCBP_02080",0,0,0,0,0,0
"LPCHMCBP_02081",0,0,0,3.87698428368831,9.87971194328632,2.04670937716007
"LPCHMCBP_02082",790.039229240509,529.969858848511,557.075079694706,627.102207886585,537.097067462293,389.898136348993
"LPCHMCBP_02083",0,0,0,0,0,0
"LPCHMCBP_02084",0,0,0,0,0,0
"LPCHMCBP_02085",0,0,2.55539027382893,0,0,0
"LPCHMCBP_02086",0,0,0,0,0,0
"LPCHMCBP_02087",0,0,0,0,0,0
"LPCHMCBP_02088",0,0,0,0,0,0
"LPCHMCBP_02089",0,0,0,0,0,0
"LPCHMCBP_02090",0,0,0,0,0,0
"LPCHMCBP_02091",0,0,0,0,0,0
"LPCHMCBP_02092",0,0,0,0,0,0
"LPCHMCBP_02093",0,0,0,0,0,0
"LPCHMCBP_02094",0,0,0,0,0,0
"LPCHMCBP_02095",0,0,0,0,0,0
"LPCHMCBP_02096",0,0,0,0,0,0
"LPCHMCBP_02097",142.021505527427,0,63.8847568457232,101.770837446818,0,0
"LPCHMCBP_02098",0,0,3.19423784228616,0,0,124.849272006764
"LPCHMCBP_02099",51.3846653164559,0,42.1639395181773,0,41.315159035561,0
"LPCHMCBP_02100",0,0,0,0,0,0
"LPCHMCBP_02101",0,0,14.6934940745163,0,0,0
"LPCHMCBP_02102",0,0,0,0,0,0
"LPCHMCBP_02103",0,0,0,0,0,0
"LPCHMCBP_02104",46.3889339662449,0,52.385500613493,0,34.1299139858982,0
"LPCHMCBP_02105",12.132490421941,1.44800507882107,16.610036779888,0.969246070922078,2.69446689362354,0
"LPCHMCBP_02106",0,21.720076182316,0,0,0,0
"LPCHMCBP_02107",0,0,15.9711892114308,0,5.38893378724708,0
"LPCHMCBP_02108",0,0,0,0,0,0
"LPCHMCBP_02109",0,0,0,0,0,0
"LPCHMCBP_02110",0,0,0,0,0,0
"LPCHMCBP_02111",0,0,0,0,0,0
"LPCHMCBP_02112",0,0,0,0,0,0
"LPCHMCBP_02113",0,0,0,0,0,0
"LPCHMCBP_02114",0,0,0,0,0,0
"LPCHMCBP_02115",0,0,0.638847568457232,0,0,0
"LPCHMCBP_02116",0,0,0,0,17.9631126241569,0
"LPCHMCBP_02117",0,0,0,0,0,0
"LPCHMCBP_02118",0,0,0,0,0,0
"LPCHMCBP_02119",0,0,0,0,0,0
"LPCHMCBP_02120",0,0,0,0,0,0
"LPCHMCBP_02121",0,0,0,0,0,0
"LPCHMCBP_02122",0,0,0,0,0,0
"LPCHMCBP_02123",0,13.0320457093896,3.19423784228616,0,0,0
"LPCHMCBP_02124",0,0,0,0,0,0
"LPCHMCBP_02125",0,0,0,0,0,0
"LPCHMCBP_02126",0,0,0,0,0,0
"LPCHMCBP_02127",64.9445075527429,4.34401523646321,21.7208173275459,4.84623035461039,4.49077815603923,33.7707047231411
"LPCHMCBP_02128",97.7735992827008,97.0163402810117,70.2732325302955,57.1855181844026,12.5741788369099,106.428887612324
"LPCHMCBP_02129",20.696601308017,0,1.27769513691446,23.2619057021299,0,0
"LPCHMCBP_02130",0,0,0,0,7.18524504966278,0
"LPCHMCBP_02131",0,0,0,0,0,0
"LPCHMCBP_02132",0,0,0,0,0,0
"LPCHMCBP_02133",0,0,0,139.571434212779,0,49.1210250518417
"LPCHMCBP_02134",0,0,0,0,0,0
"LPCHMCBP_02135",0,0,0,0,0,0
"LPCHMCBP_02136",0,0,0,0,0,0
"LPCHMCBP_02137",0,0,0,0,26.9446689362354,0
"LPCHMCBP_02138",9.27778679324898,0,0.638847568457232,21.3234135602857,61.0745829221336,1.02335468858003
"LPCHMCBP_02139",0,0,0,0,0,0
"LPCHMCBP_02140",0,0,0,0,0,0
"LPCHMCBP_02141",0,0,0.638847568457232,0,0,0
"LPCHMCBP_02142",0,0,0,0,0,0
"LPCHMCBP_02143",0,0,7.02732325302955,0,0,0
"LPCHMCBP_02144",0,0,0,0,0,0
"LPCHMCBP_02145",40.6795267088609,0,15.3323416429736,174.464292765974,59.2782716597179,137.129528269725
"LPCHMCBP_02146",0,0,0.638847568457232,0,0,0
"LPCHMCBP_02147",0,0,0,0,0,0
"LPCHMCBP_02148",0,0,0,0,0,0
"LPCHMCBP_02149",0,0,0,0,0,0
"LPCHMCBP_02150",0,0,0,0,0,0
"LPCHMCBP_02151",0,0,0,0,0,0
"LPCHMCBP_02152",0,0,0,0,0,0
"LPCHMCBP_02153",899.231643037978,1152.61204274157,2563.69529221887,845.182573844052,852.349694016247,861.664647784389
"LPCHMCBP_02154",0,0,0,0,0,0
"LPCHMCBP_02155",0,0,0,0,0,0
"LPCHMCBP_02156",0,0,0,0,0,0
"LPCHMCBP_02157",0,0,0,0,0,0
"LPCHMCBP_02158",0,0,0,0,0,141.222947024045
"LPCHMCBP_02159",0,0,0,0,0,0
"LPCHMCBP_02160",0,0,0,0,0,0
"LPCHMCBP_02161",81.3590534177218,0,10.8604086637729,83.3551620992987,94.3063412768239,80.8450203978227
"LPCHMCBP_02162",0,0,0,0,0,0
"LPCHMCBP_02163",0,0,0,0,0,0
"LPCHMCBP_02164",0,0,0,0,0,0
"LPCHMCBP_02165",0,0,0,0,0,0
"LPCHMCBP_02166",0,0,0,0,0,0
"LPCHMCBP_02167",0,0,0,0,0,0
"LPCHMCBP_02168",46.3889339662449,0,48.5524152027496,0,59.2782716597179,0
"LPCHMCBP_02169",0,0,0,0,0,0
"LPCHMCBP_02170",0,0,0,0,0,0
"LPCHMCBP_02171",0,0,0,0,0,0
"LPCHMCBP_02172",0,0,0,0,0,0
"LPCHMCBP_02173",0.713675907172999,0,2.55539027382893,0,0,0
"LPCHMCBP_02174",0,0,0,0,0,0
"LPCHMCBP_02175",41.3932026160339,5.79202031528428,8.30501838994402,1.93849214184416,50.2967153476394,62.4246360033821
"LPCHMCBP_02176",0,0,0,0,0,0
"LPCHMCBP_02177",0,0,0,0,0,0
"LPCHMCBP_02178",0,0,0,0,0,0
"LPCHMCBP_02179",9.99146270042198,0,22.3596648960031,126.971235290792,0,0
"LPCHMCBP_02180",0,0,8.30501838994402,0,0,0
"LPCHMCBP_02181",0,0,0,0,0,0
"LPCHMCBP_02182",0,0,0,0,0,0
"LPCHMCBP_02183",0,0,0,0,0,0
"LPCHMCBP_02184",0,0,0,0,0,0
"LPCHMCBP_02185",0,0,0,0,0,0
"LPCHMCBP_02186",0,0,0,0,0,0
"LPCHMCBP_02187",30.6880640084389,0,0,0,30.5372914610668,0
"LPCHMCBP_02188",0,0,0,0,0,0
"LPCHMCBP_02189",0,0,0,0,0,0
"LPCHMCBP_02190",0,0,22.9985124644604,0,0,0
"LPCHMCBP_02191",58.5214243881859,66.6082336257692,152.045721292821,82.3859160283767,267.650378099938,154.526557975585
"LPCHMCBP_02192",0,0,0,0,0,0
"LPCHMCBP_02193",0,0,0,0,0,0
"LPCHMCBP_02194",0,0,3.19423784228616,0,0,8.18683750864028
"LPCHMCBP_02195",59.9487762025319,7.24002539410535,74.1063179410389,0,39.5188477731453,0
"LPCHMCBP_02196",38.5384989873419,13.0320457093896,84.9667266048119,15.5079371347533,92.5100300144082,72.6581828891824
"LPCHMCBP_02197",0,201.272705956129,18.5265794852597,0,0,0
"LPCHMCBP_02198",77.7906738818568,5.79202031528428,113.714867185387,0,37.7225365107296,77.7749563320826
"LPCHMCBP_02199",57.0940725738399,0,5.11078054765786,5.81547642553247,42.2133146667688,56.2845078719019
"LPCHMCBP_02200",0,0,86.8832693101836,79.4781778156104,47.6022484540159,73.6815375777625
"LPCHMCBP_02201",0,0,0,0,0,0
"LPCHMCBP_02202",0,0,0,0,0,0
"LPCHMCBP_02203",0,0,0,0,0,0
"LPCHMCBP_02204",0,0,0,0,0,0
"LPCHMCBP_02205",73.5086184388189,0,0,0,0.898155631207847,59.354571937642
"LPCHMCBP_02206",0,0,0,0,0,0
"LPCHMCBP_02207",162.718106835444,66.6082336257692,218.485868412373,0.969246070922078,138.315967206008,245.605125259208
"LPCHMCBP_02208",38.5384989873419,257.74490403015,106.687543932358,0,47.6022484540159,107.452242300904
"LPCHMCBP_02209",0,0,0,0,0,0
"LPCHMCBP_02210",0,0,0,0,0,0
"LPCHMCBP_02211",0,0,0,0,0,0
"LPCHMCBP_02212",0,0,0,0,0,0
"LPCHMCBP_02213",0,0,0,0,0,0
"LPCHMCBP_02214",0,0,0,0,0,0
"LPCHMCBP_02215",0,0,0,0,0,63.4479906919621
"LPCHMCBP_02216",0,0,0,0,0,0
"LPCHMCBP_02217",0,0,0,0,0,0
"LPCHMCBP_02218",14.27351814346,0,109.881781774644,0,23.352046411404,0
"LPCHMCBP_02219",0,0,9.58271352685848,0,0,0
"LPCHMCBP_02220",45.6752580590719,130.320457093896,82.4113363309829,1.93849214184416,84.4266293335376,66.5180547577022
"LPCHMCBP_02221",0,0,0,0,0,0
"LPCHMCBP_02222",22.837629029536,37.6481320493478,12.1381038006874,0,0,69.5881188234423
"LPCHMCBP_02223",0,0,0,0,70.0561392342121,0
"LPCHMCBP_02224",0,0,0,0,0,0
"LPCHMCBP_02225",0,0,0,66.8779788936234,0,0
"LPCHMCBP_02226",0,0,0,0,0,0
"LPCHMCBP_02227",0,0,0,0,0,0
"LPCHMCBP_02228",0,0,0,0,0,0
"LPCHMCBP_02229",0,0,0,0,0,0
"LPCHMCBP_02230",0,0,0,0,0,0
"LPCHMCBP_02231",0,0,0,0,0,0
"LPCHMCBP_02232",0,0,0,0,0,0
"LPCHMCBP_02233",0,0,0,0,0,0
"LPCHMCBP_02234",0,0,0,0,0,0
"LPCHMCBP_02235",0,0,0,0,0,0
"LPCHMCBP_02236",0,0,0,0,0,0
"LPCHMCBP_02237",0,0,61.9682141403515,0,0,0
"LPCHMCBP_02238",11.418814514768,0,44.7193297920062,0,57.4819603973022,0
"LPCHMCBP_02239",100.628302911393,0,30.6646832859471,0,0,4.09341875432014
"LPCHMCBP_02240",115.615496962026,5.79202031528428,35.1366162651478,39.7390889078052,35.9262252483139,16.3736750172806
"LPCHMCBP_02241",0,0,0,0,0,0
"LPCHMCBP_02242",0,0,0,0,0,0
"LPCHMCBP_02243",2.141027721519,0,4.47193297920062,0,45.8059371916002,0
"LPCHMCBP_02244",40.6795267088609,0,44.7193297920062,48.4623035461039,0,0
"LPCHMCBP_02245",0,0,0,0,0,0
"LPCHMCBP_02246",0,0,0,0,0.898155631207847,0
"LPCHMCBP_02247",0,0,0,0,0,0
"LPCHMCBP_02248",0,0,0,0,0,0
"LPCHMCBP_02249",0,0,0,0,0,0
"LPCHMCBP_02250",0,0,0,0,0,0
"LPCHMCBP_02251",0,0,0,0,0,0
"LPCHMCBP_02252",0,0,0,0,0,0
"LPCHMCBP_02253",0,0,0,0,0,0
"LPCHMCBP_02254",46.3889339662449,0,31.9423784228616,115.340282439727,0,0
"LPCHMCBP_02255",0,0,1.27769513691446,0,9.87971194328632,7.16348282006024
"LPCHMCBP_02256",0,0,0,51.3700417588702,0,0
"LPCHMCBP_02257",32.8290917299579,0,89.4386595840125,21.3234135602857,23.352046411404,25.5838672145009
"LPCHMCBP_02258",31.4017399156119,211.408741507876,187.182337557969,167.67957026952,162.56616924862,238.441642439148
"LPCHMCBP_02259",0,0,0,0,0,0
"LPCHMCBP_02260",0,0,0,0,0,0
"LPCHMCBP_02261",0,0,0,0,0,0
"LPCHMCBP_02262",0,0,0,0,0,0
"LPCHMCBP_02263",48.5299616877639,166.520584064423,10.2215610953157,0,2.69446689362354,1.02335468858003
"LPCHMCBP_02264",904.227374388189,1168.5400986086,695.066154481468,1222.21929543274,741.876551377682,490.186895829836
"LPCHMCBP_02265",0,0,0,0,0,0
"LPCHMCBP_02266",0,0,0,0,0,0
"LPCHMCBP_02267",0,0,0,0,0,0
"LPCHMCBP_02268",82.7864052320678,0,0,0,0,0
"LPCHMCBP_02269",135.59842236287,157.832553591497,36.4143114020622,79.4781778156104,33.2317583546903,58.331217249062
"LPCHMCBP_02270",42.8205544303799,39.0961371281689,71.55092766721,0,26.9446689362354,223.091322110448
"LPCHMCBP_02271",0,0,0,0,0,0
"LPCHMCBP_02272",0,0,65.1624519826377,2.90773821276624,0,0
"LPCHMCBP_02273",12.846166329114,28.9601015764214,47.2747200658352,22.2926596312078,33.2317583546903,9.21019219722031
"LPCHMCBP_02274",0,0,0,0,0,0
"LPCHMCBP_02275",0,0,9.58271352685848,0,0,0
"LPCHMCBP_02276",0,0,37.6920065389767,0,0,0
"LPCHMCBP_02277",0,0,0,0,0,0
"LPCHMCBP_02278",0,0,0,0,0,0
"LPCHMCBP_02279",0,0,0,0,0,0
"LPCHMCBP_02280",109.906089704642,163.624573906781,0,59.1240103262468,34.1299139858982,0
"LPCHMCBP_02281",24.9786567510549,0,30.6646832859471,0,26.0465133050276,20.4670937716007
"LPCHMCBP_02282",0,0,94.5494401316703,163.802585985831,52.0930266100551,0
"LPCHMCBP_02283",0,0,0,0,0,0
"LPCHMCBP_02284",0,0,0,0,0,0
"LPCHMCBP_02285",0,0,0,0,0,0
"LPCHMCBP_02286",0,0,0,0,0,0
"LPCHMCBP_02287",0,0,0,0,0,0
"LPCHMCBP_02288",0,0,0,0,0,0
"LPCHMCBP_02289",0,0,0,0,0,0
"LPCHMCBP_02290",0,0,0,0,0,0
"LPCHMCBP_02291",0,0,1.27769513691446,0,0,0
"LPCHMCBP_02293",0,0,0,0,0,0
"LPCHMCBP_02294",0,0,0,0,44.0096259291845,0
"LPCHMCBP_02295",0,0,0,0,0,0
"LPCHMCBP_02296",22.123953122363,0,0,0,31.4354470922746,0
"LPCHMCBP_02297",0,0,0,0,0,0
"LPCHMCBP_02298",0,0,0,0,0,0
"LPCHMCBP_02299",0,0,0,0,0,0
"LPCHMCBP_02300",0,0,17.2488843483453,0,0,0
"LPCHMCBP_02301",0,0,0,0,0,0
"LPCHMCBP_02302",0,0,0,0,0,0
"LPCHMCBP_02303",0,0,0,0,0,0
"LPCHMCBP_02304",0,0,0,0,0,0
"LPCHMCBP_02305",0,0,33.2200735597761,0,0,0
"LPCHMCBP_02306",14.987194050633,0,76.6617082148678,0,0.898155631207847,16.3736750172806
"LPCHMCBP_02307",0,0,0,0,0,0
"LPCHMCBP_02308",0,0,0,0,0,0
"LPCHMCBP_02309",0,0,0,0,0,0
"LPCHMCBP_02310",0,0,0,0,0,0
"LPCHMCBP_02311",0,0,0,0,0,0
"LPCHMCBP_02312",0,0,0,0,0,0
"LPCHMCBP_02313",0,0,0,0,0,0
"LPCHMCBP_02314",0,0,0,0,0,0
"LPCHMCBP_02315",0,0,3.19423784228616,27.1388899858182,7.18524504966278,0
"LPCHMCBP_02316",140.594153713081,13.0320457093896,97.7436779739565,11.6309528510649,145.501212255671,124.849272006764
"LPCHMCBP_02317",0,0,0,0,0,0
"LPCHMCBP_02318",0,0,0,0,0.898155631207847,5.11677344290017
"LPCHMCBP_02319",0,0,0,0,0,0
"LPCHMCBP_02320",0,0,0,0,0,0
"LPCHMCBP_02321",773.62468337553,102.808360596296,408.223596244171,258.788700936195,317.04893781637,382.734653528933
"LPCHMCBP_02322",0,0,0,0,0,0
"LPCHMCBP_02323",0,0,0,0,0,0
"LPCHMCBP_02324",0,0,0,0,0,0
"LPCHMCBP_02325",0,0,0,0,0,0
"LPCHMCBP_02326",99.2009510970468,0,99.6602206793282,80.4474238865325,80.8340068087062,0
"LPCHMCBP_02327",133.457394641351,0,84.3278790363546,0,135.621500312385,103.358823546583
"LPCHMCBP_02328",0,0,0,0,0,0
"LPCHMCBP_02329",0,0,0,0,0,0
"LPCHMCBP_02330",0,0,0,0,0,0
"LPCHMCBP_02331",0,0,36.4143114020622,100.801591375896,0,0
"LPCHMCBP_02332",0,0,0,0,0,0
"LPCHMCBP_02333",0,0,0,0,0,0
"LPCHMCBP_02334",0,0,0,0,0,0
"LPCHMCBP_02335",0,0,0,0,0,0
"LPCHMCBP_02336",0,0,0,0,0,0
"LPCHMCBP_02337",0,0,0,0,0,0
"LPCHMCBP_02338",0,0,0,0,0,0
"LPCHMCBP_02339",0,0,0,0,0,0
"LPCHMCBP_02340",0,0,0,0,0,0
"LPCHMCBP_02341",0,0,0,0,0,0
"LPCHMCBP_02342",0,0,0,0,0,0
"LPCHMCBP_02343",0.713675907172999,40.5441422069899,28.1092930121182,0,0,0
"LPCHMCBP_02344",0,0,0,0,0,0
"LPCHMCBP_02345",0,0,0,0,0,0
"LPCHMCBP_02346",52.8120171308019,0,22.3596648960031,0,0,6.14012813148021
"LPCHMCBP_02347",0,0,0,0,0,0
"LPCHMCBP_02348",0,256.296898951329,42.1639395181773,0,0,0
"LPCHMCBP_02349",0,0,0,0,0,0
"LPCHMCBP_02350",0,0,0,0,0,0
"LPCHMCBP_02351",0,0,0,0,0,0
"LPCHMCBP_02352",0,0,0,0,52.991182241263,0
"LPCHMCBP_02353",0,0,130.963751533733,172.52580062413,53.8893378724708,54.2377984947418
"LPCHMCBP_02354",0,0,9.58271352685848,0,0,0
"LPCHMCBP_02355",0,0,0,0,0,0
"LPCHMCBP_02356",0,0,0,0,0,0
"LPCHMCBP_02357",0,0,10.2215610953157,0,0,5.11677344290017
"LPCHMCBP_02358",0,0,0,0,0,0
"LPCHMCBP_02359",0,0,0,0,0,0
"LPCHMCBP_02360",0,0,0,0,0,0
"LPCHMCBP_02361",0,0,0,0,0,0
"LPCHMCBP_02362",37.8248230801689,0,26.8315978752037,0,0,0
"LPCHMCBP_02363",0,0,0,0,17.0649569929491,0
"LPCHMCBP_02364",0,0,0,0,0,0
"LPCHMCBP_02365",0,49.2321726799164,17.2488843483453,56.2162721134805,0,0
"LPCHMCBP_02366",0,0,0,0,0,0
"LPCHMCBP_02367",0,0,0,86.262900312065,19.7594238865726,0
"LPCHMCBP_02368",0,0,0,0,0,0
"LPCHMCBP_02369",46.3889339662449,114.392401226864,22.9985124644604,149.263894922,35.9262252483139,46.0509609861016
"LPCHMCBP_02370",0,0,1.9165427053717,17.4464292765974,5.38893378724708,71.6348282006024
"LPCHMCBP_02371",104.910358354431,0,62.6070617088087,0,98.7971194328632,0
"LPCHMCBP_02372",0,0,81.7724887625257,0,0,0
"LPCHMCBP_02373",99.2009510970468,0,70.2732325302955,98.863099234052,78.1395399150827,202.624228338847
"LPCHMCBP_02374",0,0,0,0,0,0
"LPCHMCBP_02375",0,0,0,79.4781778156104,0,0
"LPCHMCBP_02376",0,0,0,0,0,0
"LPCHMCBP_02377",0,0,0,0,0,0
"LPCHMCBP_02378",0,0,0,0,0,0
"LPCHMCBP_02379",0,5.79202031528428,11.4992562322302,0,26.9446689362354,22.5138031487608
"LPCHMCBP_02380",111.333441518988,0,0,29.0773821276623,117.658387688228,86.9851485293029
"LPCHMCBP_02381",0,0,0,0,0,0
"LPCHMCBP_02382",0,0,0,0,0,0
"LPCHMCBP_02383",0,0,16.610036779888,0,0.898155631207847,0
"LPCHMCBP_02384",0,0,0,0,3.59262252483139,90.055212595043
"LPCHMCBP_02385",0,0,25.5539027382893,43.6160731914935,26.0465133050276,0
"LPCHMCBP_02386",0,0,0,30.0466281985844,49.3985597164316,18.4203843944406
"LPCHMCBP_02387",0,0,1.27769513691446,0,0.898155631207847,0
"LPCHMCBP_02388",309.735343713081,75.2962640986956,572.40742133768,387.698428368831,431.114702979767,507.583925535697
"LPCHMCBP_02389",0,0,0,0,0,0
"LPCHMCBP_02390",0,0,0,0,0,0
"LPCHMCBP_02391",0,0,0,0,0,0
"LPCHMCBP_02392",0,0,0,0,0,0
"LPCHMCBP_02393",0,0,0,0,0,0
"LPCHMCBP_02394",0,37.6481320493478,28.1092930121182,0,0,0
"LPCHMCBP_02395",0,0,0,0,0,0
"LPCHMCBP_02396",84.9274329535868,0,93.9105925632131,86.262900312065,0,64.4713453805422
"LPCHMCBP_02397",0,0,0,0,0,0
"LPCHMCBP_02398",0,0,13.4157989376019,62.031748539013,0,0
"LPCHMCBP_02399",0,0,0,0,0,0
"LPCHMCBP_02400",0,69.5042437834113,32.5812259913188,1.93849214184416,3.59262252483139,0
"LPCHMCBP_02401",0,0,0,0,0,0
"LPCHMCBP_02402",0,0,0,0,0,0
"LPCHMCBP_02403",0,0,0,0,0,0
"LPCHMCBP_02404",438.197007004221,308.425081788888,391.613559464283,257.819454865273,528.115511150214,465.626383303916
"LPCHMCBP_02405",0,0,0,0,0,0
"LPCHMCBP_02406",0,0,5.74962811611509,0,0.898155631207847,0
"LPCHMCBP_02407",0,0,0,0,0,0
"LPCHMCBP_02408",0,0,0,0,0,0
"LPCHMCBP_02409",0,0,0,0,0,0
"LPCHMCBP_02410",0,0,14.6934940745163,0,28.7409801986511,1.02335468858003
"LPCHMCBP_02411",0,0,0,0,0,0
"LPCHMCBP_02412",0,0,0,0,0,0
"LPCHMCBP_02413",0,0,0,0,9.87971194328632,0
"LPCHMCBP_02414",0,0,0,0,0,0
"LPCHMCBP_02415",0,0,0,0,1.79631126241569,0
"LPCHMCBP_02416",0,0,0,0,0,0
"LPCHMCBP_02417",0,0,0,0,0,0
"LPCHMCBP_02418",0,0,0,0,0,0
"LPCHMCBP_02419",0,0,0,0,0,0
"LPCHMCBP_02420",0,0,0,0,0,0
"LPCHMCBP_02421",0,0,0,0,0,0
"LPCHMCBP_02422",0,0,0,93.0476228085195,9.87971194328632,0
"LPCHMCBP_02423",0,0,0,0,23.352046411404,0
"LPCHMCBP_02424",0,0,0,0,0,0
"LPCHMCBP_02425",0,0,0,0,0,0
"LPCHMCBP_02426",0,0,0,0,30.5372914610668,37.8641234774613
"LPCHMCBP_02427",0,0,0,0,0,0
"LPCHMCBP_02428",0,0,0,0,0,0
"LPCHMCBP_02429",0,0,0,0,0,0
"LPCHMCBP_02430",52.8120171308019,0,0,0,0.898155631207847,1.02335468858003
"LPCHMCBP_02431",0,0,0,0,0,0
"LPCHMCBP_02432",52.8120171308019,0,0,2.90773821276624,41.315159035561,0
"LPCHMCBP_02433",0,0,0,0,0,0
"LPCHMCBP_02434",0,0,0,0,0,0
"LPCHMCBP_02435",0,0,0,0,0,0
"LPCHMCBP_02436",0,0,0,0,0,0
"LPCHMCBP_02437",0,0,0,0,0,0
"LPCHMCBP_02438",0,0,33.8589211282333,0,0,0
"LPCHMCBP_02439",0,0,0,0,0,0
"LPCHMCBP_02440",0,0,9.58271352685848,0,22.4538907801962,0
"LPCHMCBP_02441",0,0,0,0,0,0
"LPCHMCBP_02442",0,0,0,0,0,0
"LPCHMCBP_02443",0,0,21.0819697590887,125.032743148948,0,0
"LPCHMCBP_02444",0,1.44800507882107,0,0,0,0
"LPCHMCBP_02445",0,0,0,0,19.7594238865726,52.1910891175818
"LPCHMCBP_02446",0,0,0,0,0,0
"LPCHMCBP_02447",0,0,0,0,0,0
"LPCHMCBP_02448",0,0,0,0,0,0
"LPCHMCBP_02449",0,0,0,0,0,0
"LPCHMCBP_02450",0,0,0,0,0,0
"LPCHMCBP_02451",0,0,0,0,0,0
"LPCHMCBP_02452",0,0,0,0,0,0
"LPCHMCBP_02453",0,0,0,0,0,0
"LPCHMCBP_02454",0,0,0,0,0,0
"LPCHMCBP_02455",0,0,0,0,0,0
"LPCHMCBP_02456",0,0,0,0,0,1.02335468858003
"LPCHMCBP_02457",0,0,0,0,0,0
"LPCHMCBP_02458",0,0,0,0,0,0
"LPCHMCBP_02459",0,0,0,0,0,0
"LPCHMCBP_02460",0,0,0,0,0,0
"LPCHMCBP_02461",0,0,0,0,0,46.0509609861016
"LPCHMCBP_02462",0,0,22.3596648960031,0,0,0
"LPCHMCBP_02463",0,0,0,0,0,0
"LPCHMCBP_02464",29.9743881012659,0,15.9711892114308,0,0,0
"LPCHMCBP_02465",0,0,0,0,0,0
"LPCHMCBP_02466",0,0,10.8604086637729,0,0,0
"LPCHMCBP_02467",0,0,0,0,0,0
"LPCHMCBP_02468",0,0,38.9697016758912,0,17.9631126241569,0
"LPCHMCBP_02469",0,0,0,0,0,0
"LPCHMCBP_02470",0,0,0,0,0,0
"LPCHMCBP_02471",0,0,21.0819697590887,46.5238114042598,0,0
"LPCHMCBP_02472",54.2393689451479,0,0,0,0,0
"LPCHMCBP_02473",0,0,0,0,0,0
"LPCHMCBP_02474",0,0,16.610036779888,0,0,0
"LPCHMCBP_02475",0,0,0,0,0,0
"LPCHMCBP_02476",0,0,0,0,0,0
"LPCHMCBP_02477",23.551304936709,0,0,0,0,0
"LPCHMCBP_02478",0,0,0,0,0,0
"LPCHMCBP_02479",0,0,0,0,0,0
"LPCHMCBP_02480",0,0,0,0,0,0
"LPCHMCBP_02481",0,0,0,0,0,0
"LPCHMCBP_02482",0,0,0,0,0,0
"LPCHMCBP_02483",0,0,0,0,0,0
"LPCHMCBP_02484",0,0,0,0,0,0
"LPCHMCBP_02485",44.2479062447259,0,0,0,0,0
"LPCHMCBP_02486",0,0,0,0,0,0
"LPCHMCBP_02487",0,0,0,0,0,0
"LPCHMCBP_02488",0,0,0,0,0,0
"LPCHMCBP_02489",0,0,0,0,0,0
"LPCHMCBP_02490",0,0,0,0,0,0
"LPCHMCBP_02491",0,0,0,0,0,0
"LPCHMCBP_02492",0,0,0,0,4.49077815603923,0
"LPCHMCBP_02493",0,0,0,0,0,0
"LPCHMCBP_02494",0,0,0,0,0,0
"LPCHMCBP_02495",0,0,0,0,0,0
"LPCHMCBP_02496",0,0,0,0,0,0
"LPCHMCBP_02497",0,0,0,0,0,0
"LPCHMCBP_02498",0,0,23.6373600329176,0,0,0
"LPCHMCBP_02499",0,0,0,0,0,0
"LPCHMCBP_02500",0,0,0,0,0,0
"LPCHMCBP_02501",0,0,0,0,0,0
"LPCHMCBP_02502",0,0,0,0,0,0
"LPCHMCBP_02503",0,0,0,0,0,0
"LPCHMCBP_02504",12.846166329114,0,2.55539027382893,0,0,0
"LPCHMCBP_02505",0,0,0,0,0,0
"LPCHMCBP_02506",0,0,0,0,0,0
"LPCHMCBP_02507",0,0,0,0,0,0
"LPCHMCBP_02508",0,0,0,0,0,0
"LPCHMCBP_02510",0,0,0,0,0,0
"LPCHMCBP_02511",0,0,0,0,0,0
"LPCHMCBP_02512",0,0,0,0,0,101.312114169423
"LPCHMCBP_02513",0,0,0,0,0,0
"LPCHMCBP_02514",0,0,0,0,0,0
"LPCHMCBP_02515",0,0,0,0,0,0
"LPCHMCBP_02516",0,0,0,0,0,0
"LPCHMCBP_02517",0,0,0,0,0,0
"LPCHMCBP_02518",0,0,0,0,0,0
"LPCHMCBP_02520",0,0,0,0,0,0
"LPCHMCBP_02521",0,0,0,0,0,0
"LPCHMCBP_02522",0,0,48.5524152027496,0,65.5653610781728,2.04670937716007
"LPCHMCBP_02523",0,0,0,0,0,0
"LPCHMCBP_02524",0,0,0,0,46.704092822808,0
"LPCHMCBP_02525",0,0,0,0,0,0
"LPCHMCBP_02526",0,0,0,0,0,0
"LPCHMCBP_02527",0,0,0,0,0,0
"LPCHMCBP_02528",0,0,0,0,9.87971194328632,0
"LPCHMCBP_02529",0,0,0,0,0,0
"LPCHMCBP_02530",0,0,10.8604086637729,0,35.028069617106,20.4670937716007
"LPCHMCBP_02531",0,0,0,0,0,0
"LPCHMCBP_02532",0,0,0,0,0,0
"LPCHMCBP_02533",0,0,0,0,0,0
"LPCHMCBP_02534",0,0,0,0,0,0
"LPCHMCBP_02535",0,0,0,0,0,0
"LPCHMCBP_02536",0,0,0,0,0,0
"LPCHMCBP_02537",0,0,0,0,0,0
"LPCHMCBP_02538",0,0,0,36.831350695039,0,0
"LPCHMCBP_02539",0,0,0,0,0,0
"LPCHMCBP_02540",0,0,0,0,0,0
"LPCHMCBP_02541",0,0,0,0,0,0
"LPCHMCBP_02542",0,0,0,0,0,0
"LPCHMCBP_02543",0,0,0,0,0,0
"LPCHMCBP_02544",0,10.1360355517475,0,0,6.28708941845493,0
"LPCHMCBP_02545",0,0,0,185.125999546117,0,57.3078625604819
"LPCHMCBP_02546",0,0,0,0,0,0
"LPCHMCBP_02547",0,0,0,0,0,0
"LPCHMCBP_02548",0,0,0,0,0,0
"LPCHMCBP_02549",0,0,0,0,0,0
"LPCHMCBP_02550",0,0,0,0,0,0
"LPCHMCBP_02551",0,0,0,0,0,0
"LPCHMCBP_02552",0,0,0,0,0,0
"LPCHMCBP_02553",0,0,0,0,0,26.6072219030809
"LPCHMCBP_02554",0,0,0,0,0,0
"LPCHMCBP_02555",0,0,0,28.1081360567403,0,0
"LPCHMCBP_02556",0,0,0,0,0,0
"LPCHMCBP_02557",26.4060085654009,73.8482590198745,89.4386595840125,0,43.1114702979767,0
"LPCHMCBP_02558",105.624034261604,0,81.7724887625257,131.817465645403,37.7225365107296,36.8407687888812
"LPCHMCBP_02559",0,0,0,0,0,0
"LPCHMCBP_02560",0,0,0,0,0,0
"LPCHMCBP_02561",0,0,0,0,0,0
"LPCHMCBP_02562",0,0,0,0,0,0
"LPCHMCBP_02563",0,0,0,0,0,0
"LPCHMCBP_02564",114.901821054853,0,31.3035308544044,28.1081360567403,95.2044969080318,168.853523615706
"LPCHMCBP_02565",0,0,0,0,70.0561392342121,0
"LPCHMCBP_02566",0,0,0,0,0,0
"LPCHMCBP_02567",0,0,0,0,0,0
"LPCHMCBP_02568",0,0,0,0,0.898155631207847,0
"LPCHMCBP_02569",0,2.89601015764214,0,0,70.0561392342121,184.203843944406
"LPCHMCBP_02570",0,0,0,0,0,0
"LPCHMCBP_02571",0,0,0,0,0,0
"LPCHMCBP_02572",0,0,0.638847568457232,1.93849214184416,1.79631126241569,0
"LPCHMCBP_02573",0,0,0,0,0,0
"LPCHMCBP_02574",71.3675907172998,1.44800507882107,60.0516714349798,0,0,77.7749563320826
"LPCHMCBP_02575",0,0,0,0,0,0
"LPCHMCBP_02576",0,0,0,0,0,0
"LPCHMCBP_02577",47.8162857805909,0,0,0,0,48.0976703632616
"LPCHMCBP_02578",0,0,0,0,0,0
"LPCHMCBP_02579",0,0,0,0,0,0
"LPCHMCBP_02580",0,0,0,0,0,0
"LPCHMCBP_02581",0,0,0,0,0,0
"LPCHMCBP_02582",0,0,0,0,0,0
"LPCHMCBP_02583",0,0,0,0,30.5372914610668,0
"LPCHMCBP_02584",0,0,42.8027870866345,36.831350695039,59.2782716597179,0
"LPCHMCBP_02585",0,0,0,0,0,0
"LPCHMCBP_02586",0,0,0,0,0,0
"LPCHMCBP_02587",0,0,0,0,0,0
"LPCHMCBP_02588",146.303560970465,73.8482590198745,51.1078054765786,0,0,0
"LPCHMCBP_02589",0,0,0,0,0,0
"LPCHMCBP_02590",14.987194050633,17.3760609458528,59.4128238665226,0,0,0
"LPCHMCBP_02591",0,0,0,0,0,0
"LPCHMCBP_02592",0,0,0,0,0,0
"LPCHMCBP_02593",0,0,0,0,0,0
"LPCHMCBP_02594",0,0,0,0,0,0
"LPCHMCBP_02595",0,0,0,0,0,0
"LPCHMCBP_02596",0,0,0,0,0,0
"LPCHMCBP_02597",16.414545864979,0,28.7481405805754,0,15.2686457305334,46.0509609861016
"LPCHMCBP_02598",0,0,0,0,0,0
"LPCHMCBP_02599",2.85470362869199,114.392401226864,28.1092930121182,87.232146382987,47.6022484540159,2.04670937716007
"LPCHMCBP_02600",73.5086184388189,0,95.8271352685848,22.2926596312078,123.047321475475,249.698544013528
"LPCHMCBP_02601",0,0,0,0,0,0
"LPCHMCBP_02603",296.175501476794,0,370.531589705195,861.659757049728,214.659195858675,279.375829982349
"LPCHMCBP_02604",23.551304936709,0,14.0546465060591,0,0,0
"LPCHMCBP_02605",0,0,0,0,0,0
"LPCHMCBP_02606",0,0,0,0,0,0
"LPCHMCBP_02607",0,0,0,0,0,0
"LPCHMCBP_02608",84.2137570464138,24.6160863399582,70.9120800987528,0,93.4081856456161,15.3503203287005
"LPCHMCBP_02609",0,0,0,0,0,0
"LPCHMCBP_02610",0,0,0,0,0,0
"LPCHMCBP_02611",0,0,0,0,0,0
"LPCHMCBP_02612",0,0,0,0,0,0
"LPCHMCBP_02613",0,0,0,0,0,0
"LPCHMCBP_02614",0.713675907172999,0,0,0,0,80.8450203978227
"LPCHMCBP_02615",87.7821365822788,514.04180298148,462.525639563036,317.912711262442,72.7506061278356,328.496855034191
"LPCHMCBP_02616",0,0,0,0,0,0
"LPCHMCBP_02617",0,0,0,0,0,0
"LPCHMCBP_02618",0,0,0,0,0,0
"LPCHMCBP_02619",0,0,0,0,0,0
"LPCHMCBP_02620",0,0,0,0,0,0
"LPCHMCBP_02621",0,0,0,0,0,0
"LPCHMCBP_02622",0,0,0,0,0,0
"LPCHMCBP_02623",0,0,0,0,0,0
"LPCHMCBP_02624",0,0,10.8604086637729,0,18.8612682553648,0
"LPCHMCBP_02625",0,0,0,0,0,0
"LPCHMCBP_02626",0,0,0,0,50.2967153476394,0
"LPCHMCBP_02627",0,0,0,0,0,0
"LPCHMCBP_02628",0,0,12.1381038006874,0,0.898155631207847,0
"LPCHMCBP_02629",0,0,0.638847568457232,0,0,1.02335468858003
"LPCHMCBP_02630",0,0,13.4157989376019,46.5238114042598,0,9.21019219722031
"LPCHMCBP_02631",0,0,65.8012995510949,0,0,0
"LPCHMCBP_02632",0,0,0,0,0,0
"LPCHMCBP_02633",0,0,0,0,0,0
"LPCHMCBP_02634",0,0,0,0,0,0
"LPCHMCBP_02635",0,0,0,0,0,0
"LPCHMCBP_02636",0,0,0,0,0,0
"LPCHMCBP_02637",0,0,0,0,0,0
"LPCHMCBP_02638",0,0,0,0,0,0
"LPCHMCBP_02639",0,0,0,0,0,0
"LPCHMCBP_02640",0,8.68803047292642,85.6055741732691,0,1.79631126241569,5.11677344290017
"LPCHMCBP_02641",4.28205544303799,0,1.9165427053717,0,0.898155631207847,2.04670937716007
"LPCHMCBP_02642",0,0,0,0,0,0
"LPCHMCBP_02643",0,0,0,0,27.8428245674433,0
"LPCHMCBP_02644",0,0,23.6373600329176,0,0,0
"LPCHMCBP_02645",0,0,0,0,0,0
"LPCHMCBP_02646",0,0,0,0,0,0
"LPCHMCBP_02647",0,0,0,0,0,0
"LPCHMCBP_02648",0,0,0,0,0,0
"LPCHMCBP_02649",366.829416286921,27.5120964976003,146.296093176706,18.4156753475195,219.149974014715,201.600873650267
"LPCHMCBP_02650",54.9530448523209,415.577457621647,194.209660810999,0,90.7137187519925,0
"LPCHMCBP_02651",0,0,0,0,0,0
"LPCHMCBP_02652",0,0,0,0,0,0
"LPCHMCBP_02653",36.3974712658229,0,0.638847568457232,0,0,0
"LPCHMCBP_02654",0,0,0,0,0,0
"LPCHMCBP_02655",0,8.68803047292642,0,0,0,0
"LPCHMCBP_02656",0,0,0,0,21.5557351489883,0
"LPCHMCBP_02657",85.6411088607598,0,81.1336411940685,0,16.1668013617412,0
"LPCHMCBP_02658",0,0,37.0531589705195,0,49.3985597164316,51.1677344290017
"LPCHMCBP_02659",0,0,0,0,0,0
"LPCHMCBP_02660",0,0,0,0,0,0
"LPCHMCBP_02661",0,0,0,0,0,0
"LPCHMCBP_02662",29.2607121940929,0,23.6373600329176,150.233140992922,50.2967153476394,0
"LPCHMCBP_02663",0,0,0,0,0,0
"LPCHMCBP_02664",0,0,0,0,0,0
"LPCHMCBP_02665",0,0,0,0,45.8059371916002,154.526557975585
"LPCHMCBP_02666",0,0,0,0,0,0
"LPCHMCBP_02667",22.837629029536,0,0,0,0,0
"LPCHMCBP_02668",0,0,0,0,0,0
"LPCHMCBP_02669",77.0769979746838,0,0,0,0,0
"LPCHMCBP_02670",0,0,0,0,0,0
"LPCHMCBP_02671",4.99573135021099,0,21.0819697590887,0,0,0
"LPCHMCBP_02672",0,0,0,0,0,0
"LPCHMCBP_02673",0,0,0,0,0,0
"LPCHMCBP_02674",0,0,0,0,0,0
"LPCHMCBP_02675",104.196682447258,0,73.4674703725817,299.497035914922,200.28870575935,0
"LPCHMCBP_02676",325.436213670887,134.664472330359,274.065606868153,151.202387063844,224.538907801962,147.363075155525
"LPCHMCBP_02677",0,0,0,0,0,0
"LPCHMCBP_02678",0,0,0,0,0,0
"LPCHMCBP_02679",0,0,0,0,0,0
"LPCHMCBP_02680",0,0,0,0,0,0
"LPCHMCBP_02681",0,0,0,0,0,0
"LPCHMCBP_02682",74.9359702531649,0,10.8604086637729,0,16.1668013617412,20.4670937716007
"LPCHMCBP_02683",0,0,0,0,0,0
"LPCHMCBP_02684",0,0,0,0,0,0
"LPCHMCBP_02685",0,1.44800507882107,61.3293665718943,0,0,1.02335468858003
"LPCHMCBP_02686",0,0,23.6373600329176,0,21.5557351489883,0
"LPCHMCBP_02687",0,0,0,0,0,0
"LPCHMCBP_02688",0,0,0,0,0,0
"LPCHMCBP_02689",0,0,0,0,0,0
"LPCHMCBP_02690",0,0,0,0,0,0
"LPCHMCBP_02691",0,0,0,0,1.79631126241569,0
"LPCHMCBP_02692",0,0,0,0,0,0
"LPCHMCBP_02693",0,0,0,0,0,0
"LPCHMCBP_02694",0,37.6481320493478,21.0819697590887,0,42.2133146667688,0
"LPCHMCBP_02695",0,0,0,0,0,0
"LPCHMCBP_02696",0,0,0,0,0,0
"LPCHMCBP_02697",0,0,0,0,0,0
"LPCHMCBP_02698",0,0,0,0,0,0
"LPCHMCBP_02699",0,0,0,0,54.7874935036787,0
"LPCHMCBP_02700",0,0,0,0,0,0
"LPCHMCBP_02701",0,0,25.5539027382893,0,0,0
"LPCHMCBP_02702",0,0,0,0,0,0
"LPCHMCBP_02703",0,0,0,0,0,0
"LPCHMCBP_02704",0,0,0,0,0,0
"LPCHMCBP_02705",59.2351002953589,0,0,0,0,0
"LPCHMCBP_02706",0,0,0,0,0,0
"LPCHMCBP_02707",0,0,0,0,0,0
"LPCHMCBP_02708",0,0,0,0,0,0
"LPCHMCBP_02709",228.37629029536,178.104624694992,109.881781774644,216.141873815623,88.9174074895769,134.059464203985
"LPCHMCBP_02710",0,0,0,0,0,0
"LPCHMCBP_02711",0,0,0,0,0,0
"LPCHMCBP_02712",0,0,0,0,0,0
"LPCHMCBP_02713",0,0,0,0,0,0
"LPCHMCBP_02714",0,0,0,0,0,0
"LPCHMCBP_02715",0,0,0,0,0,0
"LPCHMCBP_02716",62.0898039240509,81.0882844139799,235.734752760719,0,191.307149447271,315.193244082651
"LPCHMCBP_02717",0,0,0,0,0,0
"LPCHMCBP_02718",0,0,0,0,0,0
"LPCHMCBP_02719",0,0,0,0,0,0
"LPCHMCBP_02720",0,0,0,0,0,81.8683750864028
"LPCHMCBP_02721",1.427351814346,1.44800507882107,0,0,0.898155631207847,1.02335468858003
"LPCHMCBP_02722",2.141027721519,0,0,0,0,0
"LPCHMCBP_02723",0,0,0,0,0,0
"LPCHMCBP_02724",0,0,37.0531589705195,0,0,0
"LPCHMCBP_02725",0,0,0,0,0,0
"LPCHMCBP_02726",0,0,0,0,0,0
"LPCHMCBP_02727",0,0,0,0,0,0
"LPCHMCBP_02728",0,0,0,0,0,0
"LPCHMCBP_02729",54.9530448523209,5.79202031528428,15.3323416429736,0,63.7690498157571,12.2802562629604
"LPCHMCBP_02730",537.397958101268,1902.67867357089,2280.04697182386,609.655778609987,564.041736398528,1104.19970897786
"LPCHMCBP_02731",0,0,0,0,0,0
"LPCHMCBP_02732",39.9658508016879,154.936543433854,31.9423784228616,0,44.9077815603924,33.7707047231411
"LPCHMCBP_02733",0,0,0,0,0,0
"LPCHMCBP_02734",0,0,0,0,0,2.04670937716007
"LPCHMCBP_02735",0,0,0,0,0,0
"LPCHMCBP_02736",0,0,0,0,0,0
"LPCHMCBP_02737",0,0,0,0,0,0
"LPCHMCBP_02738",0,0,0,0,0,0
"LPCHMCBP_02739",0,0,0,0,0,0
"LPCHMCBP_02740",0,0,0,0,0,0
"LPCHMCBP_02741",0,0,0,0,0,0
"LPCHMCBP_02742",0,0,0,0,0,0
"LPCHMCBP_02743",0,0,0,0,0,0
"LPCHMCBP_02744",0,0,0,0,0,0
"LPCHMCBP_02745",0,149.14452311857,269.593673888952,0,0,58.331217249062
"LPCHMCBP_02746",0,0,0,0,0,0
"LPCHMCBP_02747",0,0,0,0,0,0
"LPCHMCBP_02748",49.9573135021099,23.1680812611371,21.0819697590887,49.431549617026,0,0
"LPCHMCBP_02749",0,0,0,0,0,0
"LPCHMCBP_02750",0,0,0,0,0,0
"LPCHMCBP_02751",0,0,0,0,0,0
"LPCHMCBP_02752",0,0,0,0,0,0
"LPCHMCBP_02753",0,0,0,0,0,0
"LPCHMCBP_02754",0,0,0,0,0,0
"LPCHMCBP_02755",0,0,0,0,0,0
"LPCHMCBP_02756",0,0,0,0,0,0
"LPCHMCBP_02757",367.543092194094,0,82.4113363309829,324.697433758896,97.0008081704475,141.222947024045
"LPCHMCBP_02758",0,0,0,0,0,0
"LPCHMCBP_02759",0,0,0,0,0,0
"LPCHMCBP_02760",0,0,0,0,0,0
"LPCHMCBP_02761",0,0,0,0,0,0
"LPCHMCBP_02762",0,0,0,0,0,0
"LPCHMCBP_02778",0,0,0,0,0,0
"LPCHMCBP_02779",0,0,0,0,0,0
"LPCHMCBP_02780",0,0,0,0,0,0
"LPCHMCBP_02781",0,0,0,0,0,0
"LPCHMCBP_02782",0,0,0,0,0,0
"LPCHMCBP_02783",0.713675907172999,1.44800507882107,0,0,0,0
"LPCHMCBP_02784",0,0,0,0,0,0
"LPCHMCBP_02785",0,0,0,0,0,0
"LPCHMCBP_02786",0,0,0,0,0,0
"LPCHMCBP_02787",0,0,0,0,0,0
"LPCHMCBP_02788",0,0,0,0,0,0
"LPCHMCBP_02789",0,0,0,0,0,0
"LPCHMCBP_02790",0,0,0,0,0.898155631207847,0
"LPCHMCBP_02791",0,0,0,0,13.4723344681177,0
"LPCHMCBP_02792",0,0,0,0,0,0
"LPCHMCBP_02793",4.28205544303799,0,0.638847568457232,0,0,0
"LPCHMCBP_02794",0,0,0,0,0,0
"LPCHMCBP_02795",0,0,0,0,0,0
"LPCHMCBP_02796",0,0,0,0,0,0
"LPCHMCBP_02797",0,0,0,0,0,0
"LPCHMCBP_02798",0,0,0,0,0,0
"LPCHMCBP_02799",33.5427676371309,0,30.6646832859471,0,21.5557351489883,0
"LPCHMCBP_02800",0,0,0,0,0,0
"LPCHMCBP_02801",0,0,0,0,0,0
"LPCHMCBP_02802",0,0,0,0,0,0
"LPCHMCBP_02803",0,0,0,0,0,0
"LPCHMCBP_02804",0,0,0,0,0,0
"LPCHMCBP_02805",0,0,0,0,0,0
"LPCHMCBP_02806",0,0,0,0,0,0
"LPCHMCBP_02807",36.3974712658229,0,0,3.87698428368831,104.18605322011,0
"LPCHMCBP_02808",0,0,0,0,0,0
"LPCHMCBP_02809",0,0,0,0,0,0
"LPCHMCBP_02810",0,0,0,0,0,0
"LPCHMCBP_02811",72.7949425316459,98.4643453598327,198.042746221742,52.3392878297922,91.6118743832004,282.445894048089
"LPCHMCBP_02812",0,0,0,0,0,0
"LPCHMCBP_02813",0,0,0,0,0,0
"LPCHMCBP_02814",69.2265629957809,0,0,0,0,70.6114735120224
"LPCHMCBP_02815",0,97.0163402810117,132.241446670647,77.5396856737663,57.4819603973022,143.269656401205
"LPCHMCBP_02816",0,0,0,0,0,0
"LPCHMCBP_02817",0,0,0,0,0,0
"LPCHMCBP_02818",0,0,0,0,0,0
"LPCHMCBP_02819",17.128221772152,0,33.8589211282333,0,25.1483576738197,17.3970297058606
"LPCHMCBP_02820",0,0,0,0,0,0
"LPCHMCBP_02821",0,0,0,0,35.028069617106,22.5138031487608
"LPCHMCBP_02822",0,0,0,0,0,0
"LPCHMCBP_02823",0,0,1.27769513691446,0,0,3.0700640657401
"LPCHMCBP_02824",0,0,0,0,0,0
"LPCHMCBP_02825",0,0,0,0,0,0
"LPCHMCBP_02826",0,0,0,0,0,0
"LPCHMCBP_02827",0,0,0,0,0,0
"LPCHMCBP_02828",0,0,0.638847568457232,0,0,2.04670937716007
"LPCHMCBP_02829",0,0,0,0,0,0
"LPCHMCBP_02830",0,0,0,0,0,0
"LPCHMCBP_02831",0,0,0,0,0,0
"LPCHMCBP_02832",0,0,0,0,0,0
"LPCHMCBP_02833",0,0,0,0,0,0
"LPCHMCBP_02834",0,0,0,0,0,0
"LPCHMCBP_02835",0,0,0,0,0,0
"LPCHMCBP_02836",0,0,32.5812259913188,149.263894922,0,67.5414094462823
"LPCHMCBP_02837",0,0,0,0,0,0
"LPCHMCBP_02838",0,0,0,0,0,0
"LPCHMCBP_02839",0,0,36.4143114020622,0,0,0
"LPCHMCBP_02840",0,0,0,0,0,0
"LPCHMCBP_02841",44.9615821518989,0,63.8847568457232,0,60.1764272909258,0
"LPCHMCBP_02842",0,89.7763148869063,72.1897752356672,0,176.038503716738,119.732498563864
"LPCHMCBP_02843",0,0,0,0,0,0
"LPCHMCBP_02844",0,0,0,0,0,0
"LPCHMCBP_02845",0,0,0,0,0,0
"LPCHMCBP_02846",0,0,0,0,0,0
"LPCHMCBP_02847",0,0,0,0,0,0
"LPCHMCBP_02848",0,0,0,0,0,0
"LPCHMCBP_02849",0,0,0,0,0,0
"LPCHMCBP_02850",0,0,0,0,0,0
"LPCHMCBP_02851",0,0,0,0,0,0
"LPCHMCBP_02852",0,0,0,0,0,0
"LPCHMCBP_02853",0,0,0,0,0,0
"LPCHMCBP_02854",0,0,0,0,0,0
"LPCHMCBP_02855",32.1154158227849,1.44800507882107,0,0,0,0
"LPCHMCBP_02856",0.713675907172999,0,0,115.340282439727,3.59262252483139,0
"LPCHMCBP_02857",0,0,0,0,0,0
"LPCHMCBP_02858",0,0,0,0,0,0
"LPCHMCBP_02859",0,0,7.66617082148678,0,0,0
"LPCHMCBP_02860",0,0,1.27769513691446,0,0,0
"LPCHMCBP_02861",0,0,0,0,0,0
"LPCHMCBP_02862",0,0,0,0,0,0
"LPCHMCBP_02863",0,0,0,0,0,0
"LPCHMCBP_02864",0,0,0,0,0,0
"LPCHMCBP_02865",0,0,0,0,0,0
"LPCHMCBP_02866",72.7949425316459,36.2001269705267,58.1351287296081,0,19.7594238865726,49.1210250518417
"LPCHMCBP_02867",0,0,0,0,0,0
"LPCHMCBP_02868",0,0,0,0,0,0
"LPCHMCBP_02869",0,0,0,0,0,0
"LPCHMCBP_02870",0,0,0,83.3551620992987,198.492394496934,0
"LPCHMCBP_02871",0,0,0,0,0,0
"LPCHMCBP_02872",0,0,0,0,0,0
"LPCHMCBP_02873",43.5342303375529,72.4002539410535,37.6920065389767,0,0,0
"LPCHMCBP_02874",0,0,0,0,0,0
"LPCHMCBP_02875",32.8290917299579,0,0,0,0,48.0976703632616
"LPCHMCBP_02876",783.616146075952,143.352502803286,323.256869639359,658.118082156091,397.882944625076,152.479848598425
"LPCHMCBP_02877",0,0,0,0,0,0
"LPCHMCBP_02878",0,0,0,0,0,0
"LPCHMCBP_02879",0,0,0,0,0,0
"LPCHMCBP_02880",0,0,0,0,0,0
"LPCHMCBP_02881",0,0,0,0,0,0
"LPCHMCBP_02882",32.8290917299579,44.8881574434532,82.4113363309829,2.90773821276624,177.834814979154,46.0509609861016
"LPCHMCBP_02883",0,0,0,0,0,0
"LPCHMCBP_02884",0,0,4.47193297920062,0,0,35.8174141003012
"LPCHMCBP_02885",0,0,0,0,0,0
"LPCHMCBP_02886",0,0,24.915055169832,0,0,104.382178235164
"LPCHMCBP_02887",0,0,0,0,0,0
"LPCHMCBP_02888",0,0,0,0,0,0
"LPCHMCBP_02889",0,0,0,0,0,0
"LPCHMCBP_02890",0,0,0,0,0,0
"LPCHMCBP_02891",0,0,0,0,0,0
"LPCHMCBP_02892",0,0,0,0,0,0
"LPCHMCBP_02893",0,0,0,0,0,0
"LPCHMCBP_02894",0,0,0,0,0,0
"LPCHMCBP_02895",0,0,0,0,0,0
"LPCHMCBP_02896",0,0,0,0,0,0
"LPCHMCBP_02897",0,0,0,0,0,0
"LPCHMCBP_02898",0,0,13.4157989376019,0,44.0096259291845,0
"LPCHMCBP_02899",0,0,0,0,0,0
"LPCHMCBP_02900",0,0,0,0,0,0
"LPCHMCBP_02901",0,0,0,0,0,0
"LPCHMCBP_02902",0,0,0,0,0,0
"LPCHMCBP_02903",21.41027721519,0,39.6085492443484,0,0,155.549912664165
"LPCHMCBP_02904",2.141027721519,10.1360355517475,65.8012995510949,62.031748539013,182.325593135193,61.4012813148021
"LPCHMCBP_02905",0,0,0,0,0,0
"LPCHMCBP_02906",0,0,0,0,0,0
"LPCHMCBP_02907",0,0,0,0,3.59262252483139,0
"LPCHMCBP_02908",0,0,0,0,0,0
"LPCHMCBP_02909",0,0,0,0,0,0
"LPCHMCBP_02910",49.9573135021099,0,68.3566898249238,124.063497078026,0,0
"LPCHMCBP_02911",0,0,0,0,0,0
"LPCHMCBP_02912",0,0,0,0,0,0
"LPCHMCBP_02913",0,0,0,0,0,0
"LPCHMCBP_02914",0,0,18.5265794852597,0,16.1668013617412,0
"LPCHMCBP_02915",0,0,0,0,0,0
"LPCHMCBP_02916",0,0,0,0,0,0
"LPCHMCBP_02917",0,0,0,0,0,0
"LPCHMCBP_02918",0,0,0,0,0,0
"LPCHMCBP_02919",0,0,0,0,0,0
"LPCHMCBP_02920",0,0,0,0,0,0
"LPCHMCBP_02921",0,0,0,0,0,0
"LPCHMCBP_02922",0,0,0,0,0,0
"LPCHMCBP_02923",0,0,0,0,0,0
"LPCHMCBP_02924",0,0,0,0,0,0
"LPCHMCBP_02925",0,0,0,0,0,0
"LPCHMCBP_02926",0,0,0,0,0,0
"LPCHMCBP_02927",0,0,0,0,0,0
"LPCHMCBP_02928",24.264980843882,66.6082336257692,113.714867185387,89.1706385248312,83.5284737023298,0
"LPCHMCBP_02929",0,0,0,0,0,0
"LPCHMCBP_02930",0,0,0,0,0,0
"LPCHMCBP_02931",0,0,0,0,0,0
"LPCHMCBP_02932",0,0,0,0,0,0
"LPCHMCBP_02933",0,0,0,5.81547642553247,0,0
"LPCHMCBP_02934",0,0,0,0,0,0
"LPCHMCBP_02935",0,0,0,0,0,0
"LPCHMCBP_02936",0,0,0,0,0,0
"LPCHMCBP_02937",0,0,0,0,0,0
"LPCHMCBP_02938",0,0,0,0,0,0
"LPCHMCBP_02939",0,0,0,0,0,0
"LPCHMCBP_02940",0,0,0,0,0,0
"LPCHMCBP_02941",0,0,0,0,0,0
"LPCHMCBP_02942",96.3462474683548,0,0,18.4156753475195,42.2133146667688,0
"LPCHMCBP_02943",0,0,0,0,0,0
"LPCHMCBP_02944",16.414545864979,0,73.4674703725817,106.617067801429,78.1395399150827,32.7473500345611
"LPCHMCBP_02945",0,0,0,0,0,0
"LPCHMCBP_02946",20.696601308017,20.272071103495,66.4401471195521,0,15.2686457305334,24.5605125259208
"LPCHMCBP_02947",0,0,0,0,0,0
"LPCHMCBP_02948",0,0,0,0,0,0
"LPCHMCBP_02949",0,0,0,0,0,0
"LPCHMCBP_02950",0,0,0,0,64.667205446965,80.8450203978227
"LPCHMCBP_02951",0,0,0,0,0,0
"LPCHMCBP_02952",0,0,0,0,0,0
"LPCHMCBP_02953",0,0,0,0,0,0
"LPCHMCBP_02954",0,0,0,0,0,0
"LPCHMCBP_02955",0,0,0,0,0,0
"LPCHMCBP_02956",0,8.68803047292642,0,0,0,0
"LPCHMCBP_02957",0,0,28.7481405805754,0,47.6022484540159,0
"LPCHMCBP_02958",0,0,0,0,0,0
"LPCHMCBP_02959",13.559842236287,0,38.9697016758912,0,0,63.4479906919621
"LPCHMCBP_02960",747.21867481013,958.579362179548,920.579346146871,994.446468766052,661.042544568975,825.847233684088
"LPCHMCBP_02961",0,0,0,0,0,0
"LPCHMCBP_02962",27.8333603797469,0,62.6070617088087,194.818460255338,2.69446689362354,7.16348282006024
"LPCHMCBP_02963",17.128221772152,0,0,0,26.9446689362354,36.8407687888812
"LPCHMCBP_02964",23.551304936709,0,0,67.8472249645455,0,0
"LPCHMCBP_02965",0,0,0,0,0,0
"LPCHMCBP_02966",0,0,0,0,0,0
"LPCHMCBP_02967",0,0,0,0,0,0
"LPCHMCBP_02968",0,0,0,0,0,0
"LPCHMCBP_02969",0,149.14452311857,0,0,0,0
"LPCHMCBP_02970",0,27.5120964976003,0,0,0,0
"LPCHMCBP_02971",0,0,0,0,0,0
"LPCHMCBP_02972",0,0,0,0,0,0
"LPCHMCBP_02973",0,0,0,0,0,0
"LPCHMCBP_02974",0,0,0,0,0,0
"LPCHMCBP_02975",0,0,0,0,0,0
"LPCHMCBP_02976",2.85470362869199,0,0,0,0,0
"LPCHMCBP_02977",0,0,0,0,0,0
"LPCHMCBP_02978",0,0,0,0,0,0
"LPCHMCBP_02979",152.726644135022,327.249147813562,261.288655499008,44.5853192624156,79.9358511774984,227.184740864768
"LPCHMCBP_02980",0,0,0,0,0,0
"LPCHMCBP_02981",111.333441518988,0,32.5812259913188,0,0,128.942690761084
"LPCHMCBP_02982",0,0,0,0,0,0
"LPCHMCBP_02983",0,0,0,0,0,0
"LPCHMCBP_02984",0,0,0,0,0,0
"LPCHMCBP_02985",0,0,0,0,0,0
"LPCHMCBP_02986",0,0,0,0,0,0
"LPCHMCBP_02987",165.572810464136,0,58.7739762980653,0,40.4170034043531,96.1953407265232
"LPCHMCBP_02988",0,0,0,0,0,0
"LPCHMCBP_02989",0,0,0,0,0,0
"LPCHMCBP_02990",0,0,0,0,0,0
"LPCHMCBP_02991",0,0,0,0,0,0
"LPCHMCBP_02992",0,0,0,0,0,0
"LPCHMCBP_02993",0,0,0,0,0,0
"LPCHMCBP_02994",0,0,0,0,0,3.0700640657401
"LPCHMCBP_02995",0,0,0,0,35.028069617106,0
"LPCHMCBP_02996",2.141027721519,0,45.9970249289207,0,0,25.5838672145009
"LPCHMCBP_02997",0,0,7.66617082148678,59.1240103262468,33.2317583546903,122.802562629604
"LPCHMCBP_02998",0,0,0,0,0,0
"LPCHMCBP_02999",0,0,0,0,0,0
"LPCHMCBP_03000",0,0,0,0,0,0
"LPCHMCBP_03001",0,0,0,0,0,0
"LPCHMCBP_03002",0,0,0,0,0,0
"LPCHMCBP_03003",1518.70233046414,1436.4210381905,447.193297920062,1408.31454104978,812.830846243102,529.074373995878
"LPCHMCBP_03004",0,0,0,0,0,0
"LPCHMCBP_03005",0,0,0,0,0,0
"LPCHMCBP_03006",0,0,0,0,0,0
"LPCHMCBP_03007",0,0,0,0,0,0
"LPCHMCBP_03008",0,0,0,0,0,0
"LPCHMCBP_03009",0,0,0,0,0,0
"LPCHMCBP_03010",0,0,0,0,0,0
"LPCHMCBP_03011",0,0,116.909105027673,192.879968113494,189.510838184856,78.7983110206627
"LPCHMCBP_03012",216.957475780592,241.816848163119,143.10185533442,0,85.3247849647455,140.199592335465
"LPCHMCBP_03013",0,0,0,0,0,0
"LPCHMCBP_03014",0,0,0,0,0,0
"LPCHMCBP_03015",0,0,0,0,35.9262252483139,0
"LPCHMCBP_03016",0,0,0,0,0,0
"LPCHMCBP_03017",0,0,0,0,0,0
"LPCHMCBP_03018",0,0,0,0,0,0
"LPCHMCBP_03019",0,0,0,0,0,0
"LPCHMCBP_03020",0,0,0,0,0,0
"LPCHMCBP_03021",0,0,0,0,0,0
"LPCHMCBP_03022",0,0,7.66617082148678,0,0,0
"LPCHMCBP_03023",0,0,0,0,0,0
"LPCHMCBP_03024",263.346409746836,292.497025921856,168.016910504252,185.125999546117,291.90058014255,293.70279562247
"LPCHMCBP_03025",0,0,0,0,0,0
"LPCHMCBP_03026",0,0,0,0,0,0
"LPCHMCBP_03027",0,0,0,0,0,0
"LPCHMCBP_03028",173.423245443039,241.816848163119,56.2185860242364,0,88.9174074895769,3.0700640657401
"LPCHMCBP_03029",0,0,0,0,0,0
"LPCHMCBP_03030",24.264980843882,28.9601015764214,21.7208173275459,63.9702406808572,198.492394496934,52.1910891175818
"LPCHMCBP_03031",0,0,0,0,0,0
"LPCHMCBP_03032",0,0,0,0,0,0
"LPCHMCBP_03033",0,0,0,0,0,0
"LPCHMCBP_03034",0,0,0,0,0,0
"LPCHMCBP_03035",0,0,0,0,0,0
"LPCHMCBP_03036",0,0,0,0,0,0
"LPCHMCBP_03037",0,0,0,67.8472249645455,0,0
"LPCHMCBP_03038",0,0,0,0,0,0
"LPCHMCBP_03039",0,0,0,0,0,0
"LPCHMCBP_03040",0,0,0,0,0,0
"LPCHMCBP_03041",0,0,0,0,0,0
"LPCHMCBP_03042",57.8077484810129,0,0,0,0,0
"LPCHMCBP_03043",0,0,0,0,0,0
"LPCHMCBP_03044",0,0,0,0,43.1114702979767,0
"LPCHMCBP_03045",0,0,0,0,0,0
"LPCHMCBP_03046",0,0,0,0,0,0
"LPCHMCBP_03047",0,0,0,0,0,0
"LPCHMCBP_03048",0,0,0,0,0,0
"LPCHMCBP_03049",0,0,0,0,0,0
"LPCHMCBP_03050",0,0,0,0,0,0
"LPCHMCBP_03051",0,0,0,0,0,0
"LPCHMCBP_03052",0,0,0,0,0,0
"LPCHMCBP_03053",0,0,0,0,0,0
"LPCHMCBP_03054",0,0,0,0,0,0
"LPCHMCBP_03055",0,0,0,0,0,0
"LPCHMCBP_03056",0,0,0,0,0,0
"LPCHMCBP_03057",0,0,0,0,0,0
"LPCHMCBP_03058",0,0,0,0,0,0
"LPCHMCBP_03059",0,0,0,0,0,0
"LPCHMCBP_03060",0,0,0,0,0,0
"LPCHMCBP_03061",0,0,0,0,0,0
"LPCHMCBP_03062",0,0,0,0,0,0
"LPCHMCBP_03063",0,0,0,0,0,0
"LPCHMCBP_03064",0,0,0,0,0,0
"LPCHMCBP_03065",0,0,0,0,0,0
"LPCHMCBP_03066",0,0,0,0,0,0
"LPCHMCBP_03067",0,0,0,0,0,0
"LPCHMCBP_03068",0,0,0,0,0,0
"LPCHMCBP_03069",0,0,0,0,0,0
"LPCHMCBP_03070",0,0,0,0,0,0
"LPCHMCBP_03071",0,0,0,0,0,0
"LPCHMCBP_03072",74.2222943459919,267.880939581898,54.3020433188647,0,81.7321624399141,152.479848598425
"LPCHMCBP_03073",27.8333603797469,0,0,8.72321463829871,0,0
"LPCHMCBP_03074",0,0,0,0,0,0
"LPCHMCBP_03075",0,0,0,0,0,0
"LPCHMCBP_03076",0,0,0,0,0,0
"LPCHMCBP_03077",0,0,0,0,0,0
"LPCHMCBP_03078",0,0,0,0,0,0
"LPCHMCBP_03079",0,0,0,0,0,0
"LPCHMCBP_03080",13.559842236287,20.272071103495,21.0819697590887,0,17.9631126241569,0
"LPCHMCBP_03081",87.0684606751058,0,97.1048304054993,111.463298156039,0,0
"LPCHMCBP_03082",91.3505161181438,0,65.1624519826377,0,96.1026525392396,122.802562629604
"LPCHMCBP_03083",0,0,0,0,0,0
"LPCHMCBP_03084",0,0,0,0,0,0
"LPCHMCBP_03085",0,0,0,0,0,0
"LPCHMCBP_03086",0,0,0,0,0,0
"LPCHMCBP_03087",0,0,0,0,0,0
"LPCHMCBP_03088",392.521748945149,317.113112261814,261.927503067465,261.696439148961,378.123520738504,285.51595811383
"LPCHMCBP_03089",0,0,0,0,0,0
"LPCHMCBP_03090",0,0,0,0,0,0
"LPCHMCBP_03091",377.534554894516,915.139209814916,364.143114020622,383.821444085143,280.224556936848,52.1910891175818
"LPCHMCBP_03092",0,0,0,0,0,0
"LPCHMCBP_03093",110.619765611815,69.5042437834113,155.239959135107,84.3244081702208,149.093834780503,193.414036141626
"LPCHMCBP_03094",53.5256930379749,0,8.94386595840125,0,59.2782716597179,0
"LPCHMCBP_03095",0,0,0,0,0,0
"LPCHMCBP_03096",0,0,0,0,0,0
"LPCHMCBP_03097",0,0,0,0,0,0
"LPCHMCBP_03098",0,0,0,0,0,0
"LPCHMCBP_03099",0,0,0,0,0,0
"LPCHMCBP_03100",0,0,0,0,0,0
"LPCHMCBP_03101",0,0,17.8877319168025,0,0,0
"LPCHMCBP_03102",0,0,0,0,0,0
"LPCHMCBP_03103",0,0,0,0,0,0
"LPCHMCBP_03104",0,0,0,0,0,0
"LPCHMCBP_03105",0,0,0,0,0,0
"LPCHMCBP_03106",0,0,0,0,0,0
"LPCHMCBP_03107",0,0,0,0,0,0
"LPCHMCBP_03108",0,0,0,0,0,0
"LPCHMCBP_03109",0,0,0,0,0,0
"LPCHMCBP_03110",0,0,0,0,0,0
"LPCHMCBP_03111",0,0,0,0,0,0
"LPCHMCBP_03112",0,0,0,0,0,0
"LPCHMCBP_03113",0,0,0,0,0,0
"LPCHMCBP_03114",0,0,0,0,0,0
"LPCHMCBP_03115",0,0,0,0,0,0
"LPCHMCBP_03116",0,0,0,0,0,0
"LPCHMCBP_03117",0,0,0,0,0,0
"LPCHMCBP_03118",0,0,42.8027870866345,0,132.927033418761,0
"LPCHMCBP_03119",0,0,0,0,0,0
"LPCHMCBP_03120",0,0,0,0,0,0
"LPCHMCBP_03121",0,0,0,0,0,0
"LPCHMCBP_03122",0,0,0,0,0,0
"LPCHMCBP_03123",0,0,0,0,0,0
"LPCHMCBP_03124",2.85470362869199,123.080431699791,26.8315978752037,165.741078127675,107.778675744942,167.830168927126
"LPCHMCBP_03125",0,0,0,0,0,0
"LPCHMCBP_03126",0,0,0,0,0,0
"LPCHMCBP_03127",0,0,0,0,0,0
"LPCHMCBP_03128",0,0,0,0,0,0
"LPCHMCBP_03129",0,0,0,0,0,0
"LPCHMCBP_03130",0,0,0,0,0,0
"LPCHMCBP_03131",0,0,0,0,0,0
"LPCHMCBP_03132",0,0,0,0,0,0
"LPCHMCBP_03133",0,0,0,0,0,0
"LPCHMCBP_03134",0,0,0,0,0,0
"LPCHMCBP_03135",0,0,0,0,0,0
"LPCHMCBP_03136",0,0,0,0,0,0
"LPCHMCBP_03137",0,0,0,0,0,0
"LPCHMCBP_03138",0,0,0,0,0,0
"LPCHMCBP_03139",0,0,0,0,0,0
"LPCHMCBP_03140",0,0,0,0,0,0
"LPCHMCBP_03141",0,0,0,0,0,0
"LPCHMCBP_03142",0,0,0,0,0,0
"LPCHMCBP_03143",186.269411772153,1116.41191577104,365.420809157537,98.863099234052,185.918215660024,269.142283096549
"LPCHMCBP_03144",49.2436375949369,0,0,0,40.4170034043531,28.653931280241
"LPCHMCBP_03145",0,0,0,0,0,0
"LPCHMCBP_03146",0,0,0,0,0,0
"LPCHMCBP_03147",0,0,0,0,0,0
"LPCHMCBP_03148",0,0,0,0,0,0
"LPCHMCBP_03149",0,0,0,0,0,0
"LPCHMCBP_03150",0,0,0,0,0,0
"LPCHMCBP_03151",0,0,0,0,0,0
"LPCHMCBP_03152",0,0,0,0,0,0
"LPCHMCBP_03153",0,0,0,0,0,0
"LPCHMCBP_03154",0,0,0,0,0,0
"LPCHMCBP_03155",0,0,0,0,0,0
"LPCHMCBP_03156",0,0,0,0,0,0
"LPCHMCBP_03157",0,0,0,0,0,0
"LPCHMCBP_03158",0,0,0,0,0,0
"LPCHMCBP_03159",0,0,0,0,0,0
"LPCHMCBP_03160",0,0,1.9165427053717,0,10.7778675744942,0
"LPCHMCBP_03161",1.427351814346,0,1.9165427053717,0,116.76023205702,0
"LPCHMCBP_03162",0,0,0,0,0,0
"LPCHMCBP_03163",0,0,0,0,0,0
"LPCHMCBP_03164",0,0,0,38.7698428368831,95.2044969080318,23.5371578373408
"LPCHMCBP_03165",0,0,0,0,0,0
"LPCHMCBP_03166",18.555573586498,0,17.8877319168025,0,0,42.9808969203614
"LPCHMCBP_03167",118.470200590718,0,35.1366162651478,210.326397390091,90.7137187519925,0
"LPCHMCBP_03168",0,0,17.2488843483453,0,0,0
"LPCHMCBP_03169",0,0,0,0,0,0
"LPCHMCBP_03170",0,0,0,0,0,0
"LPCHMCBP_03171",0,0,0,0,0,0
"LPCHMCBP_03172",0,0,0,0,0,0
"LPCHMCBP_03173",0,0,0,0,0,0
"LPCHMCBP_03174",0,0,0,157.987109560299,0,0
"LPCHMCBP_03175",116.329172869199,0,35.775463833605,252.973224510662,33.2317583546903,1.02335468858003
"LPCHMCBP_03176",0,0,0,0,44.0096259291845,0
"LPCHMCBP_03177",0,0,0,0,0,0
"LPCHMCBP_03178",0,0,0,0,0,0
"LPCHMCBP_03179",0,0,83.0501838994402,1.93849214184416,5.38893378724708,1.02335468858003
"LPCHMCBP_03180",0,0,0,0,0,0
"LPCHMCBP_03181",0,0,0,0,0,0
"LPCHMCBP_03182",0,0,0,0,0,0
"LPCHMCBP_03183",0,0,0,0,0,0
"LPCHMCBP_03184",0,0,0,0,0,0
"LPCHMCBP_03185",0,0,0.638847568457232,0,0,0
"LPCHMCBP_03186",0,0,0,0,0,0
"LPCHMCBP_03187",114.18814514768,36.2001269705267,81.1336411940685,0,115.862076425812,153.503203287005
"LPCHMCBP_03188",213.389096244727,27.5120964976003,212.736240296258,200.63393668087,202.983172652973,119.732498563864
"LPCHMCBP_03189",0,0,0,0,0,0
"LPCHMCBP_03190",0,0,0,0,0,0
"LPCHMCBP_03191",0,0,0,0,0,0
"LPCHMCBP_03192",0,0,0,0,0,0
"LPCHMCBP_03193",0,0,0,0,0,0
"LPCHMCBP_03194",0,0,0,0,0,0
"LPCHMCBP_03195",0,0,0,0,0,0
"LPCHMCBP_03196",0,0,0,0,0,0
"LPCHMCBP_03197",0,0,0,0,0,0
"LPCHMCBP_03198",0,0,0,0,0,0
"LPCHMCBP_03199",0,0,0,0,0,0
"LPCHMCBP_03200",0,0,0,0,0,0
"LPCHMCBP_03201",0,0,0,0,0,0
"LPCHMCBP_03202",0,0,0,0,0,0
"LPCHMCBP_03203",0,0,0,0,0,0
"LPCHMCBP_03204",0,0,0,0,0,0
"LPCHMCBP_03205",0,0,0,0,0,0
"LPCHMCBP_03206",0,0,0,0,0,0
"LPCHMCBP_03207",0,0,0,0,0,0
"LPCHMCBP_03208",0,0,0,0,0,0
"LPCHMCBP_03209",0,0,0,0,0,0
"LPCHMCBP_03210",0,0,0,0,0,0
"LPCHMCBP_03211",0,0,0,0,0,0
"LPCHMCBP_03212",0,0,0,0,0,0
