"","HI_Serum_ERR1801009","HI_Serum_ERR1801010","HI_Serum_ERR1801011","BHI_ERR1801012","BHI_ERR1801013","BHI_ERR1801014"
"LPCHMCBP_00001",0,0,0,0,0,0
"LPCHMCBP_00002",0,0,0,0,0,0
"LPCHMCBP_00003",0,0,0,0,0,0
"LPCHMCBP_00004",0,0,0,0,0,0
"LPCHMCBP_00005",0,0,0,0,0,0
"LPCHMCBP_00006",0,0,0,0,0,0
"LPCHMCBP_00022",0,0,0,0,0,0
"LPCHMCBP_00024",0,147.9109084535,0,0,0,0
"LPCHMCBP_00025",0,0,0,0,0,0
"LPCHMCBP_00026",0,0,0,0,0,0
"LPCHMCBP_00027",0,0,0,0,0,0
"LPCHMCBP_00028",0,0,0,0,0,0
"LPCHMCBP_00029",0,0,0,0,0,0
"LPCHMCBP_00030",149.697802008233,177.116247065337,27.2956352569334,0,0,0
"LPCHMCBP_00031",0,0,0,0,0,0
"LPCHMCBP_00032",0,0,0.852988601779168,0,0,0
"LPCHMCBP_00033",0,0,0,0,0,0
"LPCHMCBP_00034",0,0,0,0,0,1.11632283346323
"LPCHMCBP_00035",0,0,0,0,0,0
"LPCHMCBP_00036",0,0,0,0,0,81.4915668428161
"LPCHMCBP_00037",213.613717472423,0,220.924047860804,0,220.072132922576,119.446543180566
"LPCHMCBP_00038",0,0,0,0,0,0
"LPCHMCBP_00039",0,0,0,0,0,0
"LPCHMCBP_00040",0,0,0,0,0,0
"LPCHMCBP_00041",0,0,5.97092021245417,0,4.15230439476559,0
"LPCHMCBP_00042",0,0,0,0,0,0
"LPCHMCBP_00043",814.927922168417,595.412064602623,512.64614966928,723.577668246558,486.857690286265,532.485991561962
"LPCHMCBP_00044",0,0.942107697156049,75.0629969565668,0,0,60.2814330070146
"LPCHMCBP_00045",0,0,39.2374756818417,0,0,0
"LPCHMCBP_00046",0,0,0,0,0,0
"LPCHMCBP_00047",0,0,292.575090410255,0,0,0
"LPCHMCBP_00048",0,0,0,0,0,0
"LPCHMCBP_00049",0,0,0,0,0,0
"LPCHMCBP_00050",202.680731932496,0,189.363469594975,131.465470482565,220.072132922576,158.517842351779
"LPCHMCBP_00051",0,0,0,0,0,0
"LPCHMCBP_00052",0,0,93.8287461957085,38.3009638413772,95.5030010796086,66.979370007794
"LPCHMCBP_00053",205.203728595556,167.695170093777,121.124381452642,483.420273349274,210.729448034354,720.028227583786
"LPCHMCBP_00054",0,0,0,0,0,0
"LPCHMCBP_00055",0,0,0,0,0,0
"LPCHMCBP_00056",0,0,0,0,0,0
"LPCHMCBP_00057",0,0,0,0,0,0
"LPCHMCBP_00058",0,0,0,0,0,0
"LPCHMCBP_00059",0,0,0,0,0,0
"LPCHMCBP_00060",0,0,0,0,0,0
"LPCHMCBP_00061",0,0,76.7689741601251,0,0,0
"LPCHMCBP_00062",0,0,0,0,0,0
"LPCHMCBP_00063",0,0,0,0,125.607207941659,1.11632283346323
"LPCHMCBP_00064",0,0,0,0,0,0
"LPCHMCBP_00065",0,0,0,0,0,0
"LPCHMCBP_00066",0,0,0,0,0,0
"LPCHMCBP_00067",0,0,0,0,0,0
"LPCHMCBP_00068",0,0,0,0,0,0
"LPCHMCBP_00069",0,0,0,0,0,0
"LPCHMCBP_00070",2520.47366639705,3486.74058717454,5116.22563347145,629.378000420468,47.7515005398043,128.377125848272
"LPCHMCBP_00071",0,0,15.353794832025,0,0,0
"LPCHMCBP_00072",108.488856511585,0,237.130831294609,1224.59568173917,1931.85961966469,2574.24045396622
"LPCHMCBP_00073",0,0,0,0,0,0
"LPCHMCBP_00074",2148.75215803953,3138.1607392268,3111.7024192904,1997.86108686102,2080.30450177756,1742.57994303611
"LPCHMCBP_00075",0,0,0,0,0,0
"LPCHMCBP_00076",0,0,0,0,0,0
"LPCHMCBP_00077",531.511297017997,285.458632238283,162.920822939821,0,39.4468917502731,542.532897063132
"LPCHMCBP_00078",238.843684103024,672.664895769419,166.332777346938,402.677700926911,121.454903546894,1040.41288078773
"LPCHMCBP_00079",6522.78737289808,3568.70395682711,3402.5715324971,2740.07165643582,2632.56098628138,1677.83321869524
"LPCHMCBP_00080",0,0,0,0,0,0
"LPCHMCBP_00081",0,0,0,0,86.160316191386,0
"LPCHMCBP_00082",52.9829299242624,203.495262585707,389.81579101308,81.7777336072648,264.709405166306,159.634165185242
"LPCHMCBP_00083",0,0,0,0,0,0
"LPCHMCBP_00084",96.714872083971,334.448232490397,92.9757575939293,0,0,425.318999549492
"LPCHMCBP_00085",179.973761964955,0,214.95312764835,192.539980391788,0,292.476582367367
"LPCHMCBP_00086",1020.13165076397,800.791542582641,539.941784926213,495.842207568099,477.515005398043,353.874338207845
"LPCHMCBP_00087",0,0,0,0,0,0
"LPCHMCBP_00088",0,0,0,0,0,0
"LPCHMCBP_00089",187.542751954135,0,63.9741451334376,312.61867784043,320.765514495642,0
"LPCHMCBP_00090",0,0,0,0,0,0
"LPCHMCBP_00091",237.161686327651,0,323.282680074305,120.078697448642,371.63124333152,376.20079487711
"LPCHMCBP_00092",278.370631824299,0,320.723714268967,754.63250379362,146.368729915487,376.20079487711
"LPCHMCBP_00093",74.00790211643,0,378.72693918995,0,98.6172293756828,200.938110023382
"LPCHMCBP_00094",0,0,0,0,0,0
"LPCHMCBP_00095",0,0,0,0,0,0
"LPCHMCBP_00096",0,0,0,0,0,0
"LPCHMCBP_00097",0,0,0,0,0,0
"LPCHMCBP_00098",1438.10809794426,930.802404790176,1332.36819597906,575.549618805559,1681.68327988006,1216.79188847492
"LPCHMCBP_00099",0,0,0,0,220.072132922576,0
"LPCHMCBP_00100",3.36399555074682,0,0,0,0,0
"LPCHMCBP_00101",0,0,0,0,0,0
"LPCHMCBP_00102",0,0,0,0,0,0
"LPCHMCBP_00103",339.763550625429,316.548186244432,110.035529629513,290.880292957486,0,0
"LPCHMCBP_00104",108.488856511585,0,249.072671719517,0,0,0
"LPCHMCBP_00105",0,0,0,0,0,0
"LPCHMCBP_00106",0,0,0,0,0,0
"LPCHMCBP_00107",0,0,0,0,0,0
"LPCHMCBP_00108",0.840998887686704,0,0,0,0,0
"LPCHMCBP_00109",0,0,0,0,0,0
"LPCHMCBP_00110",0,0,0,0,0,0
"LPCHMCBP_00111",0,0,0,0,0,0
"LPCHMCBP_00112",0,0,0,0,0,0
"LPCHMCBP_00113",0,0,0.852988601779168,0,0,0
"LPCHMCBP_00114",0,0,0,0,0,0
"LPCHMCBP_00115",0,0,0,0,0,0
"LPCHMCBP_00116",0,0,0,0,0,0
"LPCHMCBP_00117",0,0,0,0,0,0
"LPCHMCBP_00118",0,0,0,0,0,0
"LPCHMCBP_00119",0,0,0,0,0,0
"LPCHMCBP_00120",0,0,0,0,0,0
"LPCHMCBP_00121",0,0.942107697156049,5.11793161067501,0,1.0380760986914,18.977488168875
"LPCHMCBP_00122",0,0,0,0,0,0
"LPCHMCBP_00123",0,0,0,0,0,0
"LPCHMCBP_00124",0,0,0,0,1.0380760986914,0
"LPCHMCBP_00125",0,0,34.9725326729459,0,0,0
"LPCHMCBP_00126",0,0,0,0,0,0
"LPCHMCBP_00127",0,0,0,0,0,0
"LPCHMCBP_00128",0.840998887686704,0,0,0,0,0
"LPCHMCBP_00129",0,0,0,0,4.15230439476559,0
"LPCHMCBP_00130",0,0,0,0,0,0
"LPCHMCBP_00131",0,0,0,0,0,0
"LPCHMCBP_00132",0,0,0,0,0,0
"LPCHMCBP_00133",0,0,0,0,0,0
"LPCHMCBP_00134",0,0,47.7673616996334,0,0,0
"LPCHMCBP_00135",33.6399555074682,0,114.300472638408,179.082884988061,0,319.268330370485
"LPCHMCBP_00136",0,0,0,0,0,0
"LPCHMCBP_00137",0,0,0,0,0,0
"LPCHMCBP_00138",350.696536165356,642.517449460425,793.279399654626,634.553806344978,449.486950733375,39.0712991712132
"LPCHMCBP_00139",335.558556186995,0,480.232582801671,269.141908074542,35.2945873555075,267.917480031176
"LPCHMCBP_00140",0,0,0,0,0,0
"LPCHMCBP_00141",0,0,0,0,0,0
"LPCHMCBP_00142",0,0,0,0,0,0
"LPCHMCBP_00143",0,0,0,0,0,0
"LPCHMCBP_00144",0,0,0,0,0,0
"LPCHMCBP_00145",0,0,0,0,0,0
"LPCHMCBP_00146",0,0,0,0,0,0
"LPCHMCBP_00148",0,0,0,0,0,0
"LPCHMCBP_00149",0,0,0,0,0,0
"LPCHMCBP_00150",0,0,0,0,0,0
"LPCHMCBP_00151",0,0,0,0,0,0
"LPCHMCBP_00152",0,0,0,0,0,0
"LPCHMCBP_00153",0,0,0,0,0,0
"LPCHMCBP_00154",0,0,0,0,0,0
"LPCHMCBP_00155",0,0,0,0,0,0
"LPCHMCBP_00156",70.6439065656832,0,126.242313063317,0,254.328644179392,199.821787189919
"LPCHMCBP_00157",1117.68752173563,1400.91414567104,713.951459689163,195.645463946494,876.13622729554,292.476582367367
"LPCHMCBP_00158",1412.87813131366,1866.31534806613,1505.52488214023,1142.8179481319,1773.03397656491,1743.69626586957
"LPCHMCBP_00159",930.144769781495,1300.10862207535,458.907867757192,374.728348934555,548.104180109058,803.752440093528
"LPCHMCBP_00160",0,0,0,0,0,0
"LPCHMCBP_00161",0,0,0,0,128.721436237733,0
"LPCHMCBP_00162",212.772718584736,280.748093752503,0,271.212230444346,120.416827448202,0
"LPCHMCBP_00163",0,0,46.9143730978542,23.808707252748,31.1422829607419,74.7936298420367
"LPCHMCBP_00164",0,165.810954699465,61.4151793281001,0,104.845685967831,0
"LPCHMCBP_00165",0,0,0,0,0,0
"LPCHMCBP_00166",0,0,0,0,0,0
"LPCHMCBP_00167",2399.36982657017,3205.99249342203,4164.2903538859,2607.57102476835,3443.29841935937,1772.72065953962
"LPCHMCBP_00168",0,0,77.6219627619043,0,0,0
"LPCHMCBP_00169",0,0,0,0,0,0
"LPCHMCBP_00170",0,0,0,0,0,0
"LPCHMCBP_00171",1354.00820917559,1225.68211400002,735.276174733643,898.51990849501,726.653269083978,336.013172872433
"LPCHMCBP_00172",652.615136844883,296.763924604155,960.465165603343,341.603191017688,153.635262606327,0
"LPCHMCBP_00173",0,0,0,0,0,0
"LPCHMCBP_00174",4943.39146182245,4107.58955960037,5807.99938951435,3468.82513060689,3334.30042899677,3107.84276836164
"LPCHMCBP_00175",2189.12010464849,556.785649019225,2390.92705078701,1713.19176101295,896.897749269368,1117.4391562967
"LPCHMCBP_00176",52.1419310365757,0,169.744731754054,150.098371810802,49.8276527371871,97.1200865113013
"LPCHMCBP_00177",0,0,0,0,0,0
"LPCHMCBP_00178",1292.61529037446,820.575804222918,1625.79627499109,1251.50987254662,912.468890749739,233.311472193816
"LPCHMCBP_00179",956.215735299783,0,984.34884645316,539.318977333986,630.112191905678,500.112629391529
"LPCHMCBP_00180",0,0,0,0,0,0
"LPCHMCBP_00181",0,0,0,0,0,0
"LPCHMCBP_00182",0,0,0,0,0,0
"LPCHMCBP_00183",0,0,0,0,0,0
"LPCHMCBP_00184",0,0,0,0,0,0
"LPCHMCBP_00185",0,0,0,0,0,0
"LPCHMCBP_00186",0,0,0,0,0,0
"LPCHMCBP_00187",0,0,0,0,91.350696684843,0
"LPCHMCBP_00188",0,0,0,0,0,0
"LPCHMCBP_00189",0,0,0,0,0,0
"LPCHMCBP_00190",0,0,0,0,0,0
"LPCHMCBP_00191",0,0,0,0,0,0
"LPCHMCBP_00192",0,0,0,0,0,0
"LPCHMCBP_00193",0,0,0,0,0,0
"LPCHMCBP_00194",0,0.942107697156049,0,0,0,0
"LPCHMCBP_00195",0,345.75352485627,0,0,0,0
"LPCHMCBP_00196",1885.51950619359,603.891033877027,437.583152712713,1514.44081351175,1622.51294225465,986.829384781499
"LPCHMCBP_00197",0,0,0,0,0,0
"LPCHMCBP_00198",0,0,0,0,0,0
"LPCHMCBP_00199",0,0,0,0,0,0
"LPCHMCBP_00200",0,0,167.185765948717,158.379661290019,133.91181673119,5.58161416731617
"LPCHMCBP_00201",0,0,0,0,0,0
"LPCHMCBP_00202",0,0,0,0,0,0
"LPCHMCBP_00203",0,0,0,0,0,0
"LPCHMCBP_00204",0,0,0,0,0,0
"LPCHMCBP_00205",276.688634048926,348.579847947738,190.216458196754,215.313526459634,559.523017194663,387.364023211742
"LPCHMCBP_00206",195.111741943315,0,179.127606373625,0,0,251.172637529228
"LPCHMCBP_00207",0,0,0,0,0,0
"LPCHMCBP_00208",0,0,0,0,0,0
"LPCHMCBP_00209",42.8909432720219,0,136.478176284667,0,139.102197224647,0
"LPCHMCBP_00210",0,0,0,0,5.19038049345699,0
"LPCHMCBP_00211",0,0,0,0,0,0
"LPCHMCBP_00212",74.8489010041167,300.53235539278,168.038754550496,395.431572632597,321.803590594333,520.206440393867
"LPCHMCBP_00213",5797.00533282445,3707.19378830905,4427.01084323388,3513.33706155768,2832.90967332882,5511.28582880799
"LPCHMCBP_00214",8.40998887686704,0,0,0,0,1.11632283346323
"LPCHMCBP_00215",41.2089454966485,0,60.5621907263209,104.551279675111,0,0
"LPCHMCBP_00216",1169.82945277221,1882.33117891779,1697.44731754054,1360.20179696134,1033.92379429663,1190.00014047181
"LPCHMCBP_00217",617.293183562041,587.875203025374,794.132388256405,318.829644949842,798.280519893685,218.799275358794
"LPCHMCBP_00218",220.341708573917,484.243356338209,35.825521274725,209.102559350221,125.607207941659,139.540354182904
"LPCHMCBP_00219",0.840998887686704,0,30.70758966405,0,0,0
"LPCHMCBP_00220",0,0,0,0,0,0
"LPCHMCBP_00221",0,0,0,0,0,0
"LPCHMCBP_00222",0,0,0,0,0,0
"LPCHMCBP_00223",0,0,0,0,1.0380760986914,0
"LPCHMCBP_00224",755.21700114266,918.555004727148,1443.25671421035,343.673513387492,871.983922900774,680.956928412573
"LPCHMCBP_00225",479.369365981421,0.942107697156049,112.59449543485,0,112.112218658671,446.529133385294
"LPCHMCBP_00227",0,0,0,0,0,0
"LPCHMCBP_00228",0,0,0,0,0,0
"LPCHMCBP_00229",0,0,0,0,132.873740632499,0
"LPCHMCBP_00230",174.086769751148,0,0,0,0,63.6304015074043
"LPCHMCBP_00231",0,0,0,0,0,0
"LPCHMCBP_00232",459.185392676941,1767.39403986475,966.436085815797,524.826720745357,395.506993601422,792.589211758896
"LPCHMCBP_00233",307.805592893334,0,398.345677030871,89.0238619015793,396.545069700114,210.985015524551
"LPCHMCBP_00234",155.58479422204,0,0,0,0,0
"LPCHMCBP_00235",0,0,0,0,0,0
"LPCHMCBP_00236",3783.65399570248,10030.6206516205,6006.7457337289,4287.63762786444,6712.20005413858,7064.09089015534
"LPCHMCBP_00237",0,0,29.0016124604917,0,0,0
"LPCHMCBP_00238",0,0,0,0,0,0
"LPCHMCBP_00239",0,0,85.2988601779168,1.03516118490209,0,0
"LPCHMCBP_00240",0,0,0,0,5.19038049345699,0
"LPCHMCBP_00241",914.165790915448,0,957.906199798005,1087.95440533209,811.775509176673,539.183928562742
"LPCHMCBP_00242",2935.92711691428,1547.88294642739,3521.98993674618,1239.0879383278,3573.05793169579,4516.64218419224
"LPCHMCBP_00243",91.6688787578508,0,277.22129557823,132.500631667467,3.11422829607419,7.81425983424264
"LPCHMCBP_00244",188.383750841822,151.679339242124,341.195440711667,403.712862111813,205.539067540897,404.108865713691
"LPCHMCBP_00245",0,0,0,0,0,0
"LPCHMCBP_00246",0,0,72.5040311512293,0,43.5991961450387,31.2570393369705
"LPCHMCBP_00247",2167.25413356864,1664.70430087474,1886.81078713552,1695.59402086962,2219.40669900221,1329.54049465471
"LPCHMCBP_00248",0,0,0,0,0,0
"LPCHMCBP_00249",0,0,0,0,0,0
"LPCHMCBP_00250",0,0,0,0,0,0
"LPCHMCBP_00251",0,0,0,0,0,0
"LPCHMCBP_00252",0,0,0.852988601779168,0,0,0
"LPCHMCBP_00253",470.959377104554,608.601572362807,696.89168765358,985.473448026785,555.370712799898,833.893156597036
"LPCHMCBP_00254",0,175.232031671025,0,139.746759961782,0,0
"LPCHMCBP_00255",0,240.237462774792,274.662329772892,0,0,144.005645516757
"LPCHMCBP_00256",0,0,0,0,0,0
"LPCHMCBP_00257",0,0,0,0,0,0
"LPCHMCBP_00258",0,0,0,0,0,0
"LPCHMCBP_00259",833.429897697524,2218.66362680249,1251.33427881004,358.165769976122,985.134217658136,525.788054561183
"LPCHMCBP_00260",351.537535053042,322.200832427369,58.0032249209834,318.829644949842,79.9318595992376,286.894968200051
"LPCHMCBP_00261",552.536269210165,281.690201449659,794.985376858184,1205.96278041093,753.643247649955,734.540424418808
"LPCHMCBP_00262",105.124860960838,2345.84816591856,372.756018977496,207.032236980417,423.53504826609,725.609841751102
"LPCHMCBP_00263",0,0,0,0,0,0
"LPCHMCBP_00264",298.55460512878,435.253756086095,481.93856000523,120.078697448642,256.404796376775,673.14266857833
"LPCHMCBP_00265",0,686.79651122676,0,0,117.302599152128,0
"LPCHMCBP_00266",0,0,0,0,0,0
"LPCHMCBP_00267",169.881775312714,0,132.213233275771,239.122233712382,0,0
"LPCHMCBP_00268",497.871341510529,192.189970219834,464.025799367867,597.288003688503,903.126205861516,5.58161416731617
"LPCHMCBP_00269",195.952740831002,0,31.5605782658292,0,153.635262606327,0
"LPCHMCBP_00270",58.0289232503826,188.42153943121,80.1809285672418,223.59481593885,543.951875714292,359.455952375161
"LPCHMCBP_00271",76.5308987794901,179.000462459649,418.817403473571,130.430309297663,535.647266924761,197.589141522992
"LPCHMCBP_00272",0,0,0,0,0,0
"LPCHMCBP_00273",1534.82297002824,617.080541637212,939.140450558864,1407.81921146684,1274.75744919304,574.906259233565
"LPCHMCBP_00274",0,0,0,0,0,0
"LPCHMCBP_00275",0,0,0,0,0,0
"LPCHMCBP_00276",10.0919866522405,0,28.1486238587125,0,76.8176313031634,46.8855590054558
"LPCHMCBP_00277",623.180175775848,1196.47677538818,2001.96424837571,1223.56052055426,1502.09611480645,663.095763077161
"LPCHMCBP_00278",0,0,41.7964414871792,2.07032236980417,0,0
"LPCHMCBP_00279",0,0,0,0,0,0
"LPCHMCBP_00280",890.61782206022,367.422001890859,730.158243122968,697.698638624006,764.024008636869,1549.45609284697
"LPCHMCBP_00281",656.820131283316,165.810954699465,823.986989318676,1081.74343822268,1023.54303330972,877.429747102102
"LPCHMCBP_00282",0,0,0,0,4.15230439476559,0
"LPCHMCBP_00283",0,0,0,0,0,0
"LPCHMCBP_00284",0,0,64.8271337352167,156.309338920215,85.1222400926946,0
"LPCHMCBP_00285",137.92381758062,475.764387063805,1395.48935251072,1187.32987908269,1030.80956600056,947.758085610285
"LPCHMCBP_00286",0,0,0,0,0,0
"LPCHMCBP_00287",121.944838714572,0,491.321434624801,96.2699901958939,116.264523053437,0
"LPCHMCBP_00288",0,0,0,0,246.024035389861,0
"LPCHMCBP_00289",0,0,0,0,0,0
"LPCHMCBP_00290",0,0,0.852988601779168,0,0,0
"LPCHMCBP_00291",0,0,0,0,0,0
"LPCHMCBP_00292",9.25098776455375,0,1.70597720355834,0,20.761521973828,0
"LPCHMCBP_00293",2049.5142892925,2303.45331954654,1299.95462911145,1997.86108686102,2834.98582552621,2673.59318614444
"LPCHMCBP_00294",0,0,0,0,1.0380760986914,0
"LPCHMCBP_00295",0,0,0,0,0,0
"LPCHMCBP_00296",0,0,0,0,0,0
"LPCHMCBP_00297",2093.24623145221,1219.08736011993,1342.60405920041,1380.90502065938,1279.94782968649,961.153959611844
"LPCHMCBP_00298",426.386436057159,148.853016150656,198.746344214546,158.379661290019,171.282556284081,72.5609841751102
"LPCHMCBP_00299",0,0,0,0,0,0
"LPCHMCBP_00300",629.067167989655,620.848972425836,183.392549382521,705.979928103222,289.6232315349,428.667968049882
"LPCHMCBP_00301",1404.4681424368,1132.41345198157,1286.30681148299,101.445796120404,1070.25645775083,1441.17277800103
"LPCHMCBP_00302",0,0,0,0,0,0
"LPCHMCBP_00303",472.641374879928,0,135.625187682888,228.770621863361,63.3226420201753,71.444661341647
"LPCHMCBP_00304",3000.68403126616,5232.4661500047,1867.1920492946,1761.84433670335,1961.96382652674,2799.73766632579
"LPCHMCBP_00305",153.06179755898,618.964757031524,0,87.9887007166773,0,0
"LPCHMCBP_00306",0,146.026693059188,229.453933878596,0,268.861709561072,122.795511680956
"LPCHMCBP_00307",0,0,0,0,0,0
"LPCHMCBP_00308",781.287966660948,780.065173245208,2208.38749000627,897.484747310108,1300.70935166032,444.296487718367
"LPCHMCBP_00309",5.04599332612023,0,5.11793161067501,1.03516118490209,227.338665613416,14.512196835022
"LPCHMCBP_00310",0,0,0,0,0,0
"LPCHMCBP_00311",0,0,0,0,0,0
"LPCHMCBP_00312",1253.08834265319,234.584816591856,1202.71392850863,1247.36922780701,910.392738552356,1848.63061221511
"LPCHMCBP_00313",0,0,0,0,0,0
"LPCHMCBP_00314",28.5939621813479,0,69.0920767441126,358.165769976122,0,344.943755540139
"LPCHMCBP_00315",1322.89125033119,1248.29269873176,2189.62174076712,936.820872336387,2032.55300123776,1258.09583331306
"LPCHMCBP_00316",576.925236953079,769.701988576492,1068.7947180293,486.52575690398,1006.93381573066,493.414692390749
"LPCHMCBP_00317",229.59269633847,1243.58216024598,1077.32460404709,805.355401853822,873.021998999465,1075.01888862509
"LPCHMCBP_00318",2380.02685215337,2128.22128787551,1044.0580485777,1357.09631340663,1790.68127024266,1799.51240754273
"LPCHMCBP_00319",0,0,9.38287461957085,0,0,0
"LPCHMCBP_00320",0.840998887686704,0,0,0,0,0
"LPCHMCBP_00321",375.926502795957,0.942107697156049,163.7738115416,230.840944233165,173.358708481463,144.005645516757
"LPCHMCBP_00322",727.464037848999,0,419.670392075351,408.888668036324,842.917792137415,476.669849888801
"LPCHMCBP_00323",1496.97802008233,1812.61520932824,906.726883691255,461.68188846633,818.003965768821,751.285266920756
"LPCHMCBP_00324",84.9408876563571,0,0,0,0,0
"LPCHMCBP_00325",20.1839733044809,399.453663594165,417.964414871792,0,60.2084137241011,162.983133685632
"LPCHMCBP_00326",0,0,0,0,0,0
"LPCHMCBP_00327",0,22.6105847317452,0,0,1.0380760986914,1.11632283346323
"LPCHMCBP_00328",0,0,0,0,0,0
"LPCHMCBP_00329",837.634892135958,1609.11994674253,1322.98532135949,1239.0879383278,1615.24640956381,849.521676265521
"LPCHMCBP_00330",0,0,0,0,0,0
"LPCHMCBP_00331",63.9159154641895,0,0,78.6722500525585,0,80.3752440093528
"LPCHMCBP_00332",4269.7513527854,3389.70349436746,1628.35524079643,2457.47265295755,2248.47282976557,2382.23292661054
"LPCHMCBP_00333",616.452184674354,801.733650279798,485.350514412346,667.678964261845,424.573124364782,813.799345594697
"LPCHMCBP_00334",0,0,0,0,0,1.11632283346323
"LPCHMCBP_00335",1180.76243831213,3752.41495777254,4131.87678701829,2202.82300147164,3001.07800131683,2078.59311590854
"LPCHMCBP_00336",194.270743055629,113.995031355882,265.279455153321,209.102559350221,424.573124364782,350.525369707455
"LPCHMCBP_00337",4307.5963027313,3873.94685070567,3045.16930835163,5131.29399355964,3269.9397108779,3189.33433520446
"LPCHMCBP_00338",1848.51555513538,3578.12503379867,1961.02079549031,1920.22399799337,2327.36661326611,2175.71320241984
"LPCHMCBP_00339",0,0,0,0,0,0
"LPCHMCBP_00340",614.770186898981,1661.87797778327,551.030636749342,556.916717477322,1080.63721873774,629.606078073264
"LPCHMCBP_00341",4300.86831162981,3556.45655676408,3680.64581667711,4983.26594411864,6191.0858525955,5207.64601810599
"LPCHMCBP_00342",73.1669032287433,75.3686157724839,0,84.883217161971,76.8176313031634,0
"LPCHMCBP_00343",4.20499443843352,0,518.617069881734,143.88740470139,313.498981804802,0
"LPCHMCBP_00344",816.60991994379,1681.66223942355,2045.46666706644,1132.46633628288,1621.47486615596,1825.18783271239
"LPCHMCBP_00345",649.251141294136,296.763924604155,1187.3601336766,849.867332804612,1010.04804402673,1114.09018779631
"LPCHMCBP_00346",0,0,0,0,0,0
"LPCHMCBP_00347",407.884460528052,1080.59752863799,822.281012115118,812.601530148137,793.090139400228,851.754321932447
"LPCHMCBP_00348",358.265526154536,0,393.227745420196,457.541243726722,478.553081496734,337.129495705897
"LPCHMCBP_00349",0,0,0,0,0,0
"LPCHMCBP_00350",3178.97579545574,1833.34157866567,2429.31153786707,1832.23529727669,3349.87157047714,2048.45239940503
"LPCHMCBP_00351",1326.25524588193,1269.0190680692,1572.91098168079,897.484747310108,1403.47888543077,1508.15214800883
"LPCHMCBP_00352",0,0,0,0,114.188370856054,0
"LPCHMCBP_00353",1650.03981764131,1048.56586693468,771.101696008368,376.798671304359,400.697374094879,310.337747702779
"LPCHMCBP_00354",82.417890993297,26.3790155203694,23.8836808498167,44.5119309507897,147.406806014178,36.8386535042867
"LPCHMCBP_00355",2880.42119032696,464.459094697932,3678.93983947355,2862.22067625427,3129.79943755456,1837.46738388048
"LPCHMCBP_00356",10090.3046544651,9691.46188064427,8986.23491974353,8100.13627185882,7305.97958259006,9574.70094261416
"LPCHMCBP_00357",7853.24761321845,5719.53582943437,6290.79093812136,8668.43976237006,7983.84327503554,5189.78485277057
"LPCHMCBP_00358",0,0,268.691409560438,0,78.8937835005462,0
"LPCHMCBP_00359",107.647857623898,453.153802332059,205.570253028779,241.192556082186,187.891773863143,218.799275358794
"LPCHMCBP_00360",0,0,10.23586322135,0,0,0
"LPCHMCBP_00361",2258.92301232649,1783.4098707164,2849.8349185442,2895.34583417113,2869.24233678302,1294.93448681735
"LPCHMCBP_00362",417.135448292605,0,275.515318374671,0,376.821623824977,0
"LPCHMCBP_00363",2565.04660744445,5082.67102615688,2383.25015337099,1252.54503373152,2887.92770655947,3233.98724854299
"LPCHMCBP_00364",0,0,0,0,0,0
"LPCHMCBP_00365",650.092140181823,0,385.550848004184,186.329013282375,323.879742791716,814.915668428161
"LPCHMCBP_00366",237.161686327651,0,106.623575222396,0,108.997990362597,60.2814330070146
"LPCHMCBP_00367",6408.41152417269,6125.58424690863,4276.03186071897,6325.87000093664,4912.17609900769,5048.01185292074
"LPCHMCBP_00368",7751.48674780835,3873.94685070567,5952.15446321503,8251.26980485452,8722.95345730381,8650.3856365066
"LPCHMCBP_00369",0,0,0,0,0,0
"LPCHMCBP_00370",5403.41785338708,3341.65600181251,5234.79104911875,8417.93075562376,5913.91953424489,7569.78513371419
"LPCHMCBP_00371",58.0289232503826,323.142940124525,64.8271337352167,1.03516118490209,293.775535929666,1.11632283346323
"LPCHMCBP_00372",0,322.200832427369,0,0,0,0
"LPCHMCBP_00373",1513.79799783607,1601.58308516528,2223.74128483829,1904.69658021984,2352.28043963471,2429.118485616
"LPCHMCBP_00374",0,627.443726305929,144.155073700679,470.998339130449,0,204.287078523772
"LPCHMCBP_00375",0,0,0,0,0,0
"LPCHMCBP_00376",117.739844276139,318.432401638744,29.8546010622709,127.324825742957,95.5030010796086,0
"LPCHMCBP_00377",114.375848725392,0.942107697156049,32.4135668676084,0,173.358708481463,129.493448681735
"LPCHMCBP_00378",1556.68894110809,1861.60480958035,1600.20661693772,2190.40106725281,1587.21835489915,1344.05269148973
"LPCHMCBP_00379",0,0,0,0,0,0
"LPCHMCBP_00380",374.244505020583,0,410.28751745578,430.627052919267,0,0
"LPCHMCBP_00381",314.533583994827,0,30.70758966405,69.3557993884397,92.3887727835344,0
"LPCHMCBP_00382",659.343127946376,794.196788702549,55.4442591156459,464.787372021036,351.907797456384,130.609771515198
"LPCHMCBP_00383",3770.1980134995,2260.11636547736,1671.00467088539,2187.29558369811,2648.13212776176,3162.54258720134
"LPCHMCBP_00384",0,529.464525801699,254.190603330192,0,175.434860678846,121.679188847492
"LPCHMCBP_00385",303.6005984549,796.081004096861,922.08067852328,418.205118700442,644.645257287358,743.471007086514
"LPCHMCBP_00386",1302.70727702671,1535.63554636436,1409.13717013919,1535.14403720979,450.525026832067,2401.21041477942
"LPCHMCBP_00387",2127.72718584736,4686.04368565419,2080.43919973939,3542.32157473494,1718.01594333426,2582.05471380046
"LPCHMCBP_00388",0,0,0,0,0,0
"LPCHMCBP_00389",1602.94387993086,805.502081068422,796.691354061743,469.963177945547,624.921811412221,513.508503393087
"LPCHMCBP_00390",2434.69177985301,3085.40270818606,4436.39371785345,2525.79329116109,4556.11599715654,2314.13723376928
"LPCHMCBP_00391",0,0,0,0,0,1.11632283346323
"LPCHMCBP_00392",0,0,0,266.036424519836,93.4268488822258,0
"LPCHMCBP_00393",1502.02401340845,1806.9625631453,1868.89802649816,372.658026564751,2592.07601843242,1847.51428938165
"LPCHMCBP_00394",0,0,0,0,0,0
"LPCHMCBP_00395",0,0,0.852988601779168,0,0,0
"LPCHMCBP_00421",0,0,0,0,0,0
"LPCHMCBP_00423",0,0,0,0,0,0
"LPCHMCBP_00424",0,0,0,3.10548355470626,2.0761521973828,4.46529133385294
"LPCHMCBP_00425",0,0,0,0,0,0
"LPCHMCBP_00426",0,0,0,0,0,65.8630471743308
"LPCHMCBP_00427",0,0,0,0,0,0
"LPCHMCBP_00428",0,0,0,0,0,0
"LPCHMCBP_00429",0,0,0,0,0,0
"LPCHMCBP_00430",0,0,0,0,0,0
"LPCHMCBP_00431",0,0,0,0,0,0
"LPCHMCBP_00432",0,0,0,0,0,0
"LPCHMCBP_00433",0,0,0,0,0,0
"LPCHMCBP_00434",23.5479688552277,0,433.318209703817,406.81834566652,503.466907865328,263.452188697323
"LPCHMCBP_00435",0,0,0,0,0,0
"LPCHMCBP_00436",0,0,0,0,0,0
"LPCHMCBP_00437",23272.1212200665,15118.9443239603,25115.3963907858,4548.49824645976,3186.89362298259,3240.68518554377
"LPCHMCBP_00438",43.7319421597086,0,361.667167154367,1.03516118490209,206.577143639588,0
"LPCHMCBP_00439",42.0499443843352,0,0,121.113858633544,35.2945873555075,206.519724190698
"LPCHMCBP_00440",70.6439065656832,0,80.1809285672418,72.461282943146,230.45289390949,255.637928863081
"LPCHMCBP_00441",0,491.780217915457,0,0,0,0
"LPCHMCBP_00442",0,0,0,0,0,0
"LPCHMCBP_00443",0,0,0,0,0,0
"LPCHMCBP_00444",0,0,0,0,0,0
"LPCHMCBP_00445",0,0,44.3554072925167,0,0,0
"LPCHMCBP_00446",0,0,0,2.07032236980417,0,0
"LPCHMCBP_00447",1564.25793109727,2087.7106568978,1857.80917467503,3008.17840332546,1327.6993302263,1336.23843165549
"LPCHMCBP_00448",133.718823142186,1119.22394422139,818.016069106222,331.251579168667,285.470927140134,996.876290282668
"LPCHMCBP_00449",0,0,0,0,0,0
"LPCHMCBP_00450",0,0,0,0,0,0
"LPCHMCBP_00451",0,0,0,0,0,0
"LPCHMCBP_00452",0.840998887686704,0,0,0,0,0
"LPCHMCBP_00453",0,0,0,0,0,0
"LPCHMCBP_00454",0,0,0,0,0,0
"LPCHMCBP_00455",1018.4496529886,737.670326873186,1189.06611088016,683.206382035376,1217.66326376501,1678.9495415287
"LPCHMCBP_00456",216.136714135483,19.784261640277,295.134056215592,234.981588972773,217.995980725194,544.765542730058
"LPCHMCBP_00457",0,0,0,0,0,0
"LPCHMCBP_00458",5547.2286631815,5186.30287284405,5182.75874441022,6463.54643852862,6607.35436817075,5323.74359278616
"LPCHMCBP_00459",0,0,0,0,0,0
"LPCHMCBP_00460",1002.47067412255,0,550.177648147563,525.861881930259,505.543060062711,1271.49170731462
"LPCHMCBP_00461",0,0,0,0,0,0
"LPCHMCBP_00462",0,0,54.5912705138667,0,0,0
"LPCHMCBP_00463",0,0,72.5040311512293,0,44.6372722437301,73.6773070085734
"LPCHMCBP_00464",0,0,0,0,0,0
"LPCHMCBP_00465",0,0,0,0,0,0
"LPCHMCBP_00466",0,0,0,0,0,0
"LPCHMCBP_00467",646.728144631076,12.2474000630286,383.844870800626,126.289664558054,563.675321589429,281.313354032735
"LPCHMCBP_00468",3222.70773761545,2971.40767683018,2576.02557737309,2061.00591914005,3764.06393385501,2643.45246964094
"LPCHMCBP_00469",0,0,0,0,0,0
"LPCHMCBP_00470",0,0,0,0,0,0
"LPCHMCBP_00471",0,0,0,0,0,0
"LPCHMCBP_00472",115.216847613078,660.41749570639,301.104976428046,0,0,70.3283385081837
"LPCHMCBP_00473",0,0,0,0,0,0
"LPCHMCBP_00474",0,652.880634129142,0,85.9183783468731,154.673338705018,81.4915668428161
"LPCHMCBP_00475",4452.24811141341,2018.93679500541,3963.83803246779,5173.73560214062,5403.18609368873,6811.80192979265
"LPCHMCBP_00476",50.4599332612023,0,158.655879930925,6.21096710941251,129.759512336425,217.682952525331
"LPCHMCBP_00477",2253.03602011268,4868.81257890246,3007.63780987335,4031.95281519362,3890.70921789536,3891.50139745283
"LPCHMCBP_00478",0,279.805986055346,0,0,135.987968928573,428.667968049882
"LPCHMCBP_00479",0,0,0,0,0,0
"LPCHMCBP_00480",0,0,0,0,0,0
"LPCHMCBP_00481",0,0,2.5589658053375,0,0,0
"LPCHMCBP_00482",0,0,0,0,0,0
"LPCHMCBP_00483",0,0.942107697156049,0,0,0,0
"LPCHMCBP_00484",0,0,0,0,0,0
"LPCHMCBP_00485",0,0,0,0,0,0
"LPCHMCBP_00486",0,0,0,0,0,5.58161416731617
"LPCHMCBP_00487",798.948943302369,669.838572677951,1166.03541863212,513.439947711434,945.687325907863,656.397826076381
"LPCHMCBP_00488",602.15520358368,1483.81962302078,629.505588113026,663.538319522237,1267.4909165022,669.79370007794
"LPCHMCBP_00489",0,0,3.41195440711667,0,0,0
"LPCHMCBP_00490",0,0,0,0,0,0
"LPCHMCBP_00491",37.003951058215,0,0,0,16.6092175790624,0
"LPCHMCBP_00492",0,0,0,0,0,0
"LPCHMCBP_00493",0,0,0,0,0,0
"LPCHMCBP_00494",359.106525042223,8.47896927440444,92.1227689921501,173.90707906355,156.749490902401,0
"LPCHMCBP_00495",1513.79799783607,1587.45146970794,1658.2098418587,1412.99501739135,1831.16623809163,1507.03582517537
"LPCHMCBP_00496",0,0,0,0,0,0
"LPCHMCBP_00497",0,0,0,0,0,0
"LPCHMCBP_00498",0,0,0,552.776072737714,252.25249198201,18.977488168875
"LPCHMCBP_00499",0,0,0,0,0,0
"LPCHMCBP_00500",0,0,0,0,0,0
"LPCHMCBP_00501",0,0,0,0,0,0
"LPCHMCBP_00502",2522.99666306011,863.912758292097,1690.62340872631,3316.65643642628,1776.14820486098,2157.85203708443
"LPCHMCBP_00503",0,0,0,0,0,0
"LPCHMCBP_00504",3.36399555074682,0,55.4442591156459,0,0,0
"LPCHMCBP_00505",1963.73240274845,2213.95308831671,1371.6056716609,1944.03270524612,665.406779261186,2152.27042291711
"LPCHMCBP_00506",0,0,29.0016124604917,0,0,131.726094348662
"LPCHMCBP_00507",0,0,56.2972477174251,0,0,0
"LPCHMCBP_00508",0,0,0,0,0,0
"LPCHMCBP_00509",14319.6880606415,22885.6801793147,15917.620297801,15638.1800203158,14744.8329058126,21837.5072682078
"LPCHMCBP_00510",0,0,0,0,60.2084137241011,0
"LPCHMCBP_00511",5514.42970656172,7032.8339592699,6496.36119115014,7394.1563437556,7648.54469515822,8948.44383304128
"LPCHMCBP_00512",0,0,171.450708957613,512.404786526532,353.983949653767,0
"LPCHMCBP_00513",260.709655182878,672.664895769419,1062.82379781684,462.717049651232,1161.60715443567,544.765542730058
"LPCHMCBP_00514",0,0,0,0,0,0
"LPCHMCBP_00515",63.9159154641895,127.184539116067,46.9143730978542,82.8128947921668,2.0761521973828,4.46529133385294
"LPCHMCBP_00516",4374.03521485855,4061.42628243973,3111.7024192904,5861.08262891561,4730.5127817367,5953.34967085943
"LPCHMCBP_00517",2131.9321802858,1532.80922327289,2688.62007280794,2329.11266602969,3314.57698312163,2985.04725668069
"LPCHMCBP_00518",712.326057870639,657.591172614922,638.035474130818,973.05151380796,1005.89573963196,522.439086060793
"LPCHMCBP_00519",584.49422694226,618.964757031524,875.166305425426,605.56929316772,1216.62518766632,1442.2891008345
"LPCHMCBP_00520",0,0,1.70597720355834,0,0,0
"LPCHMCBP_00521",520.57831147807,3047.71840029982,812.045148893768,1407.81921146684,1661.95983400493,776.960692090411
"LPCHMCBP_00522",1073.95557957592,2081.11590301771,528.852933103084,1209.06826396564,930.116184427492,1248.0489278119
"LPCHMCBP_00523",0,0,0,0,0,0
"LPCHMCBP_00524",54.6649276996358,170.521493185245,201.305310019884,24.84386843765,159.863719198475,210.985015524551
"LPCHMCBP_00525",3398.47650514197,5421.82979713306,4543.01729307585,5800.00811900638,4922.55685999461,2490.51624145647
"LPCHMCBP_00526",343.968545063862,25.4369078232133,338.63647490633,171.836756693746,210.729448034354,103.818023512081
"LPCHMCBP_00527",0,0,0,0,0,0
"LPCHMCBP_00528",1675.26978427192,5236.23458079332,2485.60878558449,1856.04400452944,2774.77741180211,2577.58942246661
"LPCHMCBP_00529",220.341708573917,0,52.8852933103084,0,0,271.266448531566
"LPCHMCBP_00530",260.709655182878,328.795586307461,406.022574446884,407.853506851422,115.226446954745,215.450306858404
"LPCHMCBP_00531",128.672829816066,334.448232490397,191.069446798534,0,356.060101851149,318.152007537022
"LPCHMCBP_00532",0,0,0,0,112.112218658671,0
"LPCHMCBP_00533",0,0,0,0,0,0
"LPCHMCBP_00534",0,0,0,0,0,0
"LPCHMCBP_00535",0,134.721400693315,36.6785098765042,280.528681108465,334.26050377863,10.0469055011691
"LPCHMCBP_00536",0,0,0,0,0,0
"LPCHMCBP_00537",0,0,0,0,0,0
"LPCHMCBP_00538",0,0,0,0,1.0380760986914,52.467173172772
"LPCHMCBP_00539",0,0,0,162.520306029627,0,0
"LPCHMCBP_00540",768.672983345648,757.454588513463,733.570197530084,1703.87531034883,1556.0760719384,1383.12399066095
"LPCHMCBP_00541",0,0,0,0,0,0
"LPCHMCBP_00542",0,0,0,0,0,0
"LPCHMCBP_00543",242.207679653771,0,215.806116250129,89.0238619015793,285.470927140134,189.77488168875
"LPCHMCBP_00544",0,0,0,0,137.026045027265,0
"LPCHMCBP_00545",4623.8118845015,2829.14941455961,3786.41640329773,4479.14244707132,3549.18218142589,3316.59513821927
"LPCHMCBP_00546",706.439065656832,1857.83637879173,1721.33099839036,1287.74051401819,988.248445954211,2132.17661191478
"LPCHMCBP_00547",0,0,0.852988601779168,1.03516118490209,0,1.11632283346323
"LPCHMCBP_00548",0,0,0,0,0,0
"LPCHMCBP_00549",121.103839826885,0,33.2665554693875,138.711598776879,75.779555204472,0
"LPCHMCBP_00550",17634.9056759025,11470.1612128749,10339.9278307671,15902.1461224658,12951.0374072739,17269.5142336762
"LPCHMCBP_00551",513.00932148889,802.675757976953,764.277787194134,682.171220850474,1277.87167748911,1045.99449495505
"LPCHMCBP_00552",321.261575096321,0,0,0,193.0821543566,133.958740015588
"LPCHMCBP_00553",239.684682990711,704.696557472725,669.596052396647,498.947691122805,502.428831766636,543.649219896595
"LPCHMCBP_00554",7034.95569549928,7196.76069857506,11801.9502942166,9460.33806882016,12820.2398188388,9480.92982460324
"LPCHMCBP_00555",2424.59979320077,1444.25109974022,1139.59277197697,1315.68986601055,1960.92575042805,1080.60050279241
"LPCHMCBP_00556",945.282749759856,1513.96706932977,829.104920929351,595.217681318699,625.959887510913,980.131447780719
"LPCHMCBP_00557",193.429744167942,434.311648388938,0,0,0,0
"LPCHMCBP_00558",0,0,0,0,0,0
"LPCHMCBP_00559",0,0,0,0,0,0
"LPCHMCBP_00560",0,0,143.3020850989,135.606115222173,178.54908897492,291.360259533904
"LPCHMCBP_00561",2071.38026037235,895.944419995402,1572.91098168079,1240.1230995127,586.51299576064,941.060148609506
"LPCHMCBP_00562",374.244505020583,634.980587883177,354.843258340134,279.493519923563,425.611200463473,1038.18023512081
"LPCHMCBP_00563",0,0,0,0,0,0
"LPCHMCBP_00564",625.703172438908,1613.83048522831,1183.94817926948,517.580592451043,589.627224056714,822.729928262403
"LPCHMCBP_00565",0,0.942107697156049,168.038754550496,0,159.863719198475,253.405283196154
"LPCHMCBP_00566",930.144769781495,338.216663279021,203.864275825221,469.963177945547,425.611200463473,598.349038736293
"LPCHMCBP_00567",0,0,0,0,0,0
"LPCHMCBP_00568",145.4928075698,509.680264161422,771.101696008368,231.876105418067,940.496945414406,811.566699927771
"LPCHMCBP_00569",852.772872114318,1271.84539116067,1961.02079549031,1085.88408296229,1918.3646303817,1051.57610912237
"LPCHMCBP_00570",3248.77870313374,785.717819428145,1241.09841558869,1822.91884661257,2095.87564325793,1680.06586436217
"LPCHMCBP_00571",578.607234728453,343.869309461958,711.392493883826,1051.72376386052,863.679314111243,1202.2796916399
"LPCHMCBP_00572",411.248456078798,450.327479240591,409.434528854001,731.858957725774,1378.56505906218,447.645456218757
"LPCHMCBP_00573",119.421842051512,0,175.715651966509,170.801595508844,271.975937857146,302.523487868536
"LPCHMCBP_00574",0,0,122.8303586562,0,138.064121125956,0
"LPCHMCBP_00575",0,0,0,0,0,0
"LPCHMCBP_00576",128.672829816066,0,1792.98204093981,1302.23277060682,2422.86961434572,1377.54237649363
"LPCHMCBP_00577",55.5059265873225,0,0.852988601779168,0,0,0
"LPCHMCBP_00578",0,0,0,0,0,0
"LPCHMCBP_00579",621.498178000475,141.316154573407,546.765693740447,535.178332594378,936.344641019641,953.339699777602
"LPCHMCBP_00580",167.358778649654,16.0158308516528,186.804503789638,84.883217161971,43.5991961450387,303.639810702
"LPCHMCBP_00581",192.588745280255,5.65264618293629,182.539560780742,75.5667664978522,89.2745444874602,714.44661341647
"LPCHMCBP_00582",0,0,0,0,0,0
"LPCHMCBP_00583",0,0,0,0,0,0
"LPCHMCBP_00584",367.51651391909,726.365034507314,117.712427045525,1399.53792198762,268.861709561072,267.917480031176
"LPCHMCBP_00585",0,0,0,0,29.0661307633591,0
"LPCHMCBP_00586",0,0,0,0,0,0
"LPCHMCBP_00587",0,0,0,0,0,0
"LPCHMCBP_00588",0,0,0,2.07032236980417,0,0
"LPCHMCBP_00589",1.68199777537341,264.73226290085,529.705921704863,360.236092345926,634.264496300444,829.427865263183
"LPCHMCBP_00590",0.840998887686704,0,0,0,0,0
"LPCHMCBP_00591",1286.72829816066,878.986481446594,1925.19527421558,1871.57142230297,1570.60913732008,1865.37545471706
"LPCHMCBP_00592",691.301085678471,0,1333.22118458084,1305.33825416153,848.108172630872,423.086353882566
"LPCHMCBP_00593",14162.4212686441,14415.1898741847,9312.92955422495,11061.7324218637,11007.7589505236,10301.4271071987
"LPCHMCBP_00594",3707.12309692299,5122.23954943744,4658.17075431604,3196.57773897764,4799.02580425033,5245.60099444374
"LPCHMCBP_00595",1052.93060738375,2410.85359702233,818.869057708001,989.614092766394,671.635235853334,639.652983574433
"LPCHMCBP_00596",1179.08044053676,944.934020247517,1066.23575222396,470.998339130449,1141.88370856054,1339.58740015588
"LPCHMCBP_00597",989.014691919564,1441.42477664875,818.016069106222,1641.76563925471,1329.77548242368,1002.45790444998
"LPCHMCBP_00598",716.531052309072,372.132540376639,731.011231724747,343.673513387492,686.168301235014,1538.29286451234
"LPCHMCBP_00599",598.791208032933,0,520.323047085292,419.240279885345,633.226420201753,473.320881388411
"LPCHMCBP_00600",0,0,0,0,124.569131842968,0
"LPCHMCBP_00601",1039.47462518077,1032.55003608303,777.925604822601,629.378000420468,837.727411643958,553.696125397764
"LPCHMCBP_00602",0,0,0,0,0,0
"LPCHMCBP_00603",0,0,0,34.1603191017688,0,3.3489685003897
"LPCHMCBP_00604",0,0,1.70597720355834,0,0,0
"LPCHMCBP_00605",0,0,8.52988601779168,21.7383848829438,99.6553054743742,122.795511680956
"LPCHMCBP_00606",704.757067881458,926.091866304396,1997.69930536681,1157.31020472053,1591.37065929391,934.362211608727
"LPCHMCBP_00607",0,0,7.67689741601251,0,37.3707395528903,22.3264566692647
"LPCHMCBP_00608",0,0,0,0,0,0
"LPCHMCBP_00609",0,0,0,0,0,0
"LPCHMCBP_00610",2578.50258964744,2201.70568825369,2980.34217461641,1907.80206377454,2002.44879437571,1711.32290369914
"LPCHMCBP_00611",1430.53910795508,1320.83499141278,1343.45704780219,1356.06115222173,897.935825368059,366.153889375941
"LPCHMCBP_00612",47.0959377104554,0,0,60.039348724321,17.6472936777538,0
"LPCHMCBP_00613",0,0,0,0,0,0
"LPCHMCBP_00614",1364.94119471552,2409.91148932517,1520.87867697226,2462.64845888206,2174.76942675848,1830.7694468797
"LPCHMCBP_00615",1477.63504566554,294.879709209843,986.907812258497,1070.35666518876,638.41680069521,1296.05080965081
"LPCHMCBP_00616",376.767501683644,161.100416213684,143.3020850989,339.532868647884,675.7875402481,229.962503693426
"LPCHMCBP_00617",1252.2473437655,2514.48544370949,1541.35040341496,1231.84181003348,1969.23035921758,1514.85008500961
"LPCHMCBP_00618",48.7779354858289,0,0,89.0238619015793,111.07414255998,144.005645516757
"LPCHMCBP_00619",239.684682990711,61.2370003151432,77.6219627619043,346.778996942199,758.833628143412,175.262684853728
"LPCHMCBP_00620",116.898845388452,164.868847002309,101.505643611721,0,124.569131842968,141.772999849831
"LPCHMCBP_00621",0,0,38.3844870800625,0,0,49.1182046723823
"LPCHMCBP_00622",0,0,0,0,0,0
"LPCHMCBP_00632",0,0,0,0,0,0
"LPCHMCBP_00633",0,0,0,0,0,0
"LPCHMCBP_00634",0,0,0,0,0,0
"LPCHMCBP_00635",0,0,0,0,0,0
"LPCHMCBP_00636",3.36399555074682,343.869309461958,110.888518231292,9106.31294358365,6299.0457668594,8941.7458960405
"LPCHMCBP_00637",858.659864328125,993.923620499631,681.537892821555,746.351214314404,1470.95383184571,1173.25529796986
"LPCHMCBP_00638",0,0,0,0,0,0
"LPCHMCBP_00639",0,0,0,0,0,0
"LPCHMCBP_00640",0,0,0,0,0,0
"LPCHMCBP_00641",0,0,0,0,0,0
"LPCHMCBP_00642",0,0,0,0,0,0
"LPCHMCBP_00643",70.6439065656832,0,0,0,0,0
"LPCHMCBP_00644",0,0,0,0,0,0
"LPCHMCBP_00645",0,0,0,0,0,0
"LPCHMCBP_00646",84.0998887686704,0,395.786711225534,343.673513387492,286.509003238826,194.240173022603
"LPCHMCBP_00647",0,58.410677223675,75.0629969565668,350.919641681807,980.981913263371,866.266518767469
"LPCHMCBP_00648",0,0,46.0613844960751,0,0,0
"LPCHMCBP_00649",0,0,0,0,0,0
"LPCHMCBP_00650",0,0,0,0,0,0
"LPCHMCBP_00651",0,0,0,0,0,0
"LPCHMCBP_00652",0,0,0,0,0,0
"LPCHMCBP_00653",0,0,0,0,0,0
"LPCHMCBP_00654",0,0,0,0,0,0
"LPCHMCBP_00655",0,0,0,0,0,0
"LPCHMCBP_00656",0,949.644558733297,0,344.708674572394,306.232449113962,389.596668878669
"LPCHMCBP_00657",0,0,39.2374756818417,0,0,0
"LPCHMCBP_00658",0,0,0,0,0,0
"LPCHMCBP_00659",0,0,0,0,0,0
"LPCHMCBP_00660",0,0,197.893355612767,0,1.0380760986914,0
"LPCHMCBP_00661",0,0,0,0,0,0
"LPCHMCBP_00662",0,0,0,0,0,0
"LPCHMCBP_00663",0,0,0,6008.0755171717,4141.92363377868,5476.67982097062
"LPCHMCBP_00664",335.558556186995,1198.36099078249,146.714039506017,965.805385513646,559.523017194663,0
"LPCHMCBP_00665",0.840998887686704,0,81.0339171690209,0,0,0
"LPCHMCBP_00666",383.495492785137,233.6427088947,307.0758966405,115.938052709034,56.0561093293355,282.429676866198
"LPCHMCBP_00667",200.157735269436,272.269124478098,531.411898908422,392.32608907789,101.731457671757,580.487873400882
"LPCHMCBP_00668",0,0,0,0,0,12.2795511680956
"LPCHMCBP_00669",0,0,0,0,0,0
"LPCHMCBP_00670",130.354827591439,0,193.628412603871,849.867332804612,236.681350501639,103.818023512081
"LPCHMCBP_00671",0,0,0,0,0,0
"LPCHMCBP_00672",0,0,0.852988601779168,0,0,0
"LPCHMCBP_00673",376.767501683644,349.521955644894,284.898192994242,0,112.112218658671,0
"LPCHMCBP_00674",0,828.112665800167,303.663942233384,140.781921146684,65.398794217558,500.112629391529
"LPCHMCBP_00675",48.7779354858289,0,76.7689741601251,0,0,0
"LPCHMCBP_00676",182.496758628015,0,154.390936922029,0,0,0
"LPCHMCBP_00677",0,157.33198542506,313.046816852955,141.817082331586,660.216398767729,493.414692390749
"LPCHMCBP_00678",139.605815355993,290.169170724063,0,0,0,399.643574379838
"LPCHMCBP_00679",387.700487223571,803.61786567411,253.337614728413,580.72542473007,313.498981804802,294.709228034294
"LPCHMCBP_00680",329.671563973188,143.200369967719,395.786711225534,15.5274177735313,293.775535929666,224.38088952611
"LPCHMCBP_00681",916.688787578508,263.790155203694,1449.22763442281,1606.57015896804,591.703376254097,2021.66065140192
"LPCHMCBP_00682",295.190609578033,316.548186244432,248.219683117738,77.6370888676564,610.388746030542,561.510385232007
"LPCHMCBP_00683",7273.79937960231,10067.3628518095,4651.3468455018,4927.36724013393,4923.5949360933,7028.36855948452
"LPCHMCBP_00684",241.366680766084,307.127109272872,154.390936922029,522.756398375553,113.150294757362,390.712991712132
"LPCHMCBP_00685",0,0,0,0,0,0
"LPCHMCBP_00686",0,0.942107697156049,0.852988601779168,0,1.0380760986914,2.23264566692647
"LPCHMCBP_00687",189.224749729508,0,475.967639792776,100.410634935502,313.498981804802,0
"LPCHMCBP_00688",0,0,0,0,0,0
"LPCHMCBP_00689",0,0,0,0,101.731457671757,0
"LPCHMCBP_00690",0,0,0,0,92.3887727835344,0
"LPCHMCBP_00691",0,0,0,0,0,0
"LPCHMCBP_00692",1033.58763296696,538.88560277326,930.610564541072,1304.30309297663,1439.81154888497,1072.78624295817
"LPCHMCBP_00693",265.755648508999,0,755.747901176343,1225.63084292407,535.647266924761,484.484109723043
"LPCHMCBP_00694",0,0,0,0,0,1.11632283346323
"LPCHMCBP_00695",0,0,0.852988601779168,0,0,0
"LPCHMCBP_00696",0,0,0,0,6.22845659214839,0
"LPCHMCBP_00697",129.513828703752,162.984631607996,0,0,161.939871395858,181.960621854507
"LPCHMCBP_00698",0,0,0,0,0,0
"LPCHMCBP_00699",0,0,0,0,0,0
"LPCHMCBP_00700",0,0,6.82390881423334,0,4.15230439476559,1.11632283346323
"LPCHMCBP_00701",0,0,0.852988601779168,0,6.22845659214839,0
"LPCHMCBP_00702",0,0,0.852988601779168,0,0,0
"LPCHMCBP_00703",0,0,0,0,0,0
"LPCHMCBP_00704",0,0,0,0,0,0
"LPCHMCBP_00705",0,0,0,0,0,0
"LPCHMCBP_00706",0,0,0,0,0,0
"LPCHMCBP_00707",0,0,0,0,0,0
"LPCHMCBP_00708",0,0,0,0,0,0
"LPCHMCBP_00709",0,0,0,0,0,0
"LPCHMCBP_00710",0,0,0,0,0,0
"LPCHMCBP_00711",0,0,6.82390881423334,0,0,0
"LPCHMCBP_00712",0,0,0,0,0,0
"LPCHMCBP_00713",0,0,0,0,0,0
"LPCHMCBP_00714",0,0,0,0,0,0
"LPCHMCBP_00715",0,0,0,0,0,0
"LPCHMCBP_00716",0,0,0,0,0,0
"LPCHMCBP_00717",0,0,0,0,0,0
"LPCHMCBP_00718",0,0,0,0,0,0
"LPCHMCBP_00719",0,0,0,0,0,0
"LPCHMCBP_00720",0,0,0,0,0,0
"LPCHMCBP_00721",0,0,0,0,0,0
"LPCHMCBP_00722",0,0,0.852988601779168,0,0,0
"LPCHMCBP_00723",0,0,0,0,0,0
"LPCHMCBP_00724",0,0,0,0,0,0
"LPCHMCBP_00725",0,0,0,0,0,0
"LPCHMCBP_00726",0,0,0,0,0,0
"LPCHMCBP_00727",1.68199777537341,0,0,0,0,0
"LPCHMCBP_00728",0,0,0,0,0,0
"LPCHMCBP_00729",0,0,0,0,0,0
"LPCHMCBP_00730",0,0,0,0,0,0
"LPCHMCBP_00731",0,0,0,0,0,0
"LPCHMCBP_00732",0,0,0,0,0,0
"LPCHMCBP_00733",0.840998887686704,0,0,0,0,0
"LPCHMCBP_00734",0,0,0,0,0,0
"LPCHMCBP_00735",0,0,0,0,0,0
"LPCHMCBP_00736",0,0,0,0,0,0
"LPCHMCBP_00737",0,0,0,0,59.1703376254097,0
"LPCHMCBP_00738",392.746480549691,667.954357283639,60.5621907263209,432.697375289072,204.500991442205,80.3752440093528
"LPCHMCBP_00739",454.980398238507,776.296742456584,1826.2485964092,1025.84473423797,1064.02800115868,1241.35099081112
"LPCHMCBP_00740",0,0,63.1211565316584,161.485144844725,0,306.988779202389
"LPCHMCBP_00741",0,0,0,0,0,0
"LPCHMCBP_00742",0,0,0,0,0,0
"LPCHMCBP_00743",0,0,0,0,83.0460878953118,0
"LPCHMCBP_00744",65.5979132395629,519.101341132983,406.022574446884,732.894118910676,406.925830687028,346.060078373602
"LPCHMCBP_00745",8037.42636962183,4861.27571732521,5669.81523602613,6649.875451811,6187.97162429942,8423.77210131356
"LPCHMCBP_00746",0,0,0,0,0,0
"LPCHMCBP_00747",578.607234728453,0,237.983819896388,0,0,227.7298580265
"LPCHMCBP_00748",0,0,0,0,0,0
"LPCHMCBP_00749",0,0,0,0,0,0
"LPCHMCBP_00750",0,0,0,0,0,0
"LPCHMCBP_00751",0.840998887686704,0,0,0,0,0
"LPCHMCBP_00752",0,0,0,0,0,0
"LPCHMCBP_00753",0,0,0,0,0,0
"LPCHMCBP_00754",0,0,0,0,0,0
"LPCHMCBP_00755",0,0,39.2374756818417,0,0,0
"LPCHMCBP_00756",195.952740831002,680.201757346667,196.187378409209,215.313526459634,580.284539168491,0
"LPCHMCBP_00757",813.245924393043,748.033511541903,537.382819120876,140.781921146684,0,138.424031349441
"LPCHMCBP_00758",121.944838714572,17.9000462459649,365.932110163263,632.483483975174,182.701393369686,155.168873851389
"LPCHMCBP_00759",883.04883207104,1686.37277790933,1877.42791251595,1156.27504353563,2266.12012344332,3576.6983584162
"LPCHMCBP_00760",0,0,0,0,0,0
"LPCHMCBP_00761",0,0,0,0,2.0761521973828,0
"LPCHMCBP_00762",259.027657407505,132.837185299003,205.570253028779,205.997075795515,373.707395528903,148.47093685061
"LPCHMCBP_00763",0,0,0,0,0,0
"LPCHMCBP_00764",135.400820917559,175.232031671025,12.7948290266875,175.977401433355,155.71141480371,36.8386535042867
"LPCHMCBP_00765",285.93962181348,0,52.8852933103084,295.020937697094,264.709405166306,175.262684853728
"LPCHMCBP_00766",56.3469254750092,0,34.9725326729459,163.55546721453,98.6172293756828,0
"LPCHMCBP_00767",0,0,0,0,0,0
"LPCHMCBP_00768",0,0,0,73.4964441280481,0,0
"LPCHMCBP_00769",26.9119644059745,0,210.688184639454,136.641276407075,107.959914263905,149.587259684073
"LPCHMCBP_00770",165.676780874281,0,41.7964414871792,0,0,197.589141522992
"LPCHMCBP_00771",0,0,0,0,0,0
"LPCHMCBP_00772",100.078867634718,0,150.978982514913,185.293852097473,152.597186507635,106.050669179007
"LPCHMCBP_00773",0,0,0,0,0,0
"LPCHMCBP_00774",2153.79815136565,3153.2344623813,1969.5506815081,1222.52535936936,1353.65123269358,2544.09973746271
"LPCHMCBP_00775",1229.54037379796,822.460019617231,799.25031986708,889.203457830891,784.785530610697,1614.20281718784
"LPCHMCBP_00776",0,0,0,0,0,0
"LPCHMCBP_00777",1.68199777537341,0.942107697156049,24.7366694515959,0,33.2184351581247,42.4202676716029
"LPCHMCBP_00778",2993.95604016467,2772.62295273025,2449.78326430977,1706.98079390354,2067.84758859326,2047.33607657157
"LPCHMCBP_00779",0,0,0,0,0,0
"LPCHMCBP_00780",0,0,0,1.03516118490209,0,0
"LPCHMCBP_00781",0,0,13.6478176284667,1.03516118490209,177.511012876229,94.8874408443749
"LPCHMCBP_00782",0,0,0,0,0,0
"LPCHMCBP_00783",135.400820917559,0,294.281067613813,83.8480559770689,61.2464898227925,0
"LPCHMCBP_00784",0,447.501156149123,0,0,0,0
"LPCHMCBP_00785",0,0,2.5589658053375,0,0,0
"LPCHMCBP_00786",95.0328743085976,0,130.507256072213,72.461282943146,0,0
"LPCHMCBP_00787",237.161686327651,162.984631607996,736.129163335422,1775.30143210708,1398.28850493731,840.591093597815
"LPCHMCBP_00788",0,0,0.852988601779168,0,1.0380760986914,0
"LPCHMCBP_00789",880.525835407979,1084.36595942661,702.009619264255,649.046062933608,1210.39673107417,721.144550417249
"LPCHMCBP_00790",0,183.71100094543,81.8869057708001,0,0,210.985015524551
"LPCHMCBP_00791",0,0,79.3279399654626,0,0,0
"LPCHMCBP_00792",0,0,0,0,0,0
"LPCHMCBP_00793",0,0,258.455546339088,247.403523191598,121.454903546894,138.424031349441
"LPCHMCBP_00794",1141.23549059086,186.537324036898,1311.04348093458,992.7195763211,848.108172630872,772.495400756558
"LPCHMCBP_00795",0,0,0,0,98.6172293756828,0
"LPCHMCBP_00796",1207.67440271811,1780.58354762493,2329.51187145891,1964.73592894416,2393.80348358236,2450.3286194518
"LPCHMCBP_00797",2679.42245616984,4396.81662262728,2154.64920809418,2004.07205397044,1836.35661858508,1060.50669179007
"LPCHMCBP_00798",1348.96221584947,1307.6454836526,1578.02891329146,2276.31944559969,1995.18226168487,2104.2685410782
"LPCHMCBP_00799",0,0,0,0,0,0
"LPCHMCBP_00800",0,0,0,0,0,0
"LPCHMCBP_00801",0,0,63.1211565316584,0,0,0
"LPCHMCBP_00802",0,0,0,0,0,0
"LPCHMCBP_00803",0,0,0,0,0,0
"LPCHMCBP_00804",0,0,0,0,70.589174711015,0
"LPCHMCBP_00805",0,0,0,0,0,0
"LPCHMCBP_00806",0,0,187.657492391417,580.72542473007,695.510986123236,245.591023361911
"LPCHMCBP_00807",1634.90183766295,1396.20360718526,1078.17759264887,2240.08880412811,2032.55300123776,2292.92709993348
"LPCHMCBP_00808",264.073650733625,1364.17194548196,701.156630662476,519.650914820847,1009.00996792804,791.472888925433
"LPCHMCBP_00809",264.073650733625,0,178.274617771846,727.718312986166,871.983922900774,923.198983274094
"LPCHMCBP_00810",0.840998887686704,145.084585362032,66.5331109387751,143.88740470139,58.1322615267183,0
"LPCHMCBP_00811",0,0,0,0,0,0
"LPCHMCBP_00812",725.782040073626,0,232.865888285713,3.10548355470626,774.404769623783,814.915668428161
"LPCHMCBP_00813",640.000153529582,322.200832427369,734.423186131864,692.522832699495,834.613183347884,401.876220046764
"LPCHMCBP_00814",0,0,0,0,0,0
"LPCHMCBP_00815",203.521730820182,0,79.3279399654626,0,56.0561093293355,267.917480031176
"LPCHMCBP_00816",82.417890993297,16.9579385488089,0,0,0,0
"LPCHMCBP_00817",0,0,0,0,0,0
"LPCHMCBP_00818",0,0,0,0,0,0
"LPCHMCBP_00819",0,307.127109272872,71.6510425494501,160.449983659823,283.394774942752,205.403401357235
"LPCHMCBP_00820",11107.913308566,8579.77479800014,4435.54072925167,6071.22034945073,4200.0558953054,3904.89727145439
"LPCHMCBP_00821",1332.98323698343,2335.48498124985,2576.02557737309,1649.01176754902,2145.70329599512,1043.76184928812
"LPCHMCBP_00822",0,0.942107697156049,0,0,0,0
"LPCHMCBP_00823",1334.6652347588,1415.04576112839,1085.0015014631,266.036424519836,1100.36066461288,1901.09778538789
"LPCHMCBP_00824",0,28.2632309146815,0,123.184181003348,18.6853697764452,280.197031199272
"LPCHMCBP_00825",199.316736381749,299.590247695624,161.214845736263,93.1645066411877,397.583145798805,55.8161416731617
"LPCHMCBP_00826",327.989566197815,865.796973686409,359.10820134903,787.757661710487,863.679314111243,205.403401357235
"LPCHMCBP_00827",1655.08581096743,151.679339242124,2009.64114579172,2511.30103457246,2150.89367648858,1774.95330520654
"LPCHMCBP_00828",0,0,0,0,0,0
"LPCHMCBP_00829",0,0,0,0,0,0
"LPCHMCBP_00830",0,0,0,0,0,0
"LPCHMCBP_00831",1353.16721028791,4236.65831411075,1303.36658351857,1892.27464600101,264.709405166306,2200.27230475603
"LPCHMCBP_00832",2293.40396672164,1097.5554671868,2110.29380080166,1681.10176428099,1511.43879969468,3027.46752435229
"LPCHMCBP_00833",3649.09417367261,1864.43113267182,4502.92682879223,5753.42586568579,4875.84343555349,5193.13382127096
"LPCHMCBP_00834",0,0,204.717264427,113.867730339229,112.112218658671,142.889322683294
"LPCHMCBP_00835",2871.17020256241,2730.22810635823,6282.26105210357,2221.45590279988,3693.47475914399,2734.99094198492
"LPCHMCBP_00836",0,0,272.103363967555,142.852243516488,234.605198304256,158.517842351779
"LPCHMCBP_00837",0,0,0,0,0,0
"LPCHMCBP_00838",0,16.0158308516528,36.6785098765042,0,77.8557074018548,0
"LPCHMCBP_00839",0,0,0,0,0,0
"LPCHMCBP_00840",0,0,0,0,0,0
"LPCHMCBP_00841",0,0,0,0,0,0
"LPCHMCBP_00842",0,0,0,0,0,0
"LPCHMCBP_00843",253.140665193698,187.479431734054,899.049986275243,1121.07956324896,443.258494141227,994.643644615741
"LPCHMCBP_00844",701.393072330711,713.175526747129,606.474895864988,513.439947711434,240.833654896404,661.979440243698
"LPCHMCBP_00845",4934.98147294558,2039.66316434285,3994.54562213184,5470.82686220752,3947.80340332339,6086.19208804155
"LPCHMCBP_00846",6013.14204695994,1901.17333286091,4054.25482425638,4440.84148322995,6049.90750317347,5857.34590718159
"LPCHMCBP_00847",0,0,0,0,0,0
"LPCHMCBP_00848",198.475737494062,0,134.772199081109,219.454171199242,201.386763146131,272.382771365029
"LPCHMCBP_00849",0,0,0,112.832569154327,0,186.42591318836
"LPCHMCBP_00850",0,0,0,0,0,0
"LPCHMCBP_00851",5750.75039400168,2808.42304522218,3408.54245270955,5547.42878989028,5223.59892861511,3275.29119338113
"LPCHMCBP_00852",27.7529632936612,0,402.610620039767,342.63835220259,306.232449113962,439.831196384514
"LPCHMCBP_00853",375.926502795957,845.070604348976,463.172810766088,678.030576110866,989.286522052902,223.264566692647
"LPCHMCBP_00854",794.743948863936,509.680264161422,1143.00472638408,1789.79368869571,645.683333386049,1245.81628214497
"LPCHMCBP_00855",0,0.942107697156049,40.0904642836209,0,0,0
"LPCHMCBP_00856",0,0,0,0,0,0
"LPCHMCBP_00857",347.332540614609,578.454126053814,789.867445247509,1006.17667172483,894.821597071985,216.566629691867
"LPCHMCBP_00858",411.248456078798,1169.15565217066,1530.26155159183,1621.06241555667,531.494962529996,361.688598042088
"LPCHMCBP_00859",123.626836489946,0,725.040311512293,662.503158337335,87.1983922900774,65.8630471743308
"LPCHMCBP_00860",0,0,0,0,0,0
"LPCHMCBP_00861",0,0,0,0,0,0
"LPCHMCBP_00862",4485.88806692088,1703.33071645814,3525.4018911533,5619.89007283342,3206.61706885773,2806.43560332657
"LPCHMCBP_00863",0,0,0,0,0,0
"LPCHMCBP_00864",0,0,0,0,0,0
"LPCHMCBP_00865",152.220798671293,92.3265543212928,46.9143730978542,203.926753425711,67.4749464149408,0
"LPCHMCBP_00866",1077.31957512667,0,889.667111655672,747.386375499306,1234.27248134407,772.495400756558
"LPCHMCBP_00867",111.852852062332,0,0,64.1799934639293,0,0
"LPCHMCBP_00868",0,0,30.70758966405,0,0,0
"LPCHMCBP_00869",1488.56803120547,1374.53513015068,2955.60550516482,1817.74304068806,1152.26446954745,1121.90444763055
"LPCHMCBP_00870",829.224903259091,1594.98833128519,1354.54589962532,248.438684376501,747.414791057806,1336.23843165549
"LPCHMCBP_00871",1475.95304789017,1025.01317450578,1021.88034493144,1469.92888256096,1465.76345135225,661.979440243698
"LPCHMCBP_00872",555.059265873225,1084.36595942661,150.978982514913,265.001263334934,488.933842483648,158.517842351779
"LPCHMCBP_00873",967.14872083971,2567.24347475023,752.335946769226,1250.47471136172,1621.47486615596,1091.76373112704
"LPCHMCBP_00874",0,0,0,0,0,0
"LPCHMCBP_00875",0,0,0,0,7.26653269083978,18.977488168875
"LPCHMCBP_00876",0,0,0,0,0,0
"LPCHMCBP_00877",0,0,0,0,0,0
"LPCHMCBP_00878",0,0,0,0,0,0
"LPCHMCBP_00879",0,0,0,0,0,0
"LPCHMCBP_00880",0,0,0,0,0,0
"LPCHMCBP_00881",353.219532828416,59.3527849208311,197.040367010988,68.3206382035376,187.891773863143,519.090117560404
"LPCHMCBP_00882",293.50861180266,1244.52426794314,1348.57497941286,634.553806344978,543.951875714292,266.801157197713
"LPCHMCBP_00883",0,0,0,0,0,0
"LPCHMCBP_00884",0,0,0,0,0,0
"LPCHMCBP_00885",0,0,0,0,0,0
"LPCHMCBP_00886",3120.10587331767,2838.57049153117,2033.52482664154,3075.4638803441,1808.32856392041,3287.57074454922
"LPCHMCBP_00887",1195.05941940281,820.575804222918,1520.87867697226,1911.94270851415,1621.47486615596,2790.80708365808
"LPCHMCBP_00888",163.994783098907,0,191.922435400313,377.833832489261,325.955894989099,296.94187370122
"LPCHMCBP_00889",2607.93755071647,2318.52704270104,1787.01112072736,2102.41236653614,2539.13413739916,1598.57429751935
"LPCHMCBP_00890",9.25098776455375,0,0,0,0,0
"LPCHMCBP_00891",52.9829299242624,0,29.0016124604917,124.21934218825,56.0561093293355,4.46529133385294
"LPCHMCBP_00892",3039.36998009975,4254.55836035672,3937.39538581264,4642.69791428585,4279.98775490463,5935.48850552401
"LPCHMCBP_00893",248.935670755265,198.784724099926,736.982151937201,114.902891524131,429.763504858239,215.450306858404
"LPCHMCBP_00894",0,0,0,0,0,0
"LPCHMCBP_00895",0,0,0,0,117.302599152128,0
"LPCHMCBP_00896",0,0,0,0,0,0
"LPCHMCBP_00897",0,0,0,0,0,0
"LPCHMCBP_00898",190.065748617195,132.837185299003,192.775424002092,89.0238619015793,0,78.1425983424264
"LPCHMCBP_00899",0,0,105.770586620617,313.653839025332,0,0
"LPCHMCBP_00900",0,0,0,0,0,0
"LPCHMCBP_00901",0,0,0,0,0,0
"LPCHMCBP_00902",0,0,86.151848779696,135.606115222173,0,145.12196835022
"LPCHMCBP_00903",74.00790211643,5.65264618293629,145.861050904238,0,58.1322615267183,42.4202676716029
"LPCHMCBP_00904",0,0,0,0,0,0
"LPCHMCBP_00905",0,0,0,0,0,0
"LPCHMCBP_00906",111.852852062332,0,136.478176284667,0,48.7895766384957,0
"LPCHMCBP_00907",0,0,0,0,0,0
"LPCHMCBP_00908",1801.41961742492,2443.82736642279,1532.82051739716,1961.63044538945,3036.37258867234,2638.98717830708
"LPCHMCBP_00909",855.295868777378,2555.93818238436,1266.68807364206,1898.48561311042,1188.59713300165,1751.51052570381
"LPCHMCBP_00910",1426.33411351665,281.690201449659,1256.45221042071,653.186707673216,963.334619585617,492.298369557286
"LPCHMCBP_00911",0,0,0,0,0,0
"LPCHMCBP_00912",0,0,0,0,0,0
"LPCHMCBP_00913",0,0,0,0,0,0
"LPCHMCBP_00914",396.951474988124,1456.49849980325,1056.85287760439,434.767697658876,859.527009716477,1096.2290224609
"LPCHMCBP_00915",138.764816468306,0,0,0,104.845685967831,0
"LPCHMCBP_00916",95.8738731962843,182.768893248273,0,151.133532995704,21.7995980725194,192.007527355676
"LPCHMCBP_00917",0,0,0,0,0,0
"LPCHMCBP_00918",322.943572871694,338.216663279021,313.899805454734,1088.98956651699,532.533038628687,923.198983274094
"LPCHMCBP_00919",58.0289232503826,0,429.906255296701,349.884480496905,721.462888590521,399.643574379838
"LPCHMCBP_00920",110.170854286958,0,638.035474130818,362.30641471573,537.723419122144,133.958740015588
"LPCHMCBP_00921",464.231386003061,320.316617033057,1281.18887987231,85.9183783468731,826.308574558353,352.758015374382
"LPCHMCBP_00922",0,322.200832427369,0,0,0,0
"LPCHMCBP_00923",0,0,4.26494300889584,0,0,0
"LPCHMCBP_00924",0,0,0,0,0,0
"LPCHMCBP_00925",0,0,0,0,0,0
"LPCHMCBP_00926",0,2.82632309146815,165.479788745159,0,174.396784580155,87.0731810101322
"LPCHMCBP_00927",0,0.942107697156049,0,1.03516118490209,86.160316191386,154.052551017926
"LPCHMCBP_00928",121.103839826885,310.895540061496,172.303697559392,0,216.957904626502,227.7298580265
"LPCHMCBP_00929",0,0,0,0,0,0
"LPCHMCBP_00930",107.647857623898,0,371.050041773938,0,159.863719198475,5.58161416731617
"LPCHMCBP_00931",0,0,0,0,0,0
"LPCHMCBP_00932",6350.3826009223,4344.05859158654,8205.75034911559,7495.602139876,8518.45246586161,5218.80924644062
"LPCHMCBP_00933",0,0,88.7108145850334,0,0,0
"LPCHMCBP_00934",52.9829299242624,0.942107697156049,249.925660321296,178.047723803159,618.693354820073,661.979440243698
"LPCHMCBP_00935",3391.74851404048,3436.80887922527,1857.80917467503,5313.4823621024,2674.08403022904,3438.27432706676
"LPCHMCBP_00936",0,0,90.4167917885918,405.783184481617,148.44488211287,0
"LPCHMCBP_00937",3005.73002459228,2599.27513645354,2523.14028406278,3717.26381498339,2659.55096484736,2882.34555600207
"LPCHMCBP_00938",997.424680796431,659.475388009234,360.814178552588,1217.34955344485,896.897749269368,2449.21229661833
"LPCHMCBP_00939",80.7358932179236,0,0,78.6722500525585,511.771516654859,151.819905351
"LPCHMCBP_00940",0,0,0.852988601779168,0,0,0
"LPCHMCBP_00941",0,0,0,0,0,0
"LPCHMCBP_00942",487.779354858289,280.748093752503,707.980539476709,554.846395107518,194.120230455291,152.936228184463
"LPCHMCBP_00943",1402.78614466142,1488.53016150656,1682.09352270852,1149.02891524131,1475.10613624048,2624.47498147206
"LPCHMCBP_00944",0,0,0,0,52.9418810332613,0
"LPCHMCBP_00945",577.766235840766,602.948926179871,908.432860894814,769.124760382249,729.767497380053,1099.57799096129
"LPCHMCBP_00946",0,0,0,0,0,0
"LPCHMCBP_00947",0,0,0,0,0,0
"LPCHMCBP_00948",0,0,0,0,0,0
"LPCHMCBP_00949",103.442863185465,670.780680375107,164.626800143379,217.383848829438,281.318622745369,388.480346045205
"LPCHMCBP_00950",2243.78503234813,1783.4098707164,1241.95140419047,1233.91213240329,1327.6993302263,2277.298580265
"LPCHMCBP_00951",1654.24481207975,1554.47770030748,2713.35674225953,1415.06533976115,3133.95174194933,2779.64385532345
"LPCHMCBP_00952",0,0,0,0,0,0
"LPCHMCBP_00953",695.506080116905,317.490293941588,1114.00311392359,1049.65344149071,1587.21835489915,699.934416581448
"LPCHMCBP_00954",1156.37347056922,1425.4089457971,1128.50392015384,1070.35666518876,945.687325907863,1349.63430565705
"LPCHMCBP_00955",233.797690776904,287.342847632595,215.806116250129,0,42.5611200463473,140.656677016367
"LPCHMCBP_00956",3014.14001346915,1242.64005254883,1568.64603867189,3549.56770302925,2897.27039144769,2270.60064326422
"LPCHMCBP_00957",0,0,0,0,1.0380760986914,0
"LPCHMCBP_00958",137.082818692933,365.537786496547,265.279455153321,707.015089288124,370.593167232829,156.285196684853
"LPCHMCBP_00959",1671.90578872117,329.737694004617,1116.56207972893,769.124760382249,1498.98188651038,1125.25341613094
"LPCHMCBP_00960",0,0,0,0,0,0
"LPCHMCBP_00961",6979.44976891196,6346.9795557403,4392.03831056094,7292.71054763519,7048.53671011459,7213.67814983942
"LPCHMCBP_00962",1763.57466747902,1092.84492870102,1104.62023930402,875.746362427164,1370.26045027264,1868.72442321745
"LPCHMCBP_00963",0.840998887686704,563.380402899317,421.376369278909,275.352875183955,212.805600231737,509.043212059235
"LPCHMCBP_00964",0,0,0,0,0,142.889322683294
"LPCHMCBP_00965",110.170854286958,159.216200819372,334.371531897434,947.172484185408,289.6232315349,473.320881388411
"LPCHMCBP_00966",5158.68717707024,6739.83846545437,2985.46010622709,5031.91851980904,2974.08802275085,2594.33426496856
"LPCHMCBP_00967",0,0,0,0,0,0
"LPCHMCBP_00968",0,0,0,0,0,0
"LPCHMCBP_00969",0,0,0,0,0,0
"LPCHMCBP_00970",2494.40270087877,2632.248905854,3519.43097094085,2108.62333364555,1950.54498944114,2350.97588727357
"LPCHMCBP_00971",987.332694144191,494.606541006926,1427.04993077655,1397.46759961782,1348.46085220013,2347.62691877318
"LPCHMCBP_00972",1191.69542385206,1078.71331324368,928.051598735735,745.316053129501,181.663317270995,503.461597891918
"LPCHMCBP_00973",46.2549388227687,0,0,80.7425724223627,116.264523053437,0
"LPCHMCBP_00974",397.792473875811,0,238.836808498167,536.21349377928,693.434833925854,138.424031349441
"LPCHMCBP_00975",1893.08849618277,2856.47053777714,1009.08551590476,2658.29392282856,1607.97987687297,1378.65869932709
"LPCHMCBP_00976",0,0,0,0,0,0
"LPCHMCBP_00977",0,0,0.852988601779168,0,0,0
"LPCHMCBP_00978",39.5269477212751,179.942570156805,127.948290266875,167.696111954138,184.777545567069,286.894968200051
"LPCHMCBP_00979",0,0,0,0,0,0
"LPCHMCBP_00980",544.967279220984,692.449157409696,1352.83992242176,833.304753846179,1032.88571819794,1205.62866014029
"LPCHMCBP_00981",1298.50228258827,1462.15114598619,1590.82374231815,803.285079484018,1198.97789398856,1068.32095162431
"LPCHMCBP_00982",1028.54163964084,1266.19274497773,1698.30030614232,1409.88953383664,2393.80348358236,1494.75627400727
"LPCHMCBP_00983",0,0,0,0,0,0
"LPCHMCBP_00984",0,0,0,0,0,0
"LPCHMCBP_00985",66.4389121272497,0.942107697156049,35.825521274725,0,0,0
"LPCHMCBP_00986",2817.34627375046,302.416570787092,1014.20344751543,2154.17042578124,1917.32655428301,1443.40542366796
"LPCHMCBP_00987",0,0,40.0904642836209,162.520306029627,0,61.3977558404779
"LPCHMCBP_00988",0,0,0,0,0,0
"LPCHMCBP_00989",2531.40665193698,1406.56679185398,1080.73655845421,2586.86780107031,1979.6111202045,1533.82757317848
"LPCHMCBP_00990",0,0,64.8271337352167,273.282552814151,13.4949892829882,69.2120156747205
"LPCHMCBP_00991",373.403506132897,240.237462774792,78.4749513636834,261.895779780228,229.414817810799,77.0262755089631
"LPCHMCBP_00992",2133.61417806117,1829.57314787705,2501.8155690183,2613.78199187777,3475.4787784188,2515.07534379267
"LPCHMCBP_00993",229.59269633847,0,0,0,119.378751349511,0
"LPCHMCBP_00994",729.146035624373,331.621909398929,281.486238587125,157.344500105117,438.06811364777,509.043212059235
"LPCHMCBP_00995",136.241819805246,0,0,179.082884988061,15.571141480371,70.3283385081837
"LPCHMCBP_00996",510.48632482583,955.297204916233,811.192160291989,897.484747310108,1001.7434352372,1162.09206963523
"LPCHMCBP_00997",2276.58398896791,2548.40132080711,3506.63614191416,3021.63549872919,3243.98780841062,4250.95734982799
"LPCHMCBP_00998",1740.02669862379,1320.83499141278,2333.7768144678,1309.47889890114,2007.63917486916,1548.33977001351
"LPCHMCBP_00999",1196.74141717818,1627.0199929885,1925.19527421558,2225.59654753948,1888.26042351965,1785.00021070771
"LPCHMCBP_01000",0,0,0,0,0,0
"LPCHMCBP_01001",160.630787548161,0,214.95312764835,0,477.515005398043,0
"LPCHMCBP_01002",0,0,0,0,0,0
"LPCHMCBP_01003",430.591430495593,171.463600882401,452.083958942959,699.76896099381,945.687325907863,440.947519217977
"LPCHMCBP_01004",0,0,0,0,0,0
"LPCHMCBP_01005",118.580843163825,0,42.6494300889584,0,22.8376741712107,15.6285196684853
"LPCHMCBP_01006",108.488856511585,0,391.521768216638,207.032236980417,348.79356916031,155.168873851389
"LPCHMCBP_01007",0,0,0,0,0,0
"LPCHMCBP_01008",1154.69147279385,1036.31846687165,1560.1161526541,1880.88787296709,1027.69533770448,2541.86709179578
"LPCHMCBP_01009",0,0,0,0,0,80.3752440093528
"LPCHMCBP_01010",0,0,0,0,0,0
"LPCHMCBP_01011",389.382484998944,1031.60792838587,356.549235543692,0,145.330653816796,204.287078523772
"LPCHMCBP_01012",0,0,0,0,0,0
"LPCHMCBP_01013",22631.2800676492,25686.5663629597,14672.2569392035,17461.0988669284,15654.1875682663,14102.506355141
"LPCHMCBP_01014",306.12359511796,728.249249901626,376.167973384613,200.821269871005,300.003992521814,0
"LPCHMCBP_01015",89.1458820947907,0,382.138893597067,351.954802866709,459.867711720289,722.260873250712
"LPCHMCBP_01016",0,345.75352485627,339.489463508109,233.946427787871,0,0
"LPCHMCBP_01017",0,0,315.605782658292,418.205118700442,168.168327988006,0
"LPCHMCBP_01018",138.764816468306,0.942107697156049,518.617069881734,98.3403125656981,608.312593833159,222.148243859184
"LPCHMCBP_01019",0,0,97.2407006028251,80.7425724223627,0,0
"LPCHMCBP_01020",0,0,463.172810766088,261.895779780228,58.1322615267183,769.146432256168
"LPCHMCBP_01021",338.922551737742,956.23931261339,206.423241630559,161.485144844725,476.476929299352,525.788054561183
"LPCHMCBP_01022",49.6189343735156,305.24289387856,680.684904219776,369.552543010044,425.611200463473,0
"LPCHMCBP_01023",0,0,67.3860995405543,305.372549546115,154.673338705018,65.8630471743308
"LPCHMCBP_01024",0,0,0,0,0,0
"LPCHMCBP_01025",0.840998887686704,0,0,0,146.368729915487,0
"LPCHMCBP_01026",1107.59553508339,1741.01502434438,1607.03052575195,1771.16078736747,799.318595992376,740.122038586124
"LPCHMCBP_01027",2895.55917030532,2264.82690396314,1739.24375902772,2872.57228810329,1904.86964109871,3082.16734319199
"LPCHMCBP_01028",0,0.942107697156049,0,0,0,0
"LPCHMCBP_01029",359.106525042223,0,272.103363967555,80.7425724223627,97.5791532769914,197.589141522992
"LPCHMCBP_01030",121.944838714572,162.984631607996,41.7964414871792,161.485144844725,0,0
"LPCHMCBP_01031",68.1209099026231,167.695170093777,101.505643611721,0,83.0460878953118,0
"LPCHMCBP_01032",807.358932179236,626.501618608772,1594.23569672526,848.83217161971,672.673311952026,1118.55547913016
"LPCHMCBP_01033",489.461352633662,1282.20857582938,342.901417915225,466.85769439084,179.587165073612,179.727976187581
"LPCHMCBP_01034",1474.27105011479,2433.46418175407,1942.25504625117,2236.98332057341,2802.80546646677,2173.48055675292
"LPCHMCBP_01035",244.730676316831,1222.85579090855,196.187378409209,0,171.282556284081,382.898731877889
"LPCHMCBP_01036",381.813495009764,0,298.546010622709,178.047723803159,111.07414255998,595.000070235904
"LPCHMCBP_01037",0,0,116.006449841967,376.798671304359,122.492979645585,107.16699201247
"LPCHMCBP_01038",24189.6510065327,18332.4736789596,10120.7097601098,17797.5262520216,18970.8407035853,19937.5258056534
"LPCHMCBP_01039",2569.25160188288,1566.72510037051,2184.50380915645,3056.83097901586,3956.10801211292,3055.37559518887
"LPCHMCBP_01040",0,0,0,0,0,0
"LPCHMCBP_01041",308.646591781021,935.512943275956,244.807728710621,315.724161395136,680.977920741557,474.437204221874
"LPCHMCBP_01042",0,0,0,150.098371810802,0,0
"LPCHMCBP_01043",337.240553962368,0,85.2988601779168,6.21096710941251,552.256484503824,1.11632283346323
"LPCHMCBP_01044",2443.94276761756,2522.02230528674,1102.06127349868,2526.82845234599,2075.1141212841,1985.93832073109
"LPCHMCBP_01045",5852.51125941178,3109.89750831212,3064.78804619255,5459.4400891736,3993.47875166581,3726.28561810027
"LPCHMCBP_01046",0,0,0,0,0,0
"LPCHMCBP_01047",0,0,147.567028107796,333.321901538471,117.302599152128,0
"LPCHMCBP_01048",0,0,0,0,0,0
"LPCHMCBP_01049",0,0,0,0,0,0
"LPCHMCBP_01050",0,0,0,0,0,0
"LPCHMCBP_01051",0,0,0,0,0,0
"LPCHMCBP_01052",360.788522817596,166.753062396621,460.613844960751,298.126421251801,411.078135081793,145.12196835022
"LPCHMCBP_01053",1.68199777537341,0,0,0,30.1042068620505,0
"LPCHMCBP_01054",68.9619087903098,0,0,105.586440860013,114.188370856054,0
"LPCHMCBP_01055",694.665081229218,1025.01317450578,206.423241630559,1538.2495207645,724.577116886596,1670.018958861
"LPCHMCBP_01056",0,0,32.4135668676084,137.676437591977,140.140273323339,73.6773070085734
"LPCHMCBP_01057",0,0,0,0,0,0
"LPCHMCBP_01058",0,557.727756716381,298.546010622709,61.074509909223,222.148285119959,204.287078523772
"LPCHMCBP_01059",1491.09102786853,488.011787126833,863.224465000518,643.870257009097,353.983949653767,200.938110023382
"LPCHMCBP_01060",466.754382666121,336.332447884709,872.607339620089,519.650914820847,828.384726755735,1332.8894631551
"LPCHMCBP_01061",725.782040073626,883.697019932374,145.008062302459,1379.86985947448,758.833628143412,1152.04516413406
"LPCHMCBP_01062",3433.79845842481,3028.8762463567,2398.60394820302,4084.74603562363,1811.44279221649,3817.82409044426
"LPCHMCBP_01063",4830.69761087243,7191.10805239212,3785.56341469595,2895.34583417113,2943.9838158888,3683.86535042867
"LPCHMCBP_01064",0,0,0,0,0,0
"LPCHMCBP_01065",0,0,5.11793161067501,0,17.6472936777538,6.6979370007794
"LPCHMCBP_01066",0,0,0,0,0,0
"LPCHMCBP_01067",362.47052059297,274.15333987241,0,0,387.202384811891,216.566629691867
"LPCHMCBP_01068",2959.47508576951,3726.03594225217,1827.10158501098,2420.20685030108,3040.5248930671,3239.5688627103
"LPCHMCBP_01069",721.577045635192,0.942107697156049,633.770531121922,523.791559560455,800.356672091068,846.172707765131
"LPCHMCBP_01070",410.407457191112,473.880171669493,236.277842692829,345.743835757296,389.278537009274,544.765542730058
"LPCHMCBP_01071",1652.56281430437,3474.49318711151,2031.81884943798,1917.11851443866,1723.20632382772,2801.97031199272
"LPCHMCBP_01072",0,0.942107697156049,0.852988601779168,0,1.0380760986914,0
"LPCHMCBP_01073",0,0,0,0,1.0380760986914,0
"LPCHMCBP_01074",0,0,0,0,0,0
"LPCHMCBP_01075",354.060531716103,154.505662333592,0,357.130608791219,102.769533770448,73.6773070085734
"LPCHMCBP_01076",2482.62871645115,170.521493185245,1792.98204093981,3455.36803520316,989.286522052902,2206.97024175681
"LPCHMCBP_01077",454.980398238507,338.216663279021,597.092021245417,490.666401643588,816.96588967013,381.782409044426
"LPCHMCBP_01078",238.002685215337,0,216.659104851909,232.911266602969,70.589174711015,1.11632283346323
"LPCHMCBP_01079",363.311519480656,0,790.720433849288,873.67604005736,198.272534850057,625.140786739411
"LPCHMCBP_01080",211.93171969705,43.3369540691782,139.890130691784,481.34995097947,454.677331226832,617.326526905168
"LPCHMCBP_01081",463.390387115374,771.586203970804,385.550848004184,783.617016970879,150.521034310253,683.189574079499
"LPCHMCBP_01082",144.651808682113,122.474000630286,63.1211565316584,1.03516118490209,538.761495220835,0
"LPCHMCBP_01083",0,0,0,0,0,0
"LPCHMCBP_01084",4083.04959971895,3521.59857196931,2916.36802948297,2550.63715959874,4676.53282460475,3505.25369707455
"LPCHMCBP_01085",217.818711910856,0,0,0,0,0
"LPCHMCBP_01086",573.561241402332,2573.83822863033,474.261662589217,1459.57727071194,957.106162993469,394.061960212522
"LPCHMCBP_01087",0,0,12.7948290266875,0,0,30.1407165035073
"LPCHMCBP_01088",1285.88729927297,710.349203655661,423.935335084246,812.601530148137,866.793542407317,616.210204071705
"LPCHMCBP_01089",0,164.868847002309,377.020961986392,286.739648217878,392.392765305348,63.6304015074043
"LPCHMCBP_01090",0,0,0,0,0,0
"LPCHMCBP_01091",1455.76907458569,1008.05523595697,2053.14356448246,1682.13692546589,2433.25037533264,1547.22344718004
"LPCHMCBP_01092",0,0,0,0,0,0
"LPCHMCBP_01093",37.003951058215,0,64.8271337352167,149.0632106259,139.102197224647,64.7467243408676
"LPCHMCBP_01094",0,0,0,0,0,0
"LPCHMCBP_01095",0,0,0,0,0,0
"LPCHMCBP_01096",0,0,0,0,0,0
"LPCHMCBP_01097",569.356246963899,165.810954699465,172.303697559392,405.783184481617,198.272534850057,68.0956928412573
"LPCHMCBP_01098",135.400820917559,311.837647758652,65.6801223369959,165.625789584334,344.641264765544,68.0956928412573
"LPCHMCBP_01099",0,0,0,0,0,0
"LPCHMCBP_01100",1852.72054957381,3153.2344623813,1549.02730083097,1513.40565232685,2088.60911056709,2296.27606843387
"LPCHMCBP_01101",893.14081872328,517.217125738671,949.376313780214,1008.24699409463,612.464898227925,1311.6793293193
"LPCHMCBP_01102",5062.81330387396,6443.07454085022,3579.14017306539,6189.22872452957,3093.46677410037,3918.29314545595
"LPCHMCBP_01103",884.730829846413,830.938988891635,1427.90291937833,1618.99209318686,1405.55503762815,1787.23285637464
"LPCHMCBP_01104",0,0,25.589658053375,0,108.997990362597,0
"LPCHMCBP_01105",543.285281445611,0,273.809341171113,675.960253741062,984.096141559445,692.120156747205
"LPCHMCBP_01106",63.0749165765028,0,475.967639792776,91.0941842713835,258.480948574158,256.754251696544
"LPCHMCBP_01107",56.3469254750092,0,0,0,0,0
"LPCHMCBP_01108",1303.54827591439,2874.3705840231,1926.04826281736,1189.4002014525,3296.92968944388,2875.64761900129
"LPCHMCBP_01109",1322.89125033119,909.133927755587,1480.78821268864,1512.37049114195,1883.0700430262,1320.60991198701
"LPCHMCBP_01110",0,0,0,0,0,0
"LPCHMCBP_01111",6442.05147968016,3649.72521878253,6190.13828311142,4158.24247975168,3594.85752976831,4257.65528682877
"LPCHMCBP_01112",0,0,83.5928829743584,0,0,206.519724190698
"LPCHMCBP_01113",0,0,76.7689741601251,0,0,0
"LPCHMCBP_01114",0,0,0,0,0,0
"LPCHMCBP_01115",484.415359307542,644.401664854737,1832.21951662165,366.447059455338,663.330627063803,1160.97574680176
"LPCHMCBP_01116",0,0,0,384.044799598674,92.3887727835344,2.23264566692647
"LPCHMCBP_01117",5335.29694348445,2006.68939494238,3425.60222474514,3195.54257779274,3340.52888558892,3923.87475962327
"LPCHMCBP_01118",132.036825366813,0,0,0,120.416827448202,0
"LPCHMCBP_01119",0,0,0,0,0,0
"LPCHMCBP_01120",0,0,0,0,0,0
"LPCHMCBP_01121",0,0,0,1.03516118490209,0,0
"LPCHMCBP_01122",351.537535053042,146.026693059188,186.804503789638,306.407710731017,286.509003238826,398.527251546374
"LPCHMCBP_01123",587.858222493006,976.965681950823,1007.3795387012,2292.88202455812,1820.78547710471,1834.11841538009
"LPCHMCBP_01124",962.943726401277,3.7684307886242,1424.49096497121,715.296378767341,699.663290518002,425.318999549492
"LPCHMCBP_01125",0,0,219.218070657246,0,58.1322615267183,23.4427795027279
"LPCHMCBP_01126",168.199777537341,0,208.129218834117,122.149019818446,0,72.5609841751102
"LPCHMCBP_01127",0,0,0,0,0,0
"LPCHMCBP_01128",0,0,0,0,0,0
"LPCHMCBP_01129",6529.51536399957,6077.53675435367,3164.58771260071,4911.8398223604,4049.53486099514,4439.61590868328
"LPCHMCBP_01130",468.436380441494,161.100416213684,167.185765948717,223.59481593885,411.078135081793,363.921243709014
"LPCHMCBP_01131",0,0.942107697156049,0,0,0,0
"LPCHMCBP_01132",1242.99635600095,1475.34065374637,695.185710450022,1640.73047806981,1925.63116307254,1557.27035268121
"LPCHMCBP_01133",353.219532828416,0,533.11787611198,312.61867784043,383.050080417126,159.634165185242
"LPCHMCBP_01134",233.797690776904,23.5526924289012,151.831971116692,285.704487032976,107.959914263905,0
"LPCHMCBP_01135",0,0,0,0,0,0
"LPCHMCBP_01136",0,0,133.919210479329,0,0,0
"LPCHMCBP_01137",524.783305916504,148.853016150656,513.499138271059,614.885743831839,1181.33060031081,430.900613716808
"LPCHMCBP_01138",24.3889677429144,7.53686157724839,84.4458715761376,0,15.571141480371,2.23264566692647
"LPCHMCBP_01139",0,0,0,0,0,0
"LPCHMCBP_01140",313.692585107141,0,719.069391299838,469.963177945547,310.384753508728,561.510385232007
"LPCHMCBP_01141",0,0,141.596107895342,339.532868647884,178.54908897492,79.2589211758896
"LPCHMCBP_01142",100.919866522405,82.9054773497323,151.831971116692,0,126.645284040351,0
"LPCHMCBP_01143",0.840998887686704,0,33.2665554693875,5.17580592451043,11.4188370856054,5.58161416731617
"LPCHMCBP_01144",116.898845388452,153.563554636436,109.182541027733,83.8480559770689,111.07414255998,292.476582367367
"LPCHMCBP_01145",0,0,0,0,0,0
"LPCHMCBP_01146",73.1669032287433,473.880171669493,342.048429313446,157.344500105117,0,91.5384723439852
"LPCHMCBP_01147",0,0,141.596107895342,272.247391629248,0,160.750488018706
"LPCHMCBP_01148",537.398289231804,0,466.584765173205,0,130.797588435116,0
"LPCHMCBP_01149",0,0,0,0,0,0
"LPCHMCBP_01150",0,0,0,0,0,0
"LPCHMCBP_01151",132.877824254499,0,0,0,0,0
"LPCHMCBP_01152",0,0,0,0,0,0
"LPCHMCBP_01153",0,0,0,0,0,0
"LPCHMCBP_01154",0,0.942107697156049,0,379.904154859065,0,0
"LPCHMCBP_01155",0,0,0,0,0,0
"LPCHMCBP_01156",0,458.806448514996,311.340839649396,161.485144844725,229.414817810799,696.585448081058
"LPCHMCBP_01157",2343.86389998284,829.054773497323,1675.26961389429,2146.92429748693,2766.47280301257,2423.53687144868
"LPCHMCBP_01158",2890.5131769792,2876.25479941742,1462.87545205127,2013.38850463456,1637.04600763633,1906.6793995552
"LPCHMCBP_01159",0,0,0,0,0,0
"LPCHMCBP_01160",1772.82565524357,1185.17148302231,806.927217283093,1288.7756752031,1687.91173647221,1532.71125034502
"LPCHMCBP_01161",0,0,0,0,0,0
"LPCHMCBP_01162",117.739844276139,0,308.781873844059,358.165769976122,276.128242251912,247.823669028838
"LPCHMCBP_01163",8379.71291691032,7131.75526747129,3028.96252491782,4929.43756250373,3082.04793701476,4055.60085397193
"LPCHMCBP_01164",471.800375992241,496.490756401238,604.76891866143,1096.23569481131,1189.63520910034,992.410998948815
"LPCHMCBP_01165",1267.38532374386,427.716894508846,1077.32460404709,1067.25118163405,1276.83360139042,1478.01143150532
"LPCHMCBP_01166",0,0,0,0,0,0
"LPCHMCBP_01167",61.3929188011294,0,500.704309244371,159.414822474921,292.737459830974,276.848062698882
"LPCHMCBP_01168",893.14081872328,613.312110848588,950.229302381993,366.447059455338,1074.4087621456,677.607959912183
"LPCHMCBP_01169",234.638689664591,868.623296777877,244.807728710621,1.03516118490209,100.693381573066,61.3977558404779
"LPCHMCBP_01170",105.124860960838,601.064710785559,463.172810766088,169.766434323942,356.060101851149,81.4915668428161
"LPCHMCBP_01171",0,0,0,0,0,0
"LPCHMCBP_01172",470.118378216868,1025.95528220294,414.552460464676,620.061549756349,563.675321589429,510.159534892698
"LPCHMCBP_01173",248.094671867578,0,271.250375365775,218.41901001434,49.8276527371871,138.424031349441
"LPCHMCBP_01174",109.329855399272,0,269.544398162217,189.434496837082,33.2184351581247,2.23264566692647
"LPCHMCBP_01175",1268.22632263155,162.04252391084,983.49585785138,895.414424940304,547.066104010367,1159.8594239683
"LPCHMCBP_01176",645.887145743389,98.9213082013851,492.17442322658,478.244467424763,636.340648497827,621.791818239021
"LPCHMCBP_01177",1274.11331484536,1858.77848648888,998.849652683405,578.655102360266,1462.64922305618,1386.47295916134
"LPCHMCBP_01178",0,319.374509335901,0,0,0,0
"LPCHMCBP_01179",0,0,22.1777036462584,0,1.0380760986914,16.7448425019485
"LPCHMCBP_01180",179.132763077268,478.590710155273,220.924047860804,78.6722500525585,188.929849961834,505.694243558845
"LPCHMCBP_01181",0,0,0,0,85.1222400926946,0
"LPCHMCBP_01182",531.511297017997,1079.65542094083,69.0920767441126,479.279628609666,506.581136161402,269.033802864639
"LPCHMCBP_01183",1.68199777537341,433.369540691782,763.424798592355,132.500631667467,791.013987202845,965.619250945697
"LPCHMCBP_01184",0,0,0,0,0,0
"LPCHMCBP_01185",2966.20307687101,6001.22603088403,1530.26155159183,1588.9724188247,2034.62915343514,1398.75251032943
"LPCHMCBP_01186",1413.71913020135,936.455050973112,1579.73489049502,914.047326268541,1493.79150601692,712.213967749543
"LPCHMCBP_01187",0,0,266.1324437551,74.5316053129501,0,0
"LPCHMCBP_01188",0,0,0,0,0,0
"LPCHMCBP_01189",0,0,0,0,0,0
"LPCHMCBP_01190",0,0,35.825521274725,0,64.3607181188667,94.8874408443749
"LPCHMCBP_01191",0,0,392.374756818417,368.517381825142,185.81562166576,20.0938110023382
"LPCHMCBP_01192",1874.58652065366,1280.32436043507,926.345621532176,1344.67437918781,1509.36264749729,1273.72435298155
"LPCHMCBP_01193",0,0,0,0,0,0
"LPCHMCBP_01194",251.458667418325,686.79651122676,433.318209703817,592.112197763993,409.001982884411,414.15577121486
"LPCHMCBP_01195",117.739844276139,300.53235539278,1846.7203228519,1147.99375405641,1694.14019306436,1119.67180196362
"LPCHMCBP_01196",1136.18949726474,1161.61879059341,352.284292534796,351.954802866709,177.511012876229,442.063842051441
"LPCHMCBP_01197",0,0,0,0,0,0
"LPCHMCBP_01198",248.935670755265,892.175989206778,1424.49096497121,746.351214314404,991.362674250285,639.652983574433
"LPCHMCBP_01199",142.128812019053,0,17.0597720355834,0,179.587165073612,152.936228184463
"LPCHMCBP_01200",2769.40933715232,3741.10966540667,1570.35201587545,4127.18764420461,1530.12416947112,1877.65500588516
"LPCHMCBP_01201",4896.29552411199,4494.79582313151,4645.37592528935,4983.26594411864,3097.61907849513,5395.18825412781
"LPCHMCBP_01202",0,0,62.2681679298792,0,0,0
"LPCHMCBP_01203",0,0,0,0,0,0
"LPCHMCBP_01204",528.14730146725,471.99595627518,189.363469594975,789.827984080291,412.116211180485,650.816211909065
"LPCHMCBP_01205",864.546856541932,1345.32979153884,976.671949037147,539.318977333986,695.510986123236,1694.57806119719
"LPCHMCBP_01206",0.840998887686704,304.300786181404,69.9450653458918,770.159921567152,222.148285119959,31.2570393369705
"LPCHMCBP_01207",0,0,0,220.489332384144,0,0
"LPCHMCBP_01208",109.329855399272,34.8579847947738,58.0032249209834,160.449983659823,215.919828527811,94.8874408443749
"LPCHMCBP_01209",0,0,0,1.03516118490209,0,0
"LPCHMCBP_01210",405.361463864991,0,55.4442591156459,104.551279675111,217.995980725194,237.776763527669
"LPCHMCBP_01211",330.512562860875,337.274555581865,786.455490840393,740.140247204991,192.044078257909,596.116393069367
"LPCHMCBP_01212",0,0,0,0,0,0
"LPCHMCBP_01213",4332.8262693619,2634.13312124831,8248.39977920455,3845.62380191125,5833.98767464565,7257.21474034448
"LPCHMCBP_01214",1332.14223809574,904.423389269807,927.198610133955,2048.58398492123,1475.10613624048,1270.37538448116
"LPCHMCBP_01215",85.7818865440438,0,0,102.480957305306,0,0
"LPCHMCBP_01216",1368.30519026627,663.243818797858,554.442591156459,75.5667664978522,173.358708481463,372.85182637672
"LPCHMCBP_01217",3995.58571539953,1164.44511368488,3516.01901653373,5508.092664864,5495.57486647226,3131.28554786437
"LPCHMCBP_01218",4501.02604689924,1932.26288686706,3319.83163812452,4394.25922990935,2623.21830139316,3527.58015374382
"LPCHMCBP_01219",0,0,0,0,0,0
"LPCHMCBP_01220",1180.76243831213,781.949388639521,2190.4747293689,308.478033100821,1883.0700430262,1258.09583331306
"LPCHMCBP_01221",0,0,0,234.981588972773,59.1703376254097,0
"LPCHMCBP_01222",485.256358195228,4.71053848578024,35.825521274725,276.388036368857,96.5410771783,466.622944387632
"LPCHMCBP_01223",0,1.8842153943121,0,0,0,0
"LPCHMCBP_01224",0,0,0,0,0,0
"LPCHMCBP_01225",613.929188011294,0,609.886850272105,91.0941842713835,358.136254048532,545.881865563521
"LPCHMCBP_01226",311.169588444081,150.737231544968,1398.90130691784,144.922565886292,289.6232315349,609.512267070926
"LPCHMCBP_01227",124.467835377632,25.4369078232133,493.880400430138,599.358326058307,550.180332306441,240.009409194595
"LPCHMCBP_01228",699.711074555338,0,319.870725667188,85.9183783468731,369.555091134138,0
"LPCHMCBP_01229",74.8489010041167,507.79604876711,39.2374756818417,0,175.434860678846,385.131377544816
"LPCHMCBP_01230",296.872607353407,0,85.2988601779168,116.973213893936,0,426.435322382955
"LPCHMCBP_01231",0,0,0,0,0,0
"LPCHMCBP_01232",0,0,0.852988601779168,0,0,0
"LPCHMCBP_01233",786.333959987069,1635.4989622629,523.735001492409,1454.40146478743,924.925803934035,731.191455918418
"LPCHMCBP_01234",749.330008928854,0,632.064553918363,0,481.667309792809,459.925007386852
"LPCHMCBP_01235",0,0.942107697156049,0,0,0,0
"LPCHMCBP_01236",0,0,0,0,0,0
"LPCHMCBP_01237",0,2.82632309146815,38.3844870800625,0,0,0
"LPCHMCBP_01238",238.002685215337,0,160.361857134484,268.10674688964,414.192363377868,488.949401056896
"LPCHMCBP_01239",0,0,0,0,0,0
"LPCHMCBP_01240",0,0,0,0,0,0
"LPCHMCBP_01241",8675.74452537604,5726.13058331446,5123.90253088746,5967.70423096052,5663.74319446027,7961.61444825978
"LPCHMCBP_01242",0,0,32.4135668676084,0,0,0
"LPCHMCBP_01243",1035.26963074233,1677.89380863492,498.145343439034,826.058625551864,556.408788898589,438.714873551051
"LPCHMCBP_01244",6225.91476554467,4254.55836035672,6104.8394229335,5630.24168468244,6021.8794485088,5490.07569497218
"LPCHMCBP_01245",0,0,0,0,0,0
"LPCHMCBP_01246",0,0,0,0,0,0
"LPCHMCBP_01247",485.256358195228,1112.62919034129,898.196997673464,1122.11472443386,618.693354820073,795.938180259286
"LPCHMCBP_01248",0,0,0,0,0,146.238291183684
"LPCHMCBP_01249",0.840998887686704,0,0,0,0,0
"LPCHMCBP_01250",0,0,0,0,0,0
"LPCHMCBP_01251",428.068433832533,251.542755140665,167.185765948717,172.871917878648,124.569131842968,224.38088952611
"LPCHMCBP_01252",0,0,0,0,0,0
"LPCHMCBP_01253",1026.85964186547,1503.60388466105,324.988657277863,1702.84014916393,974.753456671222,765.797463755778
"LPCHMCBP_01254",13.4559822029873,0,32.4135668676084,0,66.4368703162495,13.3958740015588
"LPCHMCBP_01255",114.375848725392,0,38.3844870800625,0,0,0
"LPCHMCBP_01256",0,0,0,0,0,0
"LPCHMCBP_01257",0,0,0,0,0,0
"LPCHMCBP_01258",0,0,63.9741451334376,0,1.0380760986914,0
"LPCHMCBP_01259",11835.377346415,7376.70326873186,5759.37903921294,6651.9457741808,6273.09386439212,7730.53562173289
"LPCHMCBP_01260",0,482.359140943897,852.988601779168,223.59481593885,1340.15624341059,1340.70372298934
"LPCHMCBP_01261",0,0,0.852988601779168,0,0,0
"LPCHMCBP_01262",112.693850950018,65.0054311037674,210.688184639454,19.6680625131396,100.693381573066,156.285196684853
"LPCHMCBP_01263",746.807012265793,1245.4663756403,1168.59438443746,1095.20053362641,884.440836085071,1085.06579412626
"LPCHMCBP_01264",0.840998887686704,149.795123847812,347.166360924121,4.14064473960834,240.833654896404,282.429676866198
"LPCHMCBP_01265",663.54812238481,782.891496336676,373.609007579275,255.684812670815,102.769533770448,493.414692390749
"LPCHMCBP_01266",0,0,68.2390881423334,0,0,0
"LPCHMCBP_01267",0,0,204.717264427,261.895779780228,85.1222400926946,73.6773070085734
"LPCHMCBP_01268",0,0,0,0,0,0
"LPCHMCBP_01269",0,0,80.1809285672418,0,0,0
"LPCHMCBP_01270",0,0,0,0,0,0
"LPCHMCBP_01271",3018.34500790758,2937.49179973256,2010.4941343935,2088.95527113241,1286.17628627864,3616.88598042088
"LPCHMCBP_01272",2900.60516363144,1129.5871288901,626.093633705909,1986.4743138271,536.685343023453,979.015124947256
"LPCHMCBP_01273",0,0,0,0,0,0
"LPCHMCBP_01274",6730.5140981567,5688.44627542822,2727.85754848978,4111.66022643108,3003.15415351421,3899.31565728708
"LPCHMCBP_01275",18.5019755291075,0,0.852988601779168,0,0,0
"LPCHMCBP_01276",306.12359511796,507.79604876711,261.014512144425,0,113.150294757362,0
"LPCHMCBP_01277",4588.48993121866,2100.90016465799,3730.97214418208,4889.06627629255,6220.15198335885,4857.12064839853
"LPCHMCBP_01278",0,0,0,0,0,0
"LPCHMCBP_01279",5081.31527940307,4149.04229827524,1657.35685325692,797.074112374606,1759.53898728192,1178.83691213717
"LPCHMCBP_01280",0,0,29.0016124604917,93.1645066411877,45.6753483424215,45.7692361719926
"LPCHMCBP_01281",0,0,0,0,0,0
"LPCHMCBP_01282",1049.56661183301,1614.77259292547,1222.33266634955,594.182520133797,989.286522052902,1309.44668365237
"LPCHMCBP_01283",28.5939621813479,110.226600567258,294.281067613813,270.177069259444,74.7414791057806,363.921243709014
"LPCHMCBP_01284",447.411408249327,149.795123847812,377.873950588171,366.447059455338,944.649249809172,580.487873400882
"LPCHMCBP_01285",1859.4485406753,5259.78727322222,2444.66533269909,2004.07205397044,2156.08405698203,2033.94020257001
"LPCHMCBP_01286",0,0,0,0,0,0
"LPCHMCBP_01287",440.683417147833,537.001387378948,492.17442322658,228.770621863361,113.150294757362,97.1200865113013
"LPCHMCBP_01288",0,0,106.623575222396,0,55.0180332306441,0
"LPCHMCBP_01289",1703.86374645326,1388.66674560802,1936.28412603871,1431.62791871958,1494.82958211561,1476.89510867186
"LPCHMCBP_01290",1053.77160627144,2139.52658024139,1134.47484036629,691.487671514593,1058.83762066523,1004.69055011691
"LPCHMCBP_01291",349.014538389982,0,0.852988601779168,84.883217161971,111.07414255998,0
"LPCHMCBP_01292",444.888411586267,0,133.919210479329,78.6722500525585,129.759512336425,60.2814330070146
"LPCHMCBP_01293",0,0,0,0,0,0
"LPCHMCBP_01294",0,0,0,0,0,0
"LPCHMCBP_01295",0,0,0,0,135.987968928573,0
"LPCHMCBP_01296",0,0,0,0,0,0
"LPCHMCBP_01297",0,0,0,0,0,0
"LPCHMCBP_01298",0,0,0,0,0,0
"LPCHMCBP_01299",0,20.7263693374331,17.9127606373625,0,15.571141480371,44.6529133385294
"LPCHMCBP_01300",0,0,0,0,0,0
"LPCHMCBP_01301",336.399555074682,0,190.216458196754,1103.48182310562,1143.95986075792,137.307708515978
"LPCHMCBP_01302",459.185392676941,0,75.9159855583459,0,108.997990362597,772.495400756558
"LPCHMCBP_01303",0,2.82632309146815,1.70597720355834,4.14064473960834,3.11422829607419,3.3489685003897
"LPCHMCBP_01304",1352.32621140022,2600.21724415069,2841.30503252641,837.445398585787,1991.0299572901,1534.94389601195
"LPCHMCBP_01305",20.1839733044809,7.53686157724839,34.1195440711667,0,12.4569131842968,0
"LPCHMCBP_01306",870.433848755739,740.496649964654,3748.03191621766,1269.10761268996,1926.66923917123,1238.00202231073
"LPCHMCBP_01307",0,344.811417159114,31.5605782658292,1.03516118490209,4.15230439476559,363.921243709014
"LPCHMCBP_01308",61.3929188011294,774.412527062272,0,0,116.264523053437,65.8630471743308
"LPCHMCBP_01309",0,0,0,0,0,0
"LPCHMCBP_01310",0,349.521955644894,206.423241630559,0,0,180.844299021044
"LPCHMCBP_01311",0,0,0,0,0,0
"LPCHMCBP_01312",62.2339176888161,0,0,47.6174145054959,0,0
"LPCHMCBP_01313",836.793893248271,1454.61428440894,770.248707406589,932.680227596779,1012.12419622411,1655.50676202598
"LPCHMCBP_01314",241.366680766084,1369.82459166489,568.090408784926,1366.41276407075,801.394748189759,880.778715602491
"LPCHMCBP_01315",0,0,34.9725326729459,0,0,0
"LPCHMCBP_01316",1012.56266077479,1008.05523595697,976.671949037147,1346.74470155761,630.112191905678,2077.47679307508
"LPCHMCBP_01317",1312.79926367895,1758.91507059034,818.016069106222,1292.9163199427,1649.50292082063,1117.4391562967
"LPCHMCBP_01318",0,0,0,0,0,0
"LPCHMCBP_01320",0,0,37.5314984782834,0,22.8376741712107,158.517842351779
"LPCHMCBP_01321",70.6439065656832,598.238387694091,0,156.309338920215,0,0
"LPCHMCBP_01322",2506.17668530638,857.318004412004,1650.53294444269,1692.48853731491,1858.1562166576,2017.19536006806
"LPCHMCBP_01323",1.68199777537341,0,0,0,0,0
"LPCHMCBP_01324",0,0,0,0,0,0
"LPCHMCBP_01325",0,0,0,0,0,0
"LPCHMCBP_01326",514.691319264263,667.012249586483,690.067778839347,28579.7651539617,26928.7320761535,29521.1573309352
"LPCHMCBP_01327",0,0,0,0,0,0
"LPCHMCBP_01328",0,0,0,38.3009638413772,110.036066461288,65.8630471743308
"LPCHMCBP_01329",0,0,0,5542.25298396577,4387.94766916854,6386.48293024316
"LPCHMCBP_01330",236.320687439964,1186.11359071947,693.479733246463,28358.2406603926,23946.3394446132,25975.716011856
"LPCHMCBP_01331",0,0,0,0,1.0380760986914,154.052551017926
"LPCHMCBP_01332",0,0,0.852988601779168,0,1.0380760986914,13.3958740015588
"LPCHMCBP_01333",0,0,0,0,0,0
"LPCHMCBP_01334",0,0,0,0,0,0
"LPCHMCBP_01335",0,0,0,0,1.0380760986914,0
"LPCHMCBP_01336",0,0,0,0,0,0
"LPCHMCBP_01337",0,0,66.5331109387751,0,0,0
"LPCHMCBP_01338",0,0,0,0,0,0
"LPCHMCBP_01339",266.596647396685,299.590247695624,360.814178552588,140.781921146684,5.19038049345699,948.874408443749
"LPCHMCBP_01340",0,0,0,0,0,0
"LPCHMCBP_01341",0,0,0,0,0,0
"LPCHMCBP_01342",477.687368206048,0,452.936947544738,188.39933565218,233.567122205564,0
"LPCHMCBP_01343",0,0,0,0,0,0
"LPCHMCBP_01344",0,0,33.2665554693875,0,0,0
"LPCHMCBP_01345",0,0,0,0,0,0
"LPCHMCBP_01346",0,0,0,0,0,0
"LPCHMCBP_01347",0,2.82632309146815,0,0,0,0
"LPCHMCBP_01348",0,0,0,0,0,0
"LPCHMCBP_01349",0,0,0,0,0,0
"LPCHMCBP_01350",0,0,2.5589658053375,0,0,0
"LPCHMCBP_01351",37.003951058215,0,0,0,0,0
"LPCHMCBP_01352",0,0,0,0,0,0
"LPCHMCBP_01353",0,0,0,0,0,0
"LPCHMCBP_01354",0,0,0,0,0,0
"LPCHMCBP_01355",0,0,0,0,0,0
"LPCHMCBP_01356",7974.35145304533,3914.45748168338,4247.88323686026,3793.86574266614,2494.49686515543,1748.16155720342
"LPCHMCBP_01357",5.88699221380693,22.6105847317452,22.1777036462584,0,0,2.23264566692647
"LPCHMCBP_01358",1740.02669862379,972.255143465042,2010.4941343935,587.971553024385,1452.26846206927,276.848062698882
"LPCHMCBP_01359",0,0,0,0,0,0
"LPCHMCBP_01360",0,0,0,0,0,0
"LPCHMCBP_01361",0,0,0,0,0,0
"LPCHMCBP_01362",0,0,0,0,0,0
"LPCHMCBP_01363",579.448233616139,0,104.064609417058,169.766434323942,196.196382652674,213.217661191478
"LPCHMCBP_01364",140.44681424368,0,34.9725326729459,0,0,390.712991712132
"LPCHMCBP_01365",2725.67739499261,1773.98879374484,3183.35346183985,2582.7271563307,2884.81347826339,2915.83524100597
"LPCHMCBP_01366",60.5519199134427,0,177.421629170067,71.4261217582439,78.8937835005462,256.754251696544
"LPCHMCBP_01367",644.205147968016,1249.23480642892,658.507200573518,1303.26793179173,1141.88370856054,399.643574379838
"LPCHMCBP_01368",70.6439065656832,0,65.6801223369959,250.509006746305,250.176339784627,0
"LPCHMCBP_01369",0,0,0,0,0,0
"LPCHMCBP_01370",226.228700787723,0,207.276230232338,0,48.7895766384957,0
"LPCHMCBP_01371",0,0,0,0,0,0
"LPCHMCBP_01372",0,0,0,0,0,68.0956928412573
"LPCHMCBP_01373",0,0,0,0,0,0
"LPCHMCBP_01374",90.8278798701641,512.506587252891,1405.72521573207,581.760585914972,1333.92778681845,1101.81063662821
"LPCHMCBP_01375",0,0,0,0,0,0
"LPCHMCBP_01377",1432.22110573046,514.390802647203,907.579872293035,965.805385513646,706.929823208842,560.394062398543
"LPCHMCBP_01378",0,0,0,0,0,0
"LPCHMCBP_01379",553.377268097851,0,497.292354837255,448.224793062603,830.460878953118,232.195149360353
"LPCHMCBP_01380",930.144769781495,1104.15022106689,1655.65087605336,1509.26500758724,1171.98791542259,1600.80694318628
"LPCHMCBP_01381",0,0,81.8869057708001,0,0,0
"LPCHMCBP_01382",0,0,0,0,0,0
"LPCHMCBP_01383",0,0,0,0,0,0
"LPCHMCBP_01384",0,729.191357598782,371.050041773938,0,151.559110408944,144.005645516757
"LPCHMCBP_01385",0,0,0,0,0,0
"LPCHMCBP_01386",0,0,0,0,0,0
"LPCHMCBP_01387",0,0,0,0,0,0
"LPCHMCBP_01388",0,0,0,0,0,0
"LPCHMCBP_01389",0,0,0,151.133532995704,0,0
"LPCHMCBP_01390",0,0,0,0,0,0
"LPCHMCBP_01391",0,0,0,0,0,0
"LPCHMCBP_01392",0,0,0,0,0,0
"LPCHMCBP_01393",0,0,0,0,0,0
"LPCHMCBP_01394",355.742529491476,1106.0344364612,0,420.275441070247,642.569105089975,587.185810401661
"LPCHMCBP_01395",0,0,0,0,0,0
"LPCHMCBP_01396",0,0,0,0,0,0
"LPCHMCBP_01397",0,0,0,0,0,0
"LPCHMCBP_01398",0,0,0,0,0,0
"LPCHMCBP_01399",0,0,0,0,0,0
"LPCHMCBP_01400",0,0,0,0,0,0
"LPCHMCBP_01401",0,0,0,0,0,0
"LPCHMCBP_01402",0,0,0,0,0,0
"LPCHMCBP_01403",0,0,0,0,0,0
"LPCHMCBP_01404",0,0,0,0,0,0
"LPCHMCBP_01405",0,0,0,0,0,0
"LPCHMCBP_01406",0,0,0,0,0,0
"LPCHMCBP_01407",0,0,0,81.7777336072648,0,0
"LPCHMCBP_01408",222.864705236977,482.359140943897,366.785098765042,83.8480559770689,141.17834942203,156.285196684853
"LPCHMCBP_01409",0,0,0,0,0,0
"LPCHMCBP_01410",174.086769751148,162.04252391084,121.124381452642,146.992888256096,122.492979645585,0
"LPCHMCBP_01411",2637.37251178551,3059.96580036285,3693.4406457038,3110.65936063077,1906.9457932961,3784.33440544036
"LPCHMCBP_01412",1033.58763296696,667.012249586483,876.872282628985,946.137323000506,114.188370856054,292.476582367367
"LPCHMCBP_01413",0,0,5.11793161067501,0,0,0
"LPCHMCBP_01414",6876.84790461418,8961.32841534834,5761.0850164165,3795.93606503595,3924.96572915217,5996.88626136449
"LPCHMCBP_01415",719.895047859819,748.033511541903,563.82546577603,354.025125236513,441.182341943844,589.418456068587
"LPCHMCBP_01416",0,0,0,0,0,0
"LPCHMCBP_01417",0,0,0,0,0,0
"LPCHMCBP_01418",0,0,0,0,0,0
"LPCHMCBP_01419",0,0,0,0,0,0
"LPCHMCBP_01420",0,0,0,0,0,0
"LPCHMCBP_01421",0,0,0,0,0,150.703582517537
"LPCHMCBP_01422",12770.5681095226,12495.1743873807,4076.43252790264,6716.12576764473,3740.18818358511,4647.25195570744
"LPCHMCBP_01423",0,0,0,0,0,0
"LPCHMCBP_01424",555.059265873225,1695.79385488089,2179.38587754577,711.155734027733,1809.36664001911,1155.39413263445
"LPCHMCBP_01425",3352.2215663192,3721.32540376639,5129.02046249814,3243.15999229823,3831.53888026995,4711.99868004831
"LPCHMCBP_01426",2181.55111465931,2272.36376554039,2053.14356448246,1115.90375732445,1158.4929261396,1294.93448681735
"LPCHMCBP_01427",307.805592893334,347.637740250582,160.361857134484,165.625789584334,264.709405166306,190.891204522213
"LPCHMCBP_01428",0,0,0,0,0,0
"LPCHMCBP_01429",0,0,0,0,0,0
"LPCHMCBP_01430",0,0,0,0,0,0
"LPCHMCBP_01431",0,0,0,0,0,0
"LPCHMCBP_01432",0,0,0,0,0,0
"LPCHMCBP_01434",0,0,0,0,0,0
"LPCHMCBP_01435",0,0,0,0,0,0
"LPCHMCBP_01436",0,0,0,0,0,0
"LPCHMCBP_01437",0,0,0,0,0,0
"LPCHMCBP_01438",0,0,0,0,0,0
"LPCHMCBP_01439",0,0,0,0,0,0
"LPCHMCBP_01440",344.809543951549,318.432401638744,580.885237811613,557.951878662224,174.396784580155,0
"LPCHMCBP_01441",0,0,0,0,0,0
"LPCHMCBP_01442",0,0,0,0,0,0
"LPCHMCBP_01443",6236.00675219691,8157.71054967423,5851.50180820509,5097.13367445787,4282.06390710202,5245.60099444374
"LPCHMCBP_01444",684.573094576977,797.965219491173,71.6510425494501,493.771885198295,500.352679569254,222.148243859184
"LPCHMCBP_01445",61.3929188011294,0,121.977370054421,93.1645066411877,28.0280546646677,236.660440694206
"LPCHMCBP_01446",0,0,0,0,0,0
"LPCHMCBP_01447",0,0,0,0,0,0
"LPCHMCBP_01448",0,0,5.97092021245417,0,0,0
"LPCHMCBP_01449",0,0,0,0,0,0
"LPCHMCBP_01450",2747.54336607246,1089.07649791239,1732.41985021349,2857.04487032976,2479.96379977375,2569.77516263236
"LPCHMCBP_01451",4320.2112860466,1450.84585362031,3225.14990332703,2578.58651159109,3586.55292097878,1840.81635238087
"LPCHMCBP_01452",1404.4681424368,306.185001575716,1653.94489884981,1772.19594855237,565.751473786812,429.784290883345
"LPCHMCBP_01453",23.5479688552277,4.71053848578024,29.0016124604917,0,71.6272508097064,40.1876220046764
"LPCHMCBP_01454",313.692585107141,1125.81869810148,884.549180044997,752.562181423816,906.24043415759,1085.06579412626
"LPCHMCBP_01455",0,0,0,0,0,0
"LPCHMCBP_01456",0,0,66.5331109387751,282.599003478269,37.3707395528903,250.056314695764
"LPCHMCBP_01457",408.725459415738,516.275018041515,438.436141314492,811.566368963235,289.6232315349,205.403401357235
"LPCHMCBP_01458",1188.33142830131,756.512480816307,2095.79299457142,1745.28175774492,1574.76144171485,1109.62489646245
"LPCHMCBP_01459",0,0.942107697156049,0,0,0,0
"LPCHMCBP_01460",0,0,0,0,0,0
"LPCHMCBP_01461",0,0,0,0,0,0
"LPCHMCBP_01462",608.883194685174,19.784261640277,361.667167154367,409.923829221226,301.042068620505,327.082590204727
"LPCHMCBP_01463",1290.0922937114,2350.55870440434,891.37308885923,917.152809823248,648.797561682124,1395.40354182904
"LPCHMCBP_01464",0,0,0,0,0,0
"LPCHMCBP_01465",351.537535053042,0,87.0048373814751,0,0,0
"LPCHMCBP_01466",0,0,148.420016709575,0,166.092175790624,0
"LPCHMCBP_01467",4034.27166423312,4281.87948357424,3855.50848004184,2884.99422232211,3491.04991989917,3096.67954002701
"LPCHMCBP_01468",363.311519480656,623.675295517304,336.930497702771,0,93.4268488822258,120.562866014029
"LPCHMCBP_01469",467.595381553808,0,300.251987826267,495.842207568099,1155.37869784353,234.427795027279
"LPCHMCBP_01470",175.768767526521,0,0,1.03516118490209,0,0
"LPCHMCBP_01471",169.881775312714,306.185001575716,71.6510425494501,421.310602255149,13.4949892829882,0
"LPCHMCBP_01472",1510.43400228532,2094.3054107779,1206.12588291574,2172.80332710948,983.058065460754,724.493518917639
"LPCHMCBP_01473",0,0,17.9127606373625,0,0,0
"LPCHMCBP_01474",308.646591781021,167.695170093777,1867.1920492946,1370.55340881036,1080.63721873774,1077.25153429202
"LPCHMCBP_01475",0,0,0,0,0,0
"LPCHMCBP_01476",0,0,0,0,0,0
"LPCHMCBP_01477",48.7779354858289,134.721400693315,110.888518231292,0,0,231.078826526889
"LPCHMCBP_01478",0,0,0,0,0,0
"LPCHMCBP_01479",0,0,0,0,0,0
"LPCHMCBP_01480",788.856956650129,530.406633498855,1417.66705615698,477.209306239861,896.897749269368,789.240243258506
"LPCHMCBP_01481",6.72799110149364,1106.97654415836,452.083958942959,409.923829221226,345.679340864235,541.416574229668
"LPCHMCBP_01482",0,284.516524541127,347.166360924121,0,0,298.058196534683
"LPCHMCBP_01483",0,462.57487930362,32.4135668676084,73.4964441280481,113.150294757362,237.776763527669
"LPCHMCBP_01484",0,0,76.7689741601251,0,0,260.103220196933
"LPCHMCBP_01485",0,0,0,0,0,22.3264566692647
"LPCHMCBP_01486",0.840998887686704,278.86387835819,487.909480217684,80.7425724223627,330.108199383864,301.407165035073
"LPCHMCBP_01487",0,0,0,0,0,0
"LPCHMCBP_01488",0,0,34.9725326729459,0,90.3126205861516,39.0712991712132
"LPCHMCBP_01489",1594.53389105399,1716.52022421832,1491.87706451176,1515.47597469665,2060.58105590242,898.639880937903
"LPCHMCBP_01490",0,622.733187820148,0,0,0,39.0712991712132
"LPCHMCBP_01491",928.462772006122,1108.86075955267,1087.56046726844,1371.58856999526,1311.09011264724,1168.79000663601
"LPCHMCBP_01492",63.0749165765028,49.9317079492706,102.3586322135,90.0590230864814,118.340675250819,0
"LPCHMCBP_01493",0,0,0,0,0,0
"LPCHMCBP_01494",0,0,0,0,0,0
"LPCHMCBP_01495",0,0,77.6219627619043,0,0,118.330220347103
"LPCHMCBP_01496",0,0,0,0,0,0
"LPCHMCBP_01497",113.534849837705,0,29.8546010622709,0,103.80760986914,133.958740015588
"LPCHMCBP_01498",0,0,114.300472638408,0,144.292577718104,0
"LPCHMCBP_01499",0,0,0,0,0,0
"LPCHMCBP_01500",43.7319421597086,32.9737694004617,25.589658053375,56.9338651696147,77.8557074018548,78.1425983424264
"LPCHMCBP_01501",0,0,0,0,15.571141480371,0
"LPCHMCBP_01502",0,0,0,0,0,0
"LPCHMCBP_01503",0,0,0,0,0,0
"LPCHMCBP_01504",400.315470538871,2096.18962617221,292.575090410255,433.732536473974,397.583145798805,312.570393369705
"LPCHMCBP_01505",0,0,0,0,0,0
"LPCHMCBP_01506",0,0,0,0,0,0
"LPCHMCBP_01508",0,276.979662963878,102.3586322135,65.2151546488314,84.0841639940032,180.844299021044
"LPCHMCBP_01509",236.320687439964,0,51.1793161067501,0,198.272534850057,0
"LPCHMCBP_01510",0,0,0,0,0,0
"LPCHMCBP_01511",768.672983345648,848.8390351376,537.382819120876,498.947691122805,415.230439476559,558.161416731617
"LPCHMCBP_01512",0.840998887686704,0.942107697156049,4.26494300889584,0,19.7234458751366,2.23264566692647
"LPCHMCBP_01513",296.03160846572,0,440.142118518051,261.895779780228,252.25249198201,400.759897213301
"LPCHMCBP_01514",0,0,0,0,0,0
"LPCHMCBP_01515",0,0,0,0,0,0
"LPCHMCBP_01516",5046.83432500791,5607.4250134728,4434.68774064989,5060.9030329863,5566.16404118327,5505.70421464067
"LPCHMCBP_01517",3.36399555074682,16.0158308516528,46.0613844960751,198.7509475012,144.292577718104,63.6304015074043
"LPCHMCBP_01518",0,0,0,0,0,0
"LPCHMCBP_01519",2900.60516363144,1051.39219002615,834.222852540026,688.382187959887,1279.94782968649,685.422219746426
"LPCHMCBP_01520",575.243239177706,0,390.668779614859,0,170.244480185389,137.307708515978
"LPCHMCBP_01521",366.675515031403,768.759880879336,641.447428537934,1168.69697775445,1266.45284040351,1504.80317950844
"LPCHMCBP_01522",1511.27500117301,271.327016780942,771.101696008368,1790.82884988061,1427.35463570067,973.43351077994
"LPCHMCBP_01523",0,0,0,133.535792852369,0,0
"LPCHMCBP_01524",0,0,0,69.3557993884397,0,0
"LPCHMCBP_01525",318.738578433261,0,43.5024186907376,297.091260066898,248.100187587244,0
"LPCHMCBP_01526",0,0,128.801278868654,198.7509475012,0,0
"LPCHMCBP_01527",0,614.254218545744,315.605782658292,79.7074112374606,0,156.285196684853
"LPCHMCBP_01528",0,0,0,0,0,0
"LPCHMCBP_01529",0,0,0,0,0,0
"LPCHMCBP_01530",0,0,0,0,20.761521973828,17.8611653354117
"LPCHMCBP_01531",0,0,0,0,0,0
"LPCHMCBP_01532",2.52299666306011,115.879246750194,197.893355612767,73.4964441280481,256.404796376775,0
"LPCHMCBP_01533",982.286700818071,1238.8716217602,1249.62830160648,997.89538224561,993.438826447668,1018.08642411847
"LPCHMCBP_01534",0,0,0,0,0,0
"LPCHMCBP_01535",0,0,88.7108145850334,8.28128947921668,0,0
"LPCHMCBP_01536",0,0,0,0,160.901795297167,0
"LPCHMCBP_01537",357.424527266849,616.138433940056,427.347289491363,795.003790004802,626.997963609604,549.230834063911
"LPCHMCBP_01538",0,0,0,0,0,0
"LPCHMCBP_01539",0,0,0,0,0,0
"LPCHMCBP_01540",681.209099026231,589.759418419687,398.345677030871,755.667664978522,425.611200463473,856.2196132663
"LPCHMCBP_01541",0,0,0,0,0,0
"LPCHMCBP_01542",377.60850057133,0,66.5331109387751,0,0,0
"LPCHMCBP_01543",665.230120160183,609.543680059964,327.5476230832,80.7425724223627,388.240460910583,484.484109723043
"LPCHMCBP_01544",60.5519199134427,0,0,78.6722500525585,0,0
"LPCHMCBP_01545",0,0,0,0,0,0
"LPCHMCBP_01546",260.709655182878,630.270049397397,0,131.465470482565,145.330653816796,1.11632283346323
"LPCHMCBP_01547",104.283862073151,15.0737231544968,0,161.485144844725,13.4949892829882,0
"LPCHMCBP_01548",949.487744198289,848.8390351376,312.193828251175,224.629977123753,618.693354820073,723.377196084175
"LPCHMCBP_01549",518.896313702697,1473.45643835206,320.723714268967,543.459622073595,295.851688127048,410.80680271447
"LPCHMCBP_01550",163.994783098907,0,127.948290266875,196.680625131396,260.557100771541,433.133259383735
"LPCHMCBP_01551",0,0,0,0,0,0
"LPCHMCBP_01552",0,0,75.9159855583459,119.04353626374,0,0
"LPCHMCBP_01553",228.751697450784,0,355.696246941913,136.641276407075,58.1322615267183,0
"LPCHMCBP_01554",0,0,0,0,0,0
"LPCHMCBP_01555",148.01580423286,146.026693059188,125.389324461538,10.3516118490209,0,0
"LPCHMCBP_01556",1174.87544609833,1001.46048207688,955.347233992668,1352.95566866703,579.2464630698,485.600432556507
"LPCHMCBP_01557",234.638689664591,153.563554636436,150.125993913134,163.55546721453,377.859699923669,0
"LPCHMCBP_01558",0,0,0,0,0,0
"LPCHMCBP_01559",647.569143518762,774.412527062272,671.302029600205,859.183783468731,647.759485583432,661.979440243698
"LPCHMCBP_01560",0,0,0,0,0,0
"LPCHMCBP_01561",0,0,0,0,0,0
"LPCHMCBP_01562",0,0,66.5331109387751,0,0,353.874338207845
"LPCHMCBP_01563",0,0,5.97092021245417,0,20.761521973828,0
"LPCHMCBP_01564",0,0,0,0,0,0
"LPCHMCBP_01565",0,0,0,0,0,0
"LPCHMCBP_01566",0,0,0,0,0,0
"LPCHMCBP_01567",902.391806487834,1322.71920680709,1022.73333353322,1048.61828030581,1333.92778681845,466.622944387632
"LPCHMCBP_01568",184.178756403388,139.431939179095,156.949902727367,136.641276407075,231.490970008182,110.51596051286
"LPCHMCBP_01569",2053.71928373093,2504.12225904078,1463.72844065305,1733.89498471099,2289.99587371322,1873.18971455131
"LPCHMCBP_01570",0,0,97.2407006028251,160.449983659823,0,0
"LPCHMCBP_01571",110.170854286958,0,92.1227689921501,0,113.150294757362,282.429676866198
"LPCHMCBP_01572",0,0,0,140.781921146684,0,0
"LPCHMCBP_01573",1465.86106123793,662.301711100702,1332.36819597906,451.330276617309,1165.75945883044,802.636117260065
"LPCHMCBP_01574",260.709655182878,287.342847632595,116.006449841967,0,66.4368703162495,0
"LPCHMCBP_01575",0,0,0,0,0,0
"LPCHMCBP_01576",241.366680766084,159.216200819372,137.331164886446,350.919641681807,431.839657055621,255.637928863081
"LPCHMCBP_01577",0,321.258724730213,0,0,127.683360139042,291.360259533904
"LPCHMCBP_01578",250.617668530638,849.781142834756,221.777036462584,268.10674688964,182.701393369686,225.497212359573
"LPCHMCBP_01579",0,0,0,0,0,0
"LPCHMCBP_01580",732.510031175119,0,351.431303933017,537.248654964182,792.052063301536,432.016936550271
"LPCHMCBP_01581",0,334.448232490397,348.0193495259,251.544167931207,0,109.399637679397
"LPCHMCBP_01582",0,0,0,0,0,0
"LPCHMCBP_01583",297.713606241093,0,575.767306200938,351.954802866709,750.52901935388,608.395944237462
"LPCHMCBP_01584",0,0,0,0,0,0
"LPCHMCBP_01586",0,0,0,0,0,0
"LPCHMCBP_01587",0,0,0,0,0,0
"LPCHMCBP_01588",0,0,0,0,53.9799571319527,0
"LPCHMCBP_01589",725.782040073626,379.669401953888,841.04676135426,1105.55214547543,791.013987202845,1248.0489278119
"LPCHMCBP_01592",0,0,0,0,0,0
"LPCHMCBP_01593",0,0,0,0,104.845685967831,0
"LPCHMCBP_01594",0,0,0,0,0,0
"LPCHMCBP_01595",0,0,0,0,0,0
"LPCHMCBP_01596",121.103839826885,664.185926495014,194.48140120565,474.103822685155,278.204394449295,445.41281055183
"LPCHMCBP_01597",0,165.810954699465,101.505643611721,0,188.929849961834,190.891204522213
"LPCHMCBP_01598",0,306.185001575716,0.852988601779168,0,74.7414791057806,0
"LPCHMCBP_01599",0,0,58.0032249209834,0,0,0
"LPCHMCBP_01600",0,0,0,0,0,0
"LPCHMCBP_01601",0,0,0,0,185.81562166576,0
"LPCHMCBP_01602",0,0,0,0,121.454903546894,0
"LPCHMCBP_01603",789.697955537815,0,513.499138271059,243.26287845199,104.845685967831,167.448425019485
"LPCHMCBP_01604",608.042195797487,316.548186244432,1149.82863519832,732.894118910676,890.669292677219,538.067605729279
"LPCHMCBP_01605",0,0,0,0,0,0
"LPCHMCBP_01606",0,0,0,0,0,2.23264566692647
"LPCHMCBP_01607",302.759599567214,77.252831166796,0,208.067398165319,141.17834942203,0
"LPCHMCBP_01608",0,0,68.2390881423334,0,0,0
"LPCHMCBP_01609",0,0,0,0,0,0
"LPCHMCBP_01610",0,0,0,0,0,0
"LPCHMCBP_01611",0,0,0,0,0,0
"LPCHMCBP_01612",2009.98734157122,4162.23180603542,2685.20811840082,1956.45463946494,1985.83957679664,1200.04704597298
"LPCHMCBP_01613",0,0,85.2988601779168,0,0,80.3752440093528
"LPCHMCBP_01614",0,0,71.6510425494501,0,0,0
"LPCHMCBP_01615",394.428478325064,473.880171669493,424.788323686026,143.88740470139,438.06811364777,244.474700528448
"LPCHMCBP_01616",0,0,0.852988601779168,0,0,1.11632283346323
"LPCHMCBP_01617",0,0,0,0,0,0
"LPCHMCBP_01618",0,0,0,0,0,0
"LPCHMCBP_01619",0,0,0,1.03516118490209,0,0
"LPCHMCBP_01620",0,0,0,0,0,0
"LPCHMCBP_01621",0,0,0,0,0,0
"LPCHMCBP_01622",2806.41328821053,3262.5189552514,2182.79783195289,1384.01050421409,1819.74740100602,3417.06419323096
"LPCHMCBP_01623",0,0,104.917598018838,0,0,0
"LPCHMCBP_01624",752.6940044796,992.981512802475,1195.89001969439,1398.50276080272,1104.51296900765,491.182046723823
"LPCHMCBP_01625",0,144.142477664875,5.97092021245417,0,139.102197224647,0
"LPCHMCBP_01626",0,0,353.990269738355,211.172881720025,100.693381573066,0
"LPCHMCBP_01627",1016.76765521323,1398.08782257958,1090.97242167556,1797.03981699002,1088.94182752728,1205.62866014029
"LPCHMCBP_01628",132.036825366813,0,75.0629969565668,0,0,0
"LPCHMCBP_01629",1524.730983376,3789.15715796163,2468.54901354891,2138.64300800771,2717.68322637408,2775.1785639896
"LPCHMCBP_01630",1576.87291441257,1664.70430087474,1966.13872710098,1822.91884661257,2042.93376222467,2909.13730400519
"LPCHMCBP_01631",1224.49438047184,1922.8418098955,1189.06611088016,527.932204300064,1274.75744919304,861.801227433616
"LPCHMCBP_01632",0,0,0,0,0,0
"LPCHMCBP_01633",0,0,0,0,0,0
"LPCHMCBP_01634",0,0,133.06622187755,1.03516118490209,0,0
"LPCHMCBP_01635",117.739844276139,0.942107697156049,0,1.03516118490209,0,0
"LPCHMCBP_01636",1500.34201563308,1246.40848333745,409.434528854001,940.961517075996,853.298553124329,552.579802564301
"LPCHMCBP_01637",693.824082341531,0,359.961189950809,484.455434534176,891.707368775911,620.675495405558
"LPCHMCBP_01638",1404.4681424368,890.291773812466,1370.75268305912,3016.45969280468,1082.71337093513,1175.48794363679
"LPCHMCBP_01639",0,0,0,0,0,0
"LPCHMCBP_01640",0,0,0,0,0,0
"LPCHMCBP_01642",12027.9660916952,11334.4977044844,7738.31259534061,8759.53394664145,8047.16591705571,8933.93163620626
"LPCHMCBP_01643",0,0,0,0,0,0
"LPCHMCBP_01644",0,0,17.0597720355834,30.0196743621605,0,0
"LPCHMCBP_01645",0,0,0,0,0,0
"LPCHMCBP_01646",123.626836489946,0,578.326272006276,248.438684376501,142.216425520721,207.636047024161
"LPCHMCBP_01647",0,0,0,0,0,0
"LPCHMCBP_01648",0,0,0,0,0,0
"LPCHMCBP_01649",0,0,0,0,0,0
"LPCHMCBP_01650",488.620353745975,958.123528007702,21.3247150444792,702.874444548516,187.891773863143,128.377125848272
"LPCHMCBP_01651",0,0,0,0,0,0
"LPCHMCBP_01652",0,0,0,0,0,0
"LPCHMCBP_01653",0,0,0,2.07032236980417,1.0380760986914,0
"LPCHMCBP_01654",0,0,0,0,235.643274402947,0
"LPCHMCBP_01655",0,0,0,0,155.71141480371,0
"LPCHMCBP_01656",221.182707461603,0,0,0,0,158.517842351779
"LPCHMCBP_01657",0,0,0,0,0,0
"LPCHMCBP_01658",0,335.390340187553,0,0,0,0
"LPCHMCBP_01659",166.517779761967,42.3948463720222,122.8303586562,2.07032236980417,236.681350501639,80.3752440093528
"LPCHMCBP_01660",0,0,0,0,0,0
"LPCHMCBP_01661",1449.04108348419,1414.10365343123,1856.10319747147,1737.0004682657,1773.03397656491,1252.51421914575
"LPCHMCBP_01662",1177.39844276139,1855.01005570026,1710.24214656723,714.261217582439,839.803563841341,967.851896612624
"LPCHMCBP_01663",0,0,150.125993913134,0,0,0
"LPCHMCBP_01664",0,0,150.125993913134,0,0,0
"LPCHMCBP_01665",0,0,56.2972477174251,0,0,0
"LPCHMCBP_01666",5749.909395114,6604.1749570639,11528.9939416472,9077.32843040639,6517.04174758459,6683.42480394438
"LPCHMCBP_01667",82.417890993297,371.190432679483,169.744731754054,132.500631667467,118.340675250819,0
"LPCHMCBP_01668",0,173.347816276713,139.037142090004,442.01382595319,368.517015035446,247.823669028838
"LPCHMCBP_01669",1734.98070529767,1997.26831797082,3583.40511607428,1685.2424090206,1150.18831735007,1797.27976187581
"LPCHMCBP_01670",0,0,0,101.445796120404,0,53.5834960062352
"LPCHMCBP_01671",89.9868809824774,0,0,83.8480559770689,153.635262606327,0
"LPCHMCBP_01672",0,0,0,0,0,0
"LPCHMCBP_01673",0,0,0,0,0,0
"LPCHMCBP_01674",139.605815355993,1277.4980373436,69.9450653458918,0,183.739469468377,147.354614017147
"LPCHMCBP_01675",6406.72952639731,5323.85059662883,3393.18865787753,4512.26760498819,3317.69121141771,3064.30617785658
"LPCHMCBP_01676",860.341862103499,458.806448514996,1405.72521573207,982.367964472079,1824.93778149948,1426.66058116601
"LPCHMCBP_01677",718.213050084446,1268.07696037204,287.45715879958,178.047723803159,413.154287279176,274.615417031955
"LPCHMCBP_01678",101.760865410091,780.065173245208,212.394161843013,0,400.697374094879,306.988779202389
"LPCHMCBP_01679",202.680731932496,147.9109084535,86.151848779696,334.357062723374,132.873740632499,372.85182637672
"LPCHMCBP_01680",34.4809543951549,0,115.153461240188,5.17580592451043,0,0
"LPCHMCBP_01681",1697.97675423946,1109.80286724983,2257.00784030768,1071.39182637366,1655.73137741278,1817.37357287814
"LPCHMCBP_01682",0,0,0,1.03516118490209,2.0761521973828,0
"LPCHMCBP_01683",0,0,105.770586620617,139.746759961782,0,0
"LPCHMCBP_01684",125.308834265319,0,0,0,127.683360139042,0
"LPCHMCBP_01685",0,0,23.8836808498167,0,0,0
"LPCHMCBP_01686",69.8029076779965,0,113.447484036629,13.4570954037271,46.7134244411129,123.911834514419
"LPCHMCBP_01687",0,0,0,0,0,0
"LPCHMCBP_01688",0,0,0,0,0,0
"LPCHMCBP_01689",243.048678541458,301.474463089936,786.455490840393,595.217681318699,503.466907865328,209.868692691088
"LPCHMCBP_01690",359.947523929909,124.358216024598,290.869113206696,84.883217161971,112.112218658671,1.11632283346323
"LPCHMCBP_01691",114.375848725392,0,74.2100083547876,10.3516118490209,58.1322615267183,168.564747852948
"LPCHMCBP_01692",0,0,0,0,0,0
"LPCHMCBP_01693",432.273428270966,0,1204.41990571219,83.8480559770689,777.518997919857,380.666086210963
"LPCHMCBP_01694",0,0.942107697156049,0.852988601779168,0,0,0
"LPCHMCBP_01695",0,0,0,0,0,0
"LPCHMCBP_01696",116.898845388452,0,55.4442591156459,173.90707906355,55.0180332306441,13.3958740015588
"LPCHMCBP_01697",0,0,0,0,0,0
"LPCHMCBP_01698",0,0,23.0306922480375,0,0,36.8386535042867
"LPCHMCBP_01699",0.840998887686704,0,0.852988601779168,0,0,0
"LPCHMCBP_01700",0,0,0,0,0,0
"LPCHMCBP_01701",0,0.942107697156049,0,0,0,0
"LPCHMCBP_01702",334.717557299308,321.258724730213,504.969252253267,434.767697658876,177.511012876229,1096.2290224609
"LPCHMCBP_01703",3941.76178658758,5614.96187505005,5722.70052933644,3573.376410282,4897.64303362601,4970.98557741178
"LPCHMCBP_01704",236.320687439964,330.679801701773,155.243925523809,420.275441070247,284.432851041443,114.981251846713
"LPCHMCBP_01705",0,0,0,0,0,0
"LPCHMCBP_01706",120.262840939199,0,67.3860995405543,0,61.2464898227925,0
"LPCHMCBP_01707",0.840998887686704,0,0,0,0,0
"LPCHMCBP_01708",976.399708604264,724.480819113002,1687.21145431919,602.463809613014,2213.17824241006,667.561054411014
"LPCHMCBP_01709",0,0,0,0,8.30460878953118,0
"LPCHMCBP_01710",617.293183562041,320.316617033057,188.510480993196,188.39933565218,197.234458751366,0
"LPCHMCBP_01711",471.800375992241,844.12849665182,603.915930059651,612.815421462035,168.168327988006,394.061960212522
"LPCHMCBP_01712",0,0,0,0,0,0
"LPCHMCBP_01713",962.10272751359,369.306217285171,380.432916393509,0,0,284.662322533125
"LPCHMCBP_01714",132.877824254499,0,295.134056215592,36.230641471573,20.761521973828,7.81425983424264
"LPCHMCBP_01716",0,0,1.70597720355834,742.210569574795,1235.31055744276,1332.8894631551
"LPCHMCBP_01717",268.278645172059,0,528.852933103084,590.041875394189,686.168301235014,966.73557377916
"LPCHMCBP_01718",0,0,0,0,0,4.46529133385294
"LPCHMCBP_01719",0,0,0,0,0,0
"LPCHMCBP_01720",0,0,0,0,0,0
"LPCHMCBP_01721",0,0,0,0,0,3.3489685003897
"LPCHMCBP_01722",0,0,0,0,0,0
"LPCHMCBP_01723",0,0,0,0,0,0
"LPCHMCBP_01724",0,0,0,0,0,0
"LPCHMCBP_01725",0,0,0,225.665138308655,42.5611200463473,0
"LPCHMCBP_01726",0,0,0,0,0,0
"LPCHMCBP_01727",0,0,53.7382819120876,0,6.22845659214839,0
"LPCHMCBP_01728",0.840998887686704,6.59475388009234,30.70758966405,24.84386843765,9.34268488822258,17.8611653354117
"LPCHMCBP_01729",107.647857623898,298.648139998467,174.862663364729,106.621602044915,50.8657288358785,0
"LPCHMCBP_01730",0,0,26.4426466551542,0,0,0
"LPCHMCBP_01731",0,0,0,0,0,0
"LPCHMCBP_01732",0,0,0,0,0,0
"LPCHMCBP_01733",0,0,0,0,0,0
"LPCHMCBP_01734",0,0,0,0,0,0
"LPCHMCBP_01735",0,0,0,0,0,0
"LPCHMCBP_01736",0,0,0,0,0,0
"LPCHMCBP_01737",0,0,0,0,0,0
"LPCHMCBP_01738",0,0,0,0,130.797588435116,91.5384723439852
"LPCHMCBP_01739",0,0,0,0,0,0
"LPCHMCBP_01740",0,0,0,0,0,2.23264566692647
"LPCHMCBP_01741",0,0,0,0,0,0
"LPCHMCBP_01742",0,0,0,0,0,0
"LPCHMCBP_01743",27.7529632936612,0,2.5589658053375,20.7032236980417,0,36.8386535042867
"LPCHMCBP_01744",0,0,0,0,0,0
"LPCHMCBP_01745",6951.6968056183,7719.63047049666,6175.63747688117,7580.48535703797,5140.5528407198,5054.70978992152
"LPCHMCBP_01746",0,0,0,0,0,0
"LPCHMCBP_01747",6021.5520358368,5292.76104262268,6101.42746852639,8518.34139055926,7748.20000063259,10436.5021700478
"LPCHMCBP_01748",0,0,0,0,0,0
"LPCHMCBP_01751",0,0,0,0,0,0
"LPCHMCBP_01752",0,0,0,0,0,0
"LPCHMCBP_01753",992.378687470311,1065.52380548349,1211.24381452642,3208.99967319646,1216.62518766632,1718.02084069992
"LPCHMCBP_01754",0,0,0,0,0,0
"LPCHMCBP_01755",0,0,0,0,0,0
"LPCHMCBP_01756",132.036825366813,0,222.630025064363,0,0,0
"LPCHMCBP_01757",0,0,0,17.5977401433355,13.4949892829882,0
"LPCHMCBP_01758",0,0,0,0,0,0
"LPCHMCBP_01759",0,0,0,0,17.6472936777538,0
"LPCHMCBP_01760",0,0,0,0,0,0
"LPCHMCBP_01761",0,0,0,0,0,0
"LPCHMCBP_01762",0,0,0,0,0,0
"LPCHMCBP_01763",605.519199134427,707.522880564193,1682.09352270852,170.801595508844,115.226446954745,99.3527321782278
"LPCHMCBP_01764",0,0,0,136.641276407075,0,0
"LPCHMCBP_01765",0,0,0,0,0,0
"LPCHMCBP_01766",0,0,0,0,0,0
"LPCHMCBP_01767",0,162.984631607996,0,0,0,0
"LPCHMCBP_01768",0,0,0,170.801595508844,0,0
"LPCHMCBP_01769",0,0,0,0,0,0
"LPCHMCBP_01770",194.270743055629,0,187.657492391417,0,0,218.799275358794
"LPCHMCBP_01771",0,337.274555581865,0,0,48.7895766384957,0
"LPCHMCBP_01772",0,0,0,0,0,0
"LPCHMCBP_01773",185.019755291075,41.4527386748661,26.4426466551542,33.1251579168667,92.3887727835344,84.8405353432058
"LPCHMCBP_01774",8696.76949756821,2615.29096730519,6267.76024587333,5463.58073391321,5090.72518798261,6716.91448894828
"LPCHMCBP_01775",0,0,0,0,0,0
"LPCHMCBP_01776",0,0,0,0,0,0
"LPCHMCBP_01777",118.580843163825,0,0,0,0,0
"LPCHMCBP_01778",0,0,45.2083958942959,0,155.71141480371,0
"LPCHMCBP_01779",0,0,0,0,0,0
"LPCHMCBP_01780",0,0,0,0,0,0
"LPCHMCBP_01781",0,0,0,0,0,0
"LPCHMCBP_01782",0.840998887686704,0,15.353794832025,1.03516118490209,10.380760986914,12.2795511680956
"LPCHMCBP_01783",0,0,0,0,0,0
"LPCHMCBP_01784",558.423261423972,0,491.321434624801,305.372549546115,172.320632382772,226.613535193036
"LPCHMCBP_01785",1145.44048502929,2006.68939494238,1227.45059796022,1611.74596489255,896.897749269368,2195.80701342218
"LPCHMCBP_01786",0,0,0,0,0,0
"LPCHMCBP_01787",672.799110149364,861.086435200629,436.730164110934,496.877368753001,316.613210100876,274.615417031955
"LPCHMCBP_01788",8050.88235182482,3386.877171276,3937.39538581264,3840.44799598674,5127.05785143681,3257.43002804572
"LPCHMCBP_01789",0,0,0,0,0,0
"LPCHMCBP_01790",22040.0578496055,18514.3004645107,12689.9114286687,15717.8874315533,12750.6887202264,16459.0638565819
"LPCHMCBP_01791",13348.3343453634,3523.48278736362,8400.23175032125,11022.3962968374,6267.90348389866,10319.2882725341
"LPCHMCBP_01792",0,0,0,0,0,0
"LPCHMCBP_01793",125.308834265319,7.53686157724839,189.363469594975,0,111.07414255998,308.105102035852
"LPCHMCBP_01794",2244.62603123581,3235.19783203387,2152.09024228884,3110.65936063077,2029.43877294168,1432.24219533333
"LPCHMCBP_01795",803.994936628489,498.37497179555,455.495913350076,773.265405121858,629.074115806987,872.964455768249
"LPCHMCBP_01796",958.738731962843,162.04252391084,451.23097034118,637.659289899685,404.849678489645,1156.51045546791
"LPCHMCBP_01797",0,0,0,0,0,0
"LPCHMCBP_01798",0,0,3.41195440711667,0,0,0
"LPCHMCBP_01799",0,407.932632868569,96.387712001046,282.599003478269,0,275.731739865419
"LPCHMCBP_01800",0,0,0,0,0,0
"LPCHMCBP_01801",0,0,0,0,0,0
"LPCHMCBP_01802",0,0,0,0,0,0
"LPCHMCBP_01803",0,76.31072346964,31.5605782658292,0,0,0
"LPCHMCBP_01804",320.420576208634,32.9737694004617,436.730164110934,137.676437591977,47.7515005398043,193.123850189139
"LPCHMCBP_01805",2507.01768419407,875.218050657969,1260.71715342961,1752.52788603923,1022.50495721103,1357.44856549129
"LPCHMCBP_01806",587.01722360532,0,234.571865489271,151.133532995704,10.380760986914,290.243936700441
"LPCHMCBP_01807",0,0,0,0,0,0
"LPCHMCBP_01808",0,0,0,0,0,0
"LPCHMCBP_01809",0,0,0,0,0,0
"LPCHMCBP_01810",0,0,0,0,0,0
"LPCHMCBP_01811",0,0,0,0,12.4569131842968,0
"LPCHMCBP_01812",0.840998887686704,8.47896927440444,0,2.07032236980417,1.0380760986914,0
"LPCHMCBP_01813",0,0,0,0,59.1703376254097,0
"LPCHMCBP_01814",0,0,0,0,0,0
"LPCHMCBP_01815",0,0,0,0,0,0
"LPCHMCBP_01816",309.487590668707,0,231.159911082154,1026.87989542287,838.765487742649,781.425983424264
"LPCHMCBP_01817",0,17.9000462459649,8.52988601779168,0,12.4569131842968,0
"LPCHMCBP_01818",0,81.9633696525762,0,60.039348724321,0,0
"LPCHMCBP_01819",1362.41819805246,798.907327188329,1144.71070358764,1357.09631340663,1326.66125412761,668.677377244477
"LPCHMCBP_01820",0,292.995493815531,182.539560780742,526.897043115161,0,81.4915668428161
"LPCHMCBP_01821",187.542751954135,0,104.064609417058,121.113858633544,278.204394449295,400.759897213301
"LPCHMCBP_01822",118.580843163825,0,0,1.03516118490209,0,0
"LPCHMCBP_01823",2583.54858297356,3100.47643134056,2425.04659485817,4539.18179579564,3198.3124600682,4139.32506648167
"LPCHMCBP_01824",0,585.048879933906,70.7980539476709,128.359986927859,197.234458751366,160.750488018706
"LPCHMCBP_01825",0,0,0,0,111.07414255998,0
"LPCHMCBP_01826",33.6399555074682,0,42.6494300889584,549.670589183007,519.038049345699,228.846180859963
"LPCHMCBP_01827",114.375848725392,0,0,41.4064473960834,0,0
"LPCHMCBP_01828",306.964594005647,0,265.279455153321,0,0,637.420337907506
"LPCHMCBP_01829",0,0,0,0,0,0
"LPCHMCBP_01830",0,0,0,0,0,0
"LPCHMCBP_01831",0,0,0,0,0,0
"LPCHMCBP_01832",702.234071218398,446.559048451967,295.987044817371,733.929280095579,914.545042947121,828.311542429719
"LPCHMCBP_01833",122.785837602259,1175.75040605075,248.219683117738,300.196743621605,0,397.410928712911
"LPCHMCBP_01834",0,0,0,0,1.0380760986914,0
"LPCHMCBP_01835",305.282596230274,312.779755455808,252.484626126634,0,700.701366616693,343.827432706676
"LPCHMCBP_01836",73.1669032287433,254.369078232133,1317.01440114704,555.88155629242,242.909807093787,162.983133685632
"LPCHMCBP_01837",0,0,6.82390881423334,0,0,0
"LPCHMCBP_01838",53.8239288119491,0,0,0,0,0
"LPCHMCBP_01839",0,0,0,0,0,0
"LPCHMCBP_01840",0,0,0,0,0,0
"LPCHMCBP_01841",223.705704124663,0,441.848095721609,191.504819206886,228.376741712107,224.38088952611
"LPCHMCBP_01842",171.563773088088,410.758955960037,499.851320642592,1005.14151053992,1045.34263138224,602.814330070146
"LPCHMCBP_01843",0,73.4844003781718,255.043591931971,64.1799934639293,0,0
"LPCHMCBP_01844",1348.12121696179,809.270511857046,1409.13717013919,1334.32276733879,858.488933617786,980.131447780719
"LPCHMCBP_01845",1631.53784211221,2561.5908285673,2344.86566629093,814.671852517941,1258.14823161397,560.394062398543
"LPCHMCBP_01846",23722.8966238666,30155.925278268,30270.8594999391,3016.45969280468,2677.19825852511,3307.66455555156
"LPCHMCBP_01847",0,0,0,0,0,0
"LPCHMCBP_01848",52.1419310365757,0,0,0,0,0
"LPCHMCBP_01849",176.609766414208,143.200369967719,171.450708957613,27.9493519923563,127.683360139042,120.562866014029
"LPCHMCBP_01850",0,0,0,0,0,0
"LPCHMCBP_01851",0,0,0,0,0,0
"LPCHMCBP_01852",206.044727483243,0,483.644537208788,199.786108686102,1.0380760986914,74.7936298420367
"LPCHMCBP_01853",0,0,0,0,62.2845659214839,0
"LPCHMCBP_01854",0,12.2474000630286,0,0,19.7234458751366,270.150125698103
"LPCHMCBP_01855",0,0,234.571865489271,0,340.488960370778,0
"LPCHMCBP_01856",35.3219532828416,0,80.1809285672418,40.3712862111813,23.8757502699021,137.307708515978
"LPCHMCBP_01857",9.25098776455375,394.743125108384,29.8546010622709,0,0,49.1182046723823
"LPCHMCBP_01858",566.833250300839,1748.55188592163,2155.50219669596,3351.85191671295,1642.23638812979,1970.30980106261
"LPCHMCBP_01859",0,0,0,0,0,0
"LPCHMCBP_01860",1245.51935266401,1009.93945135128,1444.96269141391,745.316053129501,1619.39871395858,1051.57610912237
"LPCHMCBP_01861",0,0,0,0,0,0
"LPCHMCBP_01862",191.747746392569,0,135.625187682888,136.641276407075,112.112218658671,63.6304015074043
"LPCHMCBP_01863",0,0,0,0,0,0
"LPCHMCBP_01864",0,0,0,0,0,0
"LPCHMCBP_01865",1880.47351286747,1847.47319412301,1438.13878259968,1624.16789911137,1742.92976970286,1859.79384054975
"LPCHMCBP_01866",4.20499443843352,625.559510911616,36.6785098765042,365.411898270436,127.683360139042,843.940062098205
"LPCHMCBP_01867",125.308834265319,0,63.1211565316584,0,0,0
"LPCHMCBP_01868",0.840998887686704,209.147908768643,15.353794832025,132.500631667467,67.4749464149408,4.46529133385294
"LPCHMCBP_01869",0.840998887686704,0,0,0,123.531055744276,0
"LPCHMCBP_01870",4612.03790007389,2122.56864169258,4339.15301725063,5688.21071103696,6929.15795876508,5015.63849075031
"LPCHMCBP_01871",0,0,20.4717264427,0,0,0
"LPCHMCBP_01872",0,0,0,0,0,0
"LPCHMCBP_01873",74.00790211643,0,18.7657492391417,0,30.1042068620505,0
"LPCHMCBP_01874",55.5059265873225,289.227063026907,167.185765948717,0,44.6372722437301,0
"LPCHMCBP_01875",1239.6323604502,2541.80656692702,1670.15168228361,1525.82758654567,1627.70332274811,1382.00766782748
"LPCHMCBP_01876",0,0,0,0,0,0
"LPCHMCBP_01877",0,0,0,0,0,0
"LPCHMCBP_01878",0,0,0,0,0,0
"LPCHMCBP_01879",0,0,0,0,0,0
"LPCHMCBP_01880",0,0,0,0,0,0
"LPCHMCBP_01881",0,0,0,0,0,0
"LPCHMCBP_01882",0,0,0,0,0,0
"LPCHMCBP_01883",0,0,0,0,0,0
"LPCHMCBP_01884",305.282596230274,0.942107697156049,0.852988601779168,1.03516118490209,0,111.632283346323
"LPCHMCBP_01885",0,0,0,0,0,0
"LPCHMCBP_01886",0,0,0,0,0,0
"LPCHMCBP_01887",0,329.737694004617,33.2665554693875,0,0,0
"LPCHMCBP_01888",0,330.679801701773,288.310147401359,281.563842293367,200.34868704744,109.399637679397
"LPCHMCBP_01889",0,0,0,0,0,0
"LPCHMCBP_01890",0,0,0,0,0,0
"LPCHMCBP_01891",0,0,0,0,0,0
"LPCHMCBP_01892",0,0,0,0,0,0
"LPCHMCBP_01893",281.734627375046,927.033974001552,864.930442204076,260.860618595325,604.160289438393,1107.39225079553
"LPCHMCBP_01894",0,0,0,0,0,0
"LPCHMCBP_01895",0,0,0,0,0,0
"LPCHMCBP_01896",0,0,0,0,0,0
"LPCHMCBP_01897",0,0,0,0,0,0
"LPCHMCBP_01898",0,0,0,0,0,0
"LPCHMCBP_01899",1929.2514483533,1394.31939179095,2841.30503252641,2071.35753098907,2857.82349969742,1978.12406089685
"LPCHMCBP_01900",133.718823142186,38.626415583398,2.5589658053375,0,0,0
"LPCHMCBP_01901",0,0,0,0,0,0
"LPCHMCBP_01902",0,0,0,0,0,0
"LPCHMCBP_01903",0,0,0,0,0,0
"LPCHMCBP_01904",0,300.53235539278,220.924047860804,205.997075795515,75.779555204472,0
"LPCHMCBP_01905",0,0,0,0,0,0
"LPCHMCBP_01906",0,0,0,0,0,0
"LPCHMCBP_01907",0,0,0,0,0,0
"LPCHMCBP_01908",0,0,92.1227689921501,270.177069259444,182.701393369686,0
"LPCHMCBP_01909",2065.49326815855,332.564017096085,974.11298323181,1657.29305702824,962.296543486926,691.003833913742
"LPCHMCBP_01910",0,0,0,0,0,0
"LPCHMCBP_01911",0,0,0,0,0,0
"LPCHMCBP_01912",0,0,0,0,0,0
"LPCHMCBP_01913",25.2299666306011,305.24289387856,31.5605782658292,0,155.71141480371,276.848062698882
"LPCHMCBP_01914",0,0,0,0,0,0
"LPCHMCBP_01915",182.496758628015,174.289923973869,40.0904642836209,104.551279675111,1.0380760986914,1.11632283346323
"LPCHMCBP_01916",7.56898998918034,0,18.7657492391417,0,0,166.332102186022
"LPCHMCBP_01917",0,0,0,0,0,0
"LPCHMCBP_01918",502.076335948963,609.543680059964,126.242313063317,1098.30601718111,276.128242251912,66.979370007794
"LPCHMCBP_01919",0,0,0,0,0,0
"LPCHMCBP_01920",0,0,0,0,0,0
"LPCHMCBP_01921",0,0,0,0,0,0
"LPCHMCBP_01922",1566.78092776033,2013.28414882248,891.37308885923,1005.14151053992,464.020016115055,972.317187946477
"LPCHMCBP_01923",0,0,0,0,0,0
"LPCHMCBP_01924",0,0,0,0,0,0
"LPCHMCBP_01925",491.143350409035,918.555004727148,365.079121561484,143.88740470139,386.1643087132,429.784290883345
"LPCHMCBP_01926",0,0,0,0,0,0
"LPCHMCBP_01927",358.265526154536,322.200832427369,332.665554693875,610.74509909223,475.43885320066,321.500976037411
"LPCHMCBP_01928",1830.85457849396,1933.20499456421,2264.68473772369,2365.34330750126,1630.81755104419,2277.298580265
"LPCHMCBP_01929",0,0,0,0,0,0
"LPCHMCBP_01930",498.712340398216,0,0,170.801595508844,159.863719198475,0
"LPCHMCBP_01931",113.534849837705,329.737694004617,261.867500746205,350.919641681807,213.843676330428,0
"LPCHMCBP_01932",1003.31167301024,337.274555581865,310.487851047617,636.624128714783,558.484941095972,247.823669028838
"LPCHMCBP_01933",0,0,0,0,0,0
"LPCHMCBP_01934",0,0,0,0,0,0
"LPCHMCBP_01935",0,0,0,0,0,0
"LPCHMCBP_01936",1388.48916357075,2180.0372112191,4049.13689264571,570.373812881049,2003.4868704744,1309.44668365237
"LPCHMCBP_01937",6.72799110149364,317.490293941588,22.1777036462584,0,108.997990362597,44.6529133385294
"LPCHMCBP_01938",558.423261423972,143.200369967719,1581.44086769858,1473.03436611567,832.537031150501,1125.25341613094
"LPCHMCBP_01939",1489.40903009315,2122.56864169258,1195.03703109261,1551.70661616823,1033.92379429663,1128.60238463133
"LPCHMCBP_01940",0,0,0,0,0,0
"LPCHMCBP_01941",0,0,82.7398943725793,0,0,0
"LPCHMCBP_01942",985.650696368818,2371.28507374177,1408.28418153741,1829.12981372198,851.222400926946,1194.46543180566
"LPCHMCBP_01943",0,0,0,0,0,0
"LPCHMCBP_01944",406.202462752678,0,447.819015934063,169.766434323942,423.53504826609,439.831196384514
"LPCHMCBP_01945",2931.72212247585,3742.99388080098,4747.73455750285,3601.32576227435,4189.67513431848,3280.87280754844
"LPCHMCBP_01946",0,0,8.52988601779168,0,113.150294757362,0
"LPCHMCBP_01947",0,0,0,0,0,0
"LPCHMCBP_01948",306.964594005647,330.679801701773,416.258437668234,749.45669786911,143.254501619413,199.821787189919
"LPCHMCBP_01949",0,0,0,0,0,0
"LPCHMCBP_01950",0,0,0,0,0,0
"LPCHMCBP_01951",0,0,0,0,0,0
"LPCHMCBP_01952",0,0,0,0,0,0
"LPCHMCBP_01953",0,0,0,0,0,0
"LPCHMCBP_01954",691.301085678471,290.169170724063,407.728551650442,435.802858843778,550.180332306441,1032.59862095349
"LPCHMCBP_01955",0,0,0,0,0,0
"LPCHMCBP_01956",0,0,0,0,0,0
"LPCHMCBP_01957",3458.18742616773,2142.35290333286,2829.3631921015,2640.69618268522,2702.11208489371,1820.72254137853
"LPCHMCBP_01958",0,0,0,0,0,0
"LPCHMCBP_01959",195.111741943315,156.389877727904,572.355351793822,398.537056187303,579.2464630698,709.981322082617
"LPCHMCBP_01960",872.956845418799,238.35324738048,1108.88518231292,174.942240248452,285.470927140134,156.285196684853
"LPCHMCBP_01961",423.863439394099,311.837647758652,526.293967297747,160.449983659823,363.326634541989,855.103290432837
"LPCHMCBP_01962",0,0,0,0,0,0
"LPCHMCBP_01963",0,0,0,0,0,0
"LPCHMCBP_01964",131.195826479126,0,73.3570197530084,0,0,0
"LPCHMCBP_01965",0,0,0,0,0,0
"LPCHMCBP_01966",1735.82170418536,1929.43656377559,1782.74617771846,1527.89790891548,1020.42880501364,1411.03206149753
"LPCHMCBP_01967",251.458667418325,0,37.5314984782834,0,0,0
"LPCHMCBP_01968",333.035559523935,361.769355707923,314.752794056513,367.48222064024,360.212406245915,94.8874408443749
"LPCHMCBP_01969",0,0,0,0,0,0
"LPCHMCBP_01970",0,0,0,0,0,0
"LPCHMCBP_01971",1389.33016245844,718.828172930065,1114.85610252537,1004.10634935502,714.196355899682,1038.18023512081
"LPCHMCBP_01972",0,0,0,0,0,0
"LPCHMCBP_01973",116.898845388452,0,59.7092021245417,240.157394897284,365.402786739372,214.333984024941
"LPCHMCBP_01974",0,0,0,0,0,0
"LPCHMCBP_01975",0,0,0,0,0,0
"LPCHMCBP_01976",476.005370430675,481.417033246741,179.127606373625,168.73127313904,39.4468917502731,378.433440544036
"LPCHMCBP_01977",0,0,0,0,0,0
"LPCHMCBP_01978",200.157735269436,86.6739081383565,828.251932327572,522.756398375553,675.7875402481,398.527251546374
"LPCHMCBP_01979",0,0,0,0,233.567122205564,0
"LPCHMCBP_01980",129.513828703752,284.516524541127,130.507256072213,278.458358738661,135.987968928573,0
"LPCHMCBP_01981",1277.4773103961,1938.85764074715,2080.43919973939,1381.94018184428,2158.16020917942,1453.45232916913
"LPCHMCBP_01982",0,0,0,0,0,0
"LPCHMCBP_01984",0,0,0,0,0,0
"LPCHMCBP_01986",0,0,0.852988601779168,0,0,0
"LPCHMCBP_01987",0,0,0,0,0,0
"LPCHMCBP_01988",0,0,0,0,0,0
"LPCHMCBP_01989",0,0,0,0,0,0
"LPCHMCBP_01990",258.186658519818,182.768893248273,455.495913350076,662.503158337335,448.448874634684,769.146432256168
"LPCHMCBP_01991",1211.87939715654,202.55315488855,325.841645879642,515.510270081239,369.555091134138,298.058196534683
"LPCHMCBP_01992",751.853005591914,0,192.775424002092,447.189631877701,639.454876793901,148.47093685061
"LPCHMCBP_01993",0,0,0,0,0,0
"LPCHMCBP_01994",13.4559822029873,3.7684307886242,0.852988601779168,84.883217161971,0,0
"LPCHMCBP_01995",1888.04250285665,1396.20360718526,1438.99177120146,2424.34749504068,1527.00994117505,1141.99825863289
"LPCHMCBP_01996",0,0,0,0,0,0
"LPCHMCBP_01997",614.770186898981,957.181420310545,148.420016709575,795.003790004802,314.537057903493,682.073251246036
"LPCHMCBP_01998",526.465303691877,324.085047821681,558.707534165355,1227.70116529387,935.306564920949,1395.40354182904
"LPCHMCBP_01999",636.636157978835,0,874.313316823647,419.240279885345,610.388746030542,1507.03582517537
"LPCHMCBP_02000",0,0,0,0,0,0
"LPCHMCBP_02001",0,0,0,0,0,0
"LPCHMCBP_02002",446.57040936164,432.427432994626,93.8287461957085,248.438684376501,191.006002159217,81.4915668428161
"LPCHMCBP_02003",0,0,0,0,0,0
"LPCHMCBP_02004",0,0,0,0,0,0
"LPCHMCBP_02005",0,0,0,0,0,0
"LPCHMCBP_02006",0,0,0,0,0,0
"LPCHMCBP_02007",462.549388227687,415.469494445817,63.9741451334376,392.32608907789,144.292577718104,419.737385382176
"LPCHMCBP_02008",0,0,0,0,0,0
"LPCHMCBP_02009",0,0,30.70758966405,0,0,0
"LPCHMCBP_02010",0,0,0,0,0,0
"LPCHMCBP_02011",0,0,0,0,0,0
"LPCHMCBP_02012",3246.25570647068,2650.14895209997,3388.92371486863,1543.42532668901,2803.84354256547,3908.24623995478
"LPCHMCBP_02013",0,0,0,0,0,0
"LPCHMCBP_02014",231.274694113844,0,329.253600286759,329.181256798863,59.1703376254097,84.8405353432058
"LPCHMCBP_02015",1472.58905233942,1868.19956346044,1533.67350599894,1879.85271178219,1210.39673107417,1227.95511680956
"LPCHMCBP_02016",0,0,16.2067834338042,0,37.3707395528903,42.4202676716029
"LPCHMCBP_02018",938.554758658362,1142.77663665029,1083.29552425954,381.974477228869,991.362674250285,850.637999098984
"LPCHMCBP_02019",3289.1466497427,1658.10954699465,3008.49079847512,2890.17002824662,2372.00388550984,3799.96292510885
"LPCHMCBP_02020",0.840998887686704,0,5.11793161067501,0,6.22845659214839,0
"LPCHMCBP_02021",0,0,0,0,0,0
"LPCHMCBP_02022",0,0,0,0,0,0
"LPCHMCBP_02023",0,0,0,0,0,0
"LPCHMCBP_02024",0,0,0,0,0,0
"LPCHMCBP_02025",0,333.506124793241,210.688184639454,205.997075795515,177.511012876229,382.898731877889
"LPCHMCBP_02026",0,0,0,0,0,0
"LPCHMCBP_02027",0,0,0,0,0,0
"LPCHMCBP_02028",0,0,0,0,0,0
"LPCHMCBP_02029",0,460.690663909308,0,0,0,0
"LPCHMCBP_02030",0,0,0,0,0,0
"LPCHMCBP_02031",0,0,210.688184639454,468.928016760645,682.015996840248,404.108865713691
"LPCHMCBP_02032",0,0,0,0,0,0
"LPCHMCBP_02033",5.04599332612023,0.942107697156049,13.6478176284667,0,8.30460878953118,6.6979370007794
"LPCHMCBP_02034",0,0,0,0,0,0
"LPCHMCBP_02035",0,0,0,0,0,0
"LPCHMCBP_02036",0,0,0,0,0,0
"LPCHMCBP_02037",6.72799110149364,0,41.7964414871792,0,0,0
"LPCHMCBP_02038",0,0,0,0,0,0
"LPCHMCBP_02039",0,0,0,0,0,0
"LPCHMCBP_02040",139.605815355993,331.621909398929,84.4458715761376,0,0,78.1425983424264
"LPCHMCBP_02041",0,0,0,0,0,0
"LPCHMCBP_02042",2625.59852735789,1113.57129803845,2627.20489347984,3325.9728870904,2536.01990910308,4142.67403498206
"LPCHMCBP_02043",0,0,0,104.551279675111,45.6753483424215,285.778645366588
"LPCHMCBP_02044",355.742529491476,986.386758922383,1287.15980008476,213.24320408983,415.230439476559,253.405283196154
"LPCHMCBP_02045",703.916068993772,1557.30402339895,1011.64448171009,556.916717477322,1062.98992505999,961.153959611844
"LPCHMCBP_02046",65.5979132395629,0,311.340839649396,326.075773244157,384.088156515817,299.174519368147
"LPCHMCBP_02047",0,0,0,0,0,0
"LPCHMCBP_02048",218.659710798543,0,257.602557737309,261.895779780228,93.4268488822258,0
"LPCHMCBP_02049",7261.18439628701,4485.37474615995,5125.60850809102,5612.64394453911,4005.9356648501,4647.25195570744
"LPCHMCBP_02050",121.103839826885,1779.64143992778,894.785043266347,392.32608907789,461.943863917672,539.183928562742
"LPCHMCBP_02051",1144.5994861416,2779.21770661034,1817.71871039141,1250.47471136172,1323.54702583153,942.176471442969
"LPCHMCBP_02052",259.868656295192,613.312110848588,590.268112431184,271.212230444346,395.506993601422,395.178283045985
"LPCHMCBP_02053",0,0,0,0,0,0
"LPCHMCBP_02054",1960.36840719771,1143.71874434744,1492.73005311354,1748.38724129962,1066.10415335607,864.033873100543
"LPCHMCBP_02055",653.456135732569,0.942107697156049,386.403836605963,283.634164663171,400.697374094879,889.709298270197
"LPCHMCBP_02056",125.308834265319,310.895540061496,0,0,57.0941854280269,0
"LPCHMCBP_02057",190.065748617195,112.11081596157,119.418404249083,194.610302761592,37.3707395528903,0
"LPCHMCBP_02058",3300.07963528263,3742.99388080098,5328.61979531446,2900.52164009564,3017.68721889589,3038.63075268692
"LPCHMCBP_02059",169.040776425028,22.6105847317452,630.358576714805,280.528681108465,737.034030070892,625.140786739411
"LPCHMCBP_02060",1247.20135043938,1649.63057772024,1476.52326967974,1498.91339573822,1099.32258851419,992.410998948815
"LPCHMCBP_02061",2863.60121257323,3578.12503379867,2035.23080384509,889.203457830891,1122.1602626854,1198.93072313951
"LPCHMCBP_02062",0,0,0,0,0,0
"LPCHMCBP_02063",0,0,0,0,0,0
"LPCHMCBP_02064",0,0,0,0,0,0
"LPCHMCBP_02065",0,0,0,0,0,0
"LPCHMCBP_02066",0,0,0,0,0,0
"LPCHMCBP_02067",0,0,0,0,74.7414791057806,0
"LPCHMCBP_02068",0,590.701526116843,302.810953631605,1.03516118490209,118.340675250819,243.358377694985
"LPCHMCBP_02069",1035.26963074233,687.738618923916,1721.33099839036,447.189631877701,1231.158253048,1105.1596051286
"LPCHMCBP_02070",0,0,0,0,0,0
"LPCHMCBP_02071",0,0,0,0,0,0
"LPCHMCBP_02072",1366.62319249089,862.970650594941,665.331109387751,638.694451084587,753.643247649955,632.955046573653
"LPCHMCBP_02073",0,0,0,0,0,0
"LPCHMCBP_02074",0,0,0,0,0,0
"LPCHMCBP_02075",0,0,0,0,0,0
"LPCHMCBP_02076",0,0,0,0,0,0
"LPCHMCBP_02077",0,0,0,0,0,0
"LPCHMCBP_02078",0,0,0,0,0,0
"LPCHMCBP_02079",0,0,3.41195440711667,0,0,0
"LPCHMCBP_02080",467.595381553808,781.949388639521,1260.71715342961,271.212230444346,700.701366616693,886.360329769808
"LPCHMCBP_02081",0,0.942107697156049,0,4.14064473960834,13.4949892829882,2.23264566692647
"LPCHMCBP_02082",1407.83213798754,723.538711415845,1606.17753715017,859.183783468731,1664.03598620231,1236.88569947726
"LPCHMCBP_02083",224.54670301235,0,69.9450653458918,525.861881930259,727.69134518267,205.403401357235
"LPCHMCBP_02084",0,0,0,0,0,0
"LPCHMCBP_02085",0,0,0,0,0,0
"LPCHMCBP_02086",0,221.395308831671,73.3570197530084,76.6019276827543,0,107.16699201247
"LPCHMCBP_02087",321.261575096321,263.790155203694,767.689741601251,153.203855365509,84.0841639940032,133.958740015588
"LPCHMCBP_02088",0,0,0,0,0,0
"LPCHMCBP_02089",0,0,0,0,0,0
"LPCHMCBP_02090",0,0,93.8287461957085,0,0,0
"LPCHMCBP_02091",0,0,0,0,0,0
"LPCHMCBP_02092",0,0,0,0,0,0
"LPCHMCBP_02093",0,0,0,0,0,0
"LPCHMCBP_02094",0,0,0,0,0,0
"LPCHMCBP_02095",0,0,0,0,0,8.93058266770587
"LPCHMCBP_02096",0,0,75.0629969565668,86.9535395317752,56.0561093293355,301.407165035073
"LPCHMCBP_02097",167.358778649654,0,84.4458715761376,247.403523191598,60.2084137241011,137.307708515978
"LPCHMCBP_02098",0.840998887686704,1.8842153943121,5.97092021245417,0,0,137.307708515978
"LPCHMCBP_02099",772.877977784081,1009.93945135128,1361.36980843955,702.874444548516,952.953858598703,906.454140772146
"LPCHMCBP_02100",307.805592893334,156.389877727904,365.932110163263,0,1.0380760986914,0
"LPCHMCBP_02101",268.278645172059,0,486.203503014126,85.9183783468731,137.026045027265,196.472818689529
"LPCHMCBP_02102",0,0,0,0,0,0
"LPCHMCBP_02103",0,0,0,0,0,0
"LPCHMCBP_02104",112.693850950018,942.107697156049,356.549235543692,242.227717267088,257.442872475467,174.146362020264
"LPCHMCBP_02105",14.296981090674,0.942107697156049,21.3247150444792,1.03516118490209,3.11422829607419,0
"LPCHMCBP_02106",6131.72289012376,11508.7876284583,7972.88446082988,8754.35814071694,7859.27414319257,7720.48871623172
"LPCHMCBP_02107",0,0,135.625187682888,0,6.22845659214839,227.7298580265
"LPCHMCBP_02108",0,0,0,1.03516118490209,0,0
"LPCHMCBP_02109",0,0,0,0,0,0
"LPCHMCBP_02110",0,0,0,0,0,0
"LPCHMCBP_02111",0,0,0,0,0,0
"LPCHMCBP_02112",0,0,0,0,0,0
"LPCHMCBP_02113",0,0,0,0,0,0
"LPCHMCBP_02114",0,0,0,0,0,0
"LPCHMCBP_02115",0,0,0.852988601779168,0,0,0
"LPCHMCBP_02116",0,0,0,0,20.761521973828,0
"LPCHMCBP_02117",0,0,0,0,0,0
"LPCHMCBP_02118",0,0,0,0,0,0
"LPCHMCBP_02119",0,0,0,0,0,0
"LPCHMCBP_02120",0,0,0,0,0,0
"LPCHMCBP_02121",6.72799110149364,0,0.852988601779168,0,0,0
"LPCHMCBP_02122",0,0,0,0,0,0
"LPCHMCBP_02123",0,8.47896927440444,4.26494300889584,0,0,0
"LPCHMCBP_02124",380.972496122077,0,243.954740108842,159.414822474921,127.683360139042,73.6773070085734
"LPCHMCBP_02125",0,0,0,0,0,0
"LPCHMCBP_02126",0,0,0,0,0,0
"LPCHMCBP_02127",76.5308987794901,2.82632309146815,29.0016124604917,5.17580592451043,5.19038049345699,36.8386535042867
"LPCHMCBP_02128",1084.04756622816,2596.44881336207,2460.8721161329,3708.98252550417,2289.99587371322,2113.1991237459
"LPCHMCBP_02129",299.395604016467,0,87.0048373814751,24.84386843765,64.3607181188667,0
"LPCHMCBP_02130",0,0,0,0,8.30460878953118,0
"LPCHMCBP_02131",0,0,0,0,0,0
"LPCHMCBP_02132",0,0,0,0,0,0
"LPCHMCBP_02133",1239.6323604502,1274.67171425213,572.355351793822,1196.64632974681,559.523017194663,1185.53484913795
"LPCHMCBP_02134",1031.90563519159,353.290386433518,714.804448290943,1211.13858633544,1229.08210085061,541.416574229668
"LPCHMCBP_02135",1059.65859848525,304.300786181404,519.470058483513,683.206382035376,522.152277641773,1363.03017965861
"LPCHMCBP_02136",0,0,0,0,0,0
"LPCHMCBP_02137",767.831984457961,1267.13485267489,182.539560780742,446.154470692799,151.559110408944,467.739267221095
"LPCHMCBP_02138",10.9329855399272,0,0.852988601779168,23.808707252748,70.589174711015,2.23264566692647
"LPCHMCBP_02139",0,0,0,0,0,0
"LPCHMCBP_02140",0.840998887686704,1.8842153943121,2.5589658053375,0,3.11422829607419,0
"LPCHMCBP_02141",880.525835407979,520.043448830139,1019.32137912611,1192.5056850072,1948.46883724375,2276.18225743153
"LPCHMCBP_02142",0,0,73.3570197530084,0,0,0
"LPCHMCBP_02143",0,0,58.0032249209834,181.153207357865,0,317.035684703558
"LPCHMCBP_02144",0,406.048417474257,450.377981739401,257.755135040619,288.585155436209,0
"LPCHMCBP_02145",666.07111904787,0,782.190547831497,490.666401643588,412.116211180485,552.579802564301
"LPCHMCBP_02146",954.53373752441,816.807373434294,623.534667900572,244.298039636892,1137.73140416577,1020.3190697854
"LPCHMCBP_02147",0,0,0,0,0,0
"LPCHMCBP_02148",0,0,0,0,0,0
"LPCHMCBP_02149",0,0,0,0,0,0
"LPCHMCBP_02150",0,0,0,0,0,0
"LPCHMCBP_02151",0,0.942107697156049,0.852988601779168,1.03516118490209,0,0
"LPCHMCBP_02152",0,0,0.852988601779168,0,0,0
"LPCHMCBP_02153",8219.08212936216,11047.1548568518,8284.22530047928,7877.57661710487,6592.82130278907,8188.22798345282
"LPCHMCBP_02154",58.8699221380693,0,221.777036462584,255.684812670815,56.0561093293355,416.388416881786
"LPCHMCBP_02155",0,0,0,0,0,0
"LPCHMCBP_02156",0,0,0,0,0,0
"LPCHMCBP_02157",118.580843163825,46.1632771606464,166.332777346938,287.77480940278,246.024035389861,398.527251546374
"LPCHMCBP_02158",6287.3076843458,5846.72036855044,4485.86705675664,8415.86043325395,8890.08370919313,7021.67062248374
"LPCHMCBP_02159",144.651808682113,0,48.6203503014126,1119.00924087915,214.881752429119,308.105102035852
"LPCHMCBP_02160",156.425793109727,0,0,0,153.635262606327,0
"LPCHMCBP_02161",1343.07522363567,197.84261640277,2313.3050880251,2450.22652466324,1116.96988219194,934.362211608727
"LPCHMCBP_02162",0,0,0,0,0,0
"LPCHMCBP_02163",0,0,0,0,0,0
"LPCHMCBP_02164",0,0,0,0,0,0
"LPCHMCBP_02165",0,0,0,0,0,0
"LPCHMCBP_02166",0,0,0,0,0,0
"LPCHMCBP_02167",0,0,0,0,87.1983922900774,0
"LPCHMCBP_02168",3272.32667198897,1589.33568510225,1082.44253565776,3113.76484418547,2575.46680085336,3795.49763377499
"LPCHMCBP_02169",0,0,0,0,0,0
"LPCHMCBP_02170",0,0,46.0613844960751,90.0590230864814,0,0
"LPCHMCBP_02171",0,0,0,0,0,0
"LPCHMCBP_02172",0,0,0,0,0,0
"LPCHMCBP_02173",0.840998887686704,0,3.41195440711667,0,0,0
"LPCHMCBP_02174",0,0,0,0,0,0
"LPCHMCBP_02175",1896.45249173352,1065.52380548349,1230.86255236734,1432.66307990449,1311.09011264724,523.555408894257
"LPCHMCBP_02176",5197.37312590383,4605.02242369877,2614.41006445315,3906.69831182047,5320.14000579341,4554.59716052999
"LPCHMCBP_02177",0,0,0,0,0,0
"LPCHMCBP_02178",139.605815355993,0,0,105.586440860013,1.0380760986914,0
"LPCHMCBP_02179",2721.47240055418,1628.90420838281,1593.38270812349,2279.42492915439,1408.66926592423,713.330290583006
"LPCHMCBP_02180",2213.50907239141,1192.70834459956,2294.53933878596,1723.54337286197,1577.87567001092,1995.98522623226
"LPCHMCBP_02181",622.339176888161,178.058354762493,255.89658053375,170.801595508844,78.8937835005462,0
"LPCHMCBP_02182",0,0,0,0,0,0
"LPCHMCBP_02183",0,0,0,0,0,0
"LPCHMCBP_02184",0,0,0,0,0,0
"LPCHMCBP_02185",0,0,0,0,0,0
"LPCHMCBP_02186",0,0,0,0,0,0
"LPCHMCBP_02187",36.1629521705283,0,0,0,35.2945873555075,0
"LPCHMCBP_02188",0,0,0,0,0,0
"LPCHMCBP_02189",432.273428270966,2191.34250358497,367.638087366821,682.171220850474,849.146248729563,522.439086060793
"LPCHMCBP_02190",31.1169588444081,0,31.5605782658292,72.461282943146,25.9519024672849,0
"LPCHMCBP_02191",1996.53135936824,1029.72371299156,2272.3616351397,1994.75560330632,2439.47883192478,1605.27223452013
"LPCHMCBP_02192",183.337757515702,0,144.155073700679,0,0,147.354614017147
"LPCHMCBP_02193",0,0,0,0,0,0
"LPCHMCBP_02194",67.2799110149363,0,4.26494300889584,0,0,10.0469055011691
"LPCHMCBP_02195",931.826767556869,1285.03489892085,557.854545563576,827.093786736766,850.184324828255,1102.92695946167
"LPCHMCBP_02196",45.413939935082,8.47896927440444,113.447484036629,15.5274177735313,278.204394449295,79.2589211758896
"LPCHMCBP_02197",1072.27358180055,2549.34342850427,1665.03375067294,555.88155629242,809.69935697929,1281.53861281579
"LPCHMCBP_02198",2328.72592000448,6281.03201693938,2595.64431521401,1384.01050421409,1542.58108265542,2124.36235208053
"LPCHMCBP_02199",67.2799110149363,0,6.82390881423334,6.21096710941251,48.7895766384957,61.3977558404779
"LPCHMCBP_02200",105.124860960838,645.343772551893,590.268112431184,1011.35247764934,353.983949653767,339.362141372823
"LPCHMCBP_02201",0,0,63.1211565316584,0,0,0
"LPCHMCBP_02202",0,0,0,111.797407969425,103.80760986914,0
"LPCHMCBP_02203",0,0,0,0,0,0
"LPCHMCBP_02204",7.56898998918034,0,77.6219627619043,79.7074112374606,0,188.658558855287
"LPCHMCBP_02205",175.768767526521,0,83.5928829743584,103.516118490209,1.0380760986914,331.54788153858
"LPCHMCBP_02206",664.389121272496,857.318004412004,1111.44414811826,1632.44918859059,1040.15225088878,1543.87447867965
"LPCHMCBP_02207",293.50861180266,196.900508705614,871.75435101831,121.113858633544,228.376741712107,559.27773956508
"LPCHMCBP_02208",1940.18443389323,2847.04946080558,1640.29708122134,2533.0394194554,2271.31050393678,2400.09409194595
"LPCHMCBP_02209",588.699221380693,0,431.612232500259,111.797407969425,158.825643099784,146.238291183684
"LPCHMCBP_02210",0,0,0,0,0,0
"LPCHMCBP_02211",0,0,0.852988601779168,0,0,0
"LPCHMCBP_02212",896.504814274027,547.364572047664,150.978982514913,467.892855575743,314.537057903493,108.283314845934
"LPCHMCBP_02213",351.537535053042,126.242431418911,176.568640568288,536.21349377928,110.036066461288,347.176401207066
"LPCHMCBP_02214",0,0,0,0,0,0
"LPCHMCBP_02215",0,449.385371543435,0,0,0,69.2120156747205
"LPCHMCBP_02216",0,0,0,0,0,0
"LPCHMCBP_02217",0,0,0,0,0,0
"LPCHMCBP_02218",158.1077908851,0,451.23097034118,0,174.396784580155,155.168873851389
"LPCHMCBP_02219",975.558709716577,1448.01953052885,2464.28407054002,4337.32536473974,2058.50490370504,2375.53498960976
"LPCHMCBP_02220",183.337757515702,83.8475850468883,110.035529629513,638.694451084587,188.929849961834,73.6773070085734
"LPCHMCBP_02221",1734.13970640998,1281.26646813223,911.84481530193,850.902493989514,376.821623824977,1539.4091873458
"LPCHMCBP_02222",26.9119644059745,24.4948001260573,214.100139046571,138.711598776879,289.6232315349,213.217661191478
"LPCHMCBP_02223",0,0.942107697156049,0,0,80.969935697929,0
"LPCHMCBP_02224",0,0,0,0,0,77.0262755089631
"LPCHMCBP_02225",0,0,115.153461240188,71.4261217582439,1.0380760986914,0
"LPCHMCBP_02226",0,0,0,0,0,0
"LPCHMCBP_02227",0,0,0,0,0,0
"LPCHMCBP_02228",0,0,0,0,0,0
"LPCHMCBP_02229",0,0,0,0,0,0
"LPCHMCBP_02230",0,0,0,0,0,0
"LPCHMCBP_02231",0,0,0,0,0,1.11632283346323
"LPCHMCBP_02232",0,0,0,0,0,0
"LPCHMCBP_02233",0,0,0,0,0,0
"LPCHMCBP_02234",0,0,0,0,0,0
"LPCHMCBP_02235",0,0,0,0,0,0
"LPCHMCBP_02236",0,0,0,0,0,0
"LPCHMCBP_02237",0,0,83.5928829743584,0,0,0
"LPCHMCBP_02238",13.4559822029873,0,59.7092021245417,0,66.4368703162495,0
"LPCHMCBP_02239",607.201196909801,0,71.6510425494501,2.07032236980417,68.5130225136323,4.46529133385294
"LPCHMCBP_02240",1037.79262740539,1470.63011526059,1613.85443456619,601.428648428112,1599.67526808344,1033.71494378695
"LPCHMCBP_02241",699.711074555338,1937.91553304999,175.715651966509,274.317713999053,280.280546646677,632.955046573653
"LPCHMCBP_02242",0,0,0,90.0590230864814,0,123.911834514419
"LPCHMCBP_02243",2.52299666306011,0,5.97092021245417,0,52.9418810332613,0
"LPCHMCBP_02244",47.9369365981421,0,95.5347233992668,271.212230444346,96.5410771783,0
"LPCHMCBP_02245",0,0,0,0,0,0
"LPCHMCBP_02246",0,0,0,0,1.0380760986914,0
"LPCHMCBP_02247",0,312.779755455808,0,0,0,0
"LPCHMCBP_02248",95.8738731962843,0,365.932110163263,0,0,285.778645366588
"LPCHMCBP_02249",0,0,0,0,0,0
"LPCHMCBP_02250",0,0,0,0,0,0
"LPCHMCBP_02251",418.817446067979,311.837647758652,886.255157248555,143.88740470139,224.224437317342,296.94187370122
"LPCHMCBP_02252",3421.18347510951,2635.07522894547,2994.84298084666,3449.15706809375,3327.03389630593,3803.31189360924
"LPCHMCBP_02253",0,0,0,0,0,0
"LPCHMCBP_02254",444.888411586267,310.895540061496,628.652599511247,1088.98956651699,723.539040787904,985.713061948035
"LPCHMCBP_02255",1.68199777537341,0,102.3586322135,0,508.657288358785,7.81425983424264
"LPCHMCBP_02256",5231.0130814113,3757.12549625832,4009.04642836209,4255.54763113247,3073.74332822523,3932.80534229097
"LPCHMCBP_02257",38.6859488335884,0,119.418404249083,22.7735460678459,158.825643099784,27.9080708365808
"LPCHMCBP_02258",2059.60627594474,2420.27467399389,1849.27928865724,2668.64553467758,1555.03799583971,1891.05087988672
"LPCHMCBP_02259",0,0,0,0,0,0
"LPCHMCBP_02260",1165.62445833377,3294.5506169547,1569.49902727367,653.186707673216,1383.75543955563,927.664274607947
"LPCHMCBP_02261",0,0,0,0,0,0
"LPCHMCBP_02262",626.544171326595,0,177.421629170067,468.928016760645,401.735450193571,0
"LPCHMCBP_02263",3192.43177765873,4563.5696850239,4181.35012592148,4065.07797311049,3509.73528967562,5214.34395510676
"LPCHMCBP_02264",2113.43020475669,2152.71608800157,2460.01912753112,4091.99216391794,2179.95980725194,1905.56307672174
"LPCHMCBP_02265",0,0,144.155073700679,92.1293454562856,0,0
"LPCHMCBP_02266",0,0,0,0,0,0
"LPCHMCBP_02267",0,0,135.625187682888,110.762246784523,0,0
"LPCHMCBP_02268",97.5558709716577,0,0,0,0,0
"LPCHMCBP_02269",1622.28685434765,4914.97585606311,4005.63447395497,3398.43417003355,1897.60310840787,2442.51435961756
"LPCHMCBP_02270",249.776669642951,25.4369078232133,316.458771260071,285.704487032976,177.511012876229,378.433440544036
"LPCHMCBP_02271",4190.69745734285,1730.65183967566,7068.71654294396,4026.77700926911,6353.02572399135,5132.85238826395
"LPCHMCBP_02272",1671.06478983348,1914.36284062109,4650.49385690002,1531.00339247018,2243.28244927211,1771.60433670615
"LPCHMCBP_02273",15.1379799783607,18.842153943121,63.1211565316584,23.808707252748,38.4088156515817,10.0469055011691
"LPCHMCBP_02274",1173.19344832295,971.313035767886,688.361801635788,620.061549756349,328.032047186482,0
"LPCHMCBP_02275",2771.93233381538,1852.18373260879,2018.17103180951,2868.43164336368,1383.75543955563,2852.20483949856
"LPCHMCBP_02276",767.831984457961,1135.23977507304,1440.69774840501,1307.40857653133,1324.58510193022,2261.67006059651
"LPCHMCBP_02277",0,0,0,0,21.7995980725194,0
"LPCHMCBP_02278",0,0,0,0,0,0
"LPCHMCBP_02279",0,0,0,0,0,0
"LPCHMCBP_02280",2666.80747285454,5945.64167675182,4523.39855523493,2431.593623335,3249.17818890407,3951.78283045985
"LPCHMCBP_02281",2922.4711347113,3010.97620011073,1570.35201587545,2071.35753098907,1421.12617910852,2062.96459624006
"LPCHMCBP_02282",502.076335948963,3022.2814924766,1835.63147102877,1385.04566539899,1138.76948026446,1302.74874665159
"LPCHMCBP_02283",0,0,0,0,0,0
"LPCHMCBP_02284",2993.95604016467,2032.1263027656,1194.18404249083,2504.05490627814,1953.65921773721,2009.38110023382
"LPCHMCBP_02285",0,0,0,0,0,0
"LPCHMCBP_02286",0,0,0,0,0,0
"LPCHMCBP_02287",0,0,0,0,0,0
"LPCHMCBP_02288",0,273.211232175254,0,0,0,0
"LPCHMCBP_02289",816.60991994379,322.200832427369,658.507200573518,548.635427998105,688.244453432397,1418.84632133177
"LPCHMCBP_02290",0,0,0,0,0,0
"LPCHMCBP_02291",0,0,1.70597720355834,105.586440860013,97.5791532769914,0
"LPCHMCBP_02293",0,681.143865043823,156.949902727367,275.352875183955,198.272534850057,69.2120156747205
"LPCHMCBP_02294",0,0,0,83.8480559770689,238.757502699021,170.797393519875
"LPCHMCBP_02295",0,0,0,0,95.5030010796086,0
"LPCHMCBP_02296",540.762284782551,831.881096588791,1134.47484036629,0,1406.59311372684,523.555408894257
"LPCHMCBP_02297",0,0,0,0,0,0
"LPCHMCBP_02298",2996.47903682773,1415.98786882554,3032.37447932494,2946.06873223134,2186.18826384408,1987.05464356456
"LPCHMCBP_02299",0,0,66.5331109387751,0,0,157.401519518316
"LPCHMCBP_02300",0,0,23.0306922480375,0,0,0
"LPCHMCBP_02301",0,0,0,0,0,0
"LPCHMCBP_02302",0,0,0,0,3.11422829607419,8.93058266770587
"LPCHMCBP_02303",0,0,0,0,0,0
"LPCHMCBP_02304",0,0,0,0,0,0
"LPCHMCBP_02305",0,0,162.067834338042,0,111.07414255998,128.377125848272
"LPCHMCBP_02306",65.5979132395629,0,76.7689741601251,82.8128947921668,1.0380760986914,17.8611653354117
"LPCHMCBP_02307",0,0,161.214845736263,0,142.216425520721,0
"LPCHMCBP_02308",0,0,0.852988601779168,0,0,0
"LPCHMCBP_02309",63.9159154641895,0,125.389324461538,74.5316053129501,177.511012876229,196.472818689529
"LPCHMCBP_02310",0,0,0,0,0,0
"LPCHMCBP_02311",0,0,0,0,0,0
"LPCHMCBP_02312",747.64801115348,1137.12399046735,244.807728710621,473.068661500253,325.955894989099,288.011291033514
"LPCHMCBP_02313",1172.35244943527,351.406171039206,786.455490840393,1646.94144517922,1032.88571819794,152.936228184463
"LPCHMCBP_02314",0,0,0,0,0,0
"LPCHMCBP_02315",5585.0736131274,8230.25284235524,5908.65204452429,7018.39283363614,6793.16998983651,8135.76081028005
"LPCHMCBP_02316",4838.26660086161,5013.89716426449,7249.55012652115,7905.52596909723,5782.08386971108,8946.21118737436
"LPCHMCBP_02317",0,0,0,0,0,0
"LPCHMCBP_02318",0,0,0,0,1.0380760986914,5.58161416731617
"LPCHMCBP_02319",0,0,0,0,0,0
"LPCHMCBP_02320",0,0,0,0,0,0
"LPCHMCBP_02321",1848.51555513538,4166.9423445212,2865.18871337622,1476.13984967037,2468.54496268814,2247.15786376149
"LPCHMCBP_02322",0,41.4527386748661,0,0,0,147.354614017147
"LPCHMCBP_02323",0,0,0,0,0,0
"LPCHMCBP_02324",0,0,0,0,0,0
"LPCHMCBP_02325",0,0,0,0,0,0
"LPCHMCBP_02326",116.898845388452,0,133.06622187755,85.9183783468731,191.006002159217,0
"LPCHMCBP_02327",157.266791997414,0,112.59449543485,361.271253530828,220.072132922576,110.51596051286
"LPCHMCBP_02328",1239.6323604502,635.922695580333,361.667167154367,607.639615537524,337.374732074704,609.512267070926
"LPCHMCBP_02329",171.563773088088,316.548186244432,270.397386763996,336.427385093178,278.204394449295,69.2120156747205
"LPCHMCBP_02330",0,0,45.2083958942959,0,0,44.6529133385294
"LPCHMCBP_02331",1862.81253622605,2547.45921310996,1091.82541027733,2313.58524825616,909.354662453664,1703.50864386489
"LPCHMCBP_02332",548.331274771731,561.496187505005,174.00967476295,31.0548355470626,444.296570239918,370.619180709794
"LPCHMCBP_02333",179.973761964955,0,248.219683117738,213.24320408983,226.300589514725,127.260803014809
"LPCHMCBP_02334",0,0,0,0,0,0
"LPCHMCBP_02335",634.954160203462,0,0,0,238.757502699021,279.080708365808
"LPCHMCBP_02336",0,0,0,0,0,0
"LPCHMCBP_02337",974.71771082889,1709.92547033823,2500.96258041652,1085.88408296229,919.735423440578,2100.91957257781
"LPCHMCBP_02338",0,0,75.9159855583459,0,0,0
"LPCHMCBP_02339",0,0,0,0,0,0
"LPCHMCBP_02340",0,0,0,0,0,0
"LPCHMCBP_02341",0,0.942107697156049,116.859438443746,114.902891524131,259.519024672849,119.446543180566
"LPCHMCBP_02342",677.845103475484,509.680264161422,984.34884645316,969.946030253254,389.278537009274,1475.77878583839
"LPCHMCBP_02343",3992.22171984879,1377.36145324214,1543.05638061851,3673.7870452175,1372.33660247003,2233.76198975993
"LPCHMCBP_02344",4815.55963089407,4247.96360647662,5282.55841081839,3413.96158780708,3754.72124896679,6630.95763077161
"LPCHMCBP_02345",1320.36825366813,681.143865043823,2524.84626126634,2232.8426758338,1238.42478573884,1547.22344718004
"LPCHMCBP_02346",752.6940044796,438.080079177563,821.428023513339,378.868993674163,1409.70734202292,570.440967899712
"LPCHMCBP_02347",0,0,0,0,0,0
"LPCHMCBP_02348",1364.10019582783,685.854403529603,868.342396611193,872.640878872458,1482.37266893132,549.230834063911
"LPCHMCBP_02349",0,0,91.269780390371,0,0,175.262684853728
"LPCHMCBP_02350",97.5558709716577,0,39.2374756818417,102.480957305306,0,424.202676716029
"LPCHMCBP_02351",589.54022026838,608.601572362807,684.949847228672,607.639615537524,458.829635621598,684.305896912962
"LPCHMCBP_02352",0,0,0,0,61.2464898227925,0
"LPCHMCBP_02353",1931.77444501636,1294.45597589241,886.255157248555,2642.76650505502,642.569105089975,1699.04335253104
"LPCHMCBP_02354",5.04599332612023,0,342.048429313446,350.919641681807,203.462915343514,352.758015374382
"LPCHMCBP_02355",1593.6928921663,190.305754825522,1265.83508504029,505.158658232218,867.831618506008,542.532897063132
"LPCHMCBP_02356",1332.98323698343,1254.88745261186,422.229357880688,867.465072947948,805.547052584525,1165.44103813562
"LPCHMCBP_02357",831.747899922151,1204.01363696543,514.352126872838,864.359589393241,874.060075098157,319.268330370485
"LPCHMCBP_02358",176.609766414208,0,59.7092021245417,0,398.621221897497,351.641692540919
"LPCHMCBP_02359",0,0,0,0,0,0
"LPCHMCBP_02360",295.190609578033,1298.22440668104,921.227689921501,907.836359159129,683.05407293894,692.120156747205
"LPCHMCBP_02361",0,0,0,0,0,0
"LPCHMCBP_02362",44.5729410473953,0,35.825521274725,0,0,0
"LPCHMCBP_02363",0,0,0,0,19.7234458751366,0
"LPCHMCBP_02364",0,308.069216970028,133.06622187755,182.188368542767,0,292.476582367367
"LPCHMCBP_02365",88.304883207104,32.0316617033057,93.8287461957085,129.395148112761,0,435.365905050661
"LPCHMCBP_02366",0,0,70.7980539476709,0,17.6472936777538,0
"LPCHMCBP_02367",618.134182449728,319.374509335901,287.45715879958,426.486408179659,228.376741712107,538.067605729279
"LPCHMCBP_02368",226.228700787723,0,72.5040311512293,375.763510119457,0,0
"LPCHMCBP_02369",6523.62837178577,1269.96117576635,6475.88946470744,7806.15049534663,6613.58282476289,5630.73237198855
"LPCHMCBP_02370",2777.81932602918,6102.03155447973,5169.11092678176,2445.05071873873,3451.6030281489,4490.96675902259
"LPCHMCBP_02371",2258.92301232649,3474.49318711151,2605.02718983358,2483.3516825801,2516.29646322795,2416.8389344479
"LPCHMCBP_02372",0,0,109.182541027733,0,0,0
"LPCHMCBP_02373",217.818711910856,0,183.392549382521,383.009638413772,265.747481264998,651.932534742529
"LPCHMCBP_02374",0,0,0,1.03516118490209,0,0
"LPCHMCBP_02375",691.301085678471,1206.8399600569,464.025799367867,913.012165083639,1194.8255895938,1455.68497483606
"LPCHMCBP_02376",0,0,671.302029600205,224.629977123753,271.975937857146,102.701700678617
"LPCHMCBP_02377",1422.9701179659,292.053386118375,1206.97887151752,750.491859054012,1441.88770108235,1220.14085697531
"LPCHMCBP_02378",1121.05151728638,1771.16247065337,948.523325178435,792.933467634997,1029.77148990187,564.859353732396
"LPCHMCBP_02379",0,3.7684307886242,15.353794832025,0,31.1422829607419,24.5591023361911
"LPCHMCBP_02380",3927.46480549691,4407.179807296,4187.32104613393,4005.03862438617,3069.59102383046,2613.31175313743
"LPCHMCBP_02381",0,0,0,0,0,0
"LPCHMCBP_02382",0,0,0,0,0,0
"LPCHMCBP_02383",0,0,22.1777036462584,0,1.0380760986914,0
"LPCHMCBP_02384",800.630941077743,1741.01502434438,729.305254521188,937.856033521289,945.687325907863,1639.87824235749
"LPCHMCBP_02385",0,0,34.1195440711667,46.5822533205938,30.1042068620505,0
"LPCHMCBP_02386",3416.97848067108,2283.66905790626,1326.39727576661,2754.56391302445,3152.63711172577,4561.29509753077
"LPCHMCBP_02387",127.831830928379,0,1.70597720355834,0,66.4368703162495,0
"LPCHMCBP_02388",4198.26644733203,2114.08967241817,2823.39227188905,3136.53839025332,3986.21221897497,2847.73954816471
"LPCHMCBP_02389",0,0.942107697156049,0,1.03516118490209,2.0761521973828,0
"LPCHMCBP_02390",0,332.564017096085,0,254.649651485913,223.18636121865,0
"LPCHMCBP_02391",726.623038961313,625.559510911616,1406.57820433385,1139.7124645772,965.410771783,1037.06391228734
"LPCHMCBP_02392",52.9829299242624,0,40.0904642836209,0,0,0
"LPCHMCBP_02393",736.715025613553,319.374509335901,813.751126097326,516.545431266141,969.563076177765,513.508503393087
"LPCHMCBP_02394",0,24.4948001260573,317.31175986185,84.883217161971,71.6272508097064,129.493448681735
"LPCHMCBP_02395",176.609766414208,309.011324667184,0,259.825457410423,122.492979645585,576.022582067029
"LPCHMCBP_02396",3866.91288558347,4778.37023997548,3173.1175986185,2941.92808749173,2817.33853184845,5452.12071863443
"LPCHMCBP_02397",248.094671867578,356.116709524986,387.256825207742,299.161582436703,126.645284040351,59.1651101735514
"LPCHMCBP_02398",680.368100138544,1430.11948428288,764.277787194134,415.099635145736,309.346677410036,133.958740015588
"LPCHMCBP_02399",773.718976671768,1068.35012857496,338.63647490633,462.717049651232,404.849678489645,493.414692390749
"LPCHMCBP_02400",0,45.2211694634903,111.741506833071,134.570954037271,4.15230439476559,190.891204522213
"LPCHMCBP_02401",0,0,0,0,0,0
"LPCHMCBP_02402",336.399555074682,598.238387694091,271.250375365775,962.699901958939,337.374732074704,247.823669028838
"LPCHMCBP_02403",1118.52852062332,1460.26693059188,1028.70425374568,1002.03602698522,1452.26846206927,1232.42040814341
"LPCHMCBP_02404",1687.04376869953,2073.57904144046,1466.28740645839,1147.99375405641,1556.0760719384,1339.58740015588
"LPCHMCBP_02405",0,0,0,0,0,0
"LPCHMCBP_02406",0,0,0,0,0,1.11632283346323
"LPCHMCBP_02407",521.419310365757,200.668939494238,244.807728710621,609.709937907328,153.635262606327,83.7242125097425
"LPCHMCBP_02408",0,0,0,269.141908074542,101.731457671757,144.005645516757
"LPCHMCBP_02409",0,0,276.36830697645,540.354138518889,482.7053858915,563.743030898933
"LPCHMCBP_02410",292.667612914973,0,342.048429313446,793.968628819899,1225.96787255454,775.844369256947
"LPCHMCBP_02411",0,0,0,0,0,0
"LPCHMCBP_02412",0,0,0,0,0,0
"LPCHMCBP_02413",51.300932148889,305.24289387856,288.310147401359,0,11.4188370856054,152.936228184463
"LPCHMCBP_02414",79.0538954425502,0,117.712427045525,328.146095613961,409.001982884411,139.540354182904
"LPCHMCBP_02415",0,0,0,0,2.0761521973828,0
"LPCHMCBP_02416",0,154.505662333592,170.597720355834,0,106.921838165214,0
"LPCHMCBP_02417",0,0,0,0,0,0
"LPCHMCBP_02418",0,0,0,0,0,0
"LPCHMCBP_02419",0,0,0,0,99.6553054743742,135.075062849051
"LPCHMCBP_02420",0,0,0,0,0,0
"LPCHMCBP_02421",136.241819805246,0,151.831971116692,930.609905226975,1529.08609337243,2775.1785639896
"LPCHMCBP_02422",0,0,0,97.305151380796,164.016023593241,0
"LPCHMCBP_02423",440.683417147833,0,0,429.591891734365,398.621221897497,0
"LPCHMCBP_02424",0,0,0,143.88740470139,66.4368703162495,144.005645516757
"LPCHMCBP_02425",0,0,0,0,0,0
"LPCHMCBP_02426",1229.54037379796,326.911370913149,1083.29552425954,461.68188846633,724.577116886596,675.375314245256
"LPCHMCBP_02427",0,0,0,0,0,0
"LPCHMCBP_02428",0,0,0,0,0,0
"LPCHMCBP_02429",0,463.516987000776,73.3570197530084,0,0,425.318999549492
"LPCHMCBP_02430",178.291764189581,252.484862837821,0,97.305151380796,1.0380760986914,1.11632283346323
"LPCHMCBP_02431",0,0,0,1.03516118490209,0,0
"LPCHMCBP_02432",534.034293681057,0.942107697156049,223.483013666142,67.2854770186355,483.743461990191,68.0956928412573
"LPCHMCBP_02433",0,0,0,0,0,0
"LPCHMCBP_02434",0,0,0,0,0,0
"LPCHMCBP_02435",0,0,0,0,0,0
"LPCHMCBP_02436",79.0538954425502,0,0,109.727085599621,105.883762066523,93.7711180109116
"LPCHMCBP_02437",0,0,0,0,0,0
"LPCHMCBP_02438",0.840998887686704,0.942107697156049,45.2083958942959,0,0,0
"LPCHMCBP_02439",0,0,257.602557737309,288.809970587682,401.735450193571,282.429676866198
"LPCHMCBP_02440",0,0,12.7948290266875,0,25.9519024672849,0
"LPCHMCBP_02441",3263.07568422441,3258.75052446277,3873.4212406792,3504.02061089356,3276.16816747005,3858.01171244894
"LPCHMCBP_02442",2029.33031598802,4455.22729985095,1758.86249686864,1662.46886295275,2314.90970008182,2212.55185592413
"LPCHMCBP_02443",7216.61145523961,8511.9430438049,6158.57770484559,4589.90469385585,3195.19823177212,3659.30624809248
"LPCHMCBP_02444",0,0.942107697156049,0,0,0,0
"LPCHMCBP_02445",790.538954425502,296.763924604155,340.342452109888,407.853506851422,425.611200463473,443.180164884904
"LPCHMCBP_02446",0,0,0,0,0,0
"LPCHMCBP_02447",0,0,0,0,0,0
"LPCHMCBP_02448",283.416625150419,778.180957850896,302.810953631605,142.852243516488,293.775535929666,0
"LPCHMCBP_02449",138.764816468306,0,322.429691472525,0,285.470927140134,352.758015374382
"LPCHMCBP_02450",0,0,0,0,0,0
"LPCHMCBP_02451",555.900264760912,0.942107697156049,142.449096497121,432.697375289072,100.693381573066,379.549763377499
"LPCHMCBP_02452",0,0,0,0,0,0
"LPCHMCBP_02453",0,0,0,0,0,0
"LPCHMCBP_02454",0,0,0,0,0,0
"LPCHMCBP_02455",146.333806457487,0,202.158298621663,0,192.044078257909,308.105102035852
"LPCHMCBP_02456",0,0,0,0,0,1.11632283346323
"LPCHMCBP_02457",0,0,0.852988601779168,0,0,0
"LPCHMCBP_02458",0,442.790617663343,34.9725326729459,57.9690263545168,112.112218658671,0
"LPCHMCBP_02459",0,0,0,0,0,0
"LPCHMCBP_02460",122.785837602259,631.212157094553,0,128.359986927859,200.34868704744,0
"LPCHMCBP_02461",0,0,0,0,102.769533770448,50.2345275058455
"LPCHMCBP_02462",0,0,29.8546010622709,0,0,0
"LPCHMCBP_02463",0,0,0,0,0,0
"LPCHMCBP_02464",35.3219532828416,0,167.185765948717,0,0,0
"LPCHMCBP_02465",0,0,0,0,0,0
"LPCHMCBP_02466",0,0,14.5008062302459,0,0,0
"LPCHMCBP_02467",0,0,0,0,0,0
"LPCHMCBP_02468",0,0,52.0323047085292,0,20.761521973828,0
"LPCHMCBP_02469",387.700487223571,1361.34562239049,1783.59916632024,193.57514157669,378.89777602236,391.829314545595
"LPCHMCBP_02470",0,0,0,0,0,0
"LPCHMCBP_02471",218.659710798543,0,28.1486238587125,49.6877368753001,51.9038049345699,0
"LPCHMCBP_02472",63.0749165765028,0,0,0,0,0
"LPCHMCBP_02473",0,0,0,0,0,0
"LPCHMCBP_02474",0,0,22.1777036462584,0,0,0
"LPCHMCBP_02475",0,0,0,0,0,0
"LPCHMCBP_02476",0,0,0,0,0,0
"LPCHMCBP_02477",288.46261847654,311.837647758652,713.951459689163,829.16410910657,673.711388050717,198.705464356456
"LPCHMCBP_02478",481.051363756795,343.869309461958,184.2455379843,174.942240248452,476.476929299352,454.343393219536
"LPCHMCBP_02479",0,0,0,0,0,0
"LPCHMCBP_02480",0,0,0,0,0,0
"LPCHMCBP_02481",0,0.942107697156049,0,0,0,0
"LPCHMCBP_02482",0,0,0,0,0,0
"LPCHMCBP_02483",0,0,0,0,0,0
"LPCHMCBP_02484",0,0,0,0,0,0
"LPCHMCBP_02485",104.283862073151,299.590247695624,67.3860995405543,743.245730759697,0,139.540354182904
"LPCHMCBP_02486",0,0,0,0,0,0
"LPCHMCBP_02487",256.504660744445,0,186.804503789638,1.03516118490209,103.80760986914,0
"LPCHMCBP_02488",0,0,0,0,0,0
"LPCHMCBP_02489",0,0,0,0,0,0
"LPCHMCBP_02490",0,0,0,0,0,0
"LPCHMCBP_02491",0,0,0,0,0,0
"LPCHMCBP_02492",0,0,0,0,5.19038049345699,0
"LPCHMCBP_02493",119.421842051512,0,0,46.5822533205938,0,382.898731877889
"LPCHMCBP_02494",0,0,0,0,0,0
"LPCHMCBP_02495",0,0,0,0,0,0
"LPCHMCBP_02496",0,0,0,0,0,0
"LPCHMCBP_02497",0,0,0,0,0,0
"LPCHMCBP_02498",0,0,31.5605782658292,0,0,0
"LPCHMCBP_02499",0,0,0,0,0,0
"LPCHMCBP_02500",0,0,0,0,0,0
"LPCHMCBP_02501",0,0,0,0,0,0
"LPCHMCBP_02502",0,0,0,0,0,0
"LPCHMCBP_02503",0,0,0,0,0,0
"LPCHMCBP_02504",15.1379799783607,0.942107697156049,3.41195440711667,0,0,108.283314845934
"LPCHMCBP_02505",2680.26345505753,4037.87359001082,2686.91409560438,498.947691122805,1454.34461426665,2428.00216278253
"LPCHMCBP_02506",0,0,0,0,0,0
"LPCHMCBP_02507",0,0,0,0,0,0
"LPCHMCBP_02508",233.797690776904,956.23931261339,477.673616996334,134.570954037271,360.212406245915,419.737385382176
"LPCHMCBP_02510",868.751850980366,299.590247695624,377.020961986392,0,280.280546646677,0
"LPCHMCBP_02511",0,0,0,0,0,0
"LPCHMCBP_02512",287.621619588853,591.643633813999,326.694634481421,0,386.1643087132,358.339629541698
"LPCHMCBP_02513",0,0,0,0,0,0
"LPCHMCBP_02514",490.302351521349,179.000462459649,339.489463508109,280.528681108465,389.278537009274,298.058196534683
"LPCHMCBP_02515",0,0,0,0,0,0
"LPCHMCBP_02516",681.209099026231,0,72.5040311512293,80.7425724223627,46.7134244411129,0
"LPCHMCBP_02517",349.855537277669,647.227987946206,332.665554693875,758.773148533229,164.016023593241,236.660440694206
"LPCHMCBP_02518",0,0,0,0,0,0
"LPCHMCBP_02520",0,0,0,0,165.054099691932,0
"LPCHMCBP_02521",169.881775312714,0,103.211620815279,574.514457620657,0,0
"LPCHMCBP_02522",0,0,171.450708957613,0,172.320632382772,2.23264566692647
"LPCHMCBP_02523",0,0,0,0,0,0
"LPCHMCBP_02524",148.856803120547,777.23885015374,261.867500746205,135.606115222173,359.174330147224,185.309590354897
"LPCHMCBP_02525",0,0,0,0,0,0
"LPCHMCBP_02526",0,0,0,0,0,0
"LPCHMCBP_02527",0,0,0,1.03516118490209,0,0
"LPCHMCBP_02528",214.45471636011,0,0,0,11.4188370856054,0
"LPCHMCBP_02529",0,0,0,0,0,0
"LPCHMCBP_02530",0,0,14.5008062302459,0,40.4849678489645,21.2101338358014
"LPCHMCBP_02531",0,0,0,0,0,0
"LPCHMCBP_02532",0,0,0,0,0,0
"LPCHMCBP_02533",506.281330387396,162.04252391084,267.838420958659,955.453773664625,419.382743871325,1501.45421100805
"LPCHMCBP_02534",0,0,0,0,0,0
"LPCHMCBP_02535",0,0,0,0,0,0
"LPCHMCBP_02536",0,0,0,0,0,0
"LPCHMCBP_02537",944.441750872169,1285.03489892085,582.591215015172,477.209306239861,1167.83561102782,321.500976037411
"LPCHMCBP_02538",2053.71928373093,3238.02415512534,2492.43269439873,3896.34669997145,2259.89166685117,1408.7994158306
"LPCHMCBP_02539",0,0,0,0,0,0
"LPCHMCBP_02540",439.842418260146,170.521493185245,433.318209703817,715.296378767341,254.328644179392,545.881865563521
"LPCHMCBP_02541",824.17890993297,846.954819743288,911.84481530193,361.271253530828,337.374732074704,347.176401207066
"LPCHMCBP_02542",0,0,0,0,0,0
"LPCHMCBP_02543",0,0,0,0,122.492979645585,128.377125848272
"LPCHMCBP_02544",0,5.65264618293629,0,0,7.26653269083978,226.613535193036
"LPCHMCBP_02545",3.36399555074682,4.71053848578024,50.3263275049709,211.172881720025,61.2464898227925,17.8611653354117
"LPCHMCBP_02546",0,0,0,0,0,0
"LPCHMCBP_02547",0,0,0,0,0,0
"LPCHMCBP_02548",0,0,0,180.118046172963,0,0
"LPCHMCBP_02549",0,0,0,0,0,0
"LPCHMCBP_02550",0,0,0,0,0,0
"LPCHMCBP_02551",0,0,0,0,0,0
"LPCHMCBP_02552",0,0,0,0,0,0
"LPCHMCBP_02553",97.5558709716577,0,0,42.4416085809855,0,29.0243936700441
"LPCHMCBP_02554",0,0,0,0,0,0
"LPCHMCBP_02555",1913.27246948725,2128.22128787551,3952.74918064466,2851.86906440525,1590.33258319522,2986.16357951415
"LPCHMCBP_02556",258.186658519818,0,118.565415647304,47.6174145054959,0,0
"LPCHMCBP_02557",406.202462752678,546.422464350508,780.484570627939,1041.3721520115,960.220391289543,841.707416431278
"LPCHMCBP_02558",2158.00314580408,1688.25699330364,1902.16458196754,1873.64174467277,1859.19429275629,1590.76003768511
"LPCHMCBP_02559",4753.32571320525,1913.42073292394,3534.78476577287,2185.2252613283,1571.64721341878,3024.1185558519
"LPCHMCBP_02560",338.922551737742,346.695632553426,113.447484036629,0,0,0
"LPCHMCBP_02561",556.741263648598,321.258724730213,250.778648923075,614.885743831839,397.583145798805,305.872456368926
"LPCHMCBP_02562",366.675515031403,1643.97793153731,228.600945276817,100.410634935502,643.607181188667,241.125732028058
"LPCHMCBP_02563",0,0,0.852988601779168,0,0,0
"LPCHMCBP_02564",258.186658519818,0,194.48140120565,1498.91339573822,1734.62516091333,1920.07527355676
"LPCHMCBP_02565",0,0,657.654211971738,2520.61748523658,3523.2302789586,3791.03234244114
"LPCHMCBP_02566",0,0,0,0,0,0
"LPCHMCBP_02567",0,0,0,0,0,0
"LPCHMCBP_02568",0,0,0,0,1.0380760986914,0
"LPCHMCBP_02569",208.567724146303,1.8842153943121,49.4733389031917,1083.81376059248,1093.09413192204,916.501046273315
"LPCHMCBP_02570",0,0,0,145.957727071194,0,1.11632283346323
"LPCHMCBP_02571",0,0,0,0,56.0561093293355,0
"LPCHMCBP_02572",0,135.663508390471,370.197053172159,1886.0636788916,2903.49884803984,2899.09039850402
"LPCHMCBP_02573",0,0,0,0,0,0
"LPCHMCBP_02574",252.299666306011,931.744512487332,552.736613952901,150.098371810802,1058.83762066523,432.016936550271
"LPCHMCBP_02575",0,0,0,0,0,0
"LPCHMCBP_02576",0,0,0,0,0,0
"LPCHMCBP_02577",7861.65760209531,7064.86562097321,3202.119211079,5229.63430612534,6261.67502730651,5257.88054561183
"LPCHMCBP_02578",0,0,0,0,0,0
"LPCHMCBP_02579",0,0,0,0,0,0
"LPCHMCBP_02580",2.52299666306011,0,0,0,0,0
"LPCHMCBP_02581",121.103839826885,1338.73503765875,160.361857134484,762.913793272837,235.643274402947,138.424031349441
"LPCHMCBP_02582",378.449499459017,0,200.452321418104,87.9887007166773,0,0
"LPCHMCBP_02583",64.7569143518762,325.969263215993,46.0613844960751,324.005450874353,246.024035389861,298.058196534683
"LPCHMCBP_02584",0,0,163.7738115416,161.485144844725,148.44488211287,155.168873851389
"LPCHMCBP_02585",0,0,0,0,0,0
"LPCHMCBP_02586",0,0,0,0,0,0
"LPCHMCBP_02587",0,0,0,291.915454142388,374.745471627595,0
"LPCHMCBP_02588",4998.89738840977,8781.38584519153,5506.89441308631,636.624128714783,883.402759986379,610.628589904389
"LPCHMCBP_02589",355.742529491476,260.021724415069,642.300417139713,581.760585914972,220.072132922576,49.1182046723823
"LPCHMCBP_02590",17.6609766414208,11.3052923658726,206.423241630559,0,234.605198304256,72.5609841751102
"LPCHMCBP_02591",10633.5899359107,12410.3846946366,8868.52249269801,6332.08096804606,5267.19812476015,7642.3461178893
"LPCHMCBP_02592",0,0,0,0,0,0
"LPCHMCBP_02593",0,0,213.247150444792,362.30641471573,0,608.395944237462
"LPCHMCBP_02594",0,0,0,91.0941842713835,0,0
"LPCHMCBP_02595",0,0,0,0,88.2364683887688,0
"LPCHMCBP_02596",872.115846531112,907.249712361275,1164.32944142856,1074.49730992836,1003.81958743458,541.416574229668
"LPCHMCBP_02597",2894.71817141764,3315.27698629214,2639.99972250652,3311.48063050177,2309.71931958836,3917.17682262249
"LPCHMCBP_02598",1864.49453400142,612.370003151432,1125.9449543485,1877.78238941238,713.15827980099,1097.34534529436
"LPCHMCBP_02599",3.36399555074682,74.4265080753278,37.5314984782834,93.1645066411877,55.0180332306441,2.23264566692647
"LPCHMCBP_02600",271.642640722806,673.607003466575,330.106588888538,105.586440860013,142.216425520721,645.234597741749
"LPCHMCBP_02601",3735.71705910434,2616.23307500235,4148.93655905387,3103.41323233645,2513.18223493187,2136.64190324863
"LPCHMCBP_02603",2103.33821810445,590.701526116843,1007.3795387012,1689.3830537602,1047.41878357962,1668.90263602753
"LPCHMCBP_02604",0,0.942107697156049,0,0,151.559110408944,74.7936298420367
"LPCHMCBP_02605",0,0,0,0,0,0
"LPCHMCBP_02606",84.9408876563571,0,672.155018201984,177.012562618257,345.679340864235,284.662322533125
"LPCHMCBP_02607",0,625.559510911616,133.06622187755,103.516118490209,0,0
"LPCHMCBP_02608",2158.84414469177,2501.29593594931,1910.69446798534,1714.22692219785,801.394748189759,553.696125397764
"LPCHMCBP_02609",0,316.548186244432,456.348901951855,253.614490301011,392.392765305348,126.144480181345
"LPCHMCBP_02610",0,0,34.9725326729459,123.184181003348,197.234458751366,192.007527355676
"LPCHMCBP_02611",0,0,0,0,0,0
"LPCHMCBP_02612",131.195826479126,0,35.825521274725,52.7932204300064,0,293.592905200831
"LPCHMCBP_02613",75.6898998918034,0,515.205115474617,152.168694180607,239.795578797713,507.926889225771
"LPCHMCBP_02614",837.634892135958,409.816848262881,724.187322910513,525.861881930259,1161.60715443567,176.379007687191
"LPCHMCBP_02615",11118.8462941059,6902.82309706237,6104.8394229335,5567.09685240342,5576.54480217019,7269.49429151258
"LPCHMCBP_02616",0,0,0,0,0,0
"LPCHMCBP_02617",0,0,0,0,0,0
"LPCHMCBP_02618",217.818711910856,0,39.2374756818417,77.6370888676564,0,0
"LPCHMCBP_02619",0,0,0,0,0,0
"LPCHMCBP_02620",64.7569143518762,0,0,0,0,0
"LPCHMCBP_02621",0,0,0,0,0,0
"LPCHMCBP_02622",3813.9299556592,1529.04079248427,2216.91737602406,904.730875604423,1823.89970540079,1599.69062035281
"LPCHMCBP_02623",0,0,136.478176284667,0,0,0
"LPCHMCBP_02624",0,0,14.5008062302459,0,21.7995980725194,0
"LPCHMCBP_02625",0.840998887686704,341.985094067646,445.260050128726,0,424.573124364782,0
"LPCHMCBP_02626",622.339176888161,1294.45597589241,412.846483261117,348.849319312003,1056.76146846784,501.228952224992
"LPCHMCBP_02627",660.184126834063,167.695170093777,690.067778839347,1216.31439225995,830.460878953118,769.146432256168
"LPCHMCBP_02628",0,0,16.2067834338042,0,1.0380760986914,0
"LPCHMCBP_02629",0,0,0.852988601779168,0,0,1.11632283346323
"LPCHMCBP_02630",1424.65211574128,1848.41530182017,1375.01762606802,1617.95693200196,526.304582036539,945.525439943359
"LPCHMCBP_02631",0,0,87.0048373814751,0,0,0
"LPCHMCBP_02632",0,0,0,0,0,0
"LPCHMCBP_02633",270.801641835119,509.680264161422,310.487851047617,302.267065991409,1328.73740632499,414.15577121486
"LPCHMCBP_02634",0,0,0,0,0,0
"LPCHMCBP_02635",0,0,0,0,0,0
"LPCHMCBP_02636",0,0,0,0,0,0
"LPCHMCBP_02637",0,0,0,0,0,0
"LPCHMCBP_02638",0,0,0,0,0,0
"LPCHMCBP_02639",0,0,1.70597720355834,0,0,0
"LPCHMCBP_02640",522.260309253443,690.564942015384,1206.97887151752,539.318977333986,764.024008636869,720.028227583786
"LPCHMCBP_02641",5.04599332612023,0,2.5589658053375,0,1.0380760986914,2.23264566692647
"LPCHMCBP_02642",2605.41455405341,4498.56425392013,3342.86233037256,3189.33161068332,2800.72931426939,2835.45999699661
"LPCHMCBP_02643",293.50861180266,0,46.0613844960751,182.188368542767,32.1803590594333,151.819905351
"LPCHMCBP_02644",0,0,31.5605782658292,0,0,0
"LPCHMCBP_02645",0,0,0,0,0,0
"LPCHMCBP_02646",553.377268097851,620.848972425836,704.568585069593,224.629977123753,350.869721357692,0
"LPCHMCBP_02647",0,0,0,0,0,0
"LPCHMCBP_02648",0,0,0,0,0,0
"LPCHMCBP_02649",634.954160203462,18.842153943121,195.334389807429,315.724161395136,253.290568080701,588.302133235124
"LPCHMCBP_02650",4221.81441618726,2473.97481273178,2462.57809333646,1369.51824762546,1885.14619522358,2493.86520995686
"LPCHMCBP_02651",0,5.65264618293629,0,0,157.787567001092,0
"LPCHMCBP_02652",0,0,35.825521274725,0,0,0
"LPCHMCBP_02653",42.8909432720219,0,0.852988601779168,0,0,0
"LPCHMCBP_02654",0,0,0,0,0,0
"LPCHMCBP_02655",0.840998887686704,5.65264618293629,0.852988601779168,0,0,0
"LPCHMCBP_02656",148.01580423286,0,0,0,58.1322615267183,0
"LPCHMCBP_02657",10781.6057401436,11669.888044672,8343.93450260382,11315.3469121647,6978.98561150227,9423.99736009662
"LPCHMCBP_02658",0,0,49.4733389031917,0,57.0941854280269,55.8161416731617
"LPCHMCBP_02659",0,0,0,0,0,0
"LPCHMCBP_02660",0,0,0,0,0,0
"LPCHMCBP_02661",0,0,0,0,0,0
"LPCHMCBP_02662",872.115846531112,706.580772867037,510.087183863942,580.72542473007,337.374732074704,231.078826526889
"LPCHMCBP_02663",0,0,0,0,152.597186507635,1.11632283346323
"LPCHMCBP_02664",0,0,0,0,1.0380760986914,0
"LPCHMCBP_02665",0,0,0,0,171.282556284081,238.893086361132
"LPCHMCBP_02666",0,0,0.852988601779168,0,0,0
"LPCHMCBP_02667",26.9119644059745,0,0,0,21.7995980725194,50.2345275058455
"LPCHMCBP_02668",0,0,0,0,0,0
"LPCHMCBP_02669",90.8278798701641,0,0,0,0,0
"LPCHMCBP_02670",0,0,0,0,0,0
"LPCHMCBP_02671",2455.71675204518,717.886065232909,1961.87378409209,831.234431476375,1522.85763678028,1702.39232103143
"LPCHMCBP_02672",227.06969967541,0,169.744731754054,233.946427787871,196.196382652674,0
"LPCHMCBP_02673",113.534849837705,0,0,217.383848829438,0,0
"LPCHMCBP_02674",0,0,41.7964414871792,0,0,0
"LPCHMCBP_02675",290.144616251913,740.496649964654,326.694634481421,638.694451084587,765.06208473556,757.983203921536
"LPCHMCBP_02676",2594.48156851348,587.875203025374,2473.66694515959,1136.60698102249,2027.3626207443,1687.88012419641
"LPCHMCBP_02677",0,0,0,0,0,0
"LPCHMCBP_02678",0,0,0,0,0,0
"LPCHMCBP_02679",0,0,0,0,0,0
"LPCHMCBP_02680",0,0,0,0,0,0
"LPCHMCBP_02681",0,0,0,0,0,0
"LPCHMCBP_02682",88.304883207104,0,14.5008062302459,0,18.6853697764452,22.3264566692647
"LPCHMCBP_02683",0,0,0,0,0,0
"LPCHMCBP_02684",784.651962211695,589.759418419687,846.164692964934,1401.60824435742,991.362674250285,713.330290583006
"LPCHMCBP_02685",0,0.942107697156049,81.8869057708001,0,0,1.11632283346323
"LPCHMCBP_02686",221.182707461603,0,352.284292534796,0,24.9138263685935,0
"LPCHMCBP_02687",0,0,0,0,0,0
"LPCHMCBP_02688",0,0,0,0,0,0
"LPCHMCBP_02689",0,0,0,0,0,0
"LPCHMCBP_02690",0,0,0,99.3754737506002,162.977947494549,0
"LPCHMCBP_02691",0,0,0,0,2.0761521973828,0
"LPCHMCBP_02692",171.563773088088,0,121.124381452642,233.946427787871,0,0
"LPCHMCBP_02693",0,0,0,0,0,0
"LPCHMCBP_02694",3556.58429602707,805.502081068422,3053.69919436942,754.63250379362,762.985932538177,841.707416431278
"LPCHMCBP_02695",169.040776425028,0,124.536335859758,286.739648217878,0,0
"LPCHMCBP_02696",126.149833153006,0,0,0,0,129.493448681735
"LPCHMCBP_02697",0,0,0,0,0,0
"LPCHMCBP_02698",191.747746392569,0,41.7964414871792,0,305.194373015271,0
"LPCHMCBP_02699",0,0,0,0,63.3226420201753,0
"LPCHMCBP_02700",0,0,0,0,0,0
"LPCHMCBP_02701",0.840998887686704,0,34.1195440711667,0,0,0
"LPCHMCBP_02702",0,0,0,0,0,0
"LPCHMCBP_02703",0,0,0,0,0,0
"LPCHMCBP_02704",396.951474988124,94.2107697156049,202.158298621663,186.329013282375,462.981940016363,386.247700378279
"LPCHMCBP_02705",69.8029076779965,0,0,0,0,0
"LPCHMCBP_02706",0,0,0,0,0,0
"LPCHMCBP_02707",0,0,0,178.047723803159,0,309.221424869316
"LPCHMCBP_02708",263.232651845938,310.895540061496,165.479788745159,115.938052709034,236.681350501639,481.135141222654
"LPCHMCBP_02709",1809.82960630179,2624.71204427675,2237.38910246676,1023.77441186816,1995.18226168487,1159.8594239683
"LPCHMCBP_02710",12729.359164026,14558.3902441524,10444.8454287859,10141.4741284857,5826.72114195481,6883.2465911343
"LPCHMCBP_02711",0,0,0,0,0,0
"LPCHMCBP_02712",0,0,0,0,0,0
"LPCHMCBP_02713",0,0,0,0,0,0
"LPCHMCBP_02714",257.345659632132,177.116247065337,871.75435101831,172.871917878648,229.414817810799,484.484109723043
"LPCHMCBP_02715",0,0,0,0,0,0
"LPCHMCBP_02716",73.1669032287433,547.364572047664,314.752794056513,0,221.110209021268,342.711109873213
"LPCHMCBP_02717",0,0,0,0,0,0
"LPCHMCBP_02718",0,0,0,0,0,0
"LPCHMCBP_02719",0,0,0,0,0,0
"LPCHMCBP_02720",906.596800926267,1928.49445607843,2289.42140717529,968.910869068352,999.667283039816,1430.0095496664
"LPCHMCBP_02721",2708.85741723887,2505.06436673793,850.42963597383,1376.76437591977,934.268488822258,1186.65117197142
"LPCHMCBP_02722",0,0,0,0,0,0
"LPCHMCBP_02723",0,0.942107697156049,77.6219627619043,0,130.797588435116,0
"LPCHMCBP_02724",310.328589556394,455.038017726372,1169.44737303924,742.210569574795,605.198365537085,584.953164734735
"LPCHMCBP_02725",0,0,0,0,0,0
"LPCHMCBP_02726",0,0,0,0,0,0
"LPCHMCBP_02727",1.68199777537341,1.8842153943121,0,2.07032236980417,6.22845659214839,2.23264566692647
"LPCHMCBP_02728",145.4928075698,520.043448830139,204.717264427,435.802858843778,199.310610948748,151.819905351
"LPCHMCBP_02729",930.144769781495,1131.47134428441,306.222908038721,421.310602255149,722.500964689213,651.932534742529
"LPCHMCBP_02730",1791.32763077268,3298.31904774333,5455.71509697956,2392.25749830872,2405.22232066797,3592.32687808469
"LPCHMCBP_02731",4416.08515924288,2052.85267210303,4278.59082652431,3183.12064357391,2611.79946430756,3546.55764191269
"LPCHMCBP_02732",47.0959377104554,100.805523595697,42.6494300889584,0,51.9038049345699,93.7711180109116
"LPCHMCBP_02733",352.378533940729,172.405708579557,448.672004535842,223.59481593885,114.188370856054,0
"LPCHMCBP_02734",346.491541726922,0,39.2374756818417,0,0,2.23264566692647
"LPCHMCBP_02735",0,161.100416213684,469.143730978542,297.091260066898,97.5791532769914,0
"LPCHMCBP_02736",0,0,0,0,0,0
"LPCHMCBP_02737",0,0,0,0,0,0
"LPCHMCBP_02738",0,0,21.3247150444792,0,0,0
"LPCHMCBP_02739",0,0,0,0,0,0
"LPCHMCBP_02740",0,867.681189080721,286.6041701978,0,105.883762066523,0
"LPCHMCBP_02741",0,940.223481761737,183.392549382521,611.780260277132,0,271.266448531566
"LPCHMCBP_02742",0,0,0,0,0,0
"LPCHMCBP_02743",0,0,0,0,0,0
"LPCHMCBP_02744",0,0,148.420016709575,0,212.805600231737,0
"LPCHMCBP_02745",185.019755291075,156.389877727904,441.848095721609,93.1645066411877,0,223.264566692647
"LPCHMCBP_02746",0,0,0,0,111.07414255998,0
"LPCHMCBP_02747",766.990985570274,0,475.114651190996,164.590628399432,407.963906785719,1483.59304567264
"LPCHMCBP_02748",58.8699221380693,15.0737231544968,28.1486238587125,52.7932204300064,0,0
"LPCHMCBP_02749",0,0,0,0,0,0
"LPCHMCBP_02750",0,490.838110218301,75.0629969565668,0,0,0
"LPCHMCBP_02751",0,0,0,0,0,0
"LPCHMCBP_02752",0,0,0,0,0,0
"LPCHMCBP_02753",0,0,0,0,0,0
"LPCHMCBP_02754",0,0,0,0,0,0
"LPCHMCBP_02755",0,0,0,0,1.0380760986914,0
"LPCHMCBP_02756",0,0,0,0,101.731457671757,0
"LPCHMCBP_02757",1621.44585545997,1269.96117576635,1212.0968031282,1014.45796120404,895.859673170676,1049.34346345544
"LPCHMCBP_02758",0,0,0,0,0,0
"LPCHMCBP_02759",0,0,0,0,0,0
"LPCHMCBP_02760",0,0,0,0,0,0
"LPCHMCBP_02761",0,0,0,0,0,0
"LPCHMCBP_02762",0,0,0,0,0,0
"LPCHMCBP_02778",0,0,0,0,0,0
"LPCHMCBP_02779",0,0,0,0,0,0
"LPCHMCBP_02780",0,0,0,0,0,0
"LPCHMCBP_02781",0,0,0,0,0,0
"LPCHMCBP_02782",0,0,0,0,0,0
"LPCHMCBP_02783",0,0,0,0,0,0
"LPCHMCBP_02784",0,0,0,0,0,0
"LPCHMCBP_02785",0,0,0,0,0,0
"LPCHMCBP_02786",0,644.401664854737,28.1486238587125,87.9887007166773,379.935852121052,0
"LPCHMCBP_02787",0,0,0,0,0,0
"LPCHMCBP_02788",0,0,0,0,0,0
"LPCHMCBP_02789",0,0,0,0,0,0
"LPCHMCBP_02790",447.411408249327,460.690663909308,346.313372322342,658.362513597726,440.144265845153,1001.34158161652
"LPCHMCBP_02791",0,0,0,0,0,0
"LPCHMCBP_02792",117.739844276139,836.591635074571,313.899805454734,93.1645066411877,149.482958211561,144.005645516757
"LPCHMCBP_02793",5.04599332612023,0,0.852988601779168,0,0,0
"LPCHMCBP_02794",1237.10936378714,2301.56910415223,3247.32760697329,2108.62333364555,2570.2764203599,1714.67187219953
"LPCHMCBP_02795",176.609766414208,496.490756401238,130.507256072213,2.07032236980417,179.587165073612,0
"LPCHMCBP_02796",263.232651845938,0,84.4458715761376,548.635427998105,442.220418042535,120.562866014029
"LPCHMCBP_02797",0,0,0,0,0,0
"LPCHMCBP_02798",0,0,191.922435400313,287.77480940278,262.633252968924,772.495400756558
"LPCHMCBP_02799",1117.68752173563,1467.80379216912,563.82546577603,831.234431476375,1426.31655960198,1441.17277800103
"LPCHMCBP_02800",0,0,0,0,0,0
"LPCHMCBP_02801",282.575626262733,350.46406334205,442.701084323388,285.704487032976,269.899785659763,612.861235571315
"LPCHMCBP_02802",0,0,0,0,0,1.11632283346323
"LPCHMCBP_02803",0,0,0,0,0,0
"LPCHMCBP_02804",0,0,0,0,0,0
"LPCHMCBP_02805",0,0,0,0,0,0
"LPCHMCBP_02806",0,0,0,0,0,0
"LPCHMCBP_02807",0,0,0,0,0,0
"LPCHMCBP_02808",0,0,0,0,0,0
"LPCHMCBP_02809",0,2.82632309146815,0,0,0,0
"LPCHMCBP_02810",0,0,0,0,0,0
"LPCHMCBP_02811",1962.89140386077,1256.77166800617,1925.19527421558,2293.91718574302,1795.87165073612,1469.08084883762
"LPCHMCBP_02812",1419.60612241516,1437.65634586013,1234.27450677446,304.337388361213,1012.12419622411,1267.02641598077
"LPCHMCBP_02813",112.693850950018,0,0,243.26287845199,119.378751349511,0
"LPCHMCBP_02814",286.780620701166,0,267.838420958659,145.957727071194,0,1.11632283346323
"LPCHMCBP_02815",0,63.1212157094553,336.077509100992,337.46254627808,283.394774942752,424.202676716029
"LPCHMCBP_02816",174.927768638835,0,878.578259832543,547.600266813203,785.823606709388,685.422219746426
"LPCHMCBP_02817",0,0,0,0,0,0
"LPCHMCBP_02818",0,0,0,0,0,0
"LPCHMCBP_02819",0,0,24.7366694515959,0,1.0380760986914,1.11632283346323
"LPCHMCBP_02820",0,0,0,0,0,0
"LPCHMCBP_02821",428.068433832533,0,210.688184639454,0,0,351.641692540919
"LPCHMCBP_02822",0,0,0,0,0,0
"LPCHMCBP_02823",0,0,1.70597720355834,0,0,3.3489685003897
"LPCHMCBP_02824",967.14872083971,422.06424832591,768.54273020303,1861.21981045395,1101.39874071157,826.078896762793
"LPCHMCBP_02825",0,0,0,0,0,0
"LPCHMCBP_02826",0,0,0,0,58.1322615267183,0
"LPCHMCBP_02827",0,0,0,0,0,0
"LPCHMCBP_02828",0,0,0,0,0,0
"LPCHMCBP_02829",0,0,0,0,0,0
"LPCHMCBP_02830",0,0,0,0,0,0
"LPCHMCBP_02831",0,0,0,0,0,0
"LPCHMCBP_02832",197.634738606376,0,0,87.9887007166773,0,232.195149360353
"LPCHMCBP_02833",1978.02938383913,1535.63554636436,486.203503014126,1143.8531093168,1532.2003216685,1011.38848711769
"LPCHMCBP_02834",6267.96470992901,6349.80587883177,4520.83958942959,4444.98212796955,4286.21621149678,6265.92006422913
"LPCHMCBP_02835",0,0,0,0,0,0
"LPCHMCBP_02836",312.010587331767,157.33198542506,638.888462732597,199.786108686102,446.372722437301,559.27773956508
"LPCHMCBP_02837",0,0,0,0,0,0
"LPCHMCBP_02838",0,0,0,0,0,0
"LPCHMCBP_02839",2898.92316585607,2441.00104333132,3666.14501044686,2318.76105418067,2870.28041288171,3638.09611425668
"LPCHMCBP_02840",68.1209099026231,0,0,0,0,0
"LPCHMCBP_02841",3316.89961303636,2889.4443071776,2884.80745121715,3669.64640047789,2588.96179013635,2614.42807597089
"LPCHMCBP_02842",722.418044522879,550.190895139133,1145.56369218942,1094.1653724415,1641.1983120311,1158.74310113484
"LPCHMCBP_02843",0,0,0,0,0,0
"LPCHMCBP_02844",0,579.39623375097,299.398999224488,65.2151546488314,427.687352660856,199.821787189919
"LPCHMCBP_02845",1176.5574438737,870.507512172189,1160.91748702145,1558.95274446254,1091.01797972466,1985.93832073109
"LPCHMCBP_02846",768.672983345648,839.417958166039,1721.33099839036,1402.64340554233,294.813612028357,983.480416281109
"LPCHMCBP_02847",0,0,0,0,0,0
"LPCHMCBP_02848",0,0,0.852988601779168,0,0,0
"LPCHMCBP_02849",0,0,0,0,0,0
"LPCHMCBP_02850",407.884460528052,295.821816906999,894.785043266347,72.461282943146,364.364710640681,546.998188396985
"LPCHMCBP_02851",0,0,0,0,0,0
"LPCHMCBP_02852",0,0,0,0,0,0
"LPCHMCBP_02853",612.247190235921,359.885140313611,156.949902727367,85.9183783468731,311.422829607419,634.071369407117
"LPCHMCBP_02854",0,0,0,0,0,0
"LPCHMCBP_02855",3427.91146621101,6148.19483164037,4352.80083487909,3669.64640047789,2340.8616025491,4713.11500288177
"LPCHMCBP_02856",128.672829816066,0,204.717264427,162.520306029627,195.158306553983,730.075133084955
"LPCHMCBP_02857",1115.16452507257,328.795586307461,1122.53299994138,1201.82213567132,1707.63518234735,1059.39036895661
"LPCHMCBP_02858",0,0,0,0,0,0
"LPCHMCBP_02859",11.7739844276139,0,172.303697559392,296.056098881996,0,138.424031349441
"LPCHMCBP_02860",0,0,139.037142090004,0,230.45289390949,280.197031199272
"LPCHMCBP_02861",0,0,0,0,0,0
"LPCHMCBP_02862",0,0,0,0,0,0
"LPCHMCBP_02863",4344.60025378951,2379.76404301618,1367.34072865201,3481.24706482571,3378.9377012405,4535.61967236112
"LPCHMCBP_02864",135.400820917559,0,0,201.856431055907,0,0
"LPCHMCBP_02865",0,0,0,0,0,0
"LPCHMCBP_02866",1214.4023938196,1230.3926524858,1243.65738139403,0,1374.41275466741,1015.85377845154
"LPCHMCBP_02867",0,0,0,0,0,0
"LPCHMCBP_02868",0,1.8842153943121,1.70597720355834,0,3.11422829607419,190.891204522213
"LPCHMCBP_02869",0,0,0,0,0,0
"LPCHMCBP_02870",2721.47240055418,6163.26855479487,6256.6713940502,2596.18425173443,2373.04196160854,3972.99296429565
"LPCHMCBP_02871",0,0,0,0,0,0
"LPCHMCBP_02872",0,0,0,0,0,0
"LPCHMCBP_02873",550.013272547105,47.1053848578024,384.697859402405,724.61282943146,663.330627063803,198.705464356456
"LPCHMCBP_02874",0,0,0,0,0,0
"LPCHMCBP_02875",179.132763077268,0.942107697156049,117.712427045525,0,116.264523053437,52.467173172772
"LPCHMCBP_02876",1104.23153953264,825.286342708699,1153.24058960543,1363.30728051605,1720.09209553165,525.788054561183
"LPCHMCBP_02877",2338.81790665672,760.280911604931,1531.96752879539,2491.63297205932,2240.16822097604,2606.61381613665
"LPCHMCBP_02878",0,0,0,0,0,0
"LPCHMCBP_02879",0,0,0,0,0,0
"LPCHMCBP_02880",0,0,0,0,0,0
"LPCHMCBP_02881",0,0,0,0,0,0
"LPCHMCBP_02882",2053.71928373093,1987.84724099926,3692.58765710202,2789.75939331112,3145.37057903493,2832.11102849622
"LPCHMCBP_02883",0,0,86.151848779696,258.790296225521,0,133.958740015588
"LPCHMCBP_02884",264.073650733625,0,84.4458715761376,535.178332594378,108.997990362597,181.960621854507
"LPCHMCBP_02885",512.168322601203,1082.4817440323,1055.14690040083,972.016352623058,1423.20233130591,961.153959611844
"LPCHMCBP_02886",0,0,33.2665554693875,0,0,113.86492901325
"LPCHMCBP_02887",0,0,0,0,0,0
"LPCHMCBP_02888",0,0,0,0,0,0
"LPCHMCBP_02889",0,0,0,0,0,0
"LPCHMCBP_02890",0,0,0,0,0,0
"LPCHMCBP_02891",0,0,0,0,0,17.8611653354117
"LPCHMCBP_02892",0,0,0,0,0,0
"LPCHMCBP_02893",0,0,0,0,0,0
"LPCHMCBP_02894",0,0,0,0,0,0
"LPCHMCBP_02895",62.2339176888161,0,509.234195262163,0,130.797588435116,88.1895038435955
"LPCHMCBP_02896",0,0,0,0,0,0
"LPCHMCBP_02897",0,0,0,0,0,0
"LPCHMCBP_02898",125.308834265319,0,462.319822164309,372.658026564751,481.667309792809,58.0487873400882
"LPCHMCBP_02899",102.601864297778,682.085972740979,341.195440711667,747.386375499306,215.919828527811,63.6304015074043
"LPCHMCBP_02900",0,0,0,0,0,0
"LPCHMCBP_02901",14.296981090674,322.200832427369,1213.80278033176,1249.43955017682,674.749464149408,1270.37538448116
"LPCHMCBP_02902",0,0,0,0,0,0
"LPCHMCBP_02903",1497.81901897002,2286.49538099773,1529.40856299005,757.737987348326,1695.17826916305,2215.90082442452
"LPCHMCBP_02904",6770.88204476566,6415.75341763269,6458.82969267186,4234.84440743443,4874.8053594548,5797.06447417457
"LPCHMCBP_02905",1121.89251617406,3369.91923272719,1643.70903562846,2279.42492915439,1701.4067257552,1733.6493603684
"LPCHMCBP_02906",0,0,0,0,0,0
"LPCHMCBP_02907",470.118378216868,619.90686472868,591.974089634742,251.544167931207,744.300562761732,152.936228184463
"LPCHMCBP_02908",68.9619087903098,0,342.048429313446,91.0941842713835,233.567122205564,275.731739865419
"LPCHMCBP_02909",73.1669032287433,585.048879933906,125.389324461538,94.1996678260898,94.4649249809172,214.333984024941
"LPCHMCBP_02910",536.557290344117,766.875665485024,656.801223369959,197.715786316298,345.679340864235,289.127613866978
"LPCHMCBP_02911",62.2339176888161,0,71.6510425494501,0,100.693381573066,503.461597891918
"LPCHMCBP_02912",262.391652958252,0,124.536335859758,1012.38763883424,650.873713879506,0
"LPCHMCBP_02913",0,0,0,0,0,0
"LPCHMCBP_02914",279.211630711986,0,667.890075193088,126.289664558054,834.613183347884,766.913786589242
"LPCHMCBP_02915",0,0,0,0,26.9899785659763,273.499094198492
"LPCHMCBP_02916",285.098622925793,440.906402269031,330.106588888538,217.383848829438,454.677331226832,1.11632283346323
"LPCHMCBP_02917",423.022440506412,492.722325612613,1658.2098418587,2340.49943906362,3030.14413208019,1392.05457332865
"LPCHMCBP_02918",315.374582882514,621.791080122992,232.012899683934,477.209306239861,640.492952892592,131.726094348662
"LPCHMCBP_02919",0,0,0,0,0,0
"LPCHMCBP_02920",0,0,0,0,0,1.11632283346323
"LPCHMCBP_02921",0,0,0,0,0,0
"LPCHMCBP_02922",0,0,0,0,0,0
"LPCHMCBP_02923",0,0,0,0,0,0
"LPCHMCBP_02924",0,0,0,0,0,0
"LPCHMCBP_02925",0,0,0,0,0,0
"LPCHMCBP_02926",0,0,0,0,0,0
"LPCHMCBP_02927",0,0,0,0,0,0
"LPCHMCBP_02928",1996.53135936824,1315.18234522984,1367.34072865201,2575.48102803639,2733.25436785445,2375.53498960976
"LPCHMCBP_02929",137.92381758062,651.938526431986,561.266499970692,564.162845771637,151.559110408944,82.6078896762793
"LPCHMCBP_02930",0,0.942107697156049,146.714039506017,217.383848829438,0,169.681070686412
"LPCHMCBP_02931",0,0,0,0,0,0
"LPCHMCBP_02932",0,0,0,0,0,0
"LPCHMCBP_02933",0,0,0,6.21096710941251,0,0
"LPCHMCBP_02934",0,0,0,0,0,0
"LPCHMCBP_02935",0,0,0,0,0,0
"LPCHMCBP_02936",0,0,0,0,0,1.11632283346323
"LPCHMCBP_02937",0,0,0,0,0,0
"LPCHMCBP_02938",296.03160846572,676.433326558043,835.928829743584,908.871520344031,739.110182268275,916.501046273315
"LPCHMCBP_02939",1170.67045165989,2476.80113582325,1054.29391179905,800.179595929312,1256.07207941659,414.15577121486
"LPCHMCBP_02940",0,0,0,0,0,0
"LPCHMCBP_02941",0,0,0,0,0,0
"LPCHMCBP_02942",113.534849837705,0,288.310147401359,158.379661290019,48.7895766384957,588.302133235124
"LPCHMCBP_02943",0,0,0,0,0,0
"LPCHMCBP_02944",19.3429744167942,0,98.0936892046043,113.867730339229,90.3126205861516,35.7223306708235
"LPCHMCBP_02945",1853.5615484615,323.142940124525,2001.96424837571,1434.73340227429,1833.24239028901,2808.6682489935
"LPCHMCBP_02946",25.2299666306011,13.1895077601847,92.1227689921501,0,17.6472936777538,30.1407165035073
"LPCHMCBP_02947",544.126280333298,185.595216339742,134.772199081109,67.2854770186355,126.645284040351,229.962503693426
"LPCHMCBP_02948",815.768921056103,933.628727881644,835.928829743584,159.414822474921,640.492952892592,665.328408744087
"LPCHMCBP_02949",0,654.764849523454,57.1502363192042,0,97.5791532769914,119.446543180566
"LPCHMCBP_02950",0,458.806448514996,13.6478176284667,126.289664558054,208.653295836971,680.956928412573
"LPCHMCBP_02951",0,0,0,0,0,0
"LPCHMCBP_02952",0,0,0,0,0,0
"LPCHMCBP_02953",0,0,0,0,0,0
"LPCHMCBP_02954",0,0,0,0,0,0
"LPCHMCBP_02955",0,0,0,0,0,0
"LPCHMCBP_02956",0,5.65264618293629,0,0,0,0
"LPCHMCBP_02957",834.270896585211,318.432401638744,409.434528854001,676.995414925964,427.687352660856,534.718637228889
"LPCHMCBP_02958",0,0,0,0,0,0
"LPCHMCBP_02959",158.948789772787,0,549.324659545784,321.935128504549,672.673311952026,120.562866014029
"LPCHMCBP_02960",2045.30929485407,1733.47816276713,2843.86399833175,3014.38937043487,2754.01588982828,2296.27606843387
"LPCHMCBP_02961",0,0,0,0,0,0
"LPCHMCBP_02962",328.830565085501,316.548186244432,427.347289491363,1205.96278041093,334.26050377863,707.74867641569
"LPCHMCBP_02963",7640.47489463371,5814.68870684713,8672.3351142888,8333.04753846179,8932.64482923948,6558.3966465965
"LPCHMCBP_02964",576.925236953079,2100.90016465799,380.432916393509,479.279628609666,499.314603470562,402.992542880227
"LPCHMCBP_02965",0,0,0,0,0,0
"LPCHMCBP_02966",141.287813131366,0,206.423241630559,0,0,159.634165185242
"LPCHMCBP_02967",0,0,0,0,0,0
"LPCHMCBP_02968",0,0,0,263.966102150032,259.519024672849,565.97567656586
"LPCHMCBP_02969",287.621619588853,409.816848262881,0,370.587704194947,335.298579877321,402.992542880227
"LPCHMCBP_02970",90.8278798701641,197.84261640277,179.980594975404,347.814158127101,215.919828527811,0
"LPCHMCBP_02971",413.771452741859,204.437370282863,758.30686698168,378.868993674163,385.126232614509,855.103290432837
"LPCHMCBP_02972",0,0,0,0,0,0
"LPCHMCBP_02973",0,0,0,0,0,0
"LPCHMCBP_02974",959.57973085053,274.15333987241,468.290742376763,370.587704194947,766.100160834251,372.85182637672
"LPCHMCBP_02975",0,0,0,0,0,0
"LPCHMCBP_02976",6633.79922607272,9351.36100197094,9200.3350587901,6104.3455073676,7751.31422892867,7048.46237048686
"LPCHMCBP_02977",0,0,0,0,0,0
"LPCHMCBP_02978",139.605815355993,0,237.983819896388,267.071585704738,298.965916423123,0
"LPCHMCBP_02979",179.973761964955,804.559973371266,507.528218058605,470.998339130449,278.204394449295,928.78059744141
"LPCHMCBP_02980",0.840998887686704,536.059279681792,518.617069881734,378.868993674163,397.583145798805,319.268330370485
"LPCHMCBP_02981",980.604703042697,854.491681320536,1526.84959718471,892.308941385598,772.3286174264,1637.64559669056
"LPCHMCBP_02982",0,0,76.7689741601251,0,0,0
"LPCHMCBP_02983",0,0,0,0,0,0
"LPCHMCBP_02984",0,0,0,0,0,0
"LPCHMCBP_02985",0,0,0,0,0,0
"LPCHMCBP_02986",0,0,0,0,0,0
"LPCHMCBP_02987",883.04883207104,967.544604979262,681.537892821555,1900.55593548023,894.821597071985,1093.99637679397
"LPCHMCBP_02988",528.988300354937,0,440.142118518051,257.755135040619,409.001982884411,342.711109873213
"LPCHMCBP_02989",0,0,0,0,0,0
"LPCHMCBP_02990",0,0,34.9725326729459,0,0,0
"LPCHMCBP_02991",0,0,0,0,0,0
"LPCHMCBP_02992",409.566458303425,3103.30275443202,2984.60711762531,1532.03855365509,5168.58089538447,3399.20302789555
"LPCHMCBP_02993",0,0,0,0,0,0
"LPCHMCBP_02994",0,0,78.4749513636834,124.21934218825,24.9138263685935,84.8405353432058
"LPCHMCBP_02995",364.99351725603,0,92.9757575939293,952.348290109919,454.677331226832,449.878101885683
"LPCHMCBP_02996",1375.87418025545,693.391265106852,1656.50386465514,4243.12569691365,3608.3525190513,3083.28366602545
"LPCHMCBP_02997",116.057846500765,0,73.3570197530084,273.282552814151,528.380734233921,1280.42228998233
"LPCHMCBP_02998",897.345813161714,636.864803277489,290.869113206696,1498.91339573822,1556.0760719384,1389.82192766173
"LPCHMCBP_02999",0,0,0,0,0,0
"LPCHMCBP_03000",0,0,0,0,0,70.3283385081837
"LPCHMCBP_03001",0,0,0,0,0,0
"LPCHMCBP_03002",560.946258087032,395.68523280554,101.505643611721,627.307678050664,750.52901935388,1404.33412449675
"LPCHMCBP_03003",111.852852062332,0.942107697156049,65.6801223369959,690.452510329691,213.843676330428,421.970031049102
"LPCHMCBP_03004",0,0,0,0,0,0
"LPCHMCBP_03005",0,0,0,0,0,0
"LPCHMCBP_03006",0,0,0,0,0,0
"LPCHMCBP_03007",0,0,0,0,0,0
"LPCHMCBP_03008",0,0,0,0,0,0
"LPCHMCBP_03009",1052.93060738375,1966.17876396467,1811.74779017895,1933.6810933971,1165.75945883044,1825.18783271239
"LPCHMCBP_03010",0,0,0,0,0,0
"LPCHMCBP_03011",0,0,257.602557737309,207.032236980417,321.803590594333,52.467173172772
"LPCHMCBP_03012",911.642794252388,535.117171984636,717.36341409628,946.137323000506,385.126232614509,1140.88193579942
"LPCHMCBP_03013",299.395604016467,1018.41842062569,698.597664857138,985.473448026785,1034.96187039532,586.069487568198
"LPCHMCBP_03014",0,327.853478610305,0,94.1996678260898,322.841666693025,238.893086361132
"LPCHMCBP_03015",0,0,0,0,41.5230439476559,0
"LPCHMCBP_03016",0,0,0,0,0,0
"LPCHMCBP_03017",0,0,0,0,0,0
"LPCHMCBP_03018",109.329855399272,0,257.602557737309,356.095447606317,208.653295836971,261.219543030397
"LPCHMCBP_03019",0,0,0,0,0,0
"LPCHMCBP_03020",0,0,0,0,0,0
"LPCHMCBP_03021",0,0,0,0,0,0
"LPCHMCBP_03022",0,0,0,0,0,0
"LPCHMCBP_03023",0,306.185001575716,0,0,90.3126205861516,91.5384723439852
"LPCHMCBP_03024",522.260309253443,190.305754825522,548.471670944005,427.521569364561,1576.83759391223,1062.739337457
"LPCHMCBP_03025",0,276.979662963878,0,155.274177735313,140.140273323339,0
"LPCHMCBP_03026",453.298400463134,0,163.7738115416,414.064473960834,941.535021513098,676.49163707872
"LPCHMCBP_03027",175.768767526521,244.948001260573,295.987044817371,122.149019818446,0,216.566629691867
"LPCHMCBP_03028",610.565192460547,157.33198542506,277.22129557823,125.254503373152,102.769533770448,171.913716353338
"LPCHMCBP_03029",0.840998887686704,0,0,0,154.673338705018,0
"LPCHMCBP_03030",0,0,0,0,0,0
"LPCHMCBP_03031",0,0,0,0,0,0
"LPCHMCBP_03032",0,0,0,0,0,0
"LPCHMCBP_03033",0,0,0,0,0,0
"LPCHMCBP_03034",0,0,0,0,0,0
"LPCHMCBP_03035",0,0,0,0,0,0
"LPCHMCBP_03036",0,0,0,0,0,0
"LPCHMCBP_03037",0,0,0,72.461282943146,0,289.127613866978
"LPCHMCBP_03038",0,0,0,0,0,0
"LPCHMCBP_03039",343.968545063862,1045.73954384321,515.205115474617,196.680625131396,996.553054743742,742.35468425305
"LPCHMCBP_03040",0,87.6160158355125,0,0,101.731457671757,56.9324645066249
"LPCHMCBP_03041",0,0,0,0,0,0
"LPCHMCBP_03042",68.1209099026231,0,158.655879930925,146.992888256096,178.54908897492,66.979370007794
"LPCHMCBP_03043",0,0,0,0,0,0
"LPCHMCBP_03044",442.365414923207,667.954357283639,919.521712717943,894.379263755402,881.326607788997,881.895038435955
"LPCHMCBP_03045",111.852852062332,0,363.373144357925,751.527020238914,770.252465229017,428.667968049882
"LPCHMCBP_03046",0,0,0,0,0,0
"LPCHMCBP_03047",615.611185786668,1505.48810005537,2219.47634182939,2002.00173160063,834.613183347884,2289.57813143309
"LPCHMCBP_03048",0,0,0,0,0,0
"LPCHMCBP_03049",0,0,0,0,0,0
"LPCHMCBP_03050",0,0,0,0,0,0
"LPCHMCBP_03051",0,0,0,0,0,0
"LPCHMCBP_03052",0,0,0,0,0,0
"LPCHMCBP_03053",0,0,0,0,0,0
"LPCHMCBP_03054",0,0,0,0,0,0
"LPCHMCBP_03055",0,0,0,0,0,0
"LPCHMCBP_03056",0,0,0,0,0,0
"LPCHMCBP_03057",0,0,0,0,0,0
"LPCHMCBP_03058",0,0,0,0,0,0
"LPCHMCBP_03059",0,0,0,0,0,0
"LPCHMCBP_03060",0,0,0,0,0,0
"LPCHMCBP_03061",0,0,0,0,0,0
"LPCHMCBP_03062",0,0,0,0,0,0
"LPCHMCBP_03063",0,0,0,0,0,0
"LPCHMCBP_03064",0,0,0,0,0,0
"LPCHMCBP_03065",0,0,0,0,0,0
"LPCHMCBP_03066",0,0,0,0,0,0
"LPCHMCBP_03067",0,0,0,0,0,0
"LPCHMCBP_03068",0,0,0,0,0,0
"LPCHMCBP_03069",0,0,0,0,0,0
"LPCHMCBP_03070",0,0,0,0,0,0
"LPCHMCBP_03071",0,0,0,0,0,0
"LPCHMCBP_03072",87.4638843194173,174.289923973869,133.919210479329,156.309338920215,94.4649249809172,166.332102186022
"LPCHMCBP_03073",32.7989566197815,0,0,9.31645066411877,0,0
"LPCHMCBP_03074",207.726725258616,168.637277790933,348.87233812768,238.08707252748,450.525026832067,213.217661191478
"LPCHMCBP_03075",475.164371542988,471.99595627518,591.974089634742,483.420273349274,277.166318350603,312.570393369705
"LPCHMCBP_03076",255.663661856758,0,141.596107895342,419.240279885345,0,204.287078523772
"LPCHMCBP_03077",744.284015602733,605.775249271339,1152.38760100366,753.597342608718,549.142256207749,437.598550717588
"LPCHMCBP_03078",0,0,0,0,0,0
"LPCHMCBP_03079",0,0,0,0,0,0
"LPCHMCBP_03080",127.831830928379,13.1895077601847,91.269780390371,0,20.761521973828,0
"LPCHMCBP_03081",583.653228054573,303.358678484248,505.822240855047,722.542507061656,428.725428759547,1284.88758131618
"LPCHMCBP_03082",4800.42165091571,5745.91484495474,5161.43402936574,3997.79249609185,3465.09801743189,3334.45630355468
"LPCHMCBP_03083",62.2339176888161,386.26415583398,371.903030375717,770.159921567152,591.703376254097,362.804920875551
"LPCHMCBP_03084",248.935670755265,0,330.106588888538,0,66.4368703162495,93.7711180109116
"LPCHMCBP_03085",142.128812019053,0,0,212.208042904928,0,0
"LPCHMCBP_03086",50.4599332612023,0,0,0,0,0
"LPCHMCBP_03087",433.955426046339,0,652.536280361063,1003.07118817012,405.887754588336,618.442849738631
"LPCHMCBP_03088",4758.37170653137,7271.18720665038,6156.01873904025,5935.61423422856,4494.86950733375,2942.62698900908
"LPCHMCBP_03089",0,0,0,0,0,0
"LPCHMCBP_03090",58.0289232503826,0,145.861050904238,140.781921146684,179.587165073612,79.2589211758896
"LPCHMCBP_03091",2295.08596449702,1407.50889955114,951.935279585551,719.437023506949,918.697347341887,876.313424268639
"LPCHMCBP_03092",0,0,0,0,0,0
"LPCHMCBP_03093",7056.82166657914,10535.5903772961,6237.05265620927,6185.08807978996,2669.93172583427,3814.47512194387
"LPCHMCBP_03094",63.0749165765028,0,11.9418404249083,0,68.5130225136323,0
"LPCHMCBP_03095",0,0,0,0,0,0
"LPCHMCBP_03096",58.0289232503826,0,0,0,0,0
"LPCHMCBP_03097",0,0,0,0,0,0
"LPCHMCBP_03098",79.0538954425502,0,185.098526586079,0,64.3607181188667,0
"LPCHMCBP_03099",0,0,0,0,0,0
"LPCHMCBP_03100",0,0,0,0,0,0
"LPCHMCBP_03101",239.684682990711,0,23.8836808498167,213.24320408983,89.2745444874602,200.938110023382
"LPCHMCBP_03102",0,0,0,0,0,0
"LPCHMCBP_03103",0,0,0,0,0,0
"LPCHMCBP_03104",0,0,0,0,0,0
"LPCHMCBP_03105",0,0,0,0,0,0
"LPCHMCBP_03106",0,0,0,0,0,0
"LPCHMCBP_03107",0,0,0,0,0,0
"LPCHMCBP_03108",0,0,0,0,0,0
"LPCHMCBP_03109",0,0,0,0,0,0
"LPCHMCBP_03110",0,0,0,0,0,0
"LPCHMCBP_03111",0,0,0,0,0,0
"LPCHMCBP_03112",0,0,0,0,0,0
"LPCHMCBP_03113",0,0,0,0,0,0
"LPCHMCBP_03114",0,0,0,0,0,0
"LPCHMCBP_03115",0,0,0,0,0,0
"LPCHMCBP_03116",0,0,0,0,0,0
"LPCHMCBP_03117",0,0,0,0,0,0
"LPCHMCBP_03118",290.144616251913,0,0,0,132.873740632499,468.855590054558
"LPCHMCBP_03119",0,0,37.5314984782834,153.203855365509,371.63124333152,296.94187370122
"LPCHMCBP_03120",0,0,0,0,0,0
"LPCHMCBP_03121",0,0,0,0,0,0
"LPCHMCBP_03122",0,0,0,0,226.300589514725,0
"LPCHMCBP_03123",448.252407137013,877.102266052281,625.24064510413,712.190895212635,2164.38866577156,1188.88381763834
"LPCHMCBP_03124",3.36399555074682,79.1370465611081,35.825521274725,177.012562618257,124.569131842968,183.07694468797
"LPCHMCBP_03125",253.140665193698,2.82632309146815,65.6801223369959,79.7074112374606,452.601179029449,348.292724040529
"LPCHMCBP_03126",0,124.358216024598,191.069446798534,0,0,334.89685003897
"LPCHMCBP_03127",0,0,0,0,0,0
"LPCHMCBP_03128",0,0,0,0,0,0
"LPCHMCBP_03129",0,258.137509020757,0,138.711598776879,53.9799571319527,548.114511230448
"LPCHMCBP_03130",0,0,0,0,0,0
"LPCHMCBP_03131",0,0,0,0,0,0
"LPCHMCBP_03132",0,0,0,0,0,0
"LPCHMCBP_03133",0,0,0,0,0,0
"LPCHMCBP_03134",0,0,0,0,0,0
"LPCHMCBP_03135",0,0,0,0,0,0
"LPCHMCBP_03136",0,0,0,0,0,0
"LPCHMCBP_03137",0,0,0,0,0,0
"LPCHMCBP_03138",0,0,0,0,0,0
"LPCHMCBP_03139",0,0,0,0,0,0
"LPCHMCBP_03140",0,0,0,0,0,0
"LPCHMCBP_03141",0,0,0,0,0,0
"LPCHMCBP_03142",0,0,0,0,0,0
"LPCHMCBP_03143",1031.90563519159,1894.57857898081,830.810898132909,634.553806344978,832.537031150501,1668.90263602753
"LPCHMCBP_03144",0,0,0,0,0,31.2570393369705
"LPCHMCBP_03145",1071.43258291286,416.411602142974,649.124325953947,1272.21309624466,1108.66527340241,1022.55171545232
"LPCHMCBP_03146",146.333806457487,135.663508390471,307.92888524228,179.082884988061,105.883762066523,296.94187370122
"LPCHMCBP_03147",0,0,0,0,0,0
"LPCHMCBP_03148",0,0,0,0,0,0
"LPCHMCBP_03149",0,0,0,0,0,0
"LPCHMCBP_03150",0,0,0,0,0,0
"LPCHMCBP_03151",0,0,0,0,0,0
"LPCHMCBP_03152",0,0,0,0,0,0
"LPCHMCBP_03153",0,0,0,0,0,0
"LPCHMCBP_03154",0,0,0,0,0,0
"LPCHMCBP_03155",0,0,0,0,0,0
"LPCHMCBP_03156",0,0,0,0,0,0
"LPCHMCBP_03157",0,0,0,0,0,0
"LPCHMCBP_03158",0,0,0,0,0,0
"LPCHMCBP_03159",7345.28428505568,4787.79131694704,6075.83781047301,10383.7018457528,13590.4922840678,6524.9069615926
"LPCHMCBP_03160",322.943572871694,316.548186244432,49.4733389031917,0,45.6753483424215,390.712991712132
"LPCHMCBP_03161",1413.71913020135,0,435.024186907376,124.21934218825,480.629233694117,148.47093685061
"LPCHMCBP_03162",0,0,0,0,0,0
"LPCHMCBP_03163",0,0,0,0,0,0
"LPCHMCBP_03164",838.475891023644,1385.84042251655,417.111426270013,1241.1582606976,1628.7413988468,1325.07520332086
"LPCHMCBP_03165",5030.85534614187,3385.93506357884,3806.88812974043,4156.17215738187,2117.67524133045,3952.89915329331
"LPCHMCBP_03166",152.220798671293,0,55.4442591156459,0,4.15230439476559,114.981251846713
"LPCHMCBP_03167",141.287813131366,0,108.329552425954,223.59481593885,227.338665613416,295.825550867757
"LPCHMCBP_03168",0,0,23.0306922480375,0,103.80760986914,0
"LPCHMCBP_03169",134.559822029873,0,203.011287223442,130.430309297663,122.492979645585,0
"LPCHMCBP_03170",0,0,0,118.008375078838,0,81.4915668428161
"LPCHMCBP_03171",0,0,0,0,0,0
"LPCHMCBP_03172",387.700487223571,845.070604348976,325.841645879642,150.098371810802,483.743461990191,46.8855590054558
"LPCHMCBP_03173",0,0,0,0,0,0
"LPCHMCBP_03174",669.435114598617,2361.86399677021,691.773756042905,918.18797100815,1302.7855038577,1079.48417995895
"LPCHMCBP_03175",1323.73224921887,335.390340187553,1282.04186847409,1061.04021452464,1397.25042883862,1133.06767596518
"LPCHMCBP_03176",1398.58115022299,2661.45424446584,2701.41490183462,3153.10096921175,4801.10195644771,2661.31363497635
"LPCHMCBP_03177",0,0,0,0,0,0
"LPCHMCBP_03178",2231.17004903283,1309.52969904691,1546.46833502563,1685.2424090206,2212.14016631137,1445.63806933489
"LPCHMCBP_03179",1020.97264965166,1869.1416711576,1130.2098973574,793.968628819899,672.673311952026,1729.18406903455
"LPCHMCBP_03180",0,744.265080753279,1221.47967774777,457.541243726722,857.450857519094,1358.56488832476
"LPCHMCBP_03181",0,474.822279366649,388.962802411301,203.926753425711,250.176339784627,227.7298580265
"LPCHMCBP_03182",0,0,126.242313063317,365.411898270436,0,305.872456368926
"LPCHMCBP_03183",787.174958874755,0,879.431248434322,281.563842293367,551.218408405132,291.360259533904
"LPCHMCBP_03184",0,0,0,0,61.2464898227925,0
"LPCHMCBP_03185",0,0,0.852988601779168,130.430309297663,0,0
"LPCHMCBP_03186",0,0,0,0,0,0
"LPCHMCBP_03187",358.265526154536,996.7499435911,861.518487796959,1510.30016877214,799.318595992376,939.943825776043
"LPCHMCBP_03188",1060.49959737293,892.175989206778,736.129163335422,653.186707673216,1174.06406761997,625.140786739411
"LPCHMCBP_03189",1185.80843163825,1222.85579090855,882.843202841439,2045.47850136652,788.937835005462,1252.51421914575
"LPCHMCBP_03190",0,988.270974316695,0,0,256.404796376775,94.8874408443749
"LPCHMCBP_03191",0,537.001387378948,0,0,83.0460878953118,0
"LPCHMCBP_03192",0,0,0,0,0,0
"LPCHMCBP_03193",0,0,0,0,0,0
"LPCHMCBP_03194",0,0,0,0,0,0
"LPCHMCBP_03195",0,0,0,0,0,0
"LPCHMCBP_03196",0,0,0,0,0,0
"LPCHMCBP_03197",0,0,0,0,0,0
"LPCHMCBP_03198",0,0,0,0,0,0
"LPCHMCBP_03199",0,0,0,0,0,0
"LPCHMCBP_03200",0,0,0,0,0,0
"LPCHMCBP_03201",0,0,0,0,66.4368703162495,51.3508503393087
"LPCHMCBP_03202",0,0,0,170.801595508844,78.8937835005462,0
"LPCHMCBP_03203",192.588745280255,0,586.003169422288,2996.79163029154,1601.75142028083,1500.33788817459
"LPCHMCBP_03204",0,0,0,0,0,0
"LPCHMCBP_03205",0,0,0,0,0,0
"LPCHMCBP_03206",0,0,0,0,0,0
"LPCHMCBP_03207",0,0,0,0,0,0
"LPCHMCBP_03208",0,0,0,0,0,0
"LPCHMCBP_03209",0,0,0,0,0,0
"LPCHMCBP_03210",0,0,0,0,0,0
"LPCHMCBP_03211",0,0,0,0,0,0
"LPCHMCBP_03212",0,0,0,0,0,0
