"","baseMean","log2FoldChange","lfcSE","stat","pvalue","padj"
"LPCHMCBP_01326",14483.5709847901,-5.5057726813613,0.172989090087666,-31.8272827411898,2.71509600225362e-222,3.91788353125198e-219
"LPCHMCBP_01846",15525.1673181592,3.22479989762801,0.175079578846563,18.4190521754349,9.2407444744617e-76,6.66719713832411e-73
"LPCHMCBP_01329",2719.44726389624,-15.0401777535237,1.23633373904951,-12.1651438268494,4.76605149163734e-34,2.29247076747756e-31
"LPCHMCBP_00663",2604.44649532017,-14.977849768997,1.23863065462868,-12.0922647223575,1.16043156653009e-33,4.18625687625732e-31
"LPCHMCBP_01330",13399.3683547113,-5.20962029091736,0.445344414550911,-11.6979580762695,1.30557282716284e-31,3.76788317919196e-29
"LPCHMCBP_00437",12413.7564982998,2.53252752447267,0.259150477302961,9.77242083761248,1.47875675295063e-22,3.55640999084627e-20
"LPCHMCBP_02588",3569.63885421553,3.17816085066824,0.348640434693802,9.11586991755419,7.80418298761933e-20,1.60877657873353e-17
"LPCHMCBP_01716",552.019427896036,-10.8913701779346,1.29016650000177,-8.44183303311598,3.12399388567695e-17,5.6349039712898e-15
"LPCHMCBP_02968",181.57680056479,-11.1354641655013,1.81650970312216,-6.13014295842296,8.78001434395522e-10,1.40772896648082e-07
"LPCHMCBP_02100",138.527609480532,9.50563420188057,1.8125652825066,5.24429894670344,1.56877665392123e-07,2.26374471160834e-05
"LPCHMCBP_02560",133.177611387966,10.4123248157177,2.00473413655627,5.19386816727925,2.05969018731671e-07,2.70193903663456e-05
"LPCHMCBP_00498",137.3343421481,-10.7326450504177,2.250726715592,-4.76852430642375,1.85580285226301e-06,0.000223160292984627
"LPCHMCBP_00070",1988.1577523086,3.78739870860243,0.820274609257093,4.61723265094431,3.88891204660478e-06,0.000431669237173131
"LPCHMCBP_02408",85.8131685438427,-10.0541920437612,2.26611499111113,-4.43675280521902,9.13260658980514e-06,0.000941310807792059
"LPCHMCBP_02294",82.2338253659942,-9.99270390581324,2.29937441910183,-4.34583590336563,1.38746268619159e-05,0.00133473910411631
"LPCHMCBP_00636",4134.20440495459,-5.73215416072516,1.33604744693993,-4.29038218205053,1.78365894480681e-05,0.00160863741084764
"LPCHMCBP_01763",563.419396174826,2.95810244554034,0.708691223680732,4.17403566842106,2.99250873967404e-05,0.00254011183020567
"LPCHMCBP_02043",72.66754556402,-9.81420382311831,2.47545425333714,-3.96460722709291,7.35168952216003e-05,0.00589360443359829
"LPCHMCBP_02424",59.0549867557327,-9.51500503864981,2.54812655875267,-3.73411791732491,0.000188374227606462,0.0143065268650592
"LPCHMCBP_02061",1947.8752489788,1.40084534336397,0.381477739367089,3.67215488297724,0.000240513835540733,0.0173530732342639
"LPCHMCBP_02996",2443.42186533464,-1.55320229231959,0.425133851839823,-3.65344299353698,0.000258747254994809,0.0177796328075004
"LPCHMCBP_02443",5555.25689626843,0.935409625502757,0.257524701832219,3.63231029430408,0.000280895066464803,0.0184241627685777
"LPCHMCBP_01116",79.7777030081891,-9.9489826943105,2.78088741684768,-3.57762872169357,0.000346725480888018,0.0217532551704961
"LPCHMCBP_00030",59.0182807217506,9.23816161634907,2.64004222673439,3.49924767217691,0.000466572975185462,0.0280527001330259
"LPCHMCBP_02587",111.110154294997,-10.4268618549261,3.07577801217179,-3.38999167484255,0.000698947462318095,0.0403432475250004
"LPCHMCBP_02421",920.491392251823,-4.18323499911046,1.30478637244089,-3.20606889178708,0.00134561768424178,0.0746817814754186
"LPCHMCBP_00557",104.623565426147,10.0641023193284,3.15267979761034,3.19223738704983,0.00141175254971167,0.0754503307123683
"LPCHMCBP_00072",1012.71924052938,-4.05113055067868,1.30312675572971,-3.10877704940543,0.00187863421578501,0.0968167561920633
"LPCHMCBP_02591",8525.68705565681,0.729902443246462,0.235920532283087,3.09384874721558,0.00197578186607363,0.0983121804394569
"LPCHMCBP_00353",759.590195614397,1.67331381169594,0.552295580440395,3.02974325878482,0.00244761707180467,0.11287571082154
"LPCHMCBP_02572",1365.75224783301,-3.92588863035754,1.298575753472,-3.02322650015672,0.00250094979632745,0.11287571082154
"LPCHMCBP_02750",94.3168511958114,9.91445201512602,3.2797140809788,3.02296229803274,0.00250313426631274,0.11287571082154
"LPCHMCBP_02707",81.2115247787457,-9.97455283328816,3.32089887672115,-3.00357017890783,0.00266832001046818,0.116678356821381
"LPCHMCBP_01747",7353.13068470425,-0.616565939045277,0.207024934267487,-2.97822067291972,0.00289927161088681,0.123048498073814
"LPCHMCBP_01279",2437.19407378815,1.54333683497771,0.525926358150115,2.93451128862645,0.00334073401069398,0.137527337859313
"LPCHMCBP_02569",558.889036205274,-3.57248484301755,1.22085136529913,-2.92622422725654,0.0034310354559496,0.137527337859313
"LPCHMCBP_01123",1419.99822669799,-1.20943051070732,0.419180422010833,-2.88522661651421,0.00391132002392909,0.148527231434992
"LPCHMCBP_01328",35.7000129128327,-8.78886829982334,3.0431887120981,-2.88804577411959,0.00387643456086455,0.148527231434992
"LPCHMCBP_00647",388.606957982148,-4.0419367497809,1.43839740742382,-2.81002783300342,0.00495372158044711,0.179857732204793
"LPCHMCBP_02665",68.3626071075354,-9.72606865998254,3.46375055353492,-2.80795874577534,0.00498566132237819,0.179857732204793
"LPCHMCBP_00540",1150.46219038956,-1.03897836431602,0.37294640818646,-2.78586505060686,0.00533850915077578,0.180677123763019
"LPCHMCBP_01426",1679.39826916059,0.866379555101859,0.312577081886422,2.77173089553849,0.00557591117342911,0.180677123763019
"LPCHMCBP_01465",73.0903954057529,9.5467145713064,3.44799212000163,2.76877505488669,0.00562674686397264,0.180677123763019
"LPCHMCBP_01542",74.0236019183509,9.56501739803799,3.45515683027549,2.76833089433898,0.0056344217389715,0.180677123763019
"LPCHMCBP_02694",1629.18523737133,1.65228935291627,0.594842387542522,2.77769269224808,0.00547463684330057,0.180677123763019
"LPCHMCBP_01845",1528.53474725015,1.31190474101365,0.475742774369758,2.7575925724812,0.00582287232979702,0.182660973302111
"LPCHMCBP_00927",40.3650226818951,-7.99855245166763,2.91300804143649,-2.74580513952969,0.00603626044292905,0.185326038705247
"LPCHMCBP_02710",10097.3394497565,0.723505654946246,0.266472339308453,2.7151247924039,0.0066250800751591,0.19916646975947
"LPCHMCBP_01826",228.974034164183,-4.08711930935129,1.51090579660403,-2.70507884643613,0.00682881786773789,0.201101718023383
"LPCHMCBP_00392",59.9105455670103,-9.53572965904223,3.59898052976655,-2.64956411410783,0.0080595678430673,0.223653007645118
"LPCHMCBP_02541",604.800155298464,1.30439818382834,0.492019621246749,2.65111009297367,0.0080227685577259,0.223653007645118
"LPCHMCBP_02564",934.380314988963,-3.50879466788328,1.32130722950717,-2.65554792218311,0.00791796823915027,0.223653007645118
"LPCHMCBP_03037",60.2648161350206,-9.54414228120566,3.61412103668077,-2.64079209974967,0.00827124579228666,0.225196371288107
"LPCHMCBP_01998",827.944859620463,-1.33611039137544,0.513446780812687,-2.60223735215679,0.00926177276609267,0.247495150027254
"LPCHMCBP_00104",59.593588038517,9.25217772398581,3.60995396972034,2.56296279719671,0.010378316846182,0.269720884346859
"LPCHMCBP_01756",59.1111417385292,9.24045240507069,3.60955744223163,2.5599959421501,0.0104673385470715,0.269720884346859
"LPCHMCBP_01887",60.5007082456674,9.27384958179881,3.67836972201664,2.52118473199983,0.0116960431403681,0.293558420992865
"LPCHMCBP_02469",749.491251346491,1.87323874881132,0.743912392218033,2.51809052841035,0.0117992989726862,0.293558420992865
"LPCHMCBP_00676",56.1479492583407,9.16625727796374,3.65490694671252,2.50793177818344,0.0121440111081387,0.297013695407529
"LPCHMCBP_00787",858.409418652212,-1.82066949789925,0.744712031825766,-2.44479667319946,0.0144933824821951,0.330756603318238
"LPCHMCBP_00849",49.8764137237812,-9.2711915937712,3.77405871099641,-2.45655733090688,0.0140275417688139,0.330756603318238
"LPCHMCBP_01216",534.62815026277,2.05657272338206,0.838841964250739,2.45168078258818,0.0142190740546109,0.330756603318238
"LPCHMCBP_02398",622.19507069782,1.74345201515936,0.710678344629051,2.45322237315304,0.0141582783116322,0.330756603318238
"LPCHMCBP_03093",6083.1599379421,0.911359799393631,0.373442087613517,2.44043140723018,0.014669731540102,0.330756603318238
"LPCHMCBP_01221",49.0253210996972,-9.24643542999095,3.81685879596232,-2.4225248887311,0.0154130699215467,0.337733526407473
"LPCHMCBP_03082",4417.51955705244,0.540754517442088,0.223293627097661,2.42171943942484,0.0154472714780965,0.337733526407473
"LPCHMCBP_02915",50.0815121274114,-9.27707098490366,3.85310832745967,-2.40768496405601,0.016054027663529,0.345760625648841
"LPCHMCBP_00079",3424.08812060579,0.936515768495155,0.391437576491012,2.39250349159225,0.0167338688742576,0.350667700435983
"LPCHMCBP_02198",2709.39269851798,1.14955308053123,0.480631016828292,2.39175800204737,0.0167678941996416,0.350667700435983
"LPCHMCBP_02158",6824.58497909728,-0.549707189840496,0.230380777993526,-2.38608096833471,0.0170290013749392,0.351040699771961
"LPCHMCBP_00174",4128.32478981708,0.584254976385601,0.249321945200911,2.34337565397539,0.0191101311429044,0.35564564801539
"LPCHMCBP_00918",586.630271670871,-1.38395086986991,0.582612860095627,-2.37542108089196,0.0175289404128868,0.35564564801539
"LPCHMCBP_01164",808.556992319229,-1.05936455293632,0.449077205877037,-2.35898090366757,0.0183251987444196,0.35564564801539
"LPCHMCBP_01356",4028.86938943566,1.0056836646276,0.42477599225225,2.36756239281618,0.0179057006378837,0.35564564801539
"LPCHMCBP_01555",71.630572267101,5.33743659436497,2.25868555046189,2.36307200587239,0.0181241477503186,0.35564564801539
"LPCHMCBP_01725",44.7043763925003,-9.11332007871627,3.90782036664201,-2.3320724147173,0.0196968819494674,0.35564564801539
"LPCHMCBP_01900",29.1507007551536,8.22057516594285,3.52537558535494,2.33182960706162,0.0197096568262281,0.35564564801539
"LPCHMCBP_02141",1306.17457384112,-1.16245178667533,0.498749615743821,-2.33073219503473,0.0197674854303405,0.35564564801539
"LPCHMCBP_02422",43.5535291623395,-9.07569340502079,3.9078482580963,-2.32242728110482,0.0202099398040623,0.35564564801539
"LPCHMCBP_02690",43.7255702075249,-9.0813807079675,3.90784399548498,-2.3238851700477,0.0201316492974909,0.35564564801539
"LPCHMCBP_02734",64.6602771792817,7.44575733792882,3.16687893690038,2.35113418803955,0.0187162828420697,0.35564564801539
"LPCHMCBP_03159",8118.00241731482,-0.744116187549516,0.318172317017628,-2.33872071123111,0.0193498925485615,0.35564564801539
"LPCHMCBP_01967",48.1650276494347,8.94500346162576,3.87483715446638,2.30848500338013,0.020972175990594,0.358765491811955
"LPCHMCBP_02543",41.8116842489761,-9.0167421498182,3.9078934456401,-2.30731525187256,0.0210372518731558,0.358765491811955
"LPCHMCBP_03202",41.6158965015651,-9.01004361236206,3.90789869799872,-2.30559804863319,0.0211331024282856,0.358765491811955
"LPCHMCBP_00370",5980.2500546502,-0.647637587398997,0.286491046458088,-2.2605857858589,0.0237849187599303,0.368963160677787
"LPCHMCBP_01287",318.150038480898,1.74301405102536,0.767797311005984,2.27014867861627,0.0231985636517101,0.368963160677787
"LPCHMCBP_01521",952.805970352512,-1.14894064355382,0.50813947280195,-2.26107339628313,0.0237547124680171,0.368963160677787
"LPCHMCBP_01738",37.0560101298502,-8.84255931388926,3.9080382709154,-2.26265934489378,0.02365669680042,0.368963160677787
"LPCHMCBP_01960",472.81560653094,1.8480471816919,0.82054793006683,2.25221113109308,0.0243089329349242,0.368963160677787
"LPCHMCBP_02202",35.9341696397608,-8.79827626229087,3.90807796283898,-2.2513052057691,0.0243662133197401,0.368963160677787
"LPCHMCBP_02242",35.6618096001501,-8.78720838055021,3.90808807494346,-2.24846733544441,0.0245464056999775,0.368963160677787
"LPCHMCBP_02419",39.1217280539042,-8.92079726287702,3.90797105334106,-2.28271835720234,0.0224469637554642,0.368963160677787
"LPCHMCBP_02604",37.8824746580228,-7.90665354143877,3.49117016276893,-2.26475742310074,0.0235275695126059,0.368963160677787
"LPCHMCBP_02997",378.583407214029,-3.4579043938183,1.51231747982455,-2.28649370251242,0.0222253921244603,0.368963160677787
"LPCHMCBP_02998",1044.98185416404,-1.28416229106909,0.565307010863281,-2.27161925536363,0.0231095168606229,0.368963160677787
"LPCHMCBP_01080",324.75210226158,-1.97441619338111,0.881349629075639,-2.24021900985183,0.0250767081231041,0.373048348676694
"LPCHMCBP_01063",4221.76067974152,0.73106569181803,0.327187646021119,2.2343927122812,0.0254572448012837,0.374844941308697
"LPCHMCBP_03170",33.2499903202756,-8.68621184511267,3.9081840222276,-2.22256981649541,0.0262448213927952,0.382538154240439
"LPCHMCBP_00341",4653.32808331519,-0.505702347930164,0.228456790740286,-2.213557961186,0.0268592018971234,0.387578283375491
"LPCHMCBP_01422",7407.62348862387,0.95807515288639,0.435863307670168,2.19810921457834,0.0279413240331741,0.399201292870002
"LPCHMCBP_01414",5886.17489865527,0.654951862749237,0.29990316347297,2.18387780630486,0.028971228254833,0.40985767031102
"LPCHMCBP_01628",34.5166370538966,8.46432846686942,3.90788924211839,2.16595915146282,0.0303143085392787,0.422650811869667
"LPCHMCBP_01964",34.092141038689,8.44647699701213,3.90790330894763,2.16138331203663,0.0306657421086782,0.422650811869667
"LPCHMCBP_02087",287.331371879394,1.8655446041812,0.866595340517686,2.15272863464367,0.0313400116909594,0.422650811869667
"LPCHMCBP_02464",33.7512865385931,8.43196926996083,3.90791486979848,2.15766452210246,0.0309539242144492,0.422650811869667
"LPCHMCBP_03203",1146.24547557492,-2.96947656296238,1.37715677852478,-2.15623711785618,0.0310651545780925,0.422650811869667
"LPCHMCBP_01662",1210.76122051088,0.911184188866431,0.424336164998017,2.1473168304443,0.0317680668238685,0.424456670618909
"LPCHMCBP_01169",251.866002291922,3.04684589497085,1.42318930124298,2.14085778491295,0.0322855083594428,0.425926689755975
"LPCHMCBP_01670",25.8382153544399,-8.32238349614509,3.90859104598716,-2.12925409648304,0.0332332434004929,0.425926689755975
"LPCHMCBP_01867",31.4049984661629,8.32804047260303,3.90800117549365,2.13102302139176,0.0330872456501093,0.425926689755975
"LPCHMCBP_02044",585.194669210194,1.57595432235671,0.737178319835912,2.13781968344851,0.0325313808312381,0.425926689755975
"LPCHMCBP_02461",25.5006768793823,-8.30341149630443,3.90861521632168,-2.12438703652149,0.033637793099276,0.425926689755975
"LPCHMCBP_02917",1556.10879207503,-1.39357249606077,0.65602980651346,-2.12425179805024,0.0336490939931956,0.425926689755975
"LPCHMCBP_02533",635.408833966816,-1.61914423418296,0.773819172173196,-2.09240645929687,0.0364021714744364,0.452830460669067
"LPCHMCBP_02928",2060.55413645845,-0.71563973981892,0.341444400755139,-2.09591880328455,0.03608939439805,0.452830460669067
"LPCHMCBP_00475",4637.29109408477,-0.736643831717329,0.358052424110758,-2.05736306225777,0.0396513154582998,0.476807068386055
"LPCHMCBP_00797",2355.30394187281,0.913311154741598,0.443768202270847,2.05808156165316,0.0395823046575894,0.476807068386055
"LPCHMCBP_02608",1606.69205740197,1.09805842421719,0.531145183560293,2.06734139403627,0.0387019963624878,0.476807068386055
"LPCHMCBP_03119",143.218078479422,-4.45165830387191,2.16007668673955,-2.06087975079779,0.0393145135650577,0.476807068386055
"LPCHMCBP_00820",6383.23372533805,0.766940262228389,0.374417168607502,2.04835762494739,0.0405249704337321,0.477176364688999
"LPCHMCBP_01255",25.4600559675757,8.02530731346951,3.90829107935337,2.05340573425184,0.0400332436341915,0.477176364688999
"LPCHMCBP_03003",250.790216634284,-2.89301639894615,1.41340819433756,-2.04683714905308,0.0406740768238024,0.477176364688999
"LPCHMCBP_00516",4682.01816635007,-0.518849028101808,0.255958807769587,-2.02708018771862,0.0426542126827623,0.492400231209808
"LPCHMCBP_03201",19.6312867759264,-7.92600757340794,3.90916836141315,-2.02754316023952,0.0426068951894019,0.492400231209808
"LPCHMCBP_00323",1041.21520570962,1.05380632758419,0.523275639788114,2.01386467753572,0.0440237429430813,0.496298914584893
"LPCHMCBP_01039",2731.46584962125,-0.671654778164566,0.333129416127733,-2.01619774672505,0.0437793019660829,0.496298914584893
"LPCHMCBP_01185",2586.67412365602,1.06357434772604,0.52738686359306,2.01668721985216,0.0437281644654534,0.496298914584893
"LPCHMCBP_02910",465.459486707769,1.23544413825994,0.620178767598946,1.99207745057611,0.0463625606604528,0.518613759945995
"LPCHMCBP_00757",396.311367925324,2.9101894066088,1.46362327509178,1.98834594675758,0.0467734424935095,0.519185211677956
"LPCHMCBP_00675",20.9244849409923,7.74227449325747,3.90862302157024,1.98081893560231,0.0476115825081505,0.524454301979093
"LPCHMCBP_01443",5811.66961434664,0.469144747929999,0.237961991787005,1.97151126701747,0.0486654255473348,0.532001583824274
"LPCHMCBP_00807",1779.14199046607,-0.676020831569387,0.346760655952745,-1.94953152834476,0.0512319814142295,0.555847738201001
"LPCHMCBP_01823",3330.98182191963,-0.550574528357385,0.283834905535357,-1.93977032993498,0.0524076079804005,0.564359539669537
"LPCHMCBP_01803",17.9785502892449,7.52310850373801,3.90892870575794,1.92459598781024,0.0542799217476039,0.57647309450665
"LPCHMCBP_02291",34.1452618900937,-6.88943857000215,3.58044636890762,-1.92418426647292,0.0543314905425533,0.57647309450665
"LPCHMCBP_01196",603.603706364553,1.44778384648913,0.754077454645422,1.91994050156279,0.0548654152703652,0.577889009015598
"LPCHMCBP_01842",622.578753613838,-1.29396892266041,0.675699026115999,-1.91500782544901,0.0554915056387856,0.58024813504904
"LPCHMCBP_00985",17.2010901831885,7.45961862007159,3.90902628180849,1.90830607990193,0.0563516676557513,0.585003283649274
"LPCHMCBP_02159",305.878042387942,-3.08633343763091,1.62047916334209,-1.90458076070885,0.0568345894529185,0.585802232718295
"LPCHMCBP_02505",2297.72426814079,1.10213561227174,0.579739444743813,1.90108784603879,0.0572905072858101,0.586313489456908
"LPCHMCBP_00816",16.5626382570177,7.40500446032701,3.90911371994827,1.89429241276332,0.0581862075470238,0.591286602044756
"LPCHMCBP_00259",1028.75264091758,1.20306353557728,0.64058635318605,1.8780661336191,0.0603721185523832,0.592632429055027
"LPCHMCBP_00270",242.272339212856,-1.78723210027903,0.950581681668638,-1.88014574101801,0.060088218017944,0.592632429055027
"LPCHMCBP_00368",7200.36616006567,-0.543744862053764,0.289166225270573,-1.88038856040321,0.0600551414779105,0.592632429055027
"LPCHMCBP_00798",1768.40114352605,-0.59033497655293,0.313068191362549,-1.88564342478758,0.0593430214767083,0.592632429055027
"LPCHMCBP_00887",1643.4564264877,-0.838440166831807,0.444084861391173,-1.88801789866299,0.0590235476210461,0.592632429055027
"LPCHMCBP_02224",12.8377125848272,-7.31299040940972,3.9104404047313,-1.87011938618515,0.0614672409530799,0.595374732423715
"LPCHMCBP_02392",15.5122323679805,7.31054171486445,3.90927298934609,1.87005147371079,0.0614766702225458,0.595374732423715
"LPCHMCBP_01870",4784.46111992824,-0.671085415173897,0.359539242045112,-1.86651507456228,0.0619693370049006,0.596145021987143
"LPCHMCBP_00938",1096.8623077818,-1.17733260208136,0.636130236060644,-1.85077290048687,0.0642022312535069,0.609498813807964
"LPCHMCBP_01753",1568.79866817382,-0.910196461285291,0.49167378669228,-1.85122023162677,0.0641378763166909,0.609498813807964
"LPCHMCBP_00804",11.7648624518358,-7.18753977206043,3.91077416750061,-1.83788157132428,0.0660798582193731,0.612344944570353
"LPCHMCBP_01524",11.5592998980733,-7.16213072861196,3.9108453718011,-1.83135103736242,0.0670481644089507,0.612344944570353
"LPCHMCBP_01612",2333.294754707,0.784362540271817,0.427681716063118,1.83398660922895,0.0666559819113121,0.612344944570353
"LPCHMCBP_02870",4013.93858783964,0.759810894697739,0.413155997566208,1.83904118341155,0.0659091288814576,0.612344944570353
"LPCHMCBP_02904",5758.69656602234,0.398277764680585,0.216259009685888,1.84167015866334,0.06552341176267,0.612344944570353
"LPCHMCBP_03000",11.721389751364,-7.18172024058046,3.91079036526807,-1.83638588873535,0.0663006050894016,0.612344944570353
"LPCHMCBP_00472",191.177943042616,3.93735023538784,2.15408926817705,1.82784914885163,0.0675721945862564,0.613249539546969
"LPCHMCBP_01372",11.3492821402095,-7.13516816639525,3.91092231216513,-1.82442083909489,0.0680884738970616,0.614072923959124
"LPCHMCBP_00053",318.033538184898,-1.51721727468841,0.836046225747798,-1.8147528545223,0.0695618985215745,0.61909678701935
"LPCHMCBP_00389",802.255134635313,0.994811698158517,0.555461038299778,1.79096575558847,0.0732987904601376,0.61909678701935
"LPCHMCBP_00426",10.9771745290551,-7.08706347358738,3.911063202413,-1.81205547105833,0.0699776258176464,0.61909678701935
"LPCHMCBP_00605",42.1198480093442,-4.83682662819859,2.70185672596842,-1.79018620110766,0.0734239826548471,0.61909678701935
"LPCHMCBP_01013",18367.982693358,0.415776867837348,0.230759539016811,1.8017754308612,0.0715807447544932,0.61909678701935
"LPCHMCBP_01853",10.380760986914,-7.00699181990448,3.91130837892274,-1.79147005070318,0.0732178964707695,0.61909678701935
"LPCHMCBP_02197",1322.29504784421,0.997966534970229,0.554723971028484,1.79903264883245,0.0720135163171343,0.61909678701935
"LPCHMCBP_02254",697.113036735324,-1.01508211009225,0.566545959372935,-1.79170302655721,0.0731805494812255,0.61909678701935
"LPCHMCBP_02260",1499.04675406649,1.02416894527828,0.568257149944957,1.80229838793491,0.0714984720375624,0.61909678701935
"LPCHMCBP_02352",10.2077483037987,-6.98274774203479,3.91138533416851,-1.78523646878663,0.0742229689219318,0.61909678701935
"LPCHMCBP_02362",13.3997437203534,7.09936665899224,3.90966908160793,1.81584847996201,0.0693936182011356,0.61909678701935
"LPCHMCBP_02699",10.5537736700292,-7.03083521092533,3.91123394499005,-1.79760027393177,0.0722403749149102,0.61909678701935
"LPCHMCBP_03184",10.2077483037987,-6.98274774203479,3.91138533416851,-1.78523646878663,0.0742229689219318,0.61909678701935
"LPCHMCBP_00833",4306.47587627448,-0.659538519066428,0.370020493249621,-1.78243781384696,0.0746778636785975,0.619311248782852
"LPCHMCBP_00510",10.0347356206835,-6.95808925712207,3.9114649411151,-1.778895979351,0.0752568174167241,0.620546214470474
"LPCHMCBP_00737",9.86172293756828,-6.93300193797456,3.91154733926796,-1.77244485024488,0.076320742353679,0.622208085968129
"LPCHMCBP_01813",9.86172293756828,-6.93300193797456,3.91154733926796,-1.77244485024488,0.076320742353679,0.622208085968129
"LPCHMCBP_00309",42.1749914283559,-4.57606524238111,2.58806279148916,-1.76814305179515,0.0770369917424163,0.624086397138532
"LPCHMCBP_02826",9.68871025445304,-6.9074706617168,3.91163267785497,-1.76587916877325,0.0774161227219662,0.624086397138532
"LPCHMCBP_03091",1194.82965645853,0.888431114734083,0.504360553168543,1.76150000064972,0.0781538128955111,0.626533066712347
"LPCHMCBP_01408",242.220091171645,1.49132019980456,0.85036686967101,1.75373741968748,0.0794755105402349,0.631964372541908
"LPCHMCBP_02571",9.34268488822258,-6.85501147573162,3.91181282884757,-1.75238739061836,0.0797072181584389,0.631964372541908
"LPCHMCBP_00538",8.9175415452439,-6.78721401454277,3.91205555771234,-1.73494826809457,0.0827499685961184,0.635571493248117
"LPCHMCBP_00571",791.925301280983,-0.93201235941021,0.540327750549763,-1.72490189234575,0.0845451544978746,0.635571493248117
"LPCHMCBP_00778",2339.75445271218,0.49696391301185,0.28786592810712,1.72637281626091,0.0842803630088422,0.635571493248117
"LPCHMCBP_00944",8.82364683887688,-6.77256216159446,3.91210952812753,-1.73117907688951,0.0834198299187649,0.635571493248117
"LPCHMCBP_00965",385.645864018747,-1.50201206237931,0.865568851165294,-1.73528894940846,0.0826896380924608,0.635571493248117
"LPCHMCBP_00972",771.483550687314,1.1609280162743,0.674039390591985,1.7223444690001,0.085007136657579,0.635571493248117
"LPCHMCBP_01277",4397.78352468478,-0.615573783487917,0.353266784399917,-1.74251814965727,0.0814178184156567,0.635571493248117
"LPCHMCBP_01588",8.99665952199211,-6.80057201913239,3.91200682794856,-1.73838449630176,0.0821430866558239,0.635571493248117
"LPCHMCBP_01677",523.260766228393,1.39284638762277,0.803351915237497,1.73379357315779,0.0829547163961112,0.635571493248117
"LPCHMCBP_03002",640.051326067598,-1.39464572991375,0.809169061276035,-1.72355295902495,0.0847885768758862,0.635571493248117
"LPCHMCBP_03123",1002.67644948599,-1.05960839587218,0.61395707934918,-1.72586721696475,0.0843713037377211,0.635571493248117
"LPCHMCBP_00809",494.208247944418,-2.51160347034057,1.46740148439185,-1.71159937962137,0.0869705227332088,0.643581868225745
"LPCHMCBP_01517",78.685856270864,-2.63550373654117,1.53829193743167,-1.7132663003756,0.0866635591561654,0.643581868225745
"LPCHMCBP_00504",9.80137577773212,6.64824400187528,3.91073673937816,1.699997837986,0.0891313321886779,0.646812693128625
"LPCHMCBP_00619",276.569826001183,-1.7583800047714,1.03525898113175,-1.69849287648693,0.089414776034337,0.646812693128625
"LPCHMCBP_01599",9.66720415349724,6.62835633235335,3.9107919201462,1.6948885207131,0.0900965705605361,0.646812693128625
"LPCHMCBP_02792",275.814065862492,1.71360933515323,1.00945112331533,1.69756543489223,0.089589811222669,0.646812693128625
"LPCHMCBP_03024",721.356039292794,-1.28210949279143,0.752901501944517,-1.70289140011028,0.0885883937159358,0.646812693128625
"LPCHMCBP_03096",9.6714872083971,6.62908428578909,3.910789886924,1.69507554163262,0.0900610913435948,0.646812693128625
"LPCHMCBP_00507",9.38287461957085,6.58529402387467,3.91091403788693,1.68382479391767,0.0922155340432924,0.649107393290102
"LPCHMCBP_00577",9.39315253151694,6.58696344681655,3.91090923551966,1.68425372468183,0.0921326444049072,0.649107393290102
"LPCHMCBP_01107",9.39115424583487,6.58665798416982,3.91091011381788,1.68417524117931,0.0921478066411589,0.649107393290102
"LPCHMCBP_01665",9.38287461957085,6.58529402387467,3.91091403788693,1.68382479391767,0.0922155340432924,0.649107393290102
"LPCHMCBP_02219",2276.53792814,-0.84360238949281,0.5019982203319,-1.6804888051895,0.0928622506137675,0.650486541920711
"LPCHMCBP_00462",9.09854508564446,6.54090667501018,3.91104378268532,1.67241970135123,0.0944415898505754,0.652764111631644
"LPCHMCBP_01059",673.519932780354,1.2454341258949,0.744214223681424,1.67348874324665,0.0942311207357298,0.652764111631644
"LPCHMCBP_01468",256.317837932831,2.62939141855892,1.57269871763497,1.67189773163483,0.0945444901808827,0.652764111631644
"LPCHMCBP_01838",8.97065480199151,6.52058322268016,3.9111045323522,1.66719737832181,0.0954751638798943,0.656050768946131
"LPCHMCBP_00157",766.135233450873,1.24446204663824,0.751419530183538,1.65614812584693,0.0976918253350898,0.665940375402686
"LPCHMCBP_01848",8.69032183942928,6.47478990765633,3.91124458888946,1.65542955969797,0.097837394030055,0.665940375402686
"LPCHMCBP_00074",2369.89347470524,0.528889554662008,0.320372401591103,1.65085866334092,0.0987674381568948,0.669114616246005
"LPCHMCBP_00511",7172.46162148948,-0.333202851334714,0.20305229013446,-1.64097066383279,0.100803504983667,0.67342341523811
"LPCHMCBP_02650",2484.4828291769,0.67197698661794,0.409360876560281,1.64152713435718,0.10068803923957,0.67342341523811
"LPCHMCBP_03086",8.40998887686704,6.42749520933792,3.91139397485393,1.6432748147233,0.100326086711468,0.67342341523811
"LPCHMCBP_02610",91.233116630556,-3.87222089548858,2.36766210485916,-1.63546178635102,0.101952279176901,0.677959165217826
"LPCHMCBP_02037",8.08740543144548,6.37099048721537,3.91157898472439,1.62875158908859,0.10336561677423,0.684204518372541
"LPCHMCBP_00134",7.9612269499389,6.34829329473005,3.91165536220837,1.62291733470764,0.104607077390762,0.689260331848718
"LPCHMCBP_02438",7.83191707985644,6.3246577857607,3.91173618306354,1.6168415991713,0.105912477328312,0.694689567203428
"LPCHMCBP_00648",7.67689741601251,6.29583521039913,3.91183654733511,1.60943207473433,0.107521896488448,0.698892327174913
"LPCHMCBP_02251",380.32732779919,1.28189761633173,0.795676124309271,1.61107965561308,0.107162361963403,0.698892327174913
"LPCHMCBP_02622",1981.36822092093,0.804619523989812,0.501355211151015,1.60488912071455,0.108518208187772,0.702205266434776
"LPCHMCBP_00445",7.39256788208612,6.24139742216204,3.91203165782842,1.59543632773837,0.110614697807167,0.706269951043106
"LPCHMCBP_01033",490.124030338384,1.35565289985351,0.849162431516501,1.59645887469665,0.110386380547004,0.706269951043106
"LPCHMCBP_01936",1916.8284390739,0.972072800222195,0.608215707559768,1.59823692176952,0.109990259599093,0.706269951043106
"LPCHMCBP_02653",7.29065531230018,6.22148969109195,3.91210486515958,1.59031772039121,0.111763206277425,0.710459500697461
"LPCHMCBP_02058",3554.75548717942,0.465996548971499,0.293441082984596,1.58804126617799,0.112277008077224,0.710595274804537
"LPCHMCBP_02674",6.96607358119654,6.15568400108825,3.91235416006932,1.57339641280819,0.115627057111762,0.722523270919677
"LPCHMCBP_02709",1808.45780842777,0.674949012002886,0.429019116616842,1.57323761543634,0.115663808442443,0.722523270919677
"LPCHMCBP_03176",2896.16114285988,-0.650825684768493,0.413359729276328,-1.57447772163945,0.115377048030883,0.722523270919677
"LPCHMCBP_02157",210.567165668404,-1.49326106116503,0.953404650135798,-1.56624058939962,0.117292303671415,0.729537906025225
"LPCHMCBP_01467",3607.39721834958,0.361654712901056,0.231800339540061,1.56019923706174,0.118712805881428,0.732062302935473
"LPCHMCBP_01816",531.286478056774,-2.29145718545386,1.4683839070045,-1.5605300320462,0.11863467865869,0.732062302935473
"LPCHMCBP_00572",638.179989530016,-1.00916711321677,0.650989437018902,-1.55020505069649,0.12109230796638,0.743448850610453
"LPCHMCBP_01922",1152.15281334058,0.872979237739055,0.56389074407953,1.54813542677326,0.121589694209333,0.743448850610453
"LPCHMCBP_00610",2230.35403572782,0.465196172539196,0.30224947433606,1.5391132558992,0.123776649421024,0.753627447740666
"LPCHMCBP_01990",462.758321724392,-1.06832098337483,0.702354552580851,-1.52105653682917,0.128245650158361,0.77755660999376
"LPCHMCBP_00824",75.0549688156244,-3.90238484406113,2.57348415803026,-1.51638191821939,0.129422808524059,0.780609937997324
"LPCHMCBP_00934",293.761869468274,-2.26299231182564,1.49395310552567,-1.51476796925923,0.12983117471889,0.780609937997324
"LPCHMCBP_00595",1097.25926238471,0.896186606995871,0.593419621436875,1.51020723720913,0.130990552581931,0.782731057744074
"LPCHMCBP_01011",354.526230211513,2.34614699555494,1.55835249591072,1.50553036088528,0.132187777230738,0.782731057744074
"LPCHMCBP_01163",5101.25284379831,0.619592268082571,0.411941726493098,1.50407746590088,0.132561421702721,0.782731057744074
"LPCHMCBP_01276",198.014075131143,3.24763338424442,2.16108561281305,1.50277867984,0.132896125535203,0.782731057744074
"LPCHMCBP_02686",99.7301377274988,4.52403629294631,3.00229358057876,1.50686006265723,0.131846530182267,0.782731057744074
"LPCHMCBP_02962",553.449666904424,-1.06731615221564,0.712301169726268,-1.49840572720919,0.134027869307142,0.78618786752116
"LPCHMCBP_01669",1991.39410459821,0.659176643557004,0.44251284532005,1.48962148902197,0.136323788489269,0.796417922226784
"LPCHMCBP_02939",1195.36215764049,0.928314855092861,0.624755702239961,1.48588456538218,0.137309656827156,0.798942882264461
"LPCHMCBP_02051",1542.9556852966,0.707313811360785,0.47819891598973,1.47912048252317,0.139108116830518,0.806156677053967
"LPCHMCBP_00892",4348.24965016393,-0.403734408851933,0.273754977047178,-1.47480207741522,0.140265762561089,0.806388427791441
"LPCHMCBP_03028",240.842704493463,1.38607600837957,0.939603191244081,1.47517166958995,0.14016639599669,0.806388427791441
"LPCHMCBP_00673",187.216644830242,3.17270934965708,2.17457656773892,1.45900098286997,0.144564837170798,0.807460516147674
"LPCHMCBP_00781",47.8469054223288,-4.32310233360984,2.9524960093398,-1.46421953490685,0.143133974343365,0.807460516147674
"LPCHMCBP_01358",1173.31067571248,1.02726830477083,0.70483861717212,1.45745179072669,0.144991709741139,0.807460516147674
"LPCHMCBP_01504",655.494377127303,1.28570696478158,0.884478095911694,1.45363347122385,0.14604795198513,0.807460516147674
"LPCHMCBP_01874",92.7593379677794,3.51896395585612,2.41577917555161,1.4566579559378,0.145210820990776,0.807460516147674
"LPCHMCBP_02042",2728.50692500862,-0.652036235050371,0.443215019531595,-1.47115103576468,0.141250275576627,0.807460516147674
"LPCHMCBP_02206",1141.60453199363,-0.679232963779308,0.462168066687,-1.46966658395141,0.141652077224572,0.807460516147674
"LPCHMCBP_02410",571.749485476635,-2.13892033108902,1.47074888041233,-1.45430695856751,0.145861222086703,0.807460516147674
"LPCHMCBP_02721",1593.67257611068,0.79393721904133,0.545981750888594,1.45414607310443,0.145905812280785,0.807460516147674
"LPCHMCBP_02964",739.974182160839,1.14625632255237,0.783700004840521,1.46262130339737,0.143571030677395,0.807460516147674
"LPCHMCBP_00086",614.682754907802,0.830828445258671,0.573032066281248,1.4498812442564,0.14709163843183,0.807591911587171
"LPCHMCBP_00971",1333.75742275313,-0.808017566243604,0.557471665868204,-1.44943252853076,0.147216830070412,0.807591911587171
"LPCHMCBP_01111",4715.44504632048,0.438994852889403,0.303273297637802,1.44752227218399,0.147750703159399,0.807591911587171
"LPCHMCBP_01574",121.749303828948,3.32081107926507,2.30451652462898,1.44100120080489,0.149584343547604,0.814529085808275
"LPCHMCBP_02316",6622.58915297165,-0.404309376511951,0.281103968001388,-1.43829124642579,0.150351434541489,0.815628270839731
"LPCHMCBP_00564",892.236596951144,0.82690647374463,0.576782492915124,1.43365390576498,0.151671052207657,0.81970534957172
"LPCHMCBP_01103",1325.89212088434,-0.61408740471968,0.430250314539345,-1.42727938590159,0.15349938000831,0.824420180853747
"LPCHMCBP_01217",3801.83382080313,-0.704115998480874,0.49355135819424,-1.42663167022177,0.153686090540303,0.824420180853747
"LPCHMCBP_01055",976.491182312942,-1.0299695727273,0.72391460875585,-1.42277771476037,0.154800603573207,0.827323225763473
"LPCHMCBP_00806",284.914154434439,-3.01943207200226,2.13540121504713,-1.41398817736255,0.157365373803019,0.83780351490198
"LPCHMCBP_00970",2509.37113133898,0.431731734022162,0.305739020721087,1.41209235577428,0.157922769267733,0.83780351490198
"LPCHMCBP_02083",292.241399471401,-2.30837836371308,1.63711087560753,-1.41003178105236,0.158530298902986,0.837945865630068
"LPCHMCBP_01675",4336.33896252769,0.473226604754722,0.337642333290984,1.4015618247339,0.161046133488106,0.848137119063276
"LPCHMCBP_02168",2571.47236192713,-0.67409445537698,0.482531424647041,-1.39699596947507,0.162414783158013,0.852234662170956
"LPCHMCBP_02239",125.65014594609,3.1769435560869,2.28033845457516,1.39318948453149,0.163562498763143,0.855147412011652
"LPCHMCBP_03124",100.497533755962,-2.03495130008851,1.46621854057303,-1.3878908524054,0.165170283766214,0.860435810377788
"LPCHMCBP_01214",1326.30495719039,-0.599590543780479,0.432703618449668,-1.38568414548681,0.16584337147901,0.860834478576299
"LPCHMCBP_02824",991.075524549494,-0.812102110363311,0.588241006990618,-1.38056017977724,0.167414234054574,0.865873619142476
"LPCHMCBP_00304",2770.64801002022,0.630662956718588,0.461507593566686,1.36652780043035,0.171773361215285,0.874285642247693
"LPCHMCBP_01003",523.423799406767,-0.984826224402805,0.718611982788554,-1.37045616826652,0.170544548926884,0.874285642247693
"LPCHMCBP_01285",2626.33291001985,0.626642131497339,0.458682760293377,1.36617764115777,0.171883213532007,0.874285642247693
"LPCHMCBP_01301",485.227567608493,-2.17886902396286,1.59556028599138,-1.36558238701025,0.172070077892131,0.874285642247693
"LPCHMCBP_02877",1994.91355937151,-0.664022616497741,0.485795077448979,-1.36687802598716,0.171663540670752,0.874285642247693
"LPCHMCBP_02557",762.734909577241,-0.714219846896406,0.524071869942086,-1.36282805443332,0.17293670727168,0.875605854712401
"LPCHMCBP_00939",137.166594212723,-3.20012245271443,2.36090379034644,-1.35546499853128,0.175269452938818,0.881232824357892
"LPCHMCBP_02031",294.290177325673,-2.88356611211162,2.12549648315524,-1.35665532028124,0.174890755320195,0.881232824357892
"LPCHMCBP_00212",296.810269094698,-1.18748714372542,0.877826631256857,-1.35275816595493,0.176132901436871,0.882499224907658
"LPCHMCBP_02842",1052.04656957648,-0.687303726968776,0.511224400424924,-1.34442668698422,0.178810448865007,0.892814801772336
"LPCHMCBP_01056",63.9845974652496,-3.43809651401544,2.57020838348215,-1.33767228218183,0.181003290297006,0.898722302209144
"LPCHMCBP_02241",666.815927798537,1.24430756700698,0.932035057972107,1.33504373721124,0.181862032047866,0.898722302209144
"LPCHMCBP_02380",3701.65117671348,0.370145484547123,0.276884045107927,1.33682489506697,0.181279800966978,0.898722302209144
"LPCHMCBP_02601",3042.35401061292,0.437648387552717,0.328928109444653,1.33052899702498,0.183344038969196,0.902953748233959
"LPCHMCBP_00232",817.656407410527,0.898449429999277,0.688981944868986,1.30402463619003,0.192225182629999,0.903167039338943
"LPCHMCBP_00561",1217.98865098856,0.714144677236549,0.545560827204113,1.30901018113121,0.190530902033989,0.903167039338943
"LPCHMCBP_00882",721.985783069275,0.997878421765003,0.772990781082664,1.29093185350459,0.196727308808313,0.903167039338943
"LPCHMCBP_00956",2423.81080707184,-0.581494044852689,0.450581342229,-1.29054177426893,0.196862617365211,0.903167039338943
"LPCHMCBP_00992",2511.55650150762,-0.412392939179311,0.317568234884913,-1.29859631373006,0.194082503709276,0.903167039338943
"LPCHMCBP_01132",1422.85911900348,-0.585989834144344,0.452213006647383,-1.29582702295265,0.195035085848462,0.903167039338943
"LPCHMCBP_01265",445.319610855462,1.09542927534505,0.840802130055331,1.302838368491,0.192629948628097,0.903167039338943
"LPCHMCBP_01290",1180.46481152931,0.65150452770288,0.506265989515116,1.28688187868766,0.198135462358914,0.903167039338943
"LPCHMCBP_01519",1239.99540726507,0.850864515183249,0.644323871414143,1.32055407681202,0.186650093741935,0.903167039338943
"LPCHMCBP_01631",1166.81553036237,0.702585869517257,0.532276842010523,1.31996324856712,0.186847288635544,0.903167039338943
"LPCHMCBP_01690",162.214435302552,1.96792662242377,1.51564826544976,1.29840588168377,0.194147899082922,0.903167039338943
"LPCHMCBP_01787",509.786950891126,0.856675549786548,0.650041361805612,1.31787852300194,0.187544316321767,0.903167039338943
"LPCHMCBP_01832",653.594338326693,-0.77756878651292,0.5935525660975,-1.31002514507737,0.1901873293138,0.903167039338943
"LPCHMCBP_01854",50.3534952727113,-4.56721168862353,3.50033123214065,-1.30479414253331,0.191962954215829,0.903167039338943
"LPCHMCBP_01973",166.083702195765,-2.21449441272271,1.71543648494534,-1.29092183368904,0.196730783574794,0.903167039338943
"LPCHMCBP_02153",8368.18136500667,0.281998494940003,0.215877659432014,1.30628845838869,0.191454480548804,0.903167039338943
"LPCHMCBP_02378",1038.05027073124,0.685704055901126,0.516957651003459,1.32642210550538,0.184699920692213,0.903167039338943
"LPCHMCBP_02386",2915.92348943749,-0.575027396926739,0.441130061851856,-1.30353255571109,0.192393009282943,0.903167039338943
"LPCHMCBP_02559",2830.42037375017,0.589298834823019,0.452602083474147,1.30202413188113,0.1929081363335,0.903167039338943
"LPCHMCBP_02565",1748.75571976801,-3.9023975975385,3.03429239286584,-1.28609807239201,0.198408836777855,0.903167039338943
"LPCHMCBP_02615",7089.94079336466,0.389918746856513,0.296536403233352,1.31491021879589,0.18854007799085,0.903167039338943
"LPCHMCBP_02662",539.660464432292,0.861938728753446,0.66956303493558,1.28731528441736,0.197984418298884,0.903167039338943
"LPCHMCBP_03045",404.278908323012,-2.03696746258702,1.56531903538788,-1.30131137265718,0.193151896023388,0.903167039338943
"LPCHMCBP_03088",5259.78139713223,0.443404176441226,0.336766017461524,1.31665356197018,0.187954776161539,0.903167039338943
"LPCHMCBP_00845",4412.33543549879,-0.499194752374465,0.389227999867038,-1.28252528735084,0.199658440104769,0.903581581514359
"LPCHMCBP_01680",25.8017035933088,4.85133333873145,3.78343091593497,1.28225767736334,0.199752269232904,0.903581581514359
"LPCHMCBP_00692",1053.33078085018,-0.608603076660506,0.481420487208936,-1.26418192168954,0.206164738054853,0.912563549120103
"LPCHMCBP_01157",2030.85370988711,-0.597639771049708,0.470808531986471,-1.26939027321383,0.204301903611307,0.912563549120103
"LPCHMCBP_01304",1859.54462332753,0.638760267813445,0.505018701839352,1.26482497675232,0.20593407580335,0.912563549120103
"LPCHMCBP_01714",82.1363839582892,2.72318444643401,2.14633803232204,1.26875841802417,0.204527239932669,0.912563549120103
"LPCHMCBP_01966",1567.89387018434,0.460463626656423,0.362365240614796,1.27071687636262,0.203829389514235,0.912563549120103
"LPCHMCBP_02798",252.470983088096,-2.78487130730302,2.1916878140176,-1.27065145386653,0.203852673264411,0.912563549120103
"LPCHMCBP_02995",385.812166345399,-2.01938738855132,1.59399134911105,-1.26687474789465,0.205200079315356,0.912563549120103
"LPCHMCBP_00981",1237.01018266492,0.503003734388783,0.39927440332192,1.25979459290114,0.207743470866516,0.916195530833213
"LPCHMCBP_01456",106.093194777617,-3.09844759072299,2.46297242886353,-1.25801148011741,0.208387604472994,0.916195530833213
"LPCHMCBP_02414",178.909125861559,-2.15527880432035,1.71513503834718,-1.25662338890664,0.208890041333421,0.916195530833213
"LPCHMCBP_01243",838.748511802966,0.818154453904977,0.652839471472226,1.2532245516037,0.210123997300661,0.918814933651071
"LPCHMCBP_00171",879.358808060113,0.757148693774336,0.605254987660023,1.25095820639422,0.210949725886762,0.919638835210265
"LPCHMCBP_00172",400.847113446066,1.94714973596671,1.5602147705565,1.24800109107555,0.21203065762973,0.921566984818376
"LPCHMCBP_02312",536.102596309053,0.970037548139527,0.778604492425641,1.2458668779543,0.212813271840517,0.92219084464224
"LPCHMCBP_01589",848.51887731199,-0.6918438331067,0.558109094775173,-1.23962114142827,0.21511555721472,0.92660223600251
"LPCHMCBP_02627",722.31146320607,-0.891342236649458,0.719035751163177,-1.2396354912917,0.215110247118845,0.92660223600251
"LPCHMCBP_02181",217.664915198966,2.08057971859091,1.68228548308598,1.23675781519216,0.216177007541799,0.928403041317907
"LPCHMCBP_01284",477.777444225117,-0.955828124690495,0.775678810952394,-1.23224730544967,0.21785671723681,0.932840483598567
"LPCHMCBP_00517",2497.01639703311,-0.441562394643696,0.360595512567473,-1.22453657700766,0.220749876832985,0.934140974398817
"LPCHMCBP_02545",58.1135664032879,-2.3129458849418,1.88380517421037,-1.22780525109838,0.219520083981096,0.934140974398817
"LPCHMCBP_02740",210.028186890841,3.44632111762198,2.80967477450381,1.22659076021729,0.219976443741155,0.934140974398817
"LPCHMCBP_03080",42.1754401754604,3.48313407602627,2.84103054321569,1.22601078131451,0.220194617890173,0.934140974398817
"LPCHMCBP_01674",303.023833588502,2.1671348088951,1.77395587810676,1.22163963356741,0.221843933782818,0.93500209353173
"LPCHMCBP_01713",332.750697287566,2.58848837964221,2.12072285704564,1.22056890698496,0.222249284879684,0.93500209353173
"LPCHMCBP_02987",1070.25087320301,-0.619249241622428,0.509073072722685,-1.21642505723292,0.223823043515887,0.937334924650116
"LPCHMCBP_03145",923.399766018196,-0.671305478385698,0.55220109352622,-1.21569023722664,0.224102944562917,0.937334924650116
"LPCHMCBP_02321",2512.08154819213,0.520260632856457,0.430205911777147,1.20932934349345,0.226536341835931,0.93934465881968
"LPCHMCBP_02757",1177.19415536411,0.471474484255426,0.389528783481894,1.21037136213925,0.226136425707328,0.93934465881968
"LPCHMCBP_02845",1307.3152479976,-0.531077380996706,0.438887180320837,-1.21005443952242,0.226258004025578,0.93934465881968
"LPCHMCBP_01642",9473.56798190395,0.272900221738597,0.226064876323356,1.20717656885473,0.227364152077978,0.9400758494227
"LPCHMCBP_01576",262.718545678735,-0.948886952260785,0.789294026229581,-1.20219705297096,0.229287190855663,0.945318332584918
"LPCHMCBP_01023",98.8825058276697,-2.96390732272084,2.4693048266949,-1.20030029937128,0.23002273355617,0.945649015730922
"LPCHMCBP_00759",1907.65717464858,-0.654367076385618,0.546777106777224,-1.19677116740045,0.23139575927967,0.94590391116307
"LPCHMCBP_02790",559.043967590063,-0.743218021071215,0.620999577649782,-1.19680922148768,0.231380923174348,0.94590391116307
"LPCHMCBP_00281",771.555715655993,-0.8569777684388,0.717458969054874,-1.1944624088646,0.232297136843324,0.946906125607108
"LPCHMCBP_00224",835.607180796833,0.716779845997617,0.607616428714656,1.17965843602005,0.23813609124514,0.951223778956697
"LPCHMCBP_00314",133.465927406954,-2.84716731607154,2.44093657702691,-1.16642412706168,0.243443008375023,0.951223778956697
"LPCHMCBP_00439",67.4963524273475,-3.10864238780447,2.6252387370581,-1.18413702491991,0.236358825872442,0.951223778956697
"LPCHMCBP_00579",622.407116617658,-0.888601930916139,0.761271467787113,-1.16726025933844,0.24310528230191,0.951223778956697
"LPCHMCBP_00966",4247.38775938003,0.489601859225927,0.412495851769125,1.18692553422321,0.235256994450416,0.951223778956697
"LPCHMCBP_01061",840.872629010068,-0.907442804187106,0.764912885902606,-1.18633483748455,0.235490094045152,0.951223778956697
"LPCHMCBP_01274",4360.15799321784,0.459659036026889,0.386482969936522,1.18933839724525,0.234306531425442,0.951223778956697
"LPCHMCBP_01357",8.81798770978949,4.51334008242491,3.86115618890321,1.16890896446926,0.242440311356927,0.951223778956697
"LPCHMCBP_01450",2245.9705911557,-0.505582430327145,0.432551232548491,-1.16883826072664,0.242468801962227,0.951223778956697
"LPCHMCBP_02040",105.636032445581,2.8306982303546,2.42918902721912,1.16528528600967,0.24390353306582,0.951223778956697
"LPCHMCBP_02137",547.159874372738,1.05745954871502,0.906927629767581,1.16598007824066,0.243622500169172,0.951223778956697
"LPCHMCBP_02409",310.528477047629,-2.52130311033213,2.13955630520009,-1.17842335076867,0.238627873100197,0.951223778956697
"LPCHMCBP_02720",1420.51672765909,0.592502400636899,0.508252171219842,1.16576462273609,0.243709624299935,0.951223778956697
"LPCHMCBP_02976",7681.60289893615,0.26878908015177,0.229069670808551,1.17339444895966,0.240637662242706,0.951223778956697
"LPCHMCBP_03081",638.164944088542,-0.806394660478853,0.682941706912349,-1.18076645827452,0.237695512184044,0.951223778956697
"LPCHMCBP_03083",424.178220432552,-1.07208937006311,0.912030094491701,-1.17549780049814,0.239795616625866,0.951223778956697
"LPCHMCBP_00519",890.518145177958,-0.651148002772632,0.561803646235474,-1.15903128635037,0.24644343248686,0.955962024404675
"LPCHMCBP_03164",1139.40043377924,-0.667465975629939,0.575545138929399,-1.15971090794291,0.246166527581516,0.955962024404675
"LPCHMCBP_00955",153.360741953724,2.00835959158595,1.75738255260509,1.14281297979704,0.253116248523233,0.956143315756609
"LPCHMCBP_00961",6545.56550713373,-0.282771319947257,0.245138742438314,-1.15351542206109,0.248698891253005,0.956143315756609
"LPCHMCBP_01137",569.042069699613,-0.907575814858287,0.792093047516251,-1.14579444637742,0.251880213631007,0.956143315756609
"LPCHMCBP_01857",80.4944864345986,3.14362286014246,2.72124823934651,1.15521355776692,0.248002984076613,0.956143315756609
"LPCHMCBP_02272",2296.96861096717,0.570530201002819,0.49609036304057,1.15005298128753,0.250122050401743,0.956143315756609
"LPCHMCBP_02276",1372.90554116568,-0.549397519189049,0.480407888780163,-1.14360636455006,0.252786920999396,0.956143315756609
"LPCHMCBP_02280",3794.73372459004,0.4475085057667,0.386831031224727,1.15685782588296,0.247330451820506,0.956143315756609
"LPCHMCBP_02510",304.27393455151,2.4630026481765,2.14544532896405,1.14801464056219,0.250962519964904,0.956143315756609
"LPCHMCBP_02948",675.093777132155,0.819283415023841,0.716564121453033,1.14334975823589,0.252893403501127,0.956143315756609
"LPCHMCBP_03172",373.223355043106,1.19488258124734,1.04433435960914,1.14415710854764,0.252558487297206,0.956143315756609
"LPCHMCBP_00261",720.559716666283,-0.725549237631047,0.636656768385579,-1.1396238501805,0.254443044601401,0.958645726788044
"LPCHMCBP_02562",537.399656666292,1.18448749217133,1.04247092992059,1.13623071701535,0.255860018116193,0.961473974327255
"LPCHMCBP_00683",6478.6399687709,0.381749148702377,0.336979273555483,1.13285646524941,0.257274534655351,0.964278320799147
"LPCHMCBP_00774",2066.14327079678,0.507078208543213,0.448534090386787,1.13052322980833,0.258255815733109,0.965448554670665
"LPCHMCBP_01549",593.865763206473,0.887627094164944,0.788797358302798,1.12529166689249,0.260465459744713,0.971192915792303
"LPCHMCBP_00843",649.77529753482,-0.933574199236512,0.832349295943422,-1.12161349061797,0.262026813127989,0.972796351555692
"LPCHMCBP_01925",455.768913499267,0.886782406751152,0.790990627336864,1.12110355812534,0.262243784307113,0.972796351555692
"LPCHMCBP_00278",7.31112730949723,4.33060973300428,3.87090343337588,1.1187594336931,0.263242782193098,0.973428807479077
"LPCHMCBP_02646",409.049087345788,1.70680776833591,1.52728992162658,1.11754012395901,0.263763453724407,0.973428807479077
"LPCHMCBP_00356",8958.13637531932,0.203671194125945,0.186155465977574,1.09409193577201,0.273914658898873,0.98469085588072
"LPCHMCBP_00556",914.943959438218,0.579014827780714,0.529132725169184,1.09427143746511,0.273835948403472,0.98469085588072
"LPCHMCBP_00908",2235.84295226896,-0.402472614240502,0.368303766768462,-1.0927735487797,0.274493238058585,0.98469085588072
"LPCHMCBP_01008",1533.59606579783,-0.538970311917788,0.488595668524158,-1.10310088000942,0.269983358736263,0.98469085588072
"LPCHMCBP_01578",333.080200074479,0.966997361333691,0.884755313993404,1.09295456725666,0.274413748010565,0.98469085588072
"LPCHMCBP_01858",1905.88090647063,-0.639476177867683,0.585809129381748,-1.09161183360624,0.275003752543264,0.98469085588072
"LPCHMCBP_02050",698.164034096552,1.00440417930141,0.919554803440357,1.09227223385012,0.274713460915786,0.98469085588072
"LPCHMCBP_02104",347.527955902096,1.06644786091459,0.974842185507787,1.09396974891796,0.27396824599896,0.98469085588072
"LPCHMCBP_02220",213.087080041183,-1.25655670518968,1.13725650652071,-1.10490175082309,0.26920216370626,0.98469085588072
"LPCHMCBP_02370",4072.76371886681,0.435599776276438,0.397721398327367,1.09523847122224,0.273412175437573,0.98469085588072
"LPCHMCBP_02633",522.688333429236,-0.906746163169133,0.823201761137948,-1.10148715172292,0.270684693348515,0.98469085588072
"LPCHMCBP_03026",441.527224092898,-1.71930086129055,1.56593214545231,-1.09794084391437,0.272230321389695,0.98469085588072
"LPCHMCBP_00611",1119.16366902263,0.6440581639754,0.592620989447456,1.08679607277478,0.277126943758656,0.987757230565478
"LPCHMCBP_01676",1159.80664224802,-0.635722894095946,0.585075880285323,-1.08656486366508,0.27722916034582,0.987757230565478
"LPCHMCBP_00670",252.391657835607,-1.87724243062069,1.73248701690307,-1.08355353448846,0.27856280235137,0.990064344317801
"LPCHMCBP_00293",2193.22705608036,-0.409166106748863,0.38041060551096,-1.07559069284958,0.282110351683711,0.991375298480603
"LPCHMCBP_00618",65.4802642440241,-2.81780711481884,2.61458524324452,-1.07772623673273,0.281155946223246,0.991375298480603
"LPCHMCBP_01412",655.045740234392,0.929970873152039,0.862782350746176,1.07787424296261,0.281089881406256,0.991375298480603
"LPCHMCBP_02630",1289.64533293522,0.589086791770271,0.547080933602591,1.07678179879358,0.281577758562356,0.991375298480603
"LPCHMCBP_02863",3247.91824398084,-0.493952070629013,0.459482699516283,-1.07501777792508,0.28236676900591,0.991375298480603
"LPCHMCBP_00305",143.33587588453,3.13300086706575,2.97717013051359,1.05234189842059,0.292642715230567,0.995566702940512
"LPCHMCBP_00458",5718.48911332022,-0.208801616006565,0.201223770161458,-1.03765880064282,0.299428932138727,0.995566702940512
"LPCHMCBP_00554",9632.52906675885,-0.286893787036476,0.27586547638517,-1.03997713231759,0.298350524976554,0.995566702940512
"LPCHMCBP_00593",11710.2431961066,0.227122736330306,0.21861098408913,1.03893561101992,0.298834683115263,0.995566702940512
"LPCHMCBP_00835",3422.26349415883,0.458238986745695,0.432844385443871,1.05866912487679,0.2897504937748,0.995566702940512
"LPCHMCBP_00846",4719.4441829437,-0.449817608626177,0.426065602952749,-1.05574729691583,0.291083682383478,0.995566702940512
"LPCHMCBP_00869",1651.7701040645,0.507928041704077,0.488826148495138,1.03907706915382,0.298768894594947,0.995566702940512
"LPCHMCBP_00997",3141.3670181095,-0.335952331419149,0.321077341695132,-1.04632836949965,0.295409451654003,0.995566702940512
"LPCHMCBP_01015",334.228027254928,-1.70254004633102,1.63564692527604,-1.0408970420335,0.297923334705164,0.995566702940512
"LPCHMCBP_01146",189.663079443464,1.83684393936864,1.76430402710571,1.04111531297807,0.297822033442802,0.995566702940512
"LPCHMCBP_01208",112.24138635784,-1.2205230182988,1.17271998905659,-1.04076252616847,0.297985776040128,0.995566702940512
"LPCHMCBP_01463",1248.8963333849,0.613897956542722,0.573798072203035,1.06988501056779,0.28467107092442,0.995566702940512
"LPCHMCBP_01630",1997.11764253845,-0.379506024139107,0.357106210829591,-1.06272591355238,0.287906265679304,0.995566702940512
"LPCHMCBP_01668",228.456578064032,-1.76058960871942,1.66803158459673,-1.05548937141084,0.291201567954497,0.995566702940512
"LPCHMCBP_01790",16361.9849585244,0.245028814300588,0.235716207432169,1.03950770704258,0.298568675571279,0.995566702940512
"LPCHMCBP_01959",435.270302134127,-0.869202387462927,0.815575029845499,-1.06575404549547,0.286534839452258,0.995566702940512
"LPCHMCBP_02274",630.160313778243,1.57908983417829,1.4800354865478,1.06692700852838,0.286004797621918,0.995566702940512
"LPCHMCBP_02281",2176.54127617252,0.433711525068212,0.411080904916172,1.05505149930682,0.291401772119356,0.995566702940512
"LPCHMCBP_02373",283.650152619113,-1.69662160021462,1.62683902141485,-1.04289458138217,0.296997119512849,0.995566702940512
"LPCHMCBP_02375",987.614929102789,-0.5932890097461,0.565077368577413,-1.04992527171936,0.293752471493963,0.995566702940512
"LPCHMCBP_02397",246.073363875152,1.03142003948486,0.972863051534595,1.06019037094471,0.289058000848481,0.995566702940512
"LPCHMCBP_02795",164.210877721846,2.14502372963417,2.02743042972937,1.05800115169451,0.290054917341624,0.995566702940512
"LPCHMCBP_02812",1112.50416260264,0.663395495160423,0.625992192948389,1.05975042921201,0.28925815389696,0.995566702940512
"LPCHMCBP_00666",229.772989537484,1.02454848406165,0.994134576471912,1.03059335054785,0.302731555608402,0.996357007920212
"LPCHMCBP_00872",450.476192664185,0.972281965456828,0.942958904893926,1.03109685948212,0.302495400391141,0.996357007920212
"LPCHMCBP_01148",189.130107140021,2.94021563203142,2.85522187844237,1.02976782793337,0.303119006567549,0.996357007920212
"LPCHMCBP_01729",123.107665311315,1.88333356893612,1.82163541447495,1.03386965029935,0.301197105007179,0.996357007920212
"LPCHMCBP_02516",146.861521173489,2.56385866483753,2.47983012202072,1.03388479802332,0.301190022642275,0.996357007920212
"LPCHMCBP_02675",586.512606739945,-0.671614008468564,0.653231695628689,-1.02814057089221,0.303883708678901,0.996600435508304
"LPCHMCBP_00601",811.791967258098,0.495932140635515,0.483647163313648,1.02540070169687,0.305174157233761,0.998563058703668
"LPCHMCBP_00037",129.009406906062,0.356086533514603,2.50091728791295,0.14238237115461,0.886777986296434,0.998612025022071
"LPCHMCBP_00043",610.984581089184,0.141847717450119,0.556313484594754,0.254978031951621,0.798740066531866,0.998612025022071
"LPCHMCBP_00050",150.349941214065,-0.379482483073955,1.82187091113948,-0.208292739487568,0.835000400377058,0.998612025022071
"LPCHMCBP_00052",49.102013520748,-1.09730697397103,2.91151634177864,-0.376885047226178,0.706259034047801,0.998612025022071
"LPCHMCBP_00077",260.311756834918,0.751822919175753,1.81711925900603,0.413744400896946,0.679061306120849,0.998612025022071
"LPCHMCBP_00078",440.397807080153,-0.537642447332061,1.02344342992607,-0.525326981063231,0.59935590415996,0.998612025022071
"LPCHMCBP_00082",192.06921458031,0.352694068205082,1.14969427073333,0.306772049912119,0.75901688405744,0.998612025022071
"LPCHMCBP_00085",146.657242062077,-0.296303005440788,2.45627493150075,-0.12063104241338,0.903983280093033,0.998612025022071
"LPCHMCBP_00089",147.483514903941,-1.33229888711344,2.45206492850882,-0.543337524069422,0.586897432807914,0.998612025022071
"LPCHMCBP_00091",238.059183676538,-0.630831927961489,1.73106270540709,-0.364418877485513,0.715545241017537,0.998612025022071
"LPCHMCBP_00092",312.716062446581,-1.0920111860037,1.67707935900521,-0.651138647756922,0.51495699037848,0.998612025022071
"LPCHMCBP_00093",125.381696784241,0.596002177378628,2.55190842753964,0.233551553396941,0.815333142338361,0.998612025022071
"LPCHMCBP_00098",1195.88391431234,0.0914692679716286,0.55549281858193,0.164663277205154,0.869209022897596,0.998612025022071
"LPCHMCBP_00135",107.715273917404,-1.75189171637077,2.56584915072171,-0.682772685946094,0.494750491753372,0.998612025022071
"LPCHMCBP_00138",484.934240254996,0.669497880892547,1.02632082963745,0.652328065025289,0.514189558893379,0.998612025022071
"LPCHMCBP_00139",231.357519074982,0.511402134010949,1.83206813665146,0.279139254583434,0.780137959106746,0.998612025022071
"LPCHMCBP_00156",108.506108499719,-1.20561792123555,2.55114724403807,-0.472578728669241,0.636513761260322,0.998612025022071
"LPCHMCBP_00158",1574.04442534773,0.0382284633710795,0.389604351923305,0.0981212432108688,0.921836019277616,0.998612025022071
"LPCHMCBP_00159",735.957704791863,0.639254048654611,0.657259773248257,0.972604858342906,0.330749727100935,0.998612025022071
"LPCHMCBP_00162",147.524978371631,0.333534289152551,2.46481429056283,0.135318222727599,0.892360277938007,0.998612025022071
"LPCHMCBP_00163",29.4431655255635,-1.46712429375602,3.21257553909445,-0.456681648696599,0.647899883055833,0.998612025022071
"LPCHMCBP_00164",55.345303332566,1.11568484157121,3.56524352597858,0.312933698200876,0.754331034960374,0.998612025022071
"LPCHMCBP_00167",2932.20712959091,0.320433002380068,0.390914073029497,0.819701884602883,0.412386075397429,0.998612025022071
"LPCHMCBP_00175",1477.39357850562,0.462710772808687,0.636451240006917,0.727016845475325,0.467215636402283,0.998612025022071
"LPCHMCBP_00176",86.4887956416535,-0.420668827751307,2.04612858312002,-0.205592566968521,0.837109184196931,0.998612025022071
"LPCHMCBP_00178",1022.71293417978,0.641184144292328,0.713593999066162,0.89852793763878,0.368904157740363,0.998612025022071
"LPCHMCBP_00179",601.684730064023,0.217069485113503,1.5581849479667,0.139309191374721,0.889205827039156,0.998612025022071
"LPCHMCBP_00196",1175.12947222187,-0.494502368094764,0.675586041950782,-0.731960605146412,0.464192613234833,0.998612025022071
"LPCHMCBP_00200",77.5098096895404,-0.833160863032692,2.84000218847832,-0.29336627500245,0.769242200607556,0.998612025022071
"LPCHMCBP_00205",329.614251176576,-0.511221001670899,0.787668793038621,-0.64903041251481,0.516318718828094,0.998612025022071
"LPCHMCBP_00209",53.0785527968893,0.36680805158156,3.61651608871635,0.10142580389066,0.919212453549541,0.998612025022071
"LPCHMCBP_00213",4298.12375467698,0.232583873374846,0.352929173027078,0.659010054000272,0.509889312495311,0.998612025022071
"LPCHMCBP_00215",34.3870693163467,-0.038832722638787,3.73020674119311,-0.0104103405878159,0.991693900001749,0.998612025022071
"LPCHMCBP_00216",1388.95561349339,0.406134054449599,0.404627951046439,1.00372219318825,0.315512536727209,0.998612025022071
"LPCHMCBP_00217",555.868369174357,0.581585164670091,0.73440403059769,0.791914450955249,0.428410560235469,0.998612025022071
"LPCHMCBP_00218",202.443451276939,0.642481814060937,1.18029978952887,0.54433781973086,0.586209026100325,0.998612025022071
"LPCHMCBP_00225",191.924553526232,0.0860567440836704,2.19055005154719,0.0392854497996467,0.968662807039447,0.998612025022071
"LPCHMCBP_00233",233.784202841742,0.0198333405506241,1.77217281143197,0.0111915386708806,0.991070630484654,0.998612025022071
"LPCHMCBP_00236",6314.15815886836,0.133897215237753,0.392593428528915,0.341058218267889,0.733059754416127,0.998612025022071
"LPCHMCBP_00241",718.49763896416,-0.381556781593372,1.52383413106155,-0.250392594453549,0.80228375602475,0.998612025022071
"LPCHMCBP_00242",2889.09800905061,-0.220582814230919,0.544388432970781,-0.405193793386052,0.685335066869944,0.998612025022071
"LPCHMCBP_00243",85.3865490223107,1.36276902657259,2.36272727637479,0.576777963415029,0.56408945778241,0.998612025022071
"LPCHMCBP_00244",282.436554360336,-0.572711084437898,0.831485233400595,-0.688780824279505,0.490961204616864,0.998612025022071
"LPCHMCBP_00246",24.5600444388731,-0.0458319161511234,3.73230398273789,-0.0122797918827348,0.990202389883154,0.998612025022071
"LPCHMCBP_00247",1827.21840601757,0.124870359372581,0.373679379036071,0.334164437156504,0.738255478031452,0.998612025022071
"LPCHMCBP_00253",691.86499242411,-0.418776054355342,0.543917593711098,-0.769925553424505,0.441344054878658,0.998612025022071
"LPCHMCBP_00255",109.81757301074,1.83836207203025,3.1474544107595,0.584079015011575,0.559167152613114,0.998612025022071
"LPCHMCBP_00260",236.233010858421,0.0938458386274973,1.11050215767788,0.0845075698220469,0.932652884525002,0.998612025022071
"LPCHMCBP_00262",696.651028809084,1.0580349295889,1.08902843166546,0.971540226889064,0.331279331386264,0.998612025022071
"LPCHMCBP_00264",377.562180603975,0.212127034633442,0.895105888873336,0.236985408397263,0.81266811026905,0.998612025022071
"LPCHMCBP_00267",90.2028737168112,0.337272390280703,3.29212285358028,0.102448300164105,0.918400847333989,0.998612025022071
"LPCHMCBP_00268",443.347155802594,-0.383968495757318,1.32712253312645,-0.289324072324174,0.772333392616758,0.998612025022071
"LPCHMCBP_00269",63.524763617193,0.566464792349107,3.52150483709075,0.160858729024801,0.87220466838122,0.998612025022071
"LPCHMCBP_00271",256.335913743021,-0.356994028382313,1.08047341649889,-0.330405193622529,0.74109381774597,0.998612025022071
"LPCHMCBP_00273",1058.08781368629,-0.0756512449086985,0.607640599390082,-0.124499984011327,0.900919413039038,0.998612025022071
"LPCHMCBP_00276",26.9906334699287,-1.69321932084651,3.28671004196886,-0.515171493446441,0.606433187252444,0.998612025022071
"LPCHMCBP_00277",1201.72893299627,0.173380470427214,0.614225320845323,0.282275029281763,0.77773263110764,0.998612025022071
"LPCHMCBP_00280",833.229467863648,-0.598683735897759,0.63525080239197,-0.942436803926069,0.345969051859558,0.998612025022071
"LPCHMCBP_00284",51.0431187913544,-1.89674677207397,3.57695735866858,-0.530268208950632,0.59592598523693,0.998612025022071
"LPCHMCBP_00285",862.512514641446,-0.655989885809388,0.836679345223215,-0.784039775278997,0.433016771660169,0.998612025022071
"LPCHMCBP_00287",137.633464431451,1.52874972389513,2.48297964899312,0.615691604445914,0.538098079396092,0.998612025022071
"LPCHMCBP_00297",1379.49074345504,0.361978693829973,0.435315246031124,0.831532313949997,0.405672981287521,0.998612025022071
"LPCHMCBP_00298",196.034833028595,0.944249736141427,0.991574652223214,0.952272967067402,0.340958563912915,0.998612025022071
"LPCHMCBP_00300",476.263302914336,0.00905928205040381,0.803594112204676,0.0112734549853153,0.991005274845165,0.998612025022071
"LPCHMCBP_00301",1072.67723962894,0.549206237952506,0.85120768640975,0.645208269052369,0.518792228233194,0.998612025022071
"LPCHMCBP_00303",161.967414631333,0.742650275956508,1.91541554770384,0.387722798244372,0.698221182494107,0.998612025022071
"LPCHMCBP_00306",127.856308029969,-0.0608547659740171,2.5200291667183,-0.0241484371600607,0.980734207305589,0.998612025022071
"LPCHMCBP_00308",1068.70520276687,0.512539126939627,0.681151769245231,0.752459510613266,0.45177477021328,0.998612025022071
"LPCHMCBP_00312",1116.12994438803,-0.574356628931306,0.72000562742856,-0.797711305372116,0.425038041701896,0.998612025022071
"LPCHMCBP_00315",1498.04589945288,0.171427423825486,0.496052820244415,0.345583004126497,0.729656120615578,0.998612025022071
"LPCHMCBP_00316",733.716034764042,0.281725508724705,0.609519493889758,0.462209185348318,0.643931316890938,0.998612025022071
"LPCHMCBP_00317",883.982625018321,-0.110485942736981,0.722021735747057,-0.153023014774845,0.878380125867197,0.998612025022071
"LPCHMCBP_00318",1749.9326966331,0.166447372556401,0.454410225823516,0.366293193016844,0.7141463083758,0.998612025022071
"LPCHMCBP_00321",181.47462004435,-0.0199093003175417,1.59814676541727,-0.0124577421475702,0.990060416974816,0.998612025022071
"LPCHMCBP_00322",479.268456664482,-0.591389816081748,1.58533971180488,-0.373036650553881,0.709121166359968,0.998612025022071
"LPCHMCBP_00325",176.798933196695,1.90819326399645,1.89474314797652,1.00709864871884,0.313887370515129,0.998612025022071
"LPCHMCBP_00329",1245.59936406585,0.025322566417875,0.497004709123438,0.0509503551033473,0.959365080015876,0.998612025022071
"LPCHMCBP_00332",2729.33141621383,0.389920600076608,0.422460438196779,0.922975419286445,0.35602001512076,0.998612025022071
"LPCHMCBP_00333",634.931297264637,-0.00190964415559784,0.585102280879339,-0.00326377834782642,0.997395886269665,0.998612025022071
"LPCHMCBP_00335",2724.59138363333,0.315848182968685,0.509265989126093,0.620202781479055,0.535124290510051,0.998612025022071
"LPCHMCBP_00336",259.624380497882,-0.778848143928017,0.846483477035792,-0.920098460344885,0.357521308880469,0.998612025022071
"LPCHMCBP_00337",3802.88008357177,-0.0460418387983464,0.321385761598524,-0.143260356555129,0.886084563707147,0.998612025022071
"LPCHMCBP_00338",2301.82753301728,0.201730666999775,0.394610548524914,0.511214582970122,0.609200808394035,0.998612025022071
"LPCHMCBP_00340",849.139802619987,0.318597989849431,0.674881508857594,0.472079892052069,0.636869764479066,0.998612025022071
"LPCHMCBP_00342",51.7060612443936,-0.122679544002519,2.88289298254512,-0.042554317744467,0.966056811635252,0.998612025022071
"LPCHMCBP_00343",163.368075137727,0.19292409059488,2.64026862297231,0.0730698721017613,0.941750516130609,0.998612025022071
"LPCHMCBP_00344",1520.47797693084,-0.011190961724761,0.501607847503849,-0.0223101807127831,0.982200527870024,0.998612025022071
"LPCHMCBP_00345",851.23012736709,-0.479140615781851,0.656082089827975,-0.730305891915876,0.465203227571346,0.998612025022071
"LPCHMCBP_00347",794.701498793662,-0.0888896144100872,0.575941685906891,-0.154337872366574,0.877343337214352,0.998612025022071
"LPCHMCBP_00348",337.452848750681,-0.760554758625664,1.62130005303138,-0.469101791000153,0.638996878956998,0.998612025022071
"LPCHMCBP_00350",2445.36469652456,0.0415369247970661,0.407094717820257,0.102032581064846,0.918730814078904,0.998612025022071
"LPCHMCBP_00351",1329.55017939694,0.130030919055659,0.417033860847086,0.311799427489025,0.755192959170023,0.998612025022071
"LPCHMCBP_00354",60.239662972123,-0.785703739725728,1.54546652156412,-0.508392597809588,0.611178042884344,0.998612025022071
"LPCHMCBP_00355",2475.55127036463,-0.156625719924334,0.671312019270633,-0.233312849209082,0.815518481680457,0.998612025022071
"LPCHMCBP_00357",6950.94037849173,-0.136992336124873,0.276763588847629,-0.494979620315205,0.62061450628227,0.998612025022071
"LPCHMCBP_00359",235.709253048143,0.242091920632393,0.941879746730064,0.25703060446184,0.797155147586704,0.998612025022071
"LPCHMCBP_00361",2325.28174322643,-0.0346341930339303,0.443857775499749,-0.0780299342394868,0.937804241499163,0.998612025022071
"LPCHMCBP_00362",178.245398415376,0.878273490507385,2.9832283460802,0.294403709210321,0.768449432901551,0.998612025022071
"LPCHMCBP_00363",2900.90462930105,0.443841615173863,0.494365322631528,0.897800866798818,0.369291722482247,0.998612025022071
"LPCHMCBP_00365",393.461235448043,-0.355481259585273,1.66338719035305,-0.213709268441476,0.830773783149236,0.998612025022071
"LPCHMCBP_00366",85.510780819943,1.02221239127307,2.65728586498882,0.384682884420254,0.700472377457555,0.998612025022071
"LPCHMCBP_00367",5516.01426411089,0.0456633484178941,0.26414461869085,0.172872529617337,0.862751624719528,0.998612025022071
"LPCHMCBP_00373",2004.20297888503,-0.324519615943485,0.345780761040995,-0.938512643001011,0.347981022725191,0.998612025022071
"LPCHMCBP_00374",241.147369610138,0.192303467693696,2.36229555570719,0.0814053377991168,0.935119604252143,0.998612025022071
"LPCHMCBP_00376",114.809112299953,1.06419864708606,1.96863121284036,0.540577961044631,0.588798511901103,0.998612025022071
"LPCHMCBP_00377",75.0972800755591,-1.03533702831365,2.38824708426346,-0.433513364314625,0.664641859222675,0.998612025022071
"LPCHMCBP_00378",1690.02874687798,-0.0294374505403444,0.37450287984814,-0.0786040698866755,0.937347550256461,0.998612025022071
"LPCHMCBP_00381",84.4976243051419,1.09385449561366,2.71880753935069,0.402328770897443,0.68744208338754,0.998612025022071
"LPCHMCBP_00382",409.381519459532,0.671542264144958,1.08508187316557,0.618886261721275,0.535991289561195,0.998612025022071
"LPCHMCBP_00383",2616.54822475391,-0.0544804661191005,0.41320259097547,-0.131849284851979,0.895103503127522,0.998612025022071
"LPCHMCBP_00384",180.128196443038,1.39919182121877,2.3957117944853,0.584040127213789,0.559193315094488,0.998612025022071
"LPCHMCBP_00385",638.013944024893,0.162558244511119,0.681060471649069,0.238684010125434,0.811350616516869,0.998612025022071
"LPCHMCBP_00386",1439.05991205859,-0.0465391206706273,0.635098003320999,-0.073278644283668,0.941584385397337,0.998612025022071
"LPCHMCBP_00387",2789.4337171851,0.181516267220464,0.473436403983907,0.383401584020637,0.701422029027278,0.998612025022071
"LPCHMCBP_00390",3225.42245466324,0.0835625144314884,0.409366435004676,0.204126443416236,0.838254690507074,0.998612025022071
"LPCHMCBP_00393",1665.02215623846,0.105662148164938,0.672625292020358,0.157089168989708,0.875174573498035,0.998612025022071
"LPCHMCBP_00434",271.767270131369,-1.36115405284106,1.79346298988417,-0.758952964470692,0.447880693895127,0.998612025022071
"LPCHMCBP_00438",102.168569023094,0.965429408877711,2.8893067929744,0.334138766857586,0.738274847821537,0.998612025022071
"LPCHMCBP_00440",118.22949014144,-1.88840438096288,1.85414336953429,-1.01847808103275,0.308450812226513,0.998612025022071
"LPCHMCBP_00447",1863.64898797956,-0.0419536315956186,0.471772075756484,-0.0889277550570286,0.929139325586138,0.998612025022071
"LPCHMCBP_00448",614.092938843544,0.360044462002518,0.946588352769865,0.380360122696388,0.703678111576046,0.998612025022071
"LPCHMCBP_00455",1087.50087967851,-0.281408939261293,0.537011325423972,-0.524027941196807,0.600259106030256,0.998612025022071
"LPCHMCBP_00456",254.799690736563,-0.909501472858301,1.17173060683896,-0.776203563813963,0.437628802191286,0.998612025022071
"LPCHMCBP_00460",642.590828596285,-0.56863334911515,1.5554205499912,-0.365581738725495,0.714677203601885,0.998612025022071
"LPCHMCBP_00463",31.8031017339221,-0.706208152867898,3.7308491835191,-0.189288850374212,0.849866433473113,0.998612025022071
"LPCHMCBP_00467",335.683125945825,0.102640387609518,1.29706028643673,0.0791330894044185,0.936926764489932,0.998612025022071
"LPCHMCBP_00468",2873.11055240912,0.0504816540781557,0.344213866428134,0.146657816554568,0.883402115999158,0.998612025022071
"LPCHMCBP_00476",93.7948741938825,-0.757758723693873,2.177971288172,-0.347919519329326,0.72790062570361,0.998612025022071
"LPCHMCBP_00477",3657.27497323838,-0.222024500197314,0.356342985925716,-0.623064039328663,0.533242439776604,0.998612025022071
"LPCHMCBP_00478",140.743653838967,-1.01300247889991,3.10531264877772,-0.3262159381274,0.7442609835287,0.998612025022071
"LPCHMCBP_00487",791.724672384687,0.316727563440692,0.549995733426278,0.575872764444175,0.564701185904486,0.998612025022071
"LPCHMCBP_00488",886.050558469976,0.0620964105496011,0.633658867112345,0.0979965937075599,0.92193499817763,0.998612025022071
"LPCHMCBP_00491",8.93552810621289,1.15549269289088,3.74938360804021,0.308182041019497,0.757943817057761,0.998612025022071
"LPCHMCBP_00494",131.727472212455,0.475386553006218,2.06463888925345,0.230251670391674,0.817896213095439,0.998612025022071
"LPCHMCBP_00495",1585.10939834351,0.00249188581553699,0.334482534260486,0.00744997289932151,0.99405583663087,0.998612025022071
"LPCHMCBP_00502",2054.69825140837,-0.513917828146102,0.511577597541153,-1.00457453691521,0.315101763395105,0.998612025022071
"LPCHMCBP_00505",1718.50017835841,0.22084327883383,0.546014298263385,0.404464277833434,0.685871341308395,0.998612025022071
"LPCHMCBP_00509",17557.2514553489,0.024714941397877,0.243497135523338,0.101499926661389,0.919153615774989,0.998612025022071
"LPCHMCBP_00512",172.973240856319,-2.33712318516731,2.93691757143701,-0.795774184436432,0.426163299211043,0.998612025022071
"LPCHMCBP_00513",694.214682597684,-0.119875306290457,0.760307824321208,-0.157666806069607,0.874719358195081,0.998612025022071
"LPCHMCBP_00515",54.5615276669188,1.41289022416424,1.93128854688411,0.731579041590528,0.464425544296917,0.998612025022071
"LPCHMCBP_00518",751.556507352849,-0.317076774879185,0.532502579415008,-0.595446458170242,0.551545078701258,0.998612025022071
"LPCHMCBP_00521",1371.1802663723,0.187292204031217,0.737335063174374,0.254012339010283,0.799486025524379,0.998612025022071
"LPCHMCBP_00522",1178.52629865029,0.121058172837751,0.6105320912415,0.198283062552179,0.842823602727186,0.998612025022071
"LPCHMCBP_00524",137.03072234424,0.108221936123005,1.29107782074602,0.083822938001112,0.933197210311073,0.998612025022071
"LPCHMCBP_00525",4429.40080263472,0.0162550018937429,0.385981353939073,0.0421134381955372,0.966408267544405,0.998612025022071
"LPCHMCBP_00526",199.071026005598,0.541827374058351,1.21293951800966,0.446706011316582,0.65508734094634,0.998612025022071
"LPCHMCBP_00528",2767.58733157465,0.382485984079167,0.485727677657414,0.787449432414137,0.431018819152234,0.998612025022071
"LPCHMCBP_00529",90.7489084026318,0.0105989765760893,3.32623460055201,0.00318647896162534,0.9974575619357,0.998612025022071
"LPCHMCBP_00530",289.009679433632,0.430759955007047,0.86213939570312,0.499640727652563,0.617328074842388,0.998612025022071
"LPCHMCBP_00531",221.400436415528,-0.0434977723729356,1.74804354540954,-0.0248836892462795,0.980147737302578,0.998612025022071
"LPCHMCBP_00535",132.706000159681,-1.86651808738393,2.04108680230874,-0.914472664892372,0.360468534878778,0.998612025022071
"LPCHMCBP_00543",170.380577772394,-0.300850667668584,1.81732988507513,-0.165545435718264,0.868514690606527,0.998612025022071
"LPCHMCBP_00545",3764.04957817922,-0.0134560955141429,0.306707451833087,-0.0438727374692735,0.965005846717134,0.998612025022071
"LPCHMCBP_00546",1448.96200245435,-0.0406747014718905,0.562523330579329,-0.0723075813228949,0.942357131468672,0.998612025022071
"LPCHMCBP_00549",61.4769248796041,-0.47441719391096,2.8219516633525,-0.168116697416195,0.866491473667671,0.998612025022071
"LPCHMCBP_00550",14261.2820804934,-0.225614723018828,0.248042921030617,-0.909579366673314,0.363044384195202,0.998612025022071
"LPCHMCBP_00551",847.666709992435,-0.531352679036911,0.526913602667123,-1.00842467597594,0.313250631672798,0.998612025022071
"LPCHMCBP_00552",108.050411578085,-0.0256084482540609,3.22794086506324,-0.00793336970055032,0.993670153199217,0.998612025022071
"LPCHMCBP_00553",526.50050594102,0.062913767409234,0.687752966831991,0.0914772751894257,0.927113362288583,0.998612025022071
"LPCHMCBP_00555",1560.94329735816,0.200948099479835,0.48776641146095,0.411976090928357,0.680356947723338,0.998612025022071
"LPCHMCBP_00560",124.802924804983,-2.07883411943371,2.43353723541426,-0.854243809867093,0.392969913704065,0.998612025022071
"LPCHMCBP_00562",517.892217791956,-0.353860345913807,0.773576123866915,-0.457434420474286,0.647358828723656,0.998612025022071
"LPCHMCBP_00565",97.0416441070469,-1.29003145159363,2.85808476114392,-0.451362209103033,0.651728515647097,0.998612025022071
"LPCHMCBP_00566",494.358187671842,-0.0209901570301494,0.802746521249961,-0.0261479264929924,0.979139350301232,0.998612025022071
"LPCHMCBP_00568",568.369086416639,-0.476113190704924,0.889877520457031,-0.53503227102579,0.592627542324635,0.998612025022071
"LPCHMCBP_00569",1356.91064687194,0.0105402106278258,0.524546915283736,0.0200939331082034,0.983968439847966,0.998612025022071
"LPCHMCBP_00570",1812.40921539721,-0.0857393129928303,0.583208865177981,-0.14701304817557,0.883121721271974,0.998612025022071
"LPCHMCBP_00573",173.406419208758,-1.33620049928202,1.74681394369969,-0.764935787295125,0.444309782319086,0.998612025022071
"LPCHMCBP_00580",133.716889549992,-0.222791823013264,1.42844035644016,-0.155968586303798,0.876057782648304,0.998612025022071
"LPCHMCBP_00581",210.011479440953,-1.20703272644058,1.49904679167764,-0.805200166627046,0.420704180341567,0.998612025022071
"LPCHMCBP_00584",524.651847841966,-0.676568840188902,1.01431368832938,-0.667021305118385,0.504758524788634,0.998612025022071
"LPCHMCBP_00589",436.674772715106,-1.19597824628471,1.37948510877032,-0.86697437955732,0.385956047665473,0.998612025022071
"LPCHMCBP_00591",1566.41101136049,-0.375539803302305,0.44345115388235,-0.846857201778615,0.397074720105116,0.998612025022071
"LPCHMCBP_00592",766.842508489046,-0.347813293195927,1.54108434743569,-0.225693871834255,0.821439524691782,0.998612025022071
"LPCHMCBP_00594",4454.78965639136,0.0265948611058369,0.300487973404049,0.0885055757957949,0.929474852888126,0.998612025022071
"LPCHMCBP_00596",1023.78661014252,0.111835110931911,0.562295603407068,0.198890246081027,0.842348599593012,0.998612025022071
"LPCHMCBP_00597",1203.74242730049,-0.290967808297885,0.467781840547018,-0.622016040549226,0.533931320588448,0.998612025022071
"LPCHMCBP_00598",731.301583924217,-0.496874057118988,0.743621132693938,-0.668181732973278,0.50401759432573,0.998612025022071
"LPCHMCBP_00599",440.816972765622,-0.447118515470584,1.58810243163744,-0.281542617505833,0.778294245357261,0.998612025022071
"LPCHMCBP_00606",1218.59855252931,-0.0215081154143176,0.572425491688522,-0.0375736505914047,0.970027616863937,0.998612025022071
"LPCHMCBP_00607",11.2290156063612,-2.95756956163722,3.76169438608596,-0.786233345424578,0.431730793965144,0.998612025022071
"LPCHMCBP_00612",20.7970966854217,-0.721828613098054,3.73398086681388,-0.193313420406991,0.846713516599544,0.998612025022071
"LPCHMCBP_00614",1960.65311558887,-0.288643176441559,0.389930643474011,-0.740242351485762,0.459152953829178,0.998612025022071
"LPCHMCBP_00615",960.707807111443,-0.122784273981295,0.711042450716172,-0.172682058374468,0.862901347263786,0.998612025022071
"LPCHMCBP_00616",321.07548593094,-0.870326581176092,0.884552542555164,-0.983917335947079,0.325156159134394,0.998612025022071
"LPCHMCBP_00617",1670.66757419177,0.170570972464255,0.449959588293798,0.379080648355652,0.704627976134757,0.998612025022071
"LPCHMCBP_00620",108.26924461588,0.525166851866105,1.90215223017743,0.276090863567276,0.78247827787356,0.998612025022071
"LPCHMCBP_00621",14.5837819587408,-0.354949062809609,3.73737997454191,-0.0949726988498446,0.924336512040898,0.998612025022071
"LPCHMCBP_00637",987.446953629881,-0.420076563826158,0.499214027916549,-0.841475880754658,0.400081391486276,0.998612025022071
"LPCHMCBP_00646",217.384881607188,-0.780582718795284,1.7682645465669,-0.441440009816853,0.658894482450872,0.998612025022071
"LPCHMCBP_00664",534.326998197302,0.139811615839448,1.64936931617251,0.084766713233087,0.932446857254572,0.998612025022071
"LPCHMCBP_00667",346.397363134414,-0.0980695236778387,0.950278586431627,-0.103200814032965,0.917803593858065,0.998612025022071
"LPCHMCBP_00674",306.344992131554,0.680273621462056,1.80477907426723,0.376929027580985,0.706226348852169,0.998612025022071
"LPCHMCBP_00677",294.304495961346,-1.46155095640702,1.68796734187048,-0.8658644750718,0.38656448660656,0.998612025022071
"LPCHMCBP_00678",138.236426743316,0.104914996444365,3.11803785646418,0.0336477622383126,0.973158035053122,0.998612025022071
"LPCHMCBP_00679",438.931600365876,0.280861957222844,0.784119775774207,0.35818757019045,0.72020294854583,0.998612025022071
"LPCHMCBP_00680",233.723748065958,0.702938064984679,1.2249039392759,0.573871993097043,0.566054426543849,0.998612025022071
"LPCHMCBP_00681",1141.60679397151,-0.682204511121511,0.759506241447919,-0.898221072970986,0.369067700927928,0.998612025022071
"LPCHMCBP_00682",351.582449845068,-0.539020497339134,0.962431652062675,-0.560061066345761,0.575437785570178,0.998612025022071
"LPCHMCBP_00684",288.250735301005,-0.546606516799029,0.927663961574831,-0.589229009038029,0.555707659731088,0.998612025022071
"LPCHMCBP_00687",179.850334377098,0.684453620759707,2.41745529829853,0.283129794061319,0.777077343252874,0.998612025022071
"LPCHMCBP_00693",544.544294876202,-1.13643842154234,1.57162735231085,-0.723096616937453,0.469620527604792,0.998612025022071
"LPCHMCBP_00697",106.066492260352,-0.233552840606882,2.57169804048739,-0.0908165876902946,0.927638329447387,0.998612025022071
"LPCHMCBP_00738",306.472773216713,0.643719654040213,1.14373168910592,0.562824008612915,0.573554730078936,0.998612025022071
"LPCHMCBP_00739",1064.79157721868,-0.123647696193518,0.634715943281287,-0.194807925501756,0.845543317509052,0.998612025022071
"LPCHMCBP_00740",88.5991800964622,-2.89143645796462,3.19852545102537,-0.903990448798118,0.366000465973077,0.998612025022071
"LPCHMCBP_00744",412.766976131789,-0.584933767914271,0.950588297583426,-0.615338700677551,0.538331064519039,0.998612025022071
"LPCHMCBP_00745",6638.35608339953,-0.195341834629414,0.276220172969534,-0.707196120143475,0.47944460932723,0.998612025022071
"LPCHMCBP_00747",174.05348544189,1.84249451571646,2.96290276054752,0.621854534090744,0.534037523553544,0.998612025022071
"LPCHMCBP_00756",311.3233237025,0.430541167521968,1.70403234734139,0.252660208119695,0.800530799664097,0.998612025022071
"LPCHMCBP_00758",246.021791053342,-0.939871390048338,1.27877203415101,-0.734979624943338,0.462351903035204,0.998612025022071
"LPCHMCBP_00762",220.935083985053,-0.285464850300636,0.903780503592656,-0.315856393411755,0.752111511728982,0.998612025022071
"LPCHMCBP_00764",115.325858559437,-0.188626620189718,1.4370877790828,-0.131256157720655,0.895572672733576,0.998612025022071
"LPCHMCBP_00765",178.969657140153,-1.11699888008912,1.80857553652803,-0.617612511907274,0.536830794946974,0.998612025022071
"LPCHMCBP_00766",58.9153591230279,-1.5212877455842,2.80019621542547,-0.543278980667093,0.586937734163994,0.998612025022071
"LPCHMCBP_00769",105.29809990008,-0.730148022285485,1.99840556881297,-0.365365286046107,0.71483875044553,0.998612025022071
"LPCHMCBP_00770",67.5103939807421,0.0706749998579004,3.48495066915966,0.020280057472074,0.983819964347921,0.998612025022071
"LPCHMCBP_00772",115.833259655624,-0.822158468164933,1.88334929901697,-0.436540618670187,0.662444535452977,0.998612025022071
"LPCHMCBP_00775",1023.24041981862,-0.205577336732937,0.528658825270548,-0.388865799464768,0.697375422942396,0.998612025022071
"LPCHMCBP_00777",17.1665796256422,-1.46631789695878,3.16318981560162,-0.463556720411322,0.64296536831662,0.998612025022071
"LPCHMCBP_00783",95.7960723885389,1.56618060765375,2.59135273397105,0.604387271220195,0.545586196440773,0.998612025022071
"LPCHMCBP_00786",49.6669022206594,1.63799368282885,3.59311220681672,0.455870451170801,0.64848313911038,0.998612025022071
"LPCHMCBP_00789",874.581459753979,0.0473794381820325,0.525932278882329,0.090086575942286,0.928218416688639,0.998612025022071
"LPCHMCBP_00790",79.4304870401301,0.332181452350656,3.37801483687348,0.0983362916955411,0.921665261215563,0.998612025022071
"LPCHMCBP_00794",875.356574211811,0.0140904846233623,0.771168014788936,0.0182716144253192,0.98542217209285,0.998612025022071
"LPCHMCBP_00796",2021.10630896338,-0.356590383706446,0.388995108832111,-0.916696317280303,0.359301796439096,0.998612025022071
"LPCHMCBP_00808",774.922666425396,0.00564229714628894,0.745566255519055,0.00756780112367188,0.993961825960246,0.998612025022071
"LPCHMCBP_00810",69.0797269027669,0.0723973034317269,2.42260654744874,0.0298840534002391,0.976159523713184,0.998612025022071
"LPCHMCBP_00812",425.178974994331,-0.732060442273581,1.93622513181069,-0.378086427165102,0.70536639082091,0.998612025022071
"LPCHMCBP_00813",604.27273469716,-0.185155191731659,0.657648660794443,-0.281541197860861,0.778295334055324,0.998612025022071
"LPCHMCBP_00815",101.137210024359,-0.19560521731144,2.63507439159099,-0.0742313833475262,0.940826274429952,0.998612025022071
"LPCHMCBP_00819",171.337718630355,-0.777624028372183,1.83174649583121,-0.424526008452558,0.671182241663512,0.998612025022071
"LPCHMCBP_00821",1847.16178473977,0.367957955221338,0.467048720981882,0.787836340602274,0.430792441323574,0.998612025022071
"LPCHMCBP_00823",1183.70122864515,0.230998838713569,0.717251719013861,0.322061045780644,0.747406448240376,0.998612025022071
"LPCHMCBP_00825",201.114270654465,0.272117322736577,1.13270216854923,0.240237310647251,0.810146290745391,0.998612025022071
"LPCHMCBP_00826",568.289186402036,-0.258091750652391,0.826146535709682,-0.31240432477355,0.754733264039961,0.998612025022071
"LPCHMCBP_00827",1708.92571871148,-0.75414077455078,0.78876603400384,-0.956101989740482,0.33902070964288,0.998612025022071
"LPCHMCBP_00831",1875.07474397343,0.661746814394533,0.790916056769827,0.83668400550264,0.402770211972922,0.998612025022071
"LPCHMCBP_00832",1953.54355383968,-0.177044323151717,0.483954774702041,-0.365828239344717,0.714493246409365,0.998612025022071
"LPCHMCBP_00838",21.758341355002,-0.563264456450633,3.73342143984023,-0.150870847432305,0.880077597594061,0.998612025022071
"LPCHMCBP_00844",572.882756299061,0.513117353339016,0.645734590135621,0.794625781516904,0.426831216676494,0.998612025022071
"LPCHMCBP_00848",171.078607047596,-1.05650501038603,1.75761951315629,-0.601099955068655,0.547773413314085,0.998612025022071
"LPCHMCBP_00851",4335.67246730332,-0.231030353164344,0.379333820354349,-0.609042328333735,0.542496382633262,0.998612025022071
"LPCHMCBP_00853",595.791930461239,-0.166972361659714,0.782507702417349,-0.213381109404926,0.831029713727134,0.998612025022071
"LPCHMCBP_00854",1021.45370727269,-0.588870544647211,0.607920670993929,-0.968663466705991,0.332713126070499,0.998612025022071
"LPCHMCBP_00857",638.869835067435,-0.303740371801475,0.784818768722832,-0.387019760365523,0.698741579060142,0.998612025022071
"LPCHMCBP_00858",937.485272661672,0.307021718069747,0.793631910297211,0.386856569256104,0.698862395218666,0.998612025022071
"LPCHMCBP_00859",277.371957633997,0.057424691004068,1.88631900745856,0.0304427251048253,0.975713970926096,0.998612025022071
"LPCHMCBP_00862",3557.92723659167,-0.259958131802681,0.459185606775223,-0.566128659015076,0.571306322414825,0.998612025022071
"LPCHMCBP_00865",93.8105709885154,0.102759559688488,2.01337510738389,0.0510384574198944,0.959294875877578,0.998612025022071
"LPCHMCBP_00866",786.856824063713,-0.485570257643071,1.50569596266899,-0.3224889152139,0.747082333968188,0.998612025022071
"LPCHMCBP_00870",1018.47517354323,0.696359758023321,0.709721305314082,0.98117352939708,0.326507175376209,0.998612025022071
"LPCHMCBP_00871",1186.75305691405,-0.0303642350426573,0.516896186772837,-0.0587433914578319,0.953156497605354,0.998612025022071
"LPCHMCBP_00873",1375.07357516732,0.112908136762817,0.594941025681191,0.189780384759212,0.849481227244938,0.998612025022071
"LPCHMCBP_00881",230.819202397886,-0.346541629241118,1.18222569378935,-0.293126457208318,0.769425494598823,0.998612025022071
"LPCHMCBP_00886",2693.92739671735,-0.0319626304184596,0.378519981608207,-0.0844410651259703,0.932705758605911,0.998612025022071
"LPCHMCBP_00888",226.108136613133,-1.49124236756373,1.66503075372128,-0.895624518784929,0.3704533360335,0.998612025022071
"LPCHMCBP_00889",2158.93275259992,0.105439017967213,0.36039050905398,0.292568797785461,0.769851766407688,0.998612025022071
"LPCHMCBP_00891",44.4542142060321,-1.17177894478308,2.43152159390581,-0.481911798653133,0.629868604192788,0.998612025022071
"LPCHMCBP_00893",324.136541672194,0.640278768021448,0.967176762625804,0.662008014215669,0.507966085554883,0.998612025022071
"LPCHMCBP_00898",113.807469693716,1.62532136015135,1.82968472056465,0.888306789625352,0.374375748473591,0.998612025022071
"LPCHMCBP_00903",54.3456880669875,1.16554733704906,2.3181621160494,0.5027893989724,0.615112347703966,0.998612025022071
"LPCHMCBP_00906",49.5201008309157,2.3474313905869,3.55407007329185,0.66049102639461,0.508938775215602,0.998612025022071
"LPCHMCBP_00909",1586.08589943662,-0.0488015842565222,0.53816265312822,-0.0906818486434342,0.927745393883289,0.998612025022071
"LPCHMCBP_00910",845.54937036719,0.491388754869003,0.741400173212875,0.662784785630084,0.507468399107463,0.998612025022071
"LPCHMCBP_00914",883.471097038669,0.283824171686349,0.69417418197053,0.408865928837438,0.682638053815848,0.998612025022071
"LPCHMCBP_00916",107.263904144743,-0.389319318665644,2.03343952883005,-0.191458518016339,0.84816637714616,0.998612025022071
"LPCHMCBP_00919",326.487687002391,-1.59189847339254,1.68334802362712,-0.945674008611992,0.344314883301136,0.998612025022071
"LPCHMCBP_00920",297.032483711873,-0.466656346445532,1.75792644295791,-0.265458403174328,0.790656350105277,0.998612025022071
"LPCHMCBP_00921",555.120308531339,0.707566293591513,0.989371774952291,0.715167252093514,0.474505701828376,0.998612025022071
"LPCHMCBP_00926",71.629346237819,-0.635421095950174,2.92287658463216,-0.217395800866543,0.827899903377142,0.998612025022071
"LPCHMCBP_00928",174.831806683463,0.442497415189311,1.78684509638831,0.247641732393993,0.80441161844345,0.998612025022071
"LPCHMCBP_00930",107.357205460605,1.5327083095508,2.70494715092888,0.566631517744982,0.570964556954412,0.998612025022071
"LPCHMCBP_00932",6688.84256563378,-0.167887795080297,0.319836860312704,-0.524916968344904,0.599640913022852,0.998612025022071
"LPCHMCBP_00935",3352.03454788983,-0.395504123349209,0.406944604079049,-0.971886884319967,0.331106825373669,0.998612025022071
"LPCHMCBP_00936",107.440809730513,-2.61561080295286,3.12739482373437,-0.836354522013821,0.402955489092799,0.998612025022071
"LPCHMCBP_00937",2897.88429682357,-0.187955042147713,0.287515561912768,-0.653721283457827,0.513291388536639,0.998612025022071
"LPCHMCBP_00942",396.401806972462,0.711095917907705,0.864960376313838,0.822113864843324,0.411012095194213,0.998612025022071
"LPCHMCBP_00943",1637.00331030506,-0.19858791612475,0.455641942710224,-0.435842045057398,0.662951336113615,0.998612025022071
"LPCHMCBP_00945",781.26971193984,-0.314649815774922,0.518684193681076,-0.60663081622339,0.544095944610757,0.998612025022071
"LPCHMCBP_00949",304.33886022066,0.0814931823646267,1.00789346503924,0.0808549565915226,0.935557302056245,0.998612025022071
"LPCHMCBP_00950",1684.67605835826,0.122956803205613,0.457417062581905,0.268806770153215,0.78807838321279,0.998612025022071
"LPCHMCBP_00951",2208.45669861345,-0.307401503269396,0.457764590529548,-0.671527482966277,0.501884557564385,0.998612025022071
"LPCHMCBP_00953",910.634283492232,-0.649580991795001,0.666749072322214,-0.974251061996353,0.329931896893674,0.998612025022071
"LPCHMCBP_00954",1179.32743887897,0.140644750302253,0.404929542551631,0.347331413302155,0.728342353634786,0.998612025022071
"LPCHMCBP_00958",333.632252258101,-0.684456235512468,0.91705077121098,-0.746366784696809,0.45544587821112,0.998612025022071
"LPCHMCBP_00959",1085.26093757971,-0.121903799742297,0.691324054693734,-0.176333803105262,0.860031707048122,0.998612025022071
"LPCHMCBP_00962",1345.96184523355,-0.0548180750210451,0.491824151916209,-0.111458688654201,0.911252623102516,0.998612025022071
"LPCHMCBP_00963",330.466576423473,-0.0169069391263204,1.5132583653493,-0.0111725396756144,0.991085788541952,0.998612025022071
"LPCHMCBP_00973",40.5436723830947,-2.09020354935845,3.72528392408277,-0.561085702983861,0.574739114061669,0.998612025022071
"LPCHMCBP_00974",334.116940238092,-1.10352023972252,1.66841849805891,-0.661416929269478,0.508344972052482,0.998612025022071
"LPCHMCBP_00975",1900.59617481555,0.0286895586311684,0.520889566250491,0.055078005953707,0.956076318248075,0.998612025022071
"LPCHMCBP_00978",164.464405644369,-0.880181825498173,1.07189315485081,-0.821146978609711,0.411562553491738,0.998612025022071
"LPCHMCBP_00980",943.679248539475,-0.245934916197685,0.563404888783429,-0.436515410309514,0.662462820909271,0.998612025022071
"LPCHMCBP_00982",1548.58066369786,-0.408101681081893,0.439043149925609,-0.929525221270486,0.352616960714043,0.998612025022071
"LPCHMCBP_00986",1608.14478263087,-0.415744776572722,0.742199875109867,-0.560152043290468,0.575375734665567,0.998612025022071
"LPCHMCBP_00987",44.001421025621,-2.48129009543544,3.65946287453007,-0.678047620787539,0.497741499921018,0.998612025022071
"LPCHMCBP_00989",1853.16941611641,-0.28155700934691,0.475608638506802,-0.591993051747069,0.55385524119308,0.998612025022071
"LPCHMCBP_00990",70.1361152511793,-2.45683506928,2.7558746758371,-0.891490128640822,0.372666284977176,0.998612025022071
"LPCHMCBP_00991",210.075465561894,0.284135751527874,1.07371502813684,0.264628643617775,0.791295552124836,0.998612025022071
"LPCHMCBP_00994",407.785001570425,0.281471747957827,0.837477374069683,0.336094749151285,0.736799417922399,0.998612025022071
"LPCHMCBP_00995",66.8706974636436,-0.959562517811821,2.83012423024881,-0.339053143871165,0.73456969564949,0.998612025022071
"LPCHMCBP_00996",889.715990369431,-0.427100117155817,0.496686049117354,-0.859899564150843,0.389844408800008,0.998612025022071
"LPCHMCBP_00998",1710.01605804803,0.148995189626718,0.412377446652857,0.36130780389681,0.717869360539669,0.998612025022071
"LPCHMCBP_00999",1774.63564435818,-0.3128602088878,0.366773217955802,-0.85300723600135,0.393655291481608,0.998612025022071
"LPCHMCBP_01001",142.183153432426,-0.34635262374158,3.09864874987264,-0.111775374267837,0.911001513630122,0.998612025022071
"LPCHMCBP_01005",33.2827445154133,2.06769511117625,3.13152098597913,0.660284609438677,0.509071204763813,0.998612025022071
"LPCHMCBP_01006",201.83421745339,-0.507783071374599,1.78981013622263,-0.283707786148909,0.776634327331831,0.998612025022071
"LPCHMCBP_01014",318.56101346617,1.49372284416033,1.6021406481301,0.932329409345983,0.351166313499961,0.998612025022071
"LPCHMCBP_01017",150.32987155779,-0.893610747655084,3.06761428286717,-0.291304794297627,0.770818221056158,0.998612025022071
"LPCHMCBP_01018",264.520857384206,-0.496477544996185,1.60861368077657,-0.308636903272206,0.757597745672308,0.998612025022071
"LPCHMCBP_01020",258.7245473882,-1.23349299189153,2.36517482066908,-0.521522967821291,0.602002509945562,0.998612025022071
"LPCHMCBP_01021",444.222539114492,0.367632517317286,0.909863483490253,0.404052392461164,0.6861741924275,0.998612025022071
"LPCHMCBP_01022",305.118412657561,0.381015787317978,1.76217288012179,0.216219300396704,0.828816809821002,0.998612025022071
"LPCHMCBP_01026",1294.37375118761,0.428454192747744,0.535535586921937,0.800048032681344,0.423682968377401,0.998612025022071
"LPCHMCBP_01027",2459.8731842817,-0.187904015105009,0.374517809539786,-0.50172250910019,0.615862728738553,0.998612025022071
"LPCHMCBP_01029",167.853459372021,0.74790164788512,1.84678044203143,0.404975941299465,0.685495195607501,0.998612025022071
"LPCHMCBP_01030",81.3685094424122,1.01650942182653,2.66682629362228,0.381168216414214,0.703078431691618,0.998612025022071
"LPCHMCBP_01031",70.0613019172388,2.02184242133056,2.63868301942437,0.766231641484405,0.443538484350766,0.998612025022071
"LPCHMCBP_01032",944.692868369195,0.197950720593355,0.58113635991983,0.340626975432519,0.733384419180964,0.998612025022071
"LPCHMCBP_01034",2177.20993698552,-0.302302999604261,0.353655747825565,-0.854794532431484,0.392664905612352,0.998612025022071
"LPCHMCBP_01035",369.659188966093,1.58609820107195,1.66983679620513,0.949852227880303,0.342187343577939,0.998612025022071
"LPCHMCBP_01036",260.746907038586,-0.377782314464939,1.75777849973347,-0.214920318186974,0.82982944341017,0.998612025022071
"LPCHMCBP_01038",18224.7878678104,-0.107258761538397,0.289419156605314,-0.370600076361453,0.710935425178251,0.998612025022071
"LPCHMCBP_01041",493.351091687694,0.0172100120444101,0.816817735381736,0.0210695866396279,0.983190145852979,0.998612025022071
"LPCHMCBP_01043",163.687198097831,-0.405203400818027,2.38085753673473,-0.17019220787723,0.864858979536245,0.998612025022071
"LPCHMCBP_01044",2109.3178734607,-0.118632092119145,0.438136438650606,-0.270765181011909,0.78657164133794,0.998612025022071
"LPCHMCBP_01045",4201.06687880935,-0.131944442635715,0.364210844158997,-0.362274887614589,0.717146622240818,0.998612025022071
"LPCHMCBP_01047",99.6985881330659,-1.61043375420588,3.21980324178777,-0.500165268891308,0.616958711368048,0.998612025022071
"LPCHMCBP_01052",307.080325809797,0.209955190635654,0.870926011411631,0.241071213724976,0.809499923027259,0.998612025022071
"LPCHMCBP_01058",223.963940148674,0.812608454468184,1.81339764120242,0.448113770529315,0.654071090312596,0.998612025022071
"LPCHMCBP_01060",726.103212483767,-0.677817995003677,0.677881935829335,-0.999905675572281,0.317356157515981,0.998612025022071
"LPCHMCBP_01062",3095.88192854482,-0.132535205936852,0.403346390354225,-0.328589046800339,0.742466328150194,0.998612025022071
"LPCHMCBP_01067",206.73214582819,0.0764609312238827,2.36686339944345,0.0323047503467508,0.974229020954631,0.998612025022071
"LPCHMCBP_01068",2868.81886985186,-0.0314928487143739,0.372893844801335,-0.084455265629692,0.93269446857249,0.998612025022071
"LPCHMCBP_01069",587.768437311821,-0.678152866891395,1.39402390694247,-0.486471475499153,0.626632924643889,0.998612025022071
"LPCHMCBP_01070",400.058897841677,-0.191688024127391,0.690131956554436,-0.277755612251917,0.781199967132496,0.998612025022071
"LPCHMCBP_01071",2266.86166685216,0.152133107700073,0.433911031460331,0.350608988179138,0.72588171250977,0.998612025022071
"LPCHMCBP_01075",173.690607269989,-0.0692769551375916,1.8826995863537,-0.0367966061286299,0.970647180134631,0.998612025022071
"LPCHMCBP_01076",1849.62617493151,-0.581097445179294,0.843992010423483,-0.688510599629635,0.491131297700341,0.998612025022071
"LPCHMCBP_01077",513.283963853515,-0.281125106705849,0.657629565403357,-0.427482463525527,0.669027955364693,0.998612025022071
"LPCHMCBP_01078",126.546425702449,0.577790717234044,2.23899445710754,0.258058127566992,0.796362046657316,0.998612025022071
"LPCHMCBP_01079",475.186885829462,-0.55630487096803,1.62680065159606,-0.341962532669407,0.732379088887439,0.998612025022071
"LPCHMCBP_01081",539.642510741832,0.00281780293799831,0.826244386665337,0.00341037468269014,0.997278919968787,0.998612025022071
"LPCHMCBP_01084",3542.23998040821,-0.0286997180049807,0.336236203416918,-0.0853558234161782,0.931978512744594,0.998612025022071
"LPCHMCBP_01086",1072.0677544233,0.365567108965538,0.829194134288856,0.44087035092097,0.659306859229762,0.998612025022071
"LPCHMCBP_01087",7.15592425503247,-1.23450639490962,3.75387836795372,-0.328861586312549,0.742260310451673,0.998612025022071
"LPCHMCBP_01088",785.962852440006,0.0762400028354921,0.621119850713078,0.12274604128006,0.902308203837767,0.998612025022071
"LPCHMCBP_01089",214.108770669888,-0.454939435194222,1.82115163125584,-0.249808652605441,0.802735328046074,0.998612025022071
"LPCHMCBP_01091",1696.59643716728,-0.326071450721534,0.446559372815902,-0.730186108658745,0.465276432515054,0.998612025022071
"LPCHMCBP_01093",75.7905361641411,-1.79271731986806,1.99378904614863,-0.899150952469632,0.36857226136616,0.998612025022071
"LPCHMCBP_01097",263.270385232615,0.433020297884316,1.07773828036755,0.401786134697415,0.687841427168868,0.998612025022071
"LPCHMCBP_01098",181.880223034057,-0.173585186432573,1.16573658943564,-0.148906011877528,0.881627797313874,0.998612025022071
"LPCHMCBP_01100",2075.54552401898,0.152252232895679,0.426402246925644,0.3570624545096,0.721045051191178,0.998612025022071
"LPCHMCBP_01101",882.020913314003,-0.313309169786531,0.565143930288317,-0.55438827703005,0.579313147249494,0.998612025022071
"LPCHMCBP_01102",4714.33611031258,0.192437019429132,0.369260349556086,0.521141843852108,0.602267963424537,0.998612025022071
"LPCHMCBP_01105",528.211862444073,-1.52530320964202,1.52327303609851,-1.00133277061656,0.316665954726529,0.998612025022071
"LPCHMCBP_01106",190.895323485227,-0.169581017709763,1.87290055132044,-0.0905445927655924,0.927854459552863,0.998612025022071
"LPCHMCBP_01108",2244.32410544209,-0.270379486413652,0.519092741440779,-0.520869326092279,0.602457804831038,0.998612025022071
"LPCHMCBP_01109",1404.81063948843,-0.345019279941239,0.414736565369839,-0.831899834135844,0.405465485492121,0.998612025022071
"LPCHMCBP_01115",858.631662350806,0.434782284203017,0.758996720171666,0.572838159438528,0.56675427916104,0.998612025022071
"LPCHMCBP_01117",3537.92246436282,0.0418835077545248,0.405297103686544,0.103340259216156,0.917692924409597,0.998612025022071
"LPCHMCBP_01122",279.302116236348,-0.534530470178386,0.806619331905951,-0.662679964432976,0.507535544315648,0.998612025022071
"LPCHMCBP_01124",705.246965165991,0.37784887332026,1.30545631389228,0.28943815989804,0.772246096648692,0.998612025022071
"LPCHMCBP_01125",50.1321852811154,1.42621840301695,3.68329345549598,0.387212808387243,0.69859866862414,0.998612025022071
"LPCHMCBP_01126",95.1731667275023,0.950764708466573,2.60368223874879,0.365161575524464,0.714990799004002,0.998612025022071
"LPCHMCBP_01129",4862.1050704988,0.234980292300132,0.336069955982815,0.699200532856165,0.484426717642994,0.998612025022071
"LPCHMCBP_01130",299.219459555592,-0.325649363263668,0.870753810176076,-0.373985573715512,0.70841504920385,0.998612025022071
"LPCHMCBP_01133",290.273388730532,0.0514755877207111,1.69890122763861,0.0302993410583732,0.975828322092027,0.998612025022071
"LPCHMCBP_01134",133.80779260323,0.0557878899954288,1.96986086197291,0.0283207261347152,0.977406350163836,0.998612025022071
"LPCHMCBP_01138",22.3625813405996,2.70796267389281,2.7645307311095,0.979537917021459,0.32731426322908,0.998612025022071
"LPCHMCBP_01140",395.770048848877,-0.377636342529441,1.62805316709742,-0.23195578016823,0.816572359444193,0.998612025022071
"LPCHMCBP_01141",123.156164449006,-2.07657027455662,2.46371942456885,-0.84285988649865,0.39930681025351,0.998612025022071
"LPCHMCBP_01142",77.0504331715299,1.40605266504122,2.63754594039879,0.533091251039454,0.593970415063109,0.998612025022071
"LPCHMCBP_01143",9.38063525575104,0.621309650050715,3.63247039107949,0.171043279960797,0.864189734516843,0.998612025022071
"LPCHMCBP_01144",144.50728699284,-0.360312056457654,1.08123378272084,-0.333241582177497,0.738951932117081,0.998612025022071
"LPCHMCBP_01147",95.7656645905493,-1.61241767044874,3.23249093066259,-0.498815837394549,0.617909129335237,0.998612025022071
"LPCHMCBP_01156",309.605449816829,-0.497802190288338,1.7156347605141,-0.290156274368777,0.771696685865612,0.998612025022071
"LPCHMCBP_01158",2131.126223379,0.379568699890614,0.403216272313454,0.941352633694166,0.346524178362686,0.998612025022071
"LPCHMCBP_01160",1379.05383626155,-0.260284579498869,0.46471773983368,-0.560091765793195,0.575416846631778,0.998612025022071
"LPCHMCBP_01162",218.106566562845,-1.0482086425758,1.71999584174652,-0.6094251027441,0.542242703150266,0.998612025022071
"LPCHMCBP_01165",1099.08717280493,-0.463074127094753,0.566719268251167,-0.817113786379186,0.41386340508361,0.998612025022071
"LPCHMCBP_01167",215.182928841713,-0.374988818438267,1.82430959107173,-0.205551086434826,0.837141588881859,0.998612025022071
"LPCHMCBP_01168",762.52433557783,0.213739431079997,0.623866243464001,0.342604578015336,0.731895957543867,0.998612025022071
"LPCHMCBP_01170",296.113414255065,0.944972082591264,1.04526582402512,0.904049535411343,0.36596913563291,0.998612025022071
"LPCHMCBP_01172",600.753754520493,0.17353166336366,0.640030912744424,0.271130128105163,0.786290950253903,0.998612025022071
"LPCHMCBP_01173",154.335956889054,0.352946156371781,1.88177188863502,0.187560542541528,0.851221159707162,0.998612025022071
"LPCHMCBP_01174",100.62663853727,0.752491782681979,2.2794216836433,0.33012399069541,0.741306276498391,0.998612025022071
"LPCHMCBP_01175",836.017442885457,-0.108393953204154,0.817615667054819,-0.132573234065593,0.894530901657281,0.998612025022071
"LPCHMCBP_01176",495.559968555494,-0.489073491124994,0.848662955598645,-0.576287073565032,0.564421158640451,0.998612025022071
"LPCHMCBP_01177",1259.9197897659,0.269461875480308,0.553019937709544,0.487255263519692,0.626077446502225,0.998612025022071
"LPCHMCBP_01180",275.323977444431,0.184323364807946,1.03830872413726,0.17752269678857,0.859097838896214,0.998612025022071
"LPCHMCBP_01182",489.192227056441,0.420978895394453,1.00725013933181,0.417948709020502,0.675984618400464,0.998612025022071
"LPCHMCBP_01183",514.60170114592,-0.656505657472466,1.44805007765407,-0.453372205563529,0.650280747112406,0.998612025022071
"LPCHMCBP_01186",1174.99364528408,0.332918458264026,0.509601656303975,0.653291554581294,0.513568335996674,0.998612025022071
"LPCHMCBP_01190",32.5122800396611,-2.15178082041081,3.73366340400677,-0.576318909225089,0.564399644011388,0.998612025022071
"LPCHMCBP_01191",161.13359521861,-0.549820904177127,2.54981481047714,-0.215631700748589,0.829274843432142,0.998612025022071
"LPCHMCBP_01192",1368.16964704793,-0.0163348869199478,0.442700307990493,-0.0368982958112119,0.970566098569254,0.998612025022071
"LPCHMCBP_01194",464.473890035361,-0.0454216820556947,0.701393870776274,-0.0647591659240247,0.94836575404134,0.998612025022071
"LPCHMCBP_01195",1037.7997119342,-0.806609368104279,0.937274951571404,-0.860589912012419,0.389463943964971,0.998612025022071
"LPCHMCBP_01198",823.828249512062,0.109894932118758,0.737547396285532,0.149000501760586,0.881553237037148,0.998612025022071
"LPCHMCBP_01199",81.9519962187852,-1.0624745556633,2.72489820947148,-0.389913484463471,0.69660052238517,0.998612025022071
"LPCHMCBP_01200",2602.63963966589,0.10085868969473,0.521115080396862,0.193543985750556,0.846532961566759,0.998612025022071
"LPCHMCBP_01201",4585.42342487907,0.0588135912425185,0.293161592099257,0.200618337557008,0.840997018285575,0.998612025022071
"LPCHMCBP_01204",507.044522417875,-0.639345419254433,0.717891609869202,-0.890587674330001,0.373150414045947,0.998612025022071
"LPCHMCBP_01205",1019.32610362872,0.121449974557348,0.617307438124613,0.196741472816712,0.84402985370463,0.998612025022071
"LPCHMCBP_01206",233.108682739844,-1.44859421428633,1.71141213529459,-0.846432127254358,0.397311722336447,0.998612025022071
"LPCHMCBP_01210",170.188291151435,-0.281932584486264,1.88501369979331,-0.14956527080794,0.88110760979344,0.998612025022071
"LPCHMCBP_01211",497.0905546359,-0.0715861346958185,0.81867431851274,-0.0874415296498695,0.930320559890518,0.998612025022071
"LPCHMCBP_01213",5358.69756445269,-0.154593161700557,0.447501072008099,-0.345458751655815,0.729749515059617,0.998612025022071
"LPCHMCBP_01218",3383.02970948953,-0.112580318542531,0.407475839939052,-0.276287100995656,0.782327562402104,0.998612025022071
"LPCHMCBP_01220",1267.13841096011,0.267816382439024,0.741284442463473,0.36128693265031,0.717884961199331,0.998612025022071
"LPCHMCBP_01222",227.55741264842,-0.674893088766845,1.55339304916685,-0.434463826865208,0.663951657209332,0.998612025022071
"LPCHMCBP_01225",369.821390361139,0.298556987786263,1.70231290616686,0.175383142960792,0.860778585264667,0.998612025022071
"LPCHMCBP_01226",484.144365233167,0.833899085342884,1.0408722795637,0.801154091347716,0.423042444869416,0.998612025022071
"LPCHMCBP_01227",338.888868531721,-1.10982769095002,1.15501888777163,-0.960874062493646,0.336615493739919,0.998612025022071
"LPCHMCBP_01228",245.842544950589,1.16252703702947,2.33458035101238,0.497959745324399,0.618512415322317,0.998612025022071
"LPCHMCBP_01229",197.074777279455,0.149733534202636,1.91974800927231,0.0779964523882451,0.937830874981433,0.998612025022071
"LPCHMCBP_01230",154.263333968036,-0.507638073089834,2.48638023172702,-0.204167514932836,0.838222595980393,0.998612025022071
"LPCHMCBP_01233",1009.34777473038,-0.0787527765281435,0.629064030005397,-0.125190398388329,0.900372818419118,0.998612025022071
"LPCHMCBP_01234",387.16448000448,0.553014530141559,2.20298018034177,0.25103018859469,0.801790769190126,0.998612025022071
"LPCHMCBP_01238",261.602175612371,-1.55567365007793,1.64219729585999,-0.947312271186793,0.343479679676123,0.998612025022071
"LPCHMCBP_01241",6519.80658554309,-0.00492373431742027,0.291738928420174,-0.016877193400563,0.986534587206302,0.998612025022071
"LPCHMCBP_01244",5621.25156283305,-0.0476062424509302,0.24270152142064,-0.196151396877406,0.844491668655605,0.998612025022071
"LPCHMCBP_01247",838.804800953867,-0.0234084798787869,0.58016526319009,-0.0403479514614048,0.967815725142682,0.998612025022071
"LPCHMCBP_01251",228.103149028273,0.698619362194269,0.886425323198118,0.788131096789669,0.430620027419213,0.998612025022071
"LPCHMCBP_01253",1049.80720889922,-0.270214139303801,0.697261848157945,-0.387536102853847,0.698359362705333,0.998612025022071
"LPCHMCBP_01254",20.9503822314006,-0.799170583635926,3.53311425652383,-0.226194378560012,0.821050242581372,0.998612025022071
"LPCHMCBP_01259",7604.50581911093,0.273772640518907,0.305337764242813,0.896622274017814,0.369920508360337,0.998612025022071
"LPCHMCBP_01260",706.633754176976,-1.12103954254119,1.57463322648254,-0.711936928350862,0.476503833347297,0.998612025022071
"LPCHMCBP_01262",110.839017910716,0.48981186343583,1.33302168186584,0.367444783606397,0.713287271749547,0.998612025022071
"LPCHMCBP_01263",1037.59582269688,0.0445264126706239,0.453168218447147,0.0982558150772371,0.921729162807653,0.998612025022071
"LPCHMCBP_01264",170.867743360305,-0.0832706676877791,1.86557071900736,-0.044635492420296,0.964397851980907,0.998612025022071
"LPCHMCBP_01271",2493.05807997759,0.188255881320273,0.466743976319273,0.403338641464327,0.686699118664606,0.998612025022071
"LPCHMCBP_01272",1359.74345133754,0.410943179596613,0.736529733046902,0.557945132637902,0.576881851173346,0.998612025022071
"LPCHMCBP_01280",35.6017839360156,-2.66964691627288,2.9713541942451,-0.898461355244502,0.36893963892426,0.998612025022071
"LPCHMCBP_01282",1129.93126615785,0.426041913301163,0.506722856849631,0.840778953509078,0.400471779830685,0.998612025022071
"LPCHMCBP_01283",190.32357040611,-0.710637004774638,1.24893337443936,-0.568995127617309,0.569359446517564,0.998612025022071
"LPCHMCBP_01289",1572.02787126784,0.191670926270303,0.343848090489379,0.557429084446882,0.577234298554844,0.998612025022071
"LPCHMCBP_01291",90.9708144522853,0.836268914855937,2.92562863161376,0.285842470168421,0.774998778096689,0.998612025022071
"LPCHMCBP_01292",141.253469576932,1.10707197779879,1.92415666378342,0.575354387008168,0.565051645969733,0.998612025022071
"LPCHMCBP_01299",16.477197465616,-0.640249195829693,3.71789691090609,-0.172207355710048,0.863274515251753,0.998612025022071
"LPCHMCBP_01302",236.09912822574,-0.719989149637633,2.41210205162597,-0.298490335080266,0.765328951600476,0.998612025022071
"LPCHMCBP_01305",12.3828820228655,2.31086602775525,3.75265236983316,0.615795389504195,0.538029570703716,0.998612025022071
"LPCHMCBP_01306",1632.123548185,0.273443584335947,0.692215295369857,0.395026787424343,0.69282311880773,0.998612025022071
"LPCHMCBP_01307",124.246784118937,0.0281277522827209,2.50575413610697,0.0112252642337932,0.991043723068922,0.998612025022071
"LPCHMCBP_01308",169.655502681861,2.19817380954658,2.47337008351952,0.88873631333757,0.374144810232359,0.998612025022071
"LPCHMCBP_01310",122.798249382749,1.62035653859547,3.11254880332567,0.520588315551603,0.602653590703085,0.998612025022071
"LPCHMCBP_01313",1110.32801181844,-0.233841821460289,0.521597993683518,-0.448318099939192,0.653923639694155,0.998612025022071
"LPCHMCBP_01314",871.311318179818,-0.484441734520321,0.745664590980247,-0.649677804713076,0.515900363746836,0.998612025022071
"LPCHMCBP_01316",1175.27058871788,-0.435739926131934,0.561415976953494,-0.776144506069212,0.437663667812245,0.998612025022071
"LPCHMCBP_01317",1324.93146673926,-0.0618594512563423,0.475619241648256,-0.130060867684765,0.896518270144048,0.998612025022071
"LPCHMCBP_01320",36.4811691668789,-2.27217664023073,3.73312598690242,-0.608652547008219,0.54275476665129,0.998612025022071
"LPCHMCBP_01321",137.531938863332,2.0972003248294,3.08584735622328,0.679618945052464,0.496745770751413,0.998612025022071
"LPCHMCBP_01322",1763.64462470027,-0.151053482963073,0.489145752507008,-0.3088107832663,0.757465465946847,0.998612025022071
"LPCHMCBP_01339",336.974630621464,-0.239959777645586,1.41450492473707,-0.16964223556181,0.865291504759942,0.998612025022071
"LPCHMCBP_01342",225.431795601422,1.141051913752,2.31594684819817,0.492693480698727,0.622229184759373,0.998612025022071
"LPCHMCBP_01363",210.448886866882,0.239071775292447,1.81555149522896,0.131679974884049,0.895237425303113,0.998612025022071
"LPCHMCBP_01364",94.3553897714595,-1.15506576667852,3.31502568415877,-0.34843342909774,0.727514700757164,0.998612025022071
"LPCHMCBP_01365",2677.73258769623,-0.125786544485492,0.340702287429257,-0.369197827917754,0.711980274764847,0.998612025022071
"LPCHMCBP_01366",107.507951006474,-0.77419884614798,1.97870837153035,-0.391264754972057,0.695601547938922,0.998612025022071
"LPCHMCBP_01367",899.457061617092,-0.156879294532064,0.660311582421273,-0.237583738811319,0.812203963979345,0.998612025022071
"LPCHMCBP_01368",106.168229238935,-1.87665947524486,2.5317742600276,-0.741242813340079,0.458546228690915,0.998612025022071
"LPCHMCBP_01370",80.3824179430928,3.15113620980342,3.20856563753042,0.982101214619002,0.326049987160937,0.998612025022071
"LPCHMCBP_01374",837.759782036126,-0.586809247360748,0.930564864517009,-0.630594673983655,0.52830558218634,0.998612025022071
"LPCHMCBP_01377",847.886841965288,0.354057707125903,0.605816680066201,0.584430437087359,0.558930753898621,0.998612025022071
"LPCHMCBP_01379",426.925074051863,-0.524019112215346,1.62218478905976,-0.323032934194306,0.746670300134842,0.998612025022071
"LPCHMCBP_01380",1328.66762218298,-0.214663811942109,0.436956379404265,-0.491270575417106,0.623235088296851,0.998612025022071
"LPCHMCBP_01384",232.634359216404,1.89629684460946,2.31080248749367,0.820622642944362,0.411861246037498,0.998612025022071
"LPCHMCBP_01394",518.634553752427,-0.174816041934858,1.60745731577708,-0.108753147109445,0.913398286505037,0.998612025022071
"LPCHMCBP_01410",121.123257169385,0.762614394367317,1.84679717422652,0.412938900389381,0.679651379439218,0.998612025022071
"LPCHMCBP_01411",3032.1197528699,0.0934623578488446,0.366664525884182,0.254898827813974,0.798801241640558,0.998612025022071
"LPCHMCBP_01415",569.396658071116,0.553305716421566,0.56310519945379,0.98259742044341,0.32580561449846,0.998612025022071
"LPCHMCBP_01424",1351.02591749686,0.269256264567834,0.649999975042258,0.41424042293283,0.678698040562237,0.998612025022071
"LPCHMCBP_01425",3998.2108308667,0.0500654156047975,0.302471414460184,0.165521147491403,0.868533806110911,0.998612025022071
"LPCHMCBP_01427",239.505264925209,0.393001934280071,0.840245433124598,0.467722785256475,0.639982844682218,0.998612025022071
"LPCHMCBP_01440",329.412641107381,0.764468616587119,1.64705783379243,0.464141938979089,0.642546056039665,0.998612025022071
"LPCHMCBP_01444",461.743694207389,0.353581589015174,0.993759457583432,0.355801986403222,0.72198886137515,0.998612025022071
"LPCHMCBP_01445",90.2038818092686,-0.964256346787292,2.05805139450362,-0.468528798339296,0.639406481652606,0.998612025022071
"LPCHMCBP_01451",2833.69380465745,0.168267137357042,0.487453730803718,0.345196121649539,0.729946934251779,0.998612025022071
"LPCHMCBP_01452",1022.05495934747,0.281745193676729,0.828508727836165,0.340063036405867,0.733809057337966,0.998612025022071
"LPCHMCBP_01453",28.1791654359804,-0.965106652159593,2.62192020262812,-0.36809154267632,0.712804976843036,0.998612025022071
"LPCHMCBP_01454",844.654812160214,-0.239633739608411,0.643859416968057,-0.372183326504487,0.709756359359245,0.998612025022071
"LPCHMCBP_01457",445.004936771186,0.0613043452747189,0.797865617050863,0.0768354268746623,0.938754467460747,0.998612025022071
"LPCHMCBP_01458",1411.71749993521,-0.132579926582474,0.52861414759066,-0.2508066179968,0.801963624668674,0.998612025022071
"LPCHMCBP_01462",338.063851921046,-0.0677468697922651,1.16427387883943,-0.0581880870330927,0.953598809815105,0.998612025022071
"LPCHMCBP_01469",442.24934496983,-1.29607430442345,1.60926611203311,-0.805382214123689,0.420599152095954,0.998612025022071
"LPCHMCBP_01471",163.753901829336,0.332924876490098,2.01121230883417,0.165534426687694,0.86852335500768,0.998612025022071
"LPCHMCBP_01472",1448.53670124447,0.310013450514749,0.563146428579385,0.550502382296557,0.581974843349048,0.998612025022071
"LPCHMCBP_01474",978.662662168254,-0.590279145238558,0.893625455052902,-0.66054423797005,0.508904639547187,0.998612025022071
"LPCHMCBP_01477",87.5777801562208,0.349503662740369,2.66881701084093,0.130958271519051,0.895808317544443,0.998612025022071
"LPCHMCBP_01480",816.712990845616,0.339383171816557,0.620728233240858,0.546750016580715,0.58455048678912,0.998612025022071
"LPCHMCBP_01481",477.134706419657,0.271628843550134,1.29461798984032,0.209813895436164,0.833812927461504,0.998612025022071
"LPCHMCBP_01482",154.956846999989,1.08374893116774,3.03716959284165,0.35682858597098,0.721220134646863,0.998612025022071
"LPCHMCBP_01483",153.235324764051,0.221793361104086,1.99946665855856,0.110926261338101,0.911674820573423,0.998612025022071
"LPCHMCBP_01486",246.645382384144,0.107996672310552,1.59456030428949,0.0677281831361487,0.946002013918203,0.998612025022071
"LPCHMCBP_01488",27.3927420717184,-1.88698945760282,3.73425943445671,-0.505318254053592,0.613335323833997,0.998612025022071
"LPCHMCBP_01489",1546.27134855351,0.102044356919078,0.450680526790495,0.226422822494203,0.820872579017787,0.998612025022071
"LPCHMCBP_01491",1162.72544801762,-0.30166384761445,0.375702802126287,-0.802932120567602,0.422013969378858,0.998612025022071
"LPCHMCBP_01492",70.6274925127624,0.0473239595050091,2.0715207838799,0.0228450324386187,0.981773886694415,0.998612025022071
"LPCHMCBP_01497",63.5259667974506,-0.729327043567742,2.80575259958123,-0.25993989765049,0.794910134911996,0.998612025022071
"LPCHMCBP_01500",52.5379234212402,-1.05754363031554,1.41781677606453,-0.745895836591091,0.455730340469673,0.998612025022071
"LPCHMCBP_01508",118.246985473543,0.200323183208604,1.96708409511839,0.101837630483483,0.918885556101572,0.998612025022071
"LPCHMCBP_01509",80.9620897327952,0.536119069722062,3.37297578184368,0.158945425166681,0.87371187147571,0.998612025022071
"LPCHMCBP_01511",604.539064155851,0.5495089510897,0.543921548692249,1.01027244169841,0.312364780584995,0.998612025022071
"LPCHMCBP_01513",275.180315993218,-0.313461177056403,1.6855605512287,-0.185968505745999,0.852469459240225,0.998612025022071
"LPCHMCBP_01516",5203.61972799014,-0.0965269493431031,0.209487604049056,-0.460776425322519,0.644959017046859,0.998612025022071
"LPCHMCBP_01520",212.244034582322,1.65114270095509,2.32962249254253,0.708759769550924,0.478473567112089,0.998612025022071
"LPCHMCBP_01522",1124.22011838726,-0.714824686891282,0.699363369314346,-1.02210770288426,0.306729927822799,0.998612025022071
"LPCHMCBP_01525",151.238740796357,-0.589736714167981,2.49459418122519,-0.236405872588999,0.8131177396626,0.998612025022071
"LPCHMCBP_01527",194.308768187725,1.97835701998928,2.3641005862822,0.836832845213433,0.402686532284549,0.998612025022071
"LPCHMCBP_01532",107.699473255141,-0.0608664838743555,2.20976407676867,-0.0275443358475446,0.978025578355398,0.998612025022071
"LPCHMCBP_01533",1080.03454283275,0.205751983916561,0.390232988381325,0.527254204648392,0.598017071544611,0.998612025022071
"LPCHMCBP_01537",562.023806396097,-0.492904687017216,0.580781985848982,-0.848691417824697,0.396053022936746,0.998612025022071
"LPCHMCBP_01540",617.802112197514,-0.28749667646995,0.606700286896182,-0.473869359681293,0.635593070117788,0.998612025022071
"LPCHMCBP_01543",425.964761059889,0.749009672584648,0.892798548236723,0.838945889936697,0.401499674615919,0.998612025022071
"LPCHMCBP_01546",194.81535861885,1.68059295094676,2.12074887814663,0.792452594583225,0.428096822698447,0.998612025022071
"LPCHMCBP_01547",49.0562865592269,-0.551836295983678,3.05365259515858,-0.180713515629966,0.856592449518385,0.998612025022071
"LPCHMCBP_01548",612.870189269178,0.429917499084542,0.770920830143136,0.557667509132838,0.577071448141094,0.998612025022071
"LPCHMCBP_01550",197.052343108742,-1.60844568849652,1.70709151470758,-0.942214096103709,0.346083038439196,0.998612025022071
"LPCHMCBP_01553",129.870247054415,1.58520098488867,2.48488886583649,0.637936370790186,0.523515100740386,0.998612025022071
"LPCHMCBP_01556",924.914287743534,0.373174959744915,0.59316760798423,0.629122283013871,0.529269003300148,0.998612025022071
"LPCHMCBP_01557",179.957234225393,-0.00830821213165191,1.78927089994806,-0.00464335061386908,0.99629515554798,0.998612025022071
"LPCHMCBP_01559",710.36773491285,-0.0512822068062978,0.4810814573499,-0.106597762235095,0.915108093948232,0.998612025022071
"LPCHMCBP_01567",1016.16889305667,0.188815317433876,0.570977532292888,0.330687823521963,0.740880300754865,0.998612025022071
"LPCHMCBP_01568",159.868134206328,0.00570853448880433,0.952876439931057,0.0059908444049864,0.995220026335488,0.998612025022071
"LPCHMCBP_01569",1986.44175940005,0.030078850579647,0.371573222248877,0.0809499952596165,0.935481719925985,0.998612025022071
"LPCHMCBP_01571",99.6455991504448,-0.967276921320199,2.59492946078753,-0.372756537677384,0.709329653083242,0.998612025022071
"LPCHMCBP_01573",980.04280350425,0.516218293625058,0.606395045122611,0.851290421610685,0.394608044354015,0.998612025022071
"LPCHMCBP_01577",123.383724067193,-0.383399047771433,3.17320433245119,-0.120823939338085,0.903830488163268,0.998612025022071
"LPCHMCBP_01580",474.209831654021,-0.700289693384736,1.58294623421954,-0.442396386084464,0.658202393706414,0.998612025022071
"LPCHMCBP_01581",173.901897937817,0.918964149669746,2.41406487440585,0.380670859102708,0.703447494741318,0.998612025022071
"LPCHMCBP_01583",430.726779816681,-0.969792312528957,1.58967527365826,-0.610056864190391,0.541824139710061,0.998612025022071
"LPCHMCBP_01596",362.915365868972,-0.289992031944411,0.92624055136065,-0.313085009632122,0.754216077587369,0.998612025022071
"LPCHMCBP_01597",107.856275465872,-0.506810713879279,2.56818414322046,-0.197342046214702,0.843559878109739,0.998612025022071
"LPCHMCBP_01603",303.125680541363,1.33790567958573,1.72052455690405,0.77761498620699,0.436796023551817,0.998612025022071
"LPCHMCBP_01604",706.008339092902,-0.0593533846329383,0.684439122188106,-0.0867182817416828,0.930895444431503,0.998612025022071
"LPCHMCBP_01607",121.543029720226,0.121796288280128,2.5496998216084,0.0477688735151952,0.961900443561827,0.998612025022071
"LPCHMCBP_01615",353.254532093032,0.645811789071791,0.771720288275384,0.836846975365946,0.402678588664318,0.998612025022071
"LPCHMCBP_01622",2478.75869564431,0.317734328934115,0.44534076192193,0.713463388266746,0.475559060623407,0.998612025022071
"LPCHMCBP_01624",989.293885585109,-0.0256727779763206,0.580212462435697,-0.0442472019103965,0.964707357189404,0.998612025022071
"LPCHMCBP_01626",110.976088838574,0.182813781221096,3.22142635919878,0.0567493280419312,0.954744879204349,0.998612025022071
"LPCHMCBP_01627",1266.23970068766,-0.222996589182219,0.433263029423692,-0.514691016860681,0.606768951758646,0.998612025022071
"LPCHMCBP_01629",2568.99032554299,0.0282004607855847,0.423094426018019,0.0666528771153882,0.946858049451594,0.998612025022071
"LPCHMCBP_01636",917.17081676486,0.42740023837871,0.652932993843962,0.654585144889846,0.512734890973336,0.998612025022071
"LPCHMCBP_01637",508.437261834664,-0.922045941483547,1.56041515644054,-0.590897837461938,0.554588875052607,0.998612025022071
"LPCHMCBP_01638",1490.0289344475,-0.525050216147801,0.558782373254357,-0.939632746627101,0.347405973088696,0.998612025022071
"LPCHMCBP_01644",7.84657439962397,-0.815033410709965,3.74915284669964,-0.21739135320328,0.827903369225754,0.998612025022071
"LPCHMCBP_01646",216.707377569601,0.230614349004639,1.80372874139358,0.127854229803126,0.898264333005297,0.998612025022071
"LPCHMCBP_01650",414.535323509681,0.526433345500242,1.27123906107367,0.414110423145449,0.678793239693958,0.998612025022071
"LPCHMCBP_01659",108.478316945164,0.0560397668204632,1.67607739555549,0.03343507105881,0.973327642627788,0.998612025022071
"LPCHMCBP_01661",1580.29943306054,-0.0132022790383472,0.372567167931538,-0.0354359701410222,0.971732102688551,0.998612025022071
"LPCHMCBP_01666",7693.47887929342,0.100385269557971,0.320785342851876,0.312935961055816,0.75432931573847,0.998612025022071
"LPCHMCBP_01667",145.699060390853,1.31301374456479,1.82078462255741,0.721125238151771,0.470832464310381,0.998612025022071
"LPCHMCBP_01671",54.5783665943122,-1.39983569295995,3.55741150020734,-0.393498388611598,0.693951413905986,0.998612025022071
"LPCHMCBP_01678",300.317725632597,0.628689473752353,1.73624322006396,0.362097583153812,0.717279109645766,0.998612025022071
"LPCHMCBP_01679",212.804353149714,-0.943657280162155,0.952903197610599,-0.990297107333014,0.322028920048242,0.998612025022071
"LPCHMCBP_01681",1601.54737307692,0.156473502755439,0.460602383784091,0.339714921729078,0.734071223455789,0.998612025022071
"LPCHMCBP_01686",61.2221243456475,-0.0061454339700042,2.24254673284473,-0.00274038167410164,0.997813494508191,0.998612025022071
"LPCHMCBP_01689",439.921985724483,0.0244768335478234,0.839536202355119,0.0291551853025033,0.976740822972791,0.998612025022071
"LPCHMCBP_01691",70.9390797181445,-0.329573818050308,2.21619935405179,-0.148711268888225,0.881781468832091,0.998612025022071
"LPCHMCBP_01693",479.78774568184,0.398126063695063,1.70610024957718,0.233354437286865,0.815486190314483,0.998612025022071
"LPCHMCBP_01696",69.1106817999752,-0.4914930791798,2.21372927343453,-0.22202040921529,0.824297995541025,0.998612025022071
"LPCHMCBP_01698",9.97822429205404,-0.676531470406699,3.74363202989031,-0.180715269290642,0.856591072961708,0.998612025022071
"LPCHMCBP_01702",478.242211213131,-0.557285780980428,0.861112687438944,-0.647169399672725,0.517522313570807,0.998612025022071
"LPCHMCBP_01703",4786.90486871564,0.184839897079195,0.281276706396346,0.657146122931124,0.511086964426064,0.998612025022071
"LPCHMCBP_01704",256.988993103991,-0.182831087970151,0.921387684033506,-0.198430140904187,0.842708537239157,0.998612025022071
"LPCHMCBP_01706",41.4825717170909,1.6152452322619,3.72864164586273,0.433199375449276,0.664869932574779,0.998612025022071
"LPCHMCBP_01708",1145.21584807842,-0.0399398858111519,0.695198772599252,-0.0574510303892256,0.954185913723811,0.998612025022071
"LPCHMCBP_01710",251.959012665306,1.54592600715479,1.65597891733857,0.9335420825522,0.350540153111755,0.998612025022071
"LPCHMCBP_01711",515.815085394379,0.708211872827357,0.745475688021123,0.950013372947569,0.342105457623244,0.998612025022071
"LPCHMCBP_01717",506.679554780584,-1.49238597358048,1.53286526782201,-0.973592399089944,0.330258961838282,0.998612025022071
"LPCHMCBP_01727",9.99445641737266,3.1075181384918,3.77679255888538,0.822792909602877,0.410625769454345,0.998612025022071
"LPCHMCBP_01728",15.0318435155189,-0.448122164103575,2.5306064980636,-0.1770809347271,0.859444817142516,0.998612025022071
"LPCHMCBP_01743",14.6423010502212,-0.923986060671353,3.73819210374576,-0.247174579322849,0.804773117785108,0.998612025022071
"LPCHMCBP_01745",6437.11879011257,0.229891581250348,0.255037407872962,0.901403379087276,0.367373885432557,0.998612025022071
"LPCHMCBP_01773",77.2116011107837,0.266129717328587,1.48262998735789,0.179498404590374,0.857546369939175,0.998612025022071
"LPCHMCBP_01774",5808.50685359847,0.025595530312339,0.420807042459876,0.0608248620619973,0.951498689913936,0.998612025022071
"LPCHMCBP_01784",292.341902195116,0.57583255295723,1.69879175404075,0.338965945406524,0.734635384659413,0.998612025022071
"LPCHMCBP_01785",1514.00520091933,-0.103244267978227,0.511019982439154,-0.202035676737006,0.839888833241064,0.998612025022071
"LPCHMCBP_01788",4600.01513073045,0.330789090888992,0.402294403253655,0.822256258634608,0.410931065886998,0.998612025022071
"LPCHMCBP_01791",8813.60615605307,-0.12759822291975,0.441784457379913,-0.288824608444795,0.772715599458508,0.998612025022071
"LPCHMCBP_01793",123.564735005562,-0.379324477041124,2.08454310609871,-0.181970080604877,0.855606206072611,0.998612025022071
"LPCHMCBP_01794",2367.37573907738,0.215552106744036,0.42096167916163,0.512046861779249,0.608618212894432,0.998612025022071
"LPCHMCBP_01795",672.194966411868,-0.372131940937791,0.550755605687142,-0.675675267024303,0.499246842387073,0.998612025022071
"LPCHMCBP_01796",628.505275012017,-0.484058652243494,0.845214777336785,-0.572704909122307,0.566844512996059,0.998612025022071
"LPCHMCBP_01799",177.108514702217,-0.146827559299268,2.43560177942756,-0.0602838939187245,0.951929529405371,0.998612025022071
"LPCHMCBP_01804",194.779383006825,1.06186135795986,1.25455281169461,0.846406263699281,0.397326145431688,0.998612025022071
"LPCHMCBP_01805",1462.5723828372,0.168099833401616,0.544333647200933,0.308817642021612,0.757460248273821,0.998612025022071
"LPCHMCBP_01806",212.224553296275,0.863026124257236,1.95645106121367,0.441118176358506,0.659127445353925,0.998612025022071
"LPCHMCBP_01819",1109.74519560119,-0.0201149929250059,0.518163467632477,-0.0388197821373102,0.969034072856354,0.998612025022071
"LPCHMCBP_01820",180.653944092375,-0.355505836589839,2.45129828753878,-0.145027571061857,0.884689103357268,0.998612025022071
"LPCHMCBP_01821",181.947585277889,-1.45584184056593,1.75998278560982,-0.827190954632828,0.408128837707833,0.998612025022071
"LPCHMCBP_01824",190.365311263251,0.431251823440343,1.88377924471894,0.228929066210561,0.818924048834376,0.998612025022071
"LPCHMCBP_01828",201.610731177746,-0.15550270114673,2.96764667891441,-0.0523993311776636,0.958210507029621,0.998612025022071
"LPCHMCBP_01833",374.060599850877,1.14876475338372,1.69814763668504,0.676481083603677,0.498735252178498,0.998612025022071
"LPCHMCBP_01835",319.179296189347,-0.262849953203164,1.66864842457519,-0.157522668845045,0.874832943755592,0.998612025022071
"LPCHMCBP_01836",434.387479946625,0.773897148353227,1.13880459996063,0.679569742148899,0.496776933924525,0.998612025022071
"LPCHMCBP_01841",218.302708381896,0.0470100338360947,1.74968883280635,0.0268676538105891,0.978565292718847,0.998612025022071
"LPCHMCBP_01843",65.4513309623454,2.35560199937397,3.40485708363448,0.691835792666958,0.489040456204521,0.998612025022071
"LPCHMCBP_01844",1123.24534128255,0.168756698891167,0.475262613738223,0.355080946855456,0.722528950027651,0.998612025022071
"LPCHMCBP_01849",127.909403914161,0.830982415881293,1.15211594025466,0.721266312570606,0.470745679247689,0.998612025022071
"LPCHMCBP_01852",160.88451321981,1.32331287136483,2.18176384219589,0.606533505492944,0.544160540253155,0.998612025022071
"LPCHMCBP_01856",52.8429378078574,-0.802764286001541,2.26202412992392,-0.354887587352369,0.722673807874872,0.998612025022071
"LPCHMCBP_01860",1186.11872860661,0.115284424424243,0.490811782341443,0.234885201561937,0.814297835731393,0.998612025022071
"LPCHMCBP_01862",106.626138441434,0.0677325872418232,1.95010199289393,0.0347328434556948,0.972292771429361,0.998612025022071
"LPCHMCBP_01865",1732.16283315902,-0.0168810523411516,0.32914058454863,-0.0512882735634125,0.959095812148286,0.998612025022071
"LPCHMCBP_01866",333.913055955706,-1.00464813700803,1.53387586103586,-0.654973562416953,0.512484775800127,0.998612025022071
"LPCHMCBP_01868",71.6305953174359,0.139944260743331,2.11383034473425,0.0662041119297702,0.947215323112615,0.998612025022071
"LPCHMCBP_01873",20.4796430362704,1.62355776644195,3.73744630021639,0.434402968237418,0.663995842681718,0.998612025022071
"LPCHMCBP_01875",1664.52153113035,0.265306392139932,0.422109361925332,0.628525249783166,0.529659911108707,0.998612025022071
"LPCHMCBP_01888",201.717019353889,0.065903574227894,1.7888968369822,0.0368403436494811,0.970612306287527,0.998612025022071
"LPCHMCBP_01893",674.352033734987,0.0722785053214197,0.803735108693042,0.0899282668377547,0.928344218464161,0.998612025022071
"LPCHMCBP_01899",2178.69682737567,-0.164014797680604,0.410558016951959,-0.399492376006375,0.68953044024322,0.998612025022071
"LPCHMCBP_01904",133.872172375595,0.887869231380106,2.49785284862111,0.355452977091999,0.722250266600696,0.998612025022071
"LPCHMCBP_01908",90.8335386035467,-2.29730581750257,3.21528791956331,-0.714494588035082,0.474921401497695,0.998612025022071
"LPCHMCBP_01909",1113.79395048589,0.0266345298136745,0.746899231761416,0.0356601381833827,0.97155335544283,0.998612025022071
"LPCHMCBP_01913",132.43215271293,-0.256868812442552,2.04956010387928,-0.12532875320727,0.900263289873808,0.998612025022071
"LPCHMCBP_01916",32.111140235724,-2.65832669495576,3.73604540048469,-0.711534901211555,0.476752831190575,0.998612025022071
"LPCHMCBP_01918",446.54599308551,-0.219755214098027,1.13092789351107,-0.194314080817103,0.845929960865984,0.998612025022071
"LPCHMCBP_01927",403.469473601014,-0.474563620974468,0.65050309003963,-0.729533230880665,0.465675548080305,0.998612025022071
"LPCHMCBP_01928",2050.36729159872,-0.0573775058095508,0.335117102725642,-0.171216286315668,0.864053701956415,0.998612025022071
"LPCHMCBP_01931",211.65056043346,0.320141336800054,1.74872581881423,0.18307120153183,0.854742151723623,0.998612025022071
"LPCHMCBP_01932",515.667803079886,0.194403497893691,0.808754583600124,0.240373905552801,0.810040405607078,0.998612025022071
"LPCHMCBP_01937",83.3411487317444,1.17257183751423,2.28651510732774,0.512820507398535,0.608076883258997,0.998612025022071
"LPCHMCBP_01938",952.314885414563,-0.587496936297385,0.846698388754544,-0.693868022072851,0.487764979371916,0.998612025022071
"LPCHMCBP_01939",1420.20791632909,0.371991709109534,0.438035362665593,0.849227575704938,0.395754671771134,0.998612025022071
"LPCHMCBP_01942",1440.00626635043,0.298332813553691,0.538230716091573,0.554284258839909,0.579384321427709,0.998612025022071
"LPCHMCBP_01944",314.525692943548,-0.274573822043832,1.67414613660566,-0.164008276243155,0.869724628538021,0.998612025022071
"LPCHMCBP_01945",3749.05404415349,0.0449531974178581,0.29704863750536,0.15133278440655,0.879713208869776,0.998612025022071
"LPCHMCBP_01948",357.739303342349,-0.0520061761141011,0.919365015155904,-0.0565674952350476,0.954889728111507,0.998612025022071
"LPCHMCBP_01954",567.963436692781,-0.538885627286289,0.70202166821056,-0.767619650059945,0.442713184760101,0.998612025022071
"LPCHMCBP_01957",2598.90572175992,0.234849270798708,0.352355673230909,0.666511961181918,0.505083920907787,0.998612025022071
"LPCHMCBP_01961",440.145827180858,-0.127597515535119,0.850004815000458,-0.150113873807939,0.880674774299874,0.998612025022071
"LPCHMCBP_01968",305.35662950315,0.295308142523574,0.867117895176765,0.340562850987379,0.733432699878817,0.998612025022071
"LPCHMCBP_01971",996.582896381564,0.225695087089606,0.497364347045049,0.453782198966432,0.64998559715078,0.998612025022071
"LPCHMCBP_01976",287.193602580732,0.954370660133895,1.07815747108168,0.885186705775368,0.376055941258677,0.998612025022071
"LPCHMCBP_01978",452.025794317565,-0.518179546095356,0.976269826730341,-0.530774927082208,0.59557475675123,0.998612025022071
"LPCHMCBP_01980",159.830656164054,0.393677657234138,1.81548943415253,0.216843816233999,0.82833006385179,0.998612025022071
"LPCHMCBP_01981",1715.05447851258,0.0849992081895102,0.412150659299016,0.206233342763727,0.836608643864018,0.998612025022071
"LPCHMCBP_01991",487.232959279132,0.556777944584537,0.886345575372689,0.628172532311027,0.529890921999116,0.998612025022071
"LPCHMCBP_01992",363.290645852703,-0.386764138223657,1.7030194072253,-0.22710495052655,0.820342134658093,0.998612025022071
"LPCHMCBP_01995",1636.09892934867,-0.108865739574067,0.44531639011003,-0.244468297129527,0.806868152407625,0.998612025022071
"LPCHMCBP_01997",585.330953845572,-0.0586139823535672,0.856778758933931,-0.0684120395637483,0.945457638099058,0.998612025022071
"LPCHMCBP_01999",674.602387648956,-0.747392566888554,1.5501629209726,-0.48213807515124,0.629707863522908,0.998612025022071
"LPCHMCBP_02002",248.960473655085,0.900874544240281,1.02800494499838,0.876332889859491,0.380849089973282,0.998612025022071
"LPCHMCBP_02007",316.391513330852,-0.0218258030642524,1.03071705018685,-0.0211753585140517,0.983105770931856,0.998612025022071
"LPCHMCBP_02012",2923.47391377476,0.169661186253925,0.412803379923993,0.410997570526588,0.681074316143977,0.998612025022071
"LPCHMCBP_02014",172.286737361347,0.244418883791806,1.88507874311359,0.129659773993366,0.896835609534565,0.998612025022071
"LPCHMCBP_02015",1532.11111357745,0.174736974265278,0.394022132586483,0.443469947026199,0.657425852196678,0.998612025022071
"LPCHMCBP_02016",15.9996317763829,-2.29879954762488,3.74377190114768,-0.614033014917434,0.53919351084801,0.998612025022071
"LPCHMCBP_02018",898.100345024388,0.508915457098777,0.561453123443564,0.906425551571327,0.364710653544966,0.998612025022071
"LPCHMCBP_02019",2836.3139723463,-0.187765433771286,0.394410483029741,-0.476066032345106,0.634027335488588,0.998612025022071
"LPCHMCBP_02025",218.433521663721,-0.494045037263924,1.75103905809834,-0.282143927617734,0.777833151501946,0.998612025022071
"LPCHMCBP_02045",975.654196041995,0.342533902758518,0.560351785816137,0.611283681838592,0.541011792104236,0.998612025022071
"LPCHMCBP_02046",231.04620033618,-1.42084764372859,1.72016079462493,-0.82599699293716,0.408805797610065,0.998612025022071
"LPCHMCBP_02048",138.597482866384,0.422634497092214,2.48320434943692,0.170197228104908,0.864855031569047,0.998612025022071
"LPCHMCBP_02049",5189.6665359391,0.242108642198347,0.289419553906422,0.836531737163231,0.402855830066732,0.998612025022071
"LPCHMCBP_02052",420.891064444453,0.462688657390221,0.709320225967003,0.652298694513394,0.514208502063463,0.998612025022071
"LPCHMCBP_02054",1379.22374540249,0.321500659053425,0.483272788053017,0.665257111513911,0.505886057221707,0.998612025022071
"LPCHMCBP_02055",435.807152843989,-0.596643906296445,1.46389496992868,-0.407572891875919,0.683587269463982,0.998612025022071
"LPCHMCBP_02056",82.216426625807,2.93328238139728,3.22965422753375,0.908234186926325,0.363754505490421,0.998612025022071
"LPCHMCBP_02057",108.929335190388,0.861698689076176,1.94292653993882,0.443505542470643,0.65740011118199,0.998612025022071
"LPCHMCBP_02059",410.785572631724,-0.998685692427394,1.158621594308,-0.861960192468074,0.38870942381867,0.998612025022071
"LPCHMCBP_02060",1327.3336968401,0.284410609325137,0.401718859783055,0.707984209351611,0.478955063535503,0.998612025022071
"LPCHMCBP_02068",209.374448979859,1.30063569194,2.12331202401634,0.612550429342828,0.540173643649669,0.998612025022071
"LPCHMCBP_02069",1037.97445635182,0.307405349072104,0.630834158432762,0.487299783885862,0.626045900852135,0.998612025022071
"LPCHMCBP_02072",820.03628296363,0.515415790679477,0.527168302935538,0.977706337443627,0.328219586457403,0.998612025022071
"LPCHMCBP_02080",728.089308408964,0.433951893946259,0.71630451427565,0.605820409194384,0.544634015604289,0.998612025022071
"LPCHMCBP_02082",1249.60897595031,-0.00860470396574788,0.527430502091905,-0.016314384419596,0.986983581961599,0.998612025022071
"LPCHMCBP_02086",79.7535413799841,0.681598390166347,2.70371598551571,0.252096889546755,0.800966174123082,0.998612025022071
"LPCHMCBP_02096",86.5799684754584,-2.56533396346835,2.57591525604399,-0.995892220230919,0.319302515724032,0.998612025022071
"LPCHMCBP_02097",116.120715942911,-0.821017167887775,1.92932503137031,-0.425546320365027,0.670438462329063,0.998612025022071
"LPCHMCBP_02099",951.078280249047,0.295276979705822,0.479159647680056,0.616239245386089,0.537736630093203,0.998612025022071
"LPCHMCBP_02101",195.649898374975,0.847230131601194,1.81045658172637,0.467964899104797,0.639809691304477,0.998612025022071
"LPCHMCBP_02106",8324.58599659219,0.0738775896595205,0.272242798068045,0.271366552885103,0.786109124121099,0.998612025022071
"LPCHMCBP_02124",164.283787642243,0.792638243660219,1.84817735659559,0.428875638385856,0.668013729987178,0.998612025022071
"LPCHMCBP_02127",25.927279042284,1.20005652580267,2.24895211163148,0.533606971707412,0.59361348377968,0.998612025022071
"LPCHMCBP_02128",2375.5910031144,-0.40159157622536,0.47016612074552,-0.854148264848551,0.39302284425777,0.998612025022071
"LPCHMCBP_02129",79.2675046590764,2.11474355693899,2.68344625258351,0.788070025588553,0.43065574695696,0.998612025022071
"LPCHMCBP_02133",1004.72727042926,0.0693914652507376,0.591496476090346,0.117315094942575,0.90661036359479,0.998612025022071
"LPCHMCBP_02134",846.939621888628,-0.505659227264851,0.657391949314484,-0.769189868832655,0.441780603861376,0.998612025022071
"LPCHMCBP_02135",741.969713747654,-0.447322593728828,0.730864351843824,-0.612045987193552,0.540507331927276,0.998612025022071
"LPCHMCBP_02138",18.069416962066,-3.0335285539441,3.04327196109055,-0.996798377775292,0.318862385850426,0.998612025022071
"LPCHMCBP_02143",92.6986861637345,-3.10212591149209,3.16028840344679,-0.981595827807594,0.326299003742515,0.998612025022071
"LPCHMCBP_02144",233.794448281748,0.648470636475553,2.31987694329773,0.279528032014382,0.779839628579902,0.998612025022071
"LPCHMCBP_02145",483.937347044623,-0.00698750199635326,1.58600596115413,-0.00440572240426415,0.996484753486509,0.998612025022071
"LPCHMCBP_02146",799.537382074556,-0.00445366906393582,0.716723069450391,-0.00621393290347282,0.995042030781454,0.998612025022071
"LPCHMCBP_02154",168.129382913765,-1.37520257664792,1.866910996007,-0.73661924943891,0.46135392554756,0.998612025022071
"LPCHMCBP_02161",1392.63025775457,-0.223943687663608,0.82863741440346,-0.270255341806919,0.786963819459463,0.998612025022071
"LPCHMCBP_02175",1243.35790850505,0.359784570860042,0.564971806321597,0.636818628530364,0.524242990544101,0.998612025022071
"LPCHMCBP_02176",4366.3735153666,-0.15044141268466,0.339610123760821,-0.442982709168624,0.657778241404292,0.998612025022071
"LPCHMCBP_02179",1724.19730045368,0.433365584813749,0.5442535198612,0.796256834359599,0.425882769429523,0.998612025022071
"LPCHMCBP_02180",1833.02683748035,0.105964560337755,0.411522159777013,0.257494178187567,0.796797308965714,0.998612025022071
"LPCHMCBP_02187",11.909589921006,0.0352325604191031,3.74012641039108,0.00942015230319958,0.992483917078981,0.998612025022071
"LPCHMCBP_02189",840.835095810598,0.542348672823818,0.821530698378271,0.660168480489448,0.509145716772788,0.998612025022071
"LPCHMCBP_02190",26.8484537534447,-0.650743030297905,3.29764542040645,-0.197335658427975,0.843564876546318,0.998612025022071
"LPCHMCBP_02191",1889.68722954179,-0.188766804565427,0.44682506491214,-0.422462434157637,0.672687514845339,0.998612025022071
"LPCHMCBP_02192",79.1412408722546,1.15243740281215,3.33699396671776,0.345351958770749,0.729829789199261,0.998612025022071
"LPCHMCBP_02194",13.5986265875002,2.8345139910551,3.75784991813303,0.754291430686871,0.45067424676977,0.998612025022071
"LPCHMCBP_02195",925.820213844665,-0.00289906586196396,0.533315344706134,-0.00543593183796614,0.995662775273286,0.998612025022071
"LPCHMCBP_02196",90.0551877741385,-1.15607347045548,1.658024711526,-0.697259493431467,0.485640412863049,0.998612025022071
"LPCHMCBP_02199",31.7503532362593,-0.650882097783482,2.63586125239248,-0.246933368436103,0.804959791529676,0.998612025022071
"LPCHMCBP_02200",507.57255243664,-0.346616649340062,0.929208339226837,-0.373023610214766,0.709130871740931,0.998612025022071
"LPCHMCBP_02204",58.9261538073053,-1.65508506029483,2.8884703515558,-0.572997074179196,0.566646675014348,0.998612025022071
"LPCHMCBP_02205",115.910621104727,-0.749436430331963,2.27202495108404,-0.329853961319565,0.741510311801844,0.998612025022071
"LPCHMCBP_02207",378.488635239553,0.584142320733048,0.986555218744768,0.592103016267325,0.553781607258998,0.998612025022071
"LPCHMCBP_02208",2271.99583187638,-0.164698883515385,0.351585849124202,-0.468445712265293,0.639465884704253,0.998612025022071
"LPCHMCBP_02209",239.528799355641,1.29144680833631,1.75488978715984,0.735913342128694,0.461783437061535,0.998612025022071
"LPCHMCBP_02212",414.260266193629,0.840273662485893,0.967201833445021,0.868767648519617,0.384974231550693,0.998612025022071
"LPCHMCBP_02213",274.629094747979,-0.602202855997684,0.984839918211835,-0.611472834175019,0.540886597462203,0.998612025022071
"LPCHMCBP_02218",156.484069942971,0.886776823393429,2.4454435045366,0.36262413003954,0.716885682336764,0.998612025022071
"LPCHMCBP_02221",1115.73071583407,0.505227472761992,0.646509515666843,0.781469507437758,0.434526404152016,0.998612025022071
"LPCHMCBP_02222",151.176565846977,-1.27256147074086,1.30895341979,-0.972197674494044,0.330952217269702,0.998612025022071
"LPCHMCBP_02238",23.2670091072964,0.13920413962472,3.73277460452726,0.0372924042764027,0.970251861791139,0.998612025022071
"LPCHMCBP_02240",1226.18267292178,0.349738014545794,0.53373630194494,0.655263682217876,0.51229799936174,0.998612025022071
"LPCHMCBP_02243",10.2392996514626,-2.63860280410778,3.75927826682045,-0.701890793080204,0.482747271088431,0.998612025022071
"LPCHMCBP_02244",85.2041612700092,-1.35782558443161,2.65630376857011,-0.511171049221726,0.609231288861338,0.998612025022071
"LPCHMCBP_02248",124.597438121023,0.692562291969292,3.15694357595085,0.21937746915882,0.826356019573354,0.998612025022071
"LPCHMCBP_02252",3271.76742381843,-0.225044049041351,0.254605511532401,-0.883893077124971,0.376753934680377,0.998612025022071
"LPCHMCBP_02256",4043.21355128006,0.206760206712696,0.279011219303784,0.741046210358939,0.458665422095684,0.998612025022071
"LPCHMCBP_02257",61.2686021811471,-0.405976955809486,2.26200722673311,-0.179476418559376,0.85756363194824,0.998612025022071
"LPCHMCBP_02258",2073.98244149998,0.0496779263468405,0.368301719656998,0.134883775164302,0.892703767853879,0.998612025022071
"LPCHMCBP_02262",279.10487790848,-0.114943920993918,2.2964111827832,-0.0500537194103928,0.960079580036487,0.998612025022071
"LPCHMCBP_02263",4121.08480108283,-0.0994359887348936,0.290739407068343,-0.342010702083875,0.732342838303528,0.998612025022071
"LPCHMCBP_02264",2483.94674469683,-0.281909334160379,0.405347859994127,-0.695475077047313,0.48675762485298,0.998612025022071
"LPCHMCBP_02269",3046.90813707078,0.446096634143987,0.479116807188789,0.931081163195784,0.351811581693155,0.998612025022071
"LPCHMCBP_02270",238.886881529913,-0.508154858341177,1.14180266277613,-0.445046131794501,0.656286416445448,0.998612025022071
"LPCHMCBP_02271",4750.45349358115,-0.256000335975067,0.483458885608747,-0.529518318093843,0.596445940547567,0.998612025022071
"LPCHMCBP_02273",28.2276198097731,0.426043664005034,1.92047615464714,0.221842725291903,0.824436318066079,0.998612025022071
"LPCHMCBP_02275",2291.11317010859,-0.0969768984498483,0.425699468500096,-0.227806012517552,0.819797052274789,0.998612025022071
"LPCHMCBP_02282",1531.09219862823,0.48612252245408,0.651550023448698,0.746101611478733,0.455606035945971,0.998612025022071
"LPCHMCBP_02284",2114.56026827838,-0.0561378595607132,0.442525017938176,-0.126858047082337,0.899052751874904,0.998612025022071
"LPCHMCBP_02289",742.174025951158,-0.563069532585775,0.679348060590501,-0.828838065860297,0.407196045130183,0.998612025022071
"LPCHMCBP_02293",230.15519891332,0.626448503171433,1.83795931449295,0.340839156901717,0.733224670628843,0.998612025022071
"LPCHMCBP_02296",739.544457393123,0.377321809089382,1.53359037803798,0.246038195396162,0.805652665440626,0.998612025022071
"LPCHMCBP_02298",2427.35883743636,0.064544165468086,0.424866725244458,0.151916263696454,0.879252980605282,0.998612025022071
"LPCHMCBP_02305",66.9198504577156,-0.56298127965012,3.46436308140156,-0.162506430885517,0.870907064475642,0.998612025022071
"LPCHMCBP_02306",40.679837270993,0.485209440241256,2.63286852864227,0.184289278010957,0.853786524781085,0.998612025022071
"LPCHMCBP_02309",106.303446134073,-1.24413692583398,1.91544474934628,-0.649529006910061,0.515996503674687,0.998612025022071
"LPCHMCBP_02313",857.162917146081,-0.29417990133164,0.896808934757275,-0.328029628084895,0.742889260975785,0.998612025022071
"LPCHMCBP_02315",6945.21702229327,-0.15412294271422,0.238986958974605,-0.644901058097471,0.518991306002053,0.998612025022071
"LPCHMCBP_02326",87.8149079620154,-0.147714793181395,2.6431800251571,-0.0558852563107637,0.955433216232983,0.998612025022071
"LPCHMCBP_02327",160.286772399755,-1.35805550520643,1.79056436495695,-0.7584510960817,0.448180978938918,0.998612025022071
"LPCHMCBP_02328",631.958139644676,0.525306654137349,0.709699969373536,0.740181311549225,0.459189985748192,0.998612025022071
"LPCHMCBP_02329",240.392190218951,0.149262111956823,0.981640541762179,0.152053736176052,0.879144553004627,0.998612025022071
"LPCHMCBP_02330",14.9768848721375,0.0186195113284317,3.73702131250192,0.00498244718758802,0.996024598762091,0.998612025022071
"LPCHMCBP_02331",1738.09095236468,0.159393255399791,0.532110781130213,0.29954900568118,0.764521186359374,0.998612025022071
"LPCHMCBP_02332",354.967953922744,0.601808195933976,1.11250232764601,0.540950055544934,0.588542008059368,0.998612025022071
"LPCHMCBP_02333",165.833006950343,-0.404470265678064,1.80005189121167,-0.224699225423886,0.822213267224361,0.998612025022071
"LPCHMCBP_02335",192.132061878049,0.294236125403494,2.99629044389703,0.0982001347709152,0.921773375451019,0.998612025022071
"LPCHMCBP_02337",1548.69080676072,0.336652569438667,0.55600588243832,0.605483826829861,0.54485756765762,0.998612025022071
"LPCHMCBP_02342",834.479594531831,-0.384288185967527,0.676482165487788,-0.568068465915033,0.569988479053569,0.998612025022071
"LPCHMCBP_02343",2365.42086519282,-0.0746440447622492,0.570562291942116,-0.130825408226981,0.895913422878645,0.998612025022071
"LPCHMCBP_02344",4690.95368595576,0.056085287606587,0.333710588172074,0.168065652078343,0.866531630618263,0.998612025022071
"LPCHMCBP_02345",1590.80821478849,-0.14884723511013,0.582650808098674,-0.255465594557148,0.798363513739981,0.998612025022071
"LPCHMCBP_02346",728.536568461216,-0.229378265759163,0.713800387518905,-0.321347914304807,0.747946749862775,0.998612025022071
"LPCHMCBP_02348",970.423562972719,0.00696071653842369,0.600866399203304,0.0115844662767846,0.990757139944827,0.998612025022071
"LPCHMCBP_02350",110.579496779139,-1.94460877096269,2.5673766850161,-0.757430252565564,0.448792137317159,0.998612025022071
"LPCHMCBP_02351",605.644464655324,0.105174113512285,0.523366673231624,0.200956841334333,0.840732321208693,0.998612025022071
"LPCHMCBP_02353",1516.14409013889,-0.277388489894427,0.621737592751473,-0.446150422828474,0.655488592060625,0.998612025022071
"LPCHMCBP_02355",827.559484305578,0.671054933046498,0.819680783532396,0.818678376421857,0.412969936896916,0.998612025022071
"LPCHMCBP_02356",974.75886852401,0.0847102290003351,0.610389826860345,0.138780538719097,0.889623573004456,0.998612025022071
"LPCHMCBP_02357",767.966943103717,0.309382237039882,0.671138437714615,0.460981251637742,0.644812056175324,0.998612025022071
"LPCHMCBP_02358",164.430313829528,-1.66646130443767,2.41693098874788,-0.689494781686341,0.490511955982107,0.998612025022071
"LPCHMCBP_02360",799.608882504307,0.139308400155693,0.68745348369426,0.202644111143453,0.83941320952585,0.998612025022071
"LPCHMCBP_02364",152.633398292952,-0.105701154576401,2.46376291370132,-0.042902323916227,0.965779396240707,0.998612025022071
"LPCHMCBP_02365",129.821057378257,-1.39867413123727,1.96036866156627,-0.71347505122826,0.475551846017124,0.998612025022071
"LPCHMCBP_02367",402.982767701042,0.0383859440442412,0.759379746586099,0.0505490753694851,0.959684842872703,0.998612025022071
"LPCHMCBP_02368",112.416040343068,-0.33088253990167,3.21554779516613,-0.102900830893908,0.91804167824495,0.998612025022071
"LPCHMCBP_02369",5719.99078405961,-0.490670746955366,0.528848250028053,-0.927810098509996,0.353506084757056,0.998612025022071
"LPCHMCBP_02371",2625.82174492125,0.168974814305622,0.306470060473155,0.551358309013102,0.581388074320762,0.998612025022071
"LPCHMCBP_02376",211.768274209954,0.163705103339543,2.41602541043176,0.0677580221767153,0.945978260375031,0.998612025022071
"LPCHMCBP_02377",1055.75379878558,-0.22377404170944,0.697494435281483,-0.320825558442101,0.748342589580443,0.998612025022071
"LPCHMCBP_02379",12.470601819597,-1.54215759890768,3.74308160316115,-0.412002131507174,0.680337860919866,0.998612025022071
"LPCHMCBP_02384",1132.39547028833,-0.107315784201885,0.571983970328576,-0.187620265197708,0.851174339025728,0.998612025022071
"LPCHMCBP_02385",18.4676673756352,-1.16815226235921,3.73600716799954,-0.312673988520398,0.754528359526379,0.998612025022071
"LPCHMCBP_02388",3184.37309150537,-0.126105020452308,0.364809634371842,-0.345673492613335,0.729588107413851,0.998612025022071
"LPCHMCBP_02390",135.066671633441,-0.522990473306073,3.11778186649573,-0.167744407947915,0.866784358655426,0.998612025022071
"LPCHMCBP_02391",983.491317142386,-0.187682014115292,0.52783468355252,-0.355569688698975,0.722162846915599,0.998612025022071
"LPCHMCBP_02393",644.909611980629,-0.0967358716639608,0.669547266444406,-0.144479525960387,0.885121822733351,0.998612025022071
"LPCHMCBP_02394",104.63507944022,0.257281916708071,2.08683605433022,0.123288035097058,0.901879015158917,0.998612025022071
"LPCHMCBP_02395",240.660351700738,-0.980756689618826,1.74858003160479,-0.560887504084512,0.574874229124165,0.998612025022071
"LPCHMCBP_02396",3838.29801035868,0.0760946340551386,0.370350416804273,0.205466581384608,0.837207605269259,0.998612025022071
"LPCHMCBP_02399",590.281166780781,0.680086971975427,0.667879855079168,1.01827741442331,0.308546138636821,0.998612025022071
"LPCHMCBP_02400",81.0961898751352,-1.07026640393638,2.24299471166993,-0.477159575262465,0.633248494569345,0.998612025022071
"LPCHMCBP_02402",458.964436866172,-0.360399337368164,0.835030722840057,-0.431600092679698,0.666032091078903,0.998612025022071
"LPCHMCBP_02403",1215.70410035979,-0.0314013388897864,0.415434284704038,-0.0755867776107049,0.939747856306168,0.998612025022071
"LPCHMCBP_02404",1545.09457379151,0.370249710050464,0.370308042186044,0.999842476724957,0.317386745909056,0.998612025022071
"LPCHMCBP_02407",302.327565265669,0.190837562087489,1.05821077082811,0.180339840935609,0.856885779830363,0.998612025022071
"LPCHMCBP_02416",72.0042034757733,1.60422110008215,3.36959719911551,0.47608690454255,0.63401246613553,0.998612025022071
"LPCHMCBP_02426",750.230264761473,0.503947184665634,0.687089714530135,0.733451795316507,0.463282918334911,0.998612025022071
"LPCHMCBP_02429",160.365501050546,0.33608768094311,3.0868046545975,0.108878830554612,0.913298597579516,0.998612025022071
"LPCHMCBP_02430",88.3726962233922,2.11445731311832,2.521633298109,0.838526884422082,0.401734855129648,0.998612025022071
"LPCHMCBP_02432",229.597341149073,0.29288971465894,1.6863330866452,0.173684378832663,0.86211351481231,0.998612025022071
"LPCHMCBP_02441",3505.57465669649,-0.033292143573911,0.241433745670429,-0.137893497371145,0.89032458966014,0.998612025022071
"LPCHMCBP_02442",2405.55842194439,0.413264077437717,0.463374061972473,0.891858460265451,0.372468802312093,0.998612025022071
"LPCHMCBP_02445",450.715033889891,0.161407511647817,0.712442832525786,0.226555036108073,0.820769759116089,0.998612025022071
"LPCHMCBP_02448",300.172719346512,1.6436322951461,1.62767038390338,1.00980659929711,0.312587957793608,0.998612025022071
"LPCHMCBP_02449",183.237241742558,-0.468578010723033,2.39715003110848,-0.195472959406865,0.845022704616019,0.998612025022071
"LPCHMCBP_02451",268.705331532471,-0.384480330650832,1.5884267768475,-0.242051025741267,0.808740625685306,0.998612025022071
"LPCHMCBP_02455",141.440214228818,-0.521074421885741,2.46863962638303,-0.21107755717638,0.832826752474748,0.998612025022071
"LPCHMCBP_02458",107.974065891579,1.48984669020482,2.6400238107935,0.564330777667125,0.572529039108499,0.998612025022071
"LPCHMCBP_02460",180.451111445352,1.19761902657458,2.42559644630478,0.493742076675228,0.621488345181921,0.998612025022071
"LPCHMCBP_02468",12.1323044470595,1.32519423721736,3.74392725918124,0.353958329176289,0.723370112613204,0.998612025022071
"LPCHMCBP_02471",58.0666460778543,1.28053868857484,2.86967655706669,0.446231017018786,0.655430380024811,0.998612025022071
"LPCHMCBP_02477",502.638781239683,-0.372671953962942,0.831878412520281,-0.447988490089417,0.6541615033506,0.998612025022071
"LPCHMCBP_02478",352.488128995065,-0.131814343010052,0.833922595375695,-0.158065441254374,0.874405232107175,0.998612025022071
"LPCHMCBP_02485",225.674382375322,-0.905657486222935,1.85561068977812,-0.488064382907401,0.625504238271234,0.998612025022071
"LPCHMCBP_02487",91.3586559313541,2.07996486071952,2.82083395253937,0.73735813440812,0.460904587846857,0.998612025022071
"LPCHMCBP_02493",91.4838045416658,-1.84623688342526,3.29307765998985,-0.560641768597388,0.575041771424514,0.998612025022071
"LPCHMCBP_02508",430.371894341998,0.866760664170571,0.872805060889629,0.993074746023016,0.320673529923101,0.998612025022071
"LPCHMCBP_02512",325.077304356528,0.695848924395094,1.63354954554692,0.42597356553524,0.670127108215208,0.998612025022071
"LPCHMCBP_02514",329.442948690255,0.0598900285622985,0.774872197027171,0.0772902019095137,0.93839268533506,0.998612025022071
"LPCHMCBP_02517",414.866448789737,0.197559591636898,0.88296729789701,0.223745083320109,0.822955663704428,0.998612025022071
"LPCHMCBP_02521",141.267975624775,-1.07283074113413,3.10733994322683,-0.345256959565243,0.729901200747102,0.998612025022071
"LPCHMCBP_02524",311.342198290798,0.804492197419062,0.98205358534518,0.81919378883617,0.412675858062792,0.998612025022071
"LPCHMCBP_02530",12.6993179858353,-2.08819836030635,3.74662806524576,-0.557354059154355,0.577285547306276,0.998612025022071
"LPCHMCBP_02537",796.435626352214,0.515843496004494,0.707919465819159,0.728675394463963,0.466200247470451,0.998612025022071
"LPCHMCBP_02538",2558.20231931804,0.0411240219299774,0.462496558606481,0.0889174657945252,0.929147502836136,0.998612025022071
"LPCHMCBP_02540",426.531501609911,-0.537957705510427,0.797270494564488,-0.674749296729321,0.499835058824126,0.998612025022071
"LPCHMCBP_02553",28.1703122037812,0.44919376406921,3.73162409452687,0.120374869678872,0.904186197721291,0.998612025022071
"LPCHMCBP_02555",2570.43469418701,0.105956997366022,0.447941687679101,0.236541943472625,0.813012164341197,0.998612025022071
"LPCHMCBP_02556",70.7282481121031,2.9837701227568,3.29895928407166,0.904458002001816,0.365752594324099,0.998612025022071
"LPCHMCBP_02558",1845.33679936491,0.110777132286607,0.317862347510923,0.348506619780754,0.727459743205472,0.998612025022071
"LPCHMCBP_02561",407.853330550243,-0.223967393703175,0.733008146142425,-0.305545572558559,0.759950666407307,0.998612025022071
"LPCHMCBP_02574",562.955620295424,0.0817820022611608,0.921068956906133,0.0887903143928183,0.929248555282768,0.998612025022071
"LPCHMCBP_02577",5812.97205219853,0.114166754431281,0.362329145553677,0.315091280489795,0.752692348741246,0.998612025022071
"LPCHMCBP_02581",459.530305607557,0.510772792334226,1.16509995851079,0.438393966631916,0.661100719318366,0.998612025022071
"LPCHMCBP_02582",111.148420265633,2.71776210950813,3.08497202069183,0.880968155068921,0.378335056338183,0.998612025022071
"LPCHMCBP_02583",217.47920747714,-0.991332737494487,1.11154118995262,-0.89185425286556,0.372471057762344,0.998612025022071
"LPCHMCBP_02589",351.502599092698,0.563965329406314,1.05685204420628,0.533627514369682,0.593599268196409,0.998612025022071
"LPCHMCBP_02590",90.4259488528697,-0.383862733739527,2.2346565843205,-0.171777058019968,0.863612802456183,0.998612025022071
"LPCHMCBP_02593",197.324918232997,-2.18631989329736,2.90480416314525,-0.752656554626411,0.45165632340658,0.998612025022071
"LPCHMCBP_02596",927.238078652261,0.168135033057665,0.512644159995794,0.327976101510733,0.742929732311017,0.998612025022071
"LPCHMCBP_02597",3064.72860882149,-0.108054615066635,0.322060985480599,-0.335509794535931,0.737240557494522,0.998612025022071
"LPCHMCBP_02598",1215.18258433485,-0.0337684578745842,0.625281900118545,-0.0540051740953674,0.956931041927707,0.998612025022071
"LPCHMCBP_02599",44.2895312738527,-0.383898522705566,2.05770272318027,-0.186566562011559,0.852000486016301,0.998612025022071
"LPCHMCBP_02600",361.3989495334,0.514230671747132,1.00326168563814,0.512558865855669,0.60825993314153,0.998612025022071
"LPCHMCBP_02603",1351.18729271497,-0.251194682319205,0.593351008918617,-0.423349212428252,0.672040493731726,0.998612025022071
"LPCHMCBP_02606",260.74168864566,-0.0926410263620265,1.7880725886164,-0.0518105511777413,0.958679648220512,0.998612025022071
"LPCHMCBP_02607",143.690308546563,2.87330899621363,2.99930758268917,0.957990775203333,0.338067410228682,0.998612025022071
"LPCHMCBP_02612",85.5679122307813,-1.05204802112514,2.71227603373142,-0.38788383189663,0.69810200352514,0.998612025022071
"LPCHMCBP_02613",248.464362928419,-0.606709061456534,1.79446945397186,-0.338099408777147,0.735288276064556,0.998612025022071
"LPCHMCBP_02614",639.247851227079,0.0810818800082758,0.827884823082985,0.0979385993649849,0.921981049445105,0.998612025022071
"LPCHMCBP_02618",55.7822127433924,1.72716857746445,3.54972532071749,0.486564007469553,0.626567335309221,0.998612025022071
"LPCHMCBP_02625",202.10987790814,0.892294014320526,2.645920265967,0.337233901488872,0.73594058288202,0.998612025022071
"LPCHMCBP_02626",706.080229341088,0.288802763721287,0.746289080422539,0.386985112468443,0.698767229487635,0.998612025022071
"LPCHMCBP_02640",740.529222723498,0.258168831904842,0.582382550502009,0.443297677243768,0.657550435649412,0.998612025022071
"LPCHMCBP_02642",3212.06034338257,0.243251046440071,0.315462119921965,0.771094312370193,0.440651031606405,0.998612025022071
"LPCHMCBP_02643",117.626438208656,-0.108685675705782,2.03367153118534,-0.0534430826409972,0.957378879256048,0.998612025022071
"LPCHMCBP_02649",334.407927777496,-0.446512544381813,1.21355475024227,-0.367937700620983,0.712919688050108,0.998612025022071
"LPCHMCBP_02657",9752.29302853049,0.151865369939405,0.25131800310264,0.604275730606464,0.545660338957207,0.998612025022071
"LPCHMCBP_02658",27.0639443340634,-1.19012580490878,3.73254187686037,-0.318851293347002,0.749839280200697,0.998612025022071
"LPCHMCBP_02667",16.4910149973899,-1.41960495386254,3.73817575051327,-0.379758750954291,0.704124504397196,0.998612025022071
"LPCHMCBP_02671",1531.99349844304,0.340364422082324,0.588787278670569,0.578077065202289,0.56321209049445,0.998612025022071
"LPCHMCBP_02672",137.826206978335,-0.116309037045997,2.47031820312348,-0.0470826134458854,0.962447384429097,0.998612025022071
"LPCHMCBP_02676",1751.31224044361,0.221321029726967,0.617473750643853,0.35842985956276,0.720021649320878,0.998612025022071
"LPCHMCBP_02682",23.9695859805099,1.32621457705419,3.41497156070959,0.388353037053877,0.697754793176522,0.998612025022071
"LPCHMCBP_02684",887.812880464505,-0.484259977576638,0.515353558392388,-0.939665535806633,0.347389148575164,0.998612025022071
"LPCHMCBP_02692",87.7724303881001,0.323216028282153,3.30729582804744,0.0977281879477268,0.922148131945204,0.998612025022071
"LPCHMCBP_02695",96.7194600837773,0.034040346424202,3.26459815962034,0.0104271168333197,0.991680515220952,0.998612025022071
"LPCHMCBP_02698",89.7897601491698,-0.385953465980029,3.33720533222865,-0.115651698818988,0.907928588038605,0.998612025022071
"LPCHMCBP_02704",288.146532833735,-0.578585185767082,0.936356600691485,-0.617911151947672,0.536633907392866,0.998612025022071
"LPCHMCBP_02708",262.22708751432,-0.172765141176856,0.930541238880176,-0.185660918569029,0.852710677855428,0.998612025022071
"LPCHMCBP_02714",365.497850521378,0.558969945259866,0.957592087505242,0.583724482014171,0.55940569319276,0.998612025022071
"LPCHMCBP_02716",249.850931371233,0.730200589060881,1.75798963297744,0.415361146256686,0.677877545133435,0.998612025022071
"LPCHMCBP_02724",644.52934669477,0.00185702629992611,0.712346683996859,0.00260691365825787,0.997919986196692,0.998612025022071
"LPCHMCBP_02728",276.197815995078,0.144912462970202,0.963700134980902,0.150370906581926,0.880471993445917,0.998612025022071
"LPCHMCBP_02729",693.93052063192,0.398945939339,0.698927715914979,0.570797137178531,0.568137163763604,0.998612025022071
"LPCHMCBP_02730",3155.86141209282,0.329925272459796,0.461994446657058,0.714132550395574,0.475145219871128,0.998612025022071
"LPCHMCBP_02731",3348.16773461073,0.202349944121687,0.385306050001351,0.525166796942269,0.599467244363296,0.998612025022071
"LPCHMCBP_02732",56.0376357234321,0.387531597272247,2.1780618053585,0.177924977298089,0.858781894767574,0.998612025022071
"LPCHMCBP_02733",218.539905641839,1.52688627903357,1.68648865059172,0.905364099840133,0.365272528165104,0.998612025022071
"LPCHMCBP_02735",170.819093422686,0.675214609290511,2.44382785285545,0.276293851263528,0.782322378165379,0.998612025022071
"LPCHMCBP_02741",334.443789992159,0.347553249320984,2.28889810156254,0.15184304145463,0.879310733539528,0.998612025022071
"LPCHMCBP_02745",183.28113367907,1.30781567552785,1.76519366648442,0.740890759104361,0.458759678964873,0.998612025022071
"LPCHMCBP_02747",549.708869603176,-0.727048479764922,1.64486640387812,-0.442010656944997,0.6584814942469,0.998612025022071
"LPCHMCBP_02748",25.8142482635475,0.951277210638202,3.3215488001279,0.286395674994019,0.774575086893041,0.998612025022071
"LPCHMCBP_02786",190.07914025853,0.52325068102742,2.52267592232411,0.207418906406874,0.83568271847582,0.998612025022071
"LPCHMCBP_02794",2196.59628351961,0.0859092251964208,0.458364141082335,0.187425711342871,0.851326865048653,0.998612025022071
"LPCHMCBP_02796",243.182872579458,-1.67638996541435,1.72431431384142,-0.972206721221085,0.330947717513896,0.998612025022071
"LPCHMCBP_02799",1141.34009146003,-0.232033406137501,0.557076609838828,-0.416519742598118,0.677029723839454,0.998612025022071
"LPCHMCBP_02801",374.034380365371,-0.119142568313235,0.743479706049423,-0.160249926586853,0.87268420180495,0.998612025022071
"LPCHMCBP_02811",1783.95467189988,-0.111634756168632,0.395986190903881,-0.281915780734206,0.778008088845603,0.998612025022071
"LPCHMCBP_02813",79.2225801252532,-1.68593730139601,3.32469378367734,-0.507095513479515,0.612087802843748,0.998612025022071
"LPCHMCBP_02815",240.709787124551,-1.38832086349741,1.73322816674909,-0.80100294360055,0.423129941743495,0.998612025022071
"LPCHMCBP_02816",512.058686956732,-0.938255209568662,1.5969342321621,-0.587535285218572,0.556844259722194,0.998612025022071
"LPCHMCBP_02821",165.066385168818,0.861333591963497,3.02063681111952,0.285149670689561,0.775529477216292,0.998612025022071
"LPCHMCBP_02832",86.3030981139009,-0.695853599583181,3.33129195380528,-0.208884003333397,0.834538792196829,0.998612025022071
"LPCHMCBP_02833",1281.21839188677,0.117304219151234,0.614202808735531,0.19098613272826,0.848536457661297,0.998612025022071
"LPCHMCBP_02834",5355.95476364764,0.192586717834258,0.278381362454182,0.691808949192696,0.48905731583943,0.998612025022071
"LPCHMCBP_02836",385.611267696318,-0.121109142596666,0.878507639972979,-0.137857813735566,0.890352791747517,0.998612025022071
"LPCHMCBP_02839",2972.20113349222,0.0290245518837598,0.332099513428286,0.0873971526911838,0.930355832543579,0.998612025022071
"LPCHMCBP_02841",2994.03127300271,0.0350234056854788,0.291935976573809,0.119969474459836,0.904507329127944,0.998612025022071
"LPCHMCBP_02844",261.919921245844,0.343179954195907,1.79823875739742,0.190842263177882,0.848649175931316,0.998612025022071
"LPCHMCBP_02846",1001.72656229231,0.312566521275132,0.718042611653018,0.435303582548628,0.663342084825228,0.998612025022071
"LPCHMCBP_02850",430.385917113702,0.700410628039637,0.964159597122763,0.72644677305479,0.467564926389456,0.998612025022071
"LPCHMCBP_02853",360.082468439718,0.130681074135186,1.01615773138936,0.128603139156861,0.897671682250127,0.998612025022071
"LPCHMCBP_02855",4108.75502310654,0.37729065615928,0.37663898420486,1.00173022969408,0.316473902383729,0.998612025022071
"LPCHMCBP_02856",236.857306651939,-1.7058165231997,1.72050154778728,-0.991464683884498,0.321458728857011,0.998612025022071
"LPCHMCBP_02857",1089.22346638278,-0.628822168245962,0.623637608778288,-1.00831341695032,0.313304023924029,0.998612025022071
"LPCHMCBP_02859",103.092968703074,-1.23882425539752,2.6703001630517,-0.463926966915116,0.642700071462204,0.998612025022071
"LPCHMCBP_02860",108.281177866461,-1.87667634026832,3.15749135121046,-0.594356763494816,0.552273520312986,0.998612025022071
"LPCHMCBP_02866",1013.11982680306,0.625862616548441,1.4558646715258,0.429890654529389,0.667275183930335,0.998612025022071
"LPCHMCBP_02873",428.077572943172,-0.692352600870065,1.04815850546234,-0.66054189062242,0.508906145364928,0.998612025022071
"LPCHMCBP_02875",77.7531656743596,0.81967568727261,2.36586481308495,0.346459224017877,0.728997623335629,0.998612025022071
"LPCHMCBP_02876",1115.32431707594,-0.227487553809885,0.583817518196247,-0.389655237672085,0.696791500416919,0.998612025022071
"LPCHMCBP_02882",2750.23253044575,-0.180847872818212,0.366599353015456,-0.493312034870361,0.621792126042687,0.998612025022071
"LPCHMCBP_02883",79.8168141701342,-2.18842803438325,3.29695914066914,-0.663771657764341,0.506836468173742,0.998612025022071
"LPCHMCBP_02884",195.776077853541,-1.24496245869784,1.80659351997364,-0.689121512356584,0.490746803397323,0.998612025022071
"LPCHMCBP_02885",1001.02826842919,-0.341109300307025,0.531319390143181,-0.64200423819485,0.52087043117926,0.998612025022071
"LPCHMCBP_02895",131.742534204948,1.38390944978293,2.54086659641317,0.544660413001035,0.585987096258368,0.998612025022071
"LPCHMCBP_02898",250.000463354546,-0.634659729298078,1.81011845785231,-0.350617787772353,0.725875110003807,0.998612025022071
"LPCHMCBP_02899",358.803313880824,0.132509189857474,1.15616982883882,0.114610489352207,0.908753865200422,0.998612025022071
"LPCHMCBP_02901",790.810832109531,-1.04303511831351,1.15515485059254,-0.902939651578729,0.366557924718898,0.998612025022071
"LPCHMCBP_02903",1663.75667398228,0.186683586212571,0.519341157696956,0.359462336935567,0.719249248303611,0.998612025022071
"LPCHMCBP_02905",1975.00029996795,0.102472920740943,0.503586007833503,0.203486433592139,0.838754848295353,0.998612025022071
"LPCHMCBP_02907",471.796715242949,0.549938631249728,0.825594528910831,0.666112252433694,0.505339353585924,0.998612025022071
"LPCHMCBP_02908",168.56723074102,-0.546571077765891,1.86462179804833,-0.293127045032927,0.76942504530565,0.998612025022071
"LPCHMCBP_02909",197.767280742689,0.959306152640681,1.18667832684147,0.808396117921882,0.41886258603764,0.998612025022071
"LPCHMCBP_02911",123.006656617208,-2.17360300956344,2.51838310135086,-0.863094661172685,0.388085423068058,0.998612025022071
"LPCHMCBP_02912",341.698223588626,-2.10375768446136,2.20754263023231,-0.952986209937867,0.340597057755957,0.998612025022071
"LPCHMCBP_02914",445.819723400042,-0.867264564047189,1.65903350007079,-0.522752894387112,0.601146224028218,0.998612025022071
"LPCHMCBP_02916",288.214852828849,0.649583129192359,1.47716973663702,0.439748468358974,0.660119294163239,0.998612025022071
"LPCHMCBP_02918",403.101152695093,-0.0959950625064904,0.895828601691993,-0.107157845066768,0.914663757568113,0.998612025022071
"LPCHMCBP_02929",358.24311497336,0.758922978584616,1.06561808125172,0.712190410370245,0.476346874413575,0.998612025022071
"LPCHMCBP_02930",89.1201777865037,-1.39015637479939,2.88155985463433,-0.482431892769341,0.629499169646936,0.998612025022071
"LPCHMCBP_02938",728.812752275495,-0.50399576698995,0.6123370116823,-0.823069253327185,0.41046861229294,0.998612025022071
"LPCHMCBP_02942",199.552728067117,-0.98495957694292,1.86984148263331,-0.526761004123086,0.598359566171232,0.998612025022071
"LPCHMCBP_02944",59.5565575362672,-1.03033015800355,2.19495425911881,-0.469408487089469,0.638777683074268,0.998612025022071
"LPCHMCBP_02945",1709.21879641975,-0.540133639593534,0.688059971406273,-0.78500953701695,0.432447976952205,0.998612025022071
"LPCHMCBP_02946",29.7217089273662,1.45041226645615,2.52666349023721,0.574042515776401,0.565939031259903,0.998612025022071
"LPCHMCBP_02947",214.731160084427,1.02845371449091,1.0659577483201,0.96481658500227,0.334636687427369,0.998612025022071
"LPCHMCBP_02949",154.823463716703,1.71385161684951,2.50456341677513,0.684291563699458,0.493791073097433,0.998612025022071
"LPCHMCBP_02950",248.059025825177,-1.10465651394792,1.929825439174,-0.572412660505051,0.567042440680304,0.998612025022071
"LPCHMCBP_02957",533.589871982277,-0.0695361862896589,0.681974928157916,-0.101962965819701,0.918786070826261,0.998612025022071
"LPCHMCBP_02959",303.907459298196,-0.654823605031689,1.73792347461033,-0.376785062517502,0.706333342416461,0.998612025022071
"LPCHMCBP_02960",2447.88879744166,-0.284185827354023,0.343133397651908,-0.828208006853111,0.407552710109711,0.998612025022071
"LPCHMCBP_02963",7658.59795501123,-0.106570439395518,0.244672998066264,-0.435562731636842,0.663154015404437,0.998612025022071
"LPCHMCBP_02966",84.5575366578612,1.12337437326656,3.3045150186425,0.33995135955776,0.733893158098962,0.998612025022071
"LPCHMCBP_02969",301.052882467372,-0.669013798978116,1.65669097014,-0.403825342828772,0.686341159058761,0.998612025022071
"LPCHMCBP_02970",172.064179650542,-0.266612464476021,1.80734076269602,-0.147516434077608,0.882724409114791,0.998612025022071
"LPCHMCBP_02971",499.269034454652,-0.233967130430237,0.800107093625269,-0.292419767671521,0.769965695993164,0.998612025022071
"LPCHMCBP_02974",535.26058408427,0.173209456197574,0.769435591029868,0.225112352764626,0.821891871480683,0.998612025022071
"LPCHMCBP_02978",157.271189563374,-0.584019132954834,2.42900324199183,-0.240435715711901,0.809992492976866,0.998612025022071
"LPCHMCBP_02979",528.340880735997,-0.169447878429706,0.849738433411507,-0.199411809289843,0.841940623513746,0.998612025022071
"LPCHMCBP_02980",358.539636382444,-0.0539790712321972,1.48068562937921,-0.0364554569593739,0.970919195277634,0.998612025022071
"LPCHMCBP_02981",1110.70485617508,0.0259556378360159,0.538107168111571,0.048235071699759,0.961528899532026,0.998612025022071
"LPCHMCBP_02988",329.766441111872,-0.0587465257893004,1.65400939472014,-0.0355176494020098,0.971666973066391,0.998612025022071
"LPCHMCBP_02992",2766.21646788264,-0.636403081658733,0.718992701853244,-0.885131490234001,0.376085717172124,0.998612025022071
"LPCHMCBP_02994",52.0747758772888,-1.57576051773605,2.87523367011796,-0.548046071563778,0.583660268598904,0.998612025022071
"LPCHMCBP_03009",1625.91425774455,-0.0277670527423777,0.448769209380292,-0.0618737920561024,0.95066333840751,0.998612025022071
"LPCHMCBP_03011",139.817593080805,-1.17404056317744,2.50256188359686,-0.469135477077606,0.638972801954759,0.998612025022071
"LPCHMCBP_03012",772.711478624624,-0.191859451455072,0.635426259117285,-0.301938185119383,0.762699185898777,0.998612025022071
"LPCHMCBP_03013",770.4860825816,-0.370487325694281,0.664071749936454,-0.557902554550367,0.576910927050991,0.998612025022071
"LPCHMCBP_03014",163.964649915092,-1.00066464818244,2.44524391344228,-0.409228970035041,0.682371636201959,0.998612025022071
"LPCHMCBP_03018",198.816783268378,-1.17040105694076,1.73469684131909,-0.674700633022867,0.499865982288578,0.998612025022071
"LPCHMCBP_03027",175.903243852463,1.08144279234315,1.74850358065734,0.618496183997854,0.536248312474799,0.998612025022071
"LPCHMCBP_03039",640.083594751647,-0.023119623291666,0.828568787577815,-0.027903082566328,0.977739449869664,0.998612025022071
"LPCHMCBP_03040",41.0466563356491,-0.856960162650906,3.72962937596457,-0.2297708636074,0.818269826483229,0.998612025022071
"LPCHMCBP_03042",103.216356178726,-0.791329745953253,1.95122910935579,-0.405554500063047,0.685069966199488,0.998612025022071
"LPCHMCBP_03044",781.240399150857,-0.388767651972098,0.527152751171628,-0.737485768798587,0.460826994403402,0.998612025022071
"LPCHMCBP_03047",1577.79477900884,-0.239985650520567,0.62783754602429,-0.382241635659174,0.702282141509656,0.998612025022071
"LPCHMCBP_03072",135.463230809962,-0.0761919021071541,1.02473978369068,-0.0743524388530551,0.940729952293073,0.998612025022071
"LPCHMCBP_03073",7.01923454731671,1.815020394997,3.76408519526605,0.482194291797561,0.629667931465548,0.998612025022071
"LPCHMCBP_03074",271.177683621375,-0.314371672472008,0.840500111224605,-0.374029305021709,0.708382513694136,0.998612025022071
"LPCHMCBP_03075",435.381900420416,0.520229280219498,0.632999283403235,0.821848134523243,0.411163334626411,0.998612025022071
"LPCHMCBP_03076",170.131188026869,-0.65025987929624,2.41921483527546,-0.26878963778436,0.788091567845988,0.998612025022071
"LPCHMCBP_03077",707.130835901964,0.523959283693206,0.573909974437141,0.912964240091971,0.361261349268427,0.998612025022071
"LPCHMCBP_03084",123.208374661827,1.85390562313679,2.48889562635603,0.744870778631678,0.456349841848025,0.998612025022071
"LPCHMCBP_03087",518.982249817415,-0.899875375796549,1.56224100165517,-0.576015720265403,0.564604555986651,0.998612025022071
"LPCHMCBP_03090",100.586330258468,-0.970666007984559,1.94714305084902,-0.498507804838126,0.61812616947635,0.998612025022071
"LPCHMCBP_03094",23.9216299191739,0.13091216200261,3.73255671941438,0.0350730536314931,0.972021488275021,0.998612025022071
"LPCHMCBP_03098",54.7521900245827,2.03698544417592,3.51553913748406,0.579423344333386,0.562303556264732,0.998612025022071
"LPCHMCBP_03101",127.837370406867,-0.933439352670492,1.9653334007253,-0.474952164516214,0.634821069116651,0.998612025022071
"LPCHMCBP_03118",148.645657823162,-1.05216174544333,3.07895626906826,-0.341726758516689,0.732556532721545,0.998612025022071
"LPCHMCBP_03125",200.374737488267,-1.45269895014303,1.50708867496065,-0.963910733508078,0.335090682066653,0.998612025022071
"LPCHMCBP_03126",108.38741881035,-0.0862880166843794,3.22465484399201,-0.0267588380335173,0.978652083942411,0.998612025022071
"LPCHMCBP_03129",166.490596026673,-1.52111293536252,2.46864403804658,-0.616173458756805,0.537780043579126,0.998612025022071
"LPCHMCBP_03143",1148.88143097139,0.260787323859678,0.605558473260704,0.43065589100824,0.666718595539504,0.998612025022071
"LPCHMCBP_03146",195.305786807673,0.0199807008533048,0.982858704955235,0.0203291691395406,0.9837807869835,0.998612025022071
"LPCHMCBP_03160",187.558906345645,0.658975399796196,1.9093669688857,0.345127683957354,0.729998381861649,0.998612025022071
"LPCHMCBP_03161",433.67713830695,1.29523006729913,1.71052726201314,0.757211005087845,0.448923458028062,0.998612025022071
"LPCHMCBP_03165",3741.73751524446,0.257371473553681,0.364583314087022,0.705933221870514,0.480229666362904,0.998612025022071
"LPCHMCBP_03166",54.466435671403,0.802085985516385,3.00891454783477,0.266569878527648,0.789800350087538,0.998612025022071
"LPCHMCBP_03167",166.062732996224,-1.58063539407757,1.73590729232868,-0.91055288555023,0.362531004520008,0.998612025022071
"LPCHMCBP_03169",98.4157330327604,0.416496940485077,2.58876352059068,0.160886437549168,0.872182844414471,0.998612025022071
"LPCHMCBP_03174",1170.58842037276,0.173718028873223,0.647401026581738,0.268331407799042,0.788444232448755,0.998612025022071
"LPCHMCBP_03175",1088.75379620149,-0.288040001200696,0.637375995177812,-0.451915358249944,0.651329959847708,0.998612025022071
"LPCHMCBP_03178",1738.36478796204,-0.0707677381521452,0.407692396788912,-0.173581206589894,0.862194602758818,0.998612025022071
"LPCHMCBP_03179",1202.69170466219,0.331161015007607,0.574415894752351,0.576517847143456,0.564265210144657,0.998612025022071
"LPCHMCBP_03180",773.216958011936,-0.443668679757439,1.54101448784968,-0.287906884234768,0.773418017083143,0.998612025022071
"LPCHMCBP_03181",257.603005502464,0.341210825314294,1.72339212660964,0.197987921637744,0.843054513812784,0.998612025022071
"LPCHMCBP_03182",132.92111128378,-2.41052921393074,3.03763419981011,-0.793554804617826,0.427454652252654,0.998612025022071
"LPCHMCBP_03183",465.124786256913,0.56812982038649,1.62005449998413,0.350685622238051,0.725824213168471,0.998612025022071
"LPCHMCBP_03187",911.016091347193,-0.552045424484352,0.615721710616012,-0.896582684947142,0.369941640893969,0.998612025022071
"LPCHMCBP_03188",856.866051991289,0.132732042598426,0.52943159257381,0.250706690836402,0.802040887323714,0.998612025022071
"LPCHMCBP_03189",1229.73966348433,-0.312302508910061,0.5209033807579,-0.599540184315313,0.5488127215634,0.998612025022071
"LPCHMCBP_03190",223.260535256308,1.49223737692068,2.96515645055805,0.503257552106513,0.614783206192573,0.998612025022071
"LPCHMCBP_02609",257.508137330665,0.00134250347312142,1.74285246010155,0.000770290947658985,0.999385396806316,0.999385396806316
"LPCHMCBP_00001",0,NA,NA,NA,NA,NA
"LPCHMCBP_00002",0,NA,NA,NA,NA,NA
"LPCHMCBP_00003",0,NA,NA,NA,NA,NA
"LPCHMCBP_00004",0,NA,NA,NA,NA,NA
"LPCHMCBP_00005",0,NA,NA,NA,NA,NA
"LPCHMCBP_00006",0,NA,NA,NA,NA,NA
"LPCHMCBP_00022",0,NA,NA,NA,NA,NA
"LPCHMCBP_00024",24.6518180755833,21.3139589742752,3.90834170298504,5.45345330424831,NA,NA
"LPCHMCBP_00025",0,NA,NA,NA,NA,NA
"LPCHMCBP_00026",0,NA,NA,NA,NA,NA
"LPCHMCBP_00027",0,NA,NA,NA,NA,NA
"LPCHMCBP_00028",0,NA,NA,NA,NA,NA
"LPCHMCBP_00029",0,NA,NA,NA,NA,NA
"LPCHMCBP_00031",0,NA,NA,NA,NA,NA
"LPCHMCBP_00032",0.142164766963195,0.685837706706539,4.0804728567969,0.168077997520344,0.866521918528232,NA
"LPCHMCBP_00033",0,NA,NA,NA,NA,NA
"LPCHMCBP_00034",0.186053805577206,-1.23771564493595,4.0804728567969,-0.303326523266603,0.761641035097225,NA
"LPCHMCBP_00035",0,NA,NA,NA,NA,NA
"LPCHMCBP_00036",13.581927807136,-7.39430505611469,3.91023904947412,-1.89101100023773,NA,NA
"LPCHMCBP_00038",0,NA,NA,NA,NA,NA
"LPCHMCBP_00039",0,NA,NA,NA,NA,NA
"LPCHMCBP_00040",0,NA,NA,NA,NA,NA
"LPCHMCBP_00041",1.68720410120329,0.523394126864416,3.8357694682071,0.136450881942355,0.891464851811863,NA
"LPCHMCBP_00042",0,NA,NA,NA,NA,NA
"LPCHMCBP_00044",22.7144229434562,0.334927034210058,3.73310689584991,0.0897180401081995,NA,NA
"LPCHMCBP_00045",6.53957928030695,6.06455460174836,3.91271868686133,1.54995927054832,0.121151292114289,NA
"LPCHMCBP_00046",0,NA,NA,NA,NA,NA
"LPCHMCBP_00047",48.7625150683758,22.2631392269161,3.90755922744645,5.69745407069998,NA,NA
"LPCHMCBP_00048",0,NA,NA,NA,NA,NA
"LPCHMCBP_00049",0,NA,NA,NA,NA,NA
"LPCHMCBP_00051",0,NA,NA,NA,NA,NA
"LPCHMCBP_00054",0,NA,NA,NA,NA,NA
"LPCHMCBP_00055",0,NA,NA,NA,NA,NA
"LPCHMCBP_00056",0,NA,NA,NA,NA,NA
"LPCHMCBP_00057",0,NA,NA,NA,NA,NA
"LPCHMCBP_00058",0,NA,NA,NA,NA,NA
"LPCHMCBP_00059",0,NA,NA,NA,NA,NA
"LPCHMCBP_00060",0,NA,NA,NA,NA,NA
"LPCHMCBP_00061",12.7948290266875,7.03269397855099,3.90980665768679,1.79873190525279,NA,NA
"LPCHMCBP_00062",0,NA,NA,NA,NA,NA
"LPCHMCBP_00063",21.1205884625204,-8.03161670562528,3.90899873970389,-2.05464806730372,NA,NA
"LPCHMCBP_00064",0,NA,NA,NA,NA,NA
"LPCHMCBP_00065",0,NA,NA,NA,NA,NA
"LPCHMCBP_00066",0,NA,NA,NA,NA,NA
"LPCHMCBP_00067",0,NA,NA,NA,NA,NA
"LPCHMCBP_00068",0,NA,NA,NA,NA,NA
"LPCHMCBP_00069",0,NA,NA,NA,NA,NA
"LPCHMCBP_00071",2.5589658053375,4.71136769003108,3.92196586874465,1.20127707575872,0.229643739819902,NA
"LPCHMCBP_00073",0,NA,NA,NA,NA,NA
"LPCHMCBP_00075",0,NA,NA,NA,NA,NA
"LPCHMCBP_00076",0,NA,NA,NA,NA,NA
"LPCHMCBP_00080",0,NA,NA,NA,NA,NA
"LPCHMCBP_00081",14.3600526985643,-21.5881368567736,3.91005016592021,-5.52119178544937,NA,NA
"LPCHMCBP_00083",0,NA,NA,NA,NA,NA
"LPCHMCBP_00084",158.242976952965,0.301469951299241,2.48192002300865,0.121466424584379,NA,NA
"LPCHMCBP_00087",0,NA,NA,NA,NA,NA
"LPCHMCBP_00088",0,NA,NA,NA,NA,NA
"LPCHMCBP_00090",0,NA,NA,NA,NA,NA
"LPCHMCBP_00094",0,NA,NA,NA,NA,NA
"LPCHMCBP_00095",0,NA,NA,NA,NA,NA
"LPCHMCBP_00096",0,NA,NA,NA,NA,NA
"LPCHMCBP_00097",0,NA,NA,NA,NA,NA
"LPCHMCBP_00099",36.6786888204294,-22.8567397374258,3.90805133472104,-5.84862832643864,NA,NA
"LPCHMCBP_00100",0.56066592512447,2.52481307721653,3.97550290904573,0.635092750522621,0.525367924878924,NA
"LPCHMCBP_00101",0,NA,NA,NA,NA,NA
"LPCHMCBP_00102",0,NA,NA,NA,NA,NA
"LPCHMCBP_00103",176.20459324281,1.39746936026498,2.36426861648052,0.591078928394047,NA,NA
"LPCHMCBP_00105",0,NA,NA,NA,NA,NA
"LPCHMCBP_00106",0,NA,NA,NA,NA,NA
"LPCHMCBP_00107",0,NA,NA,NA,NA,NA
"LPCHMCBP_00108",0.140166481281117,0.68583770670654,4.0804728567969,0.168077997520344,0.866521918528232,NA
"LPCHMCBP_00109",0,NA,NA,NA,NA,NA
"LPCHMCBP_00110",0,NA,NA,NA,NA,NA
"LPCHMCBP_00111",0,NA,NA,NA,NA,NA
"LPCHMCBP_00112",0,NA,NA,NA,NA,NA
"LPCHMCBP_00113",0.142164766963195,0.685837706706539,4.0804728567969,0.168077997520344,0.866521918528232,NA
"LPCHMCBP_00114",0,NA,NA,NA,NA,NA
"LPCHMCBP_00115",0,NA,NA,NA,NA,NA
"LPCHMCBP_00116",0,NA,NA,NA,NA,NA
"LPCHMCBP_00117",0,NA,NA,NA,NA,NA
"LPCHMCBP_00118",0,NA,NA,NA,NA,NA
"LPCHMCBP_00119",0,NA,NA,NA,NA,NA
"LPCHMCBP_00120",0,NA,NA,NA,NA,NA
"LPCHMCBP_00121",4.3459339292329,-1.72182651114321,3.77988298861464,-0.455523759949583,0.648732478068604,NA
"LPCHMCBP_00122",0,NA,NA,NA,NA,NA
"LPCHMCBP_00123",0,NA,NA,NA,NA,NA
"LPCHMCBP_00124",0.173012683115233,-1.23771564493595,4.0804728567969,-0.303326523266603,0.761641035097225,NA
"LPCHMCBP_00125",5.82875544549098,5.89858120949395,3.91344464726998,1.50726067215715,0.131743853985307,NA
"LPCHMCBP_00126",0,NA,NA,NA,NA,NA
"LPCHMCBP_00127",0,NA,NA,NA,NA,NA
"LPCHMCBP_00128",0.140166481281117,0.68583770670654,4.0804728567969,0.168077997520344,0.866521918528232,NA
"LPCHMCBP_00129",0.692050732460932,-3.10243238512668,3.97426227042341,-0.780631013764513,0.435019545536587,NA
"LPCHMCBP_00130",0,NA,NA,NA,NA,NA
"LPCHMCBP_00131",0,NA,NA,NA,NA,NA
"LPCHMCBP_00132",0,NA,NA,NA,NA,NA
"LPCHMCBP_00133",0,NA,NA,NA,NA,NA
"LPCHMCBP_00136",0,NA,NA,NA,NA,NA
"LPCHMCBP_00137",0,NA,NA,NA,NA,NA
"LPCHMCBP_00140",0,NA,NA,NA,NA,NA
"LPCHMCBP_00141",0,NA,NA,NA,NA,NA
"LPCHMCBP_00142",0,NA,NA,NA,NA,NA
"LPCHMCBP_00143",0,NA,NA,NA,NA,NA
"LPCHMCBP_00144",0,NA,NA,NA,NA,NA
"LPCHMCBP_00145",0,NA,NA,NA,NA,NA
"LPCHMCBP_00146",0,NA,NA,NA,NA,NA
"LPCHMCBP_00148",0,NA,NA,NA,NA,NA
"LPCHMCBP_00149",0,NA,NA,NA,NA,NA
"LPCHMCBP_00150",0,NA,NA,NA,NA,NA
"LPCHMCBP_00151",0,NA,NA,NA,NA,NA
"LPCHMCBP_00152",0,NA,NA,NA,NA,NA
"LPCHMCBP_00153",0,NA,NA,NA,NA,NA
"LPCHMCBP_00154",0,NA,NA,NA,NA,NA
"LPCHMCBP_00155",0,NA,NA,NA,NA,NA
"LPCHMCBP_00160",0,NA,NA,NA,NA,NA
"LPCHMCBP_00161",21.4535727062889,-22.1315440113079,3.90896422222404,-5.66174125756414,NA,NA
"LPCHMCBP_00165",0,NA,NA,NA,NA,NA
"LPCHMCBP_00166",0,NA,NA,NA,NA,NA
"LPCHMCBP_00168",12.9369937936507,7.04863369889404,3.90977318662493,1.80282419527735,NA,NA
"LPCHMCBP_00169",0,NA,NA,NA,NA,NA
"LPCHMCBP_00170",0,NA,NA,NA,NA,NA
"LPCHMCBP_00173",0,NA,NA,NA,NA,NA
"LPCHMCBP_00177",0,NA,NA,NA,NA,NA
"LPCHMCBP_00180",0,NA,NA,NA,NA,NA
"LPCHMCBP_00181",0,NA,NA,NA,NA,NA
"LPCHMCBP_00182",0,NA,NA,NA,NA,NA
"LPCHMCBP_00183",0,NA,NA,NA,NA,NA
"LPCHMCBP_00184",0,NA,NA,NA,NA,NA
"LPCHMCBP_00185",0,NA,NA,NA,NA,NA
"LPCHMCBP_00186",0,NA,NA,NA,NA,NA
"LPCHMCBP_00187",15.2251161141405,-21.6683770923525,3.90986358343141,-5.5419777774793,NA,NA
"LPCHMCBP_00188",0,NA,NA,NA,NA,NA
"LPCHMCBP_00189",0,NA,NA,NA,NA,NA
"LPCHMCBP_00190",0,NA,NA,NA,NA,NA
"LPCHMCBP_00191",0,NA,NA,NA,NA,NA
"LPCHMCBP_00192",0,NA,NA,NA,NA,NA
"LPCHMCBP_00193",0,NA,NA,NA,NA,NA
"LPCHMCBP_00194",0.157017949526008,0.685837706706539,4.0804728567969,0.168077997520344,0.866521918528232,NA
"LPCHMCBP_00195",57.625587476045,21.1152853243294,3.90743648411507,5.40387167140643,NA,NA
"LPCHMCBP_00197",0,NA,NA,NA,NA,NA
"LPCHMCBP_00198",0,NA,NA,NA,NA,NA
"LPCHMCBP_00199",0,NA,NA,NA,NA,NA
"LPCHMCBP_00201",0,NA,NA,NA,NA,NA
"LPCHMCBP_00202",0,NA,NA,NA,NA,NA
"LPCHMCBP_00203",0,NA,NA,NA,NA,NA
"LPCHMCBP_00204",0,NA,NA,NA,NA,NA
"LPCHMCBP_00206",104.235330974361,0.575480922266757,3.21817062695655,0.178822377361325,NA,NA
"LPCHMCBP_00207",0,NA,NA,NA,NA,NA
"LPCHMCBP_00208",0,NA,NA,NA,NA,NA
"LPCHMCBP_00210",0.865063415576165,-3.42389942869443,3.96087276560722,-0.864430551373575,0.387351415841338,NA
"LPCHMCBP_00211",0,NA,NA,NA,NA,NA
"LPCHMCBP_00214",1.58771861838838,2.8823519501301,3.93445356834825,0.732592696815114,0.463806886753043,NA
"LPCHMCBP_00219",5.25809809195612,5.74997486727835,3.91416930236877,1.46901537033633,0.141828620306427,NA
"LPCHMCBP_00220",0,NA,NA,NA,NA,NA
"LPCHMCBP_00221",0,NA,NA,NA,NA,NA
"LPCHMCBP_00222",0,NA,NA,NA,NA,NA
"LPCHMCBP_00223",0.173012683115233,-1.23771564493595,4.0804728567969,-0.303326523266603,0.761641035097225,NA
"LPCHMCBP_00227",0,NA,NA,NA,NA,NA
"LPCHMCBP_00228",0,NA,NA,NA,NA,NA
"LPCHMCBP_00229",22.1456234387498,-22.1745308049077,3.90889551059722,-5.67283795250894,NA,NA
"LPCHMCBP_00230",39.619528543092,1.4524823334522,3.73103196098971,0.389297746210384,NA,NA
"LPCHMCBP_00231",0,NA,NA,NA,NA,NA
"LPCHMCBP_00234",25.9307990370067,21.3688293918281,3.90826335856448,5.4676022139094,NA,NA
"LPCHMCBP_00235",0,NA,NA,NA,NA,NA
"LPCHMCBP_00237",4.83360207674862,5.62856043951409,3.91481922998995,1.43775743114671,0.150502891505755,NA
"LPCHMCBP_00238",0,NA,NA,NA,NA,NA
"LPCHMCBP_00239",14.3890035604698,6.22290638764588,3.90950204469454,1.59173887531042,NA,NA
"LPCHMCBP_00240",0.865063415576165,-3.42389942869443,3.96087276560722,-0.864430551373575,0.387351415841338,NA
"LPCHMCBP_00245",0,NA,NA,NA,NA,NA
"LPCHMCBP_00248",0,NA,NA,NA,NA,NA
"LPCHMCBP_00249",0,NA,NA,NA,NA,NA
"LPCHMCBP_00250",0,NA,NA,NA,NA,NA
"LPCHMCBP_00251",0,NA,NA,NA,NA,NA
"LPCHMCBP_00252",0.142164766963195,0.685837706706539,4.0804728567969,0.168077997520344,0.866521918528232,NA
"LPCHMCBP_00254",52.4964652721344,0.326220025656876,3.72848258976671,0.0874940455809632,NA,NA
"LPCHMCBP_00256",0,NA,NA,NA,NA,NA
"LPCHMCBP_00257",0,NA,NA,NA,NA,NA
"LPCHMCBP_00258",0,NA,NA,NA,NA,NA
"LPCHMCBP_00263",0,NA,NA,NA,NA,NA
"LPCHMCBP_00265",134.016518396481,2.54952001674438,3.72784614896234,0.683912349079657,NA,NA
"LPCHMCBP_00266",0,NA,NA,NA,NA,NA
"LPCHMCBP_00272",0,NA,NA,NA,NA,NA
"LPCHMCBP_00274",0,NA,NA,NA,NA,NA
"LPCHMCBP_00275",0,NA,NA,NA,NA,NA
"LPCHMCBP_00279",0,NA,NA,NA,NA,NA
"LPCHMCBP_00282",0.692050732460932,-3.10243238512668,3.97426227042341,-0.780631013764513,0.435019545536587,NA
"LPCHMCBP_00283",0,NA,NA,NA,NA,NA
"LPCHMCBP_00286",0,NA,NA,NA,NA,NA
"LPCHMCBP_00288",41.0040058983102,-23.0005315585095,3.9079156932314,-5.88562634509926,NA,NA
"LPCHMCBP_00289",0,NA,NA,NA,NA,NA
"LPCHMCBP_00290",0.142164766963195,0.685837706706539,4.0804728567969,0.168077997520344,0.866521918528232,NA
"LPCHMCBP_00291",0,NA,NA,NA,NA,NA
"LPCHMCBP_00292",5.28641449032334,-0.921166832588658,3.76146074632788,-0.244896037659823,0.806536929782489,NA
"LPCHMCBP_00294",0.173012683115233,-1.23771564493595,4.0804728567969,-0.303326523266603,0.761641035097225,NA
"LPCHMCBP_00295",0,NA,NA,NA,NA,NA
"LPCHMCBP_00296",0,NA,NA,NA,NA,NA
"LPCHMCBP_00299",0,NA,NA,NA,NA,NA
"LPCHMCBP_00302",0,NA,NA,NA,NA,NA
"LPCHMCBP_00307",0,NA,NA,NA,NA,NA
"LPCHMCBP_00310",0,NA,NA,NA,NA,NA
"LPCHMCBP_00311",0,NA,NA,NA,NA,NA
"LPCHMCBP_00313",0,NA,NA,NA,NA,NA
"LPCHMCBP_00319",1.56381243659514,4.001324023575,3.93160386990003,1.0177332600084,0.308804736517777,NA
"LPCHMCBP_00320",0.140166481281117,0.68583770670654,4.0804728567969,0.168077997520344,0.866521918528232,NA
"LPCHMCBP_00324",14.1568146093929,20.5409258107714,3.90951367304555,5.25408721611396,NA,NA
"LPCHMCBP_00326",0,NA,NA,NA,NA,NA
"LPCHMCBP_00327",4.12749727731663,3.39308560619909,3.87105325933063,0.876527750689177,0.380743196967632,NA
"LPCHMCBP_00328",0,NA,NA,NA,NA,NA
"LPCHMCBP_00330",0,NA,NA,NA,NA,NA
"LPCHMCBP_00331",37.1605682543501,-1.31486261982604,3.73066104120203,-0.35244762397454,NA,NA
"LPCHMCBP_00334",0.186053805577206,-1.23771564493595,4.0804728567969,-0.303326523266603,0.761641035097225,NA
"LPCHMCBP_00339",0,NA,NA,NA,NA,NA
"LPCHMCBP_00346",0,NA,NA,NA,NA,NA
"LPCHMCBP_00349",0,NA,NA,NA,NA,NA
"LPCHMCBP_00352",19.0313951426756,-21.9702485005042,3.90924404945206,-5.62007595908053,NA,NA
"LPCHMCBP_00358",57.930865510164,1.7678802372365,3.72963298100055,0.474009170940524,NA,NA
"LPCHMCBP_00360",1.70597720355834,4.12675970157653,3.92954110172786,1.05018871027,0.293631359105853,NA
"LPCHMCBP_00364",0,NA,NA,NA,NA,NA
"LPCHMCBP_00369",0,NA,NA,NA,NA,NA
"LPCHMCBP_00371",123.654336176359,0.591573921176628,2.06160713467412,0.286947940384451,NA,NA
"LPCHMCBP_00372",53.7001387378948,22.3975289075299,3.90748574225626,5.73195409654832,NA,NA
"LPCHMCBP_00375",0,NA,NA,NA,NA,NA
"LPCHMCBP_00379",0,NA,NA,NA,NA,NA
"LPCHMCBP_00380",202.526512565938,0.865392667130173,2.93662637709176,0.294689400694956,NA,NA
"LPCHMCBP_00388",0,NA,NA,NA,NA,NA
"LPCHMCBP_00391",0.186053805577206,-1.23771564493595,4.0804728567969,-0.303326523266603,0.761641035097225,NA
"LPCHMCBP_00394",0,NA,NA,NA,NA,NA
"LPCHMCBP_00395",0.142164766963195,0.685837706706539,4.0804728567969,0.168077997520344,0.866521918528232,NA
"LPCHMCBP_00421",0,NA,NA,NA,NA,NA
"LPCHMCBP_00423",0,NA,NA,NA,NA,NA
"LPCHMCBP_00424",1.60782118099033,-4.31570227270744,3.93601893308508,-1.09646379910189,0.272875857287406,NA
"LPCHMCBP_00425",0,NA,NA,NA,NA,NA
"LPCHMCBP_00427",0,NA,NA,NA,NA,NA
"LPCHMCBP_00428",0,NA,NA,NA,NA,NA
"LPCHMCBP_00429",0,NA,NA,NA,NA,NA
"LPCHMCBP_00430",0,NA,NA,NA,NA,NA
"LPCHMCBP_00431",0,NA,NA,NA,NA,NA
"LPCHMCBP_00432",0,NA,NA,NA,NA,NA
"LPCHMCBP_00433",0,NA,NA,NA,NA,NA
"LPCHMCBP_00435",0,NA,NA,NA,NA,NA
"LPCHMCBP_00436",0,NA,NA,NA,NA,NA
"LPCHMCBP_00441",81.9633696525762,22.9844739544906,3.90723524230858,5.88254162575334,NA,NA
"LPCHMCBP_00442",0,NA,NA,NA,NA,NA
"LPCHMCBP_00443",0,NA,NA,NA,NA,NA
"LPCHMCBP_00444",0,NA,NA,NA,NA,NA
"LPCHMCBP_00446",0.345053728300695,-2.10101703280395,4.04075203768193,-0.519956932078725,0.603093593126262,NA
"LPCHMCBP_00449",0,NA,NA,NA,NA,NA
"LPCHMCBP_00450",0,NA,NA,NA,NA,NA
"LPCHMCBP_00451",0,NA,NA,NA,NA,NA
"LPCHMCBP_00452",0.140166481281117,0.68583770670654,4.0804728567969,0.168077997520344,0.866521918528232,NA
"LPCHMCBP_00453",0,NA,NA,NA,NA,NA
"LPCHMCBP_00454",0,NA,NA,NA,NA,NA
"LPCHMCBP_00457",0,NA,NA,NA,NA,NA
"LPCHMCBP_00459",0,NA,NA,NA,NA,NA
"LPCHMCBP_00461",0,NA,NA,NA,NA,NA
"LPCHMCBP_00464",0,NA,NA,NA,NA,NA
"LPCHMCBP_00465",0,NA,NA,NA,NA,NA
"LPCHMCBP_00466",0,NA,NA,NA,NA,NA
"LPCHMCBP_00469",0,NA,NA,NA,NA,NA
"LPCHMCBP_00470",0,NA,NA,NA,NA,NA
"LPCHMCBP_00471",0,NA,NA,NA,NA,NA
"LPCHMCBP_00473",0,NA,NA,NA,NA,NA
"LPCHMCBP_00474",162.493986337308,1.01937125824309,2.52321923451528,0.403996309277863,NA,NA
"LPCHMCBP_00479",0,NA,NA,NA,NA,NA
"LPCHMCBP_00480",0,NA,NA,NA,NA,NA
"LPCHMCBP_00481",0.426494300889584,2.12963762281029,3.99691458417892,0.532820398824654,0.594157911722523,NA
"LPCHMCBP_00482",0,NA,NA,NA,NA,NA
"LPCHMCBP_00483",0.157017949526008,0.685837706706539,4.0804728567969,0.168077997520344,0.866521918528232,NA
"LPCHMCBP_00484",0,NA,NA,NA,NA,NA
"LPCHMCBP_00485",0,NA,NA,NA,NA,NA
"LPCHMCBP_00486",0.930269027886028,-3.52286628299518,3.95730857822241,-0.890217735958722,0.373348983033712,NA
"LPCHMCBP_00489",0.568659067852779,2.54376875293973,3.97461339630079,0.640004070661876,0.522169952952039,NA
"LPCHMCBP_00490",0,NA,NA,NA,NA,NA
"LPCHMCBP_00492",0,NA,NA,NA,NA,NA
"LPCHMCBP_00493",0,NA,NA,NA,NA,NA
"LPCHMCBP_00496",0,NA,NA,NA,NA,NA
"LPCHMCBP_00497",0,NA,NA,NA,NA,NA
"LPCHMCBP_00499",0,NA,NA,NA,NA,NA
"LPCHMCBP_00500",0,NA,NA,NA,NA,NA
"LPCHMCBP_00501",0,NA,NA,NA,NA,NA
"LPCHMCBP_00503",0,NA,NA,NA,NA,NA
"LPCHMCBP_00506",26.7879511348589,-2.18270962046716,3.73565946726749,-0.584290307934235,NA,NA
"LPCHMCBP_00508",0,NA,NA,NA,NA,NA
"LPCHMCBP_00514",0,NA,NA,NA,NA,NA
"LPCHMCBP_00520",0.284329533926389,1.54635322512586,4.04107081207453,0.382659274493638,0.701972414438981,NA
"LPCHMCBP_00523",0,NA,NA,NA,NA,NA
"LPCHMCBP_00527",0,NA,NA,NA,NA,NA
"LPCHMCBP_00532",18.6853697764452,-21.9443324833602,3.90928994306315,-5.61338064021048,NA,NA
"LPCHMCBP_00533",0,NA,NA,NA,NA,NA
"LPCHMCBP_00534",0,NA,NA,NA,NA,NA
"LPCHMCBP_00536",0,NA,NA,NA,NA,NA
"LPCHMCBP_00537",0,NA,NA,NA,NA,NA
"LPCHMCBP_00539",27.0867176716046,-20.919704264145,3.90850734644239,-5.3523512711794,NA,NA
"LPCHMCBP_00541",0,NA,NA,NA,NA,NA
"LPCHMCBP_00542",0,NA,NA,NA,NA,NA
"LPCHMCBP_00544",22.8376741712108,-22.2160375804734,3.90883096197472,-5.68355034960375,NA,NA
"LPCHMCBP_00547",0.500745436690748,-1.18721035508424,4.03644004501264,-0.294123123803396,0.76866382173067,NA
"LPCHMCBP_00548",0,NA,NA,NA,NA,NA
"LPCHMCBP_00558",0,NA,NA,NA,NA,NA
"LPCHMCBP_00559",0,NA,NA,NA,NA,NA
"LPCHMCBP_00563",0,NA,NA,NA,NA,NA
"LPCHMCBP_00567",0,NA,NA,NA,NA,NA
"LPCHMCBP_00574",43.482413297026,-0.168607597888359,3.72910519686198,-0.0452139558922181,NA,NA
"LPCHMCBP_00575",0,NA,NA,NA,NA,NA
"LPCHMCBP_00576",1170.71660536701,-1.40884742238183,2.18257373652179,-0.645498201873817,NA,NA
"LPCHMCBP_00578",0,NA,NA,NA,NA,NA
"LPCHMCBP_00582",0,NA,NA,NA,NA,NA
"LPCHMCBP_00583",0,NA,NA,NA,NA,NA
"LPCHMCBP_00585",4.84435512722652,-5.90767631792999,3.91649322016779,-1.5084096884194,0.131449704914294,NA
"LPCHMCBP_00586",0,NA,NA,NA,NA,NA
"LPCHMCBP_00587",0,NA,NA,NA,NA,NA
"LPCHMCBP_00588",0.345053728300695,-2.10101703280395,4.04075203768193,-0.519956932078725,0.603093593126262,NA
"LPCHMCBP_00590",0.140166481281117,0.68583770670654,4.0804728567969,0.168077997520344,0.866521918528232,NA
"LPCHMCBP_00600",20.761521973828,-22.0873002061411,3.90903751305161,-5.65031676784769,NA,NA
"LPCHMCBP_00602",0,NA,NA,NA,NA,NA
"LPCHMCBP_00603",6.25154793369309,-6.27544514589924,3.91430622258692,-1.60320751342542,0.108888847233223,NA
"LPCHMCBP_00604",0.284329533926389,1.54635322512586,4.04107081207453,0.382659274493638,0.701972414438981,NA
"LPCHMCBP_00608",0,NA,NA,NA,NA,NA
"LPCHMCBP_00609",0,NA,NA,NA,NA,NA
"LPCHMCBP_00613",0,NA,NA,NA,NA,NA
"LPCHMCBP_00622",0,NA,NA,NA,NA,NA
"LPCHMCBP_00632",0,NA,NA,NA,NA,NA
"LPCHMCBP_00633",0,NA,NA,NA,NA,NA
"LPCHMCBP_00634",0,NA,NA,NA,NA,NA
"LPCHMCBP_00635",0,NA,NA,NA,NA,NA
"LPCHMCBP_00638",0,NA,NA,NA,NA,NA
"LPCHMCBP_00639",0,NA,NA,NA,NA,NA
"LPCHMCBP_00640",0,NA,NA,NA,NA,NA
"LPCHMCBP_00641",0,NA,NA,NA,NA,NA
"LPCHMCBP_00642",0,NA,NA,NA,NA,NA
"LPCHMCBP_00643",11.7739844276139,6.91282317672968,3.91007056395641,1.76795356085209,NA,NA
"LPCHMCBP_00644",0,NA,NA,NA,NA,NA
"LPCHMCBP_00645",0,NA,NA,NA,NA,NA
"LPCHMCBP_00649",0,NA,NA,NA,NA,NA
"LPCHMCBP_00650",0,NA,NA,NA,NA,NA
"LPCHMCBP_00651",0,NA,NA,NA,NA,NA
"LPCHMCBP_00652",0,NA,NA,NA,NA,NA
"LPCHMCBP_00653",0,NA,NA,NA,NA,NA
"LPCHMCBP_00654",0,NA,NA,NA,NA,NA
"LPCHMCBP_00655",0,NA,NA,NA,NA,NA
"LPCHMCBP_00656",331.69705854972,-0.131931654734099,2.28405065099183,-0.0577621405535859,NA,NA
"LPCHMCBP_00657",6.53957928030695,6.06455460174836,3.91271868686133,1.54995927054832,0.121151292114289,NA
"LPCHMCBP_00658",0,NA,NA,NA,NA,NA
"LPCHMCBP_00659",0,NA,NA,NA,NA,NA
"LPCHMCBP_00660",33.1552386185764,7.56668972962372,3.90794180887594,1.93623398189754,NA,NA
"LPCHMCBP_00661",0,NA,NA,NA,NA,NA
"LPCHMCBP_00662",0,NA,NA,NA,NA,NA
"LPCHMCBP_00665",13.6458193427846,7.12558238601686,3.90961670301531,1.82257825441589,NA,NA
"LPCHMCBP_00668",2.04659186134926,-4.66242517289032,3.92978774165452,-1.18643180736457,0.235451816770509,NA
"LPCHMCBP_00669",0,NA,NA,NA,NA,NA
"LPCHMCBP_00671",0,NA,NA,NA,NA,NA
"LPCHMCBP_00672",0.142164766963195,0.685837706706539,4.0804728567969,0.168077997520344,0.866521918528232,NA
"LPCHMCBP_00685",0,NA,NA,NA,NA,NA
"LPCHMCBP_00686",0.844303010758847,-0.866551830310773,3.94650655001344,-0.219574405700105,0.826202626251521,NA
"LPCHMCBP_00688",0,NA,NA,NA,NA,NA
"LPCHMCBP_00689",16.9552429452928,-21.80480593978,3.90954736876473,-5.57732235552105,NA,NA
"LPCHMCBP_00690",15.3981287972557,-21.6503932010333,3.90982868490138,-5.5374275820935,NA,NA
"LPCHMCBP_00691",0,NA,NA,NA,NA,NA
"LPCHMCBP_00694",0.186053805577206,-1.23771564493595,4.0804728567969,-0.303326523266603,0.761641035097225,NA
"LPCHMCBP_00695",0.142164766963195,0.685837706706539,4.0804728567969,0.168077997520344,0.866521918528232,NA
"LPCHMCBP_00696",1.0380760986914,-3.68661683637316,3.95191652006685,-0.932868095176968,0.350888077143234,NA
"LPCHMCBP_00698",0,NA,NA,NA,NA,NA
"LPCHMCBP_00699",0,NA,NA,NA,NA,NA
"LPCHMCBP_00700",2.01542267374369,0.374076680099652,3.81611690990878,0.0980254769261232,0.921912063127365,NA
"LPCHMCBP_00701",1.18024086565459,-2.72483515896856,3.95191630196649,-0.689497183331708,0.4905104451503,NA
"LPCHMCBP_00702",0.142164766963195,0.685837706706539,4.0804728567969,0.168077997520344,0.866521918528232,NA
"LPCHMCBP_00703",0,NA,NA,NA,NA,NA
"LPCHMCBP_00704",0,NA,NA,NA,NA,NA
"LPCHMCBP_00705",0,NA,NA,NA,NA,NA
"LPCHMCBP_00706",0,NA,NA,NA,NA,NA
"LPCHMCBP_00707",0,NA,NA,NA,NA,NA
"LPCHMCBP_00708",0,NA,NA,NA,NA,NA
"LPCHMCBP_00709",0,NA,NA,NA,NA,NA
"LPCHMCBP_00710",0,NA,NA,NA,NA,NA
"LPCHMCBP_00711",1.13731813570556,3.54231297561303,3.94086951823126,0.898865836391073,0.368724127128875,NA
"LPCHMCBP_00712",0,NA,NA,NA,NA,NA
"LPCHMCBP_00713",0,NA,NA,NA,NA,NA
"LPCHMCBP_00714",0,NA,NA,NA,NA,NA
"LPCHMCBP_00715",0,NA,NA,NA,NA,NA
"LPCHMCBP_00716",0,NA,NA,NA,NA,NA
"LPCHMCBP_00717",0,NA,NA,NA,NA,NA
"LPCHMCBP_00718",0,NA,NA,NA,NA,NA
"LPCHMCBP_00719",0,NA,NA,NA,NA,NA
"LPCHMCBP_00720",0,NA,NA,NA,NA,NA
"LPCHMCBP_00721",0,NA,NA,NA,NA,NA
"LPCHMCBP_00722",0.142164766963195,0.685837706706539,4.0804728567969,0.168077997520344,0.866521918528232,NA
"LPCHMCBP_00723",0,NA,NA,NA,NA,NA
"LPCHMCBP_00724",0,NA,NA,NA,NA,NA
"LPCHMCBP_00725",0,NA,NA,NA,NA,NA
"LPCHMCBP_00726",0,NA,NA,NA,NA,NA
"LPCHMCBP_00727",0.280332962562235,1.52865681006306,4.04270008987876,0.378127681024418,0.705335745780281,NA
"LPCHMCBP_00728",0,NA,NA,NA,NA,NA
"LPCHMCBP_00729",0,NA,NA,NA,NA,NA
"LPCHMCBP_00730",0,NA,NA,NA,NA,NA
"LPCHMCBP_00731",0,NA,NA,NA,NA,NA
"LPCHMCBP_00732",0,NA,NA,NA,NA,NA
"LPCHMCBP_00733",0.140166481281117,0.68583770670654,4.0804728567969,0.168077997520344,0.866521918528232,NA
"LPCHMCBP_00734",0,NA,NA,NA,NA,NA
"LPCHMCBP_00735",0,NA,NA,NA,NA,NA
"LPCHMCBP_00736",0,NA,NA,NA,NA,NA
"LPCHMCBP_00741",0,NA,NA,NA,NA,NA
"LPCHMCBP_00742",0,NA,NA,NA,NA,NA
"LPCHMCBP_00743",13.8410146492186,-21.5308065393241,3.91017243898196,-5.50635729633698,NA,NA
"LPCHMCBP_00746",0,NA,NA,NA,NA,NA
"LPCHMCBP_00748",0,NA,NA,NA,NA,NA
"LPCHMCBP_00749",0,NA,NA,NA,NA,NA
"LPCHMCBP_00750",0,NA,NA,NA,NA,NA
"LPCHMCBP_00751",0.140166481281117,0.68583770670654,4.0804728567969,0.168077997520344,0.866521918528232,NA
"LPCHMCBP_00752",0,NA,NA,NA,NA,NA
"LPCHMCBP_00753",0,NA,NA,NA,NA,NA
"LPCHMCBP_00754",0,NA,NA,NA,NA,NA
"LPCHMCBP_00755",6.53957928030695,6.06455460174836,3.91271868686133,1.54995927054832,0.121151292114289,NA
"LPCHMCBP_00760",0,NA,NA,NA,NA,NA
"LPCHMCBP_00761",0.346025366230466,-2.10453605988984,4.04043105732064,-0.520869191933555,0.602457898295368,NA
"LPCHMCBP_00763",0,NA,NA,NA,NA,NA
"LPCHMCBP_00767",0,NA,NA,NA,NA,NA
"LPCHMCBP_00768",12.2494073546747,-7.24577705612269,3.91061561771369,-1.85284818669007,NA,NA
"LPCHMCBP_00771",0,NA,NA,NA,NA,NA
"LPCHMCBP_00773",0,NA,NA,NA,NA,NA
"LPCHMCBP_00776",0,NA,NA,NA,NA,NA
"LPCHMCBP_00779",0,NA,NA,NA,NA,NA
"LPCHMCBP_00780",0.172526864150348,-1.23771564493595,4.0804728567969,-0.303326523266603,0.761641035097225,NA
"LPCHMCBP_00782",0,NA,NA,NA,NA,NA
"LPCHMCBP_00784",74.5835260248539,22.8547816497839,3.90728233550938,5.84927826742379,NA,NA
"LPCHMCBP_00785",0.426494300889584,2.12963762281029,3.99691458417892,0.532820398824654,0.594157911722523,NA
"LPCHMCBP_00788",0.315177450078428,-0.275934965507092,4.0804728567969,-0.0676232817104671,0.946085521693988,NA
"LPCHMCBP_00791",13.2213233275771,7.07999432259043,3.90970840289656,1.81087528608147,NA,NA
"LPCHMCBP_00792",0,NA,NA,NA,NA,NA
"LPCHMCBP_00793",127.623000737837,-0.972754429024717,2.50600558921679,-0.388169297471015,NA,NA
"LPCHMCBP_00795",16.4362048959471,-21.7706214085163,3.90963534875311,-5.56845318463257,NA,NA
"LPCHMCBP_00799",0,NA,NA,NA,NA,NA
"LPCHMCBP_00800",0,NA,NA,NA,NA,NA
"LPCHMCBP_00801",10.5201927552764,6.75032959616193,3.91046514856457,1.726221648757,NA,NA
"LPCHMCBP_00802",0,NA,NA,NA,NA,NA
"LPCHMCBP_00803",0,NA,NA,NA,NA,NA
"LPCHMCBP_00805",0,NA,NA,NA,NA,NA
"LPCHMCBP_00811",0,NA,NA,NA,NA,NA
"LPCHMCBP_00814",0,NA,NA,NA,NA,NA
"LPCHMCBP_00817",0,NA,NA,NA,NA,NA
"LPCHMCBP_00818",0,NA,NA,NA,NA,NA
"LPCHMCBP_00822",0.157017949526008,0.685837706706539,4.0804728567969,0.168077997520344,0.866521918528232,NA
"LPCHMCBP_00828",0,NA,NA,NA,NA,NA
"LPCHMCBP_00829",0,NA,NA,NA,NA,NA
"LPCHMCBP_00830",0,NA,NA,NA,NA,NA
"LPCHMCBP_00834",95.5977560180324,-0.849326301759677,2.60915541372157,-0.32551771247242,NA,NA
"LPCHMCBP_00836",134.679774690013,-0.977895329794239,2.48221098264615,-0.393961406436031,NA,NA
"LPCHMCBP_00837",0,NA,NA,NA,NA,NA
"LPCHMCBP_00839",0,NA,NA,NA,NA,NA
"LPCHMCBP_00840",0,NA,NA,NA,NA,NA
"LPCHMCBP_00841",0,NA,NA,NA,NA,NA
"LPCHMCBP_00842",0,NA,NA,NA,NA,NA
"LPCHMCBP_00847",0,NA,NA,NA,NA,NA
"LPCHMCBP_00850",0,NA,NA,NA,NA,NA
"LPCHMCBP_00852",253.177596839083,-1.33883790767373,1.78543832306096,-0.749865111766181,NA,NA
"LPCHMCBP_00855",6.83876199679616,6.12905730363372,3.91245830263963,1.5665489136328,0.117220166870519,NA
"LPCHMCBP_00856",0,NA,NA,NA,NA,NA
"LPCHMCBP_00860",0,NA,NA,NA,NA,NA
"LPCHMCBP_00861",0,NA,NA,NA,NA,NA
"LPCHMCBP_00863",0,NA,NA,NA,NA,NA
"LPCHMCBP_00864",0,NA,NA,NA,NA,NA
"LPCHMCBP_00867",29.3388075877102,0.801383680662828,3.73177337831097,0.214746073628281,NA,NA
"LPCHMCBP_00868",5.11793161067501,5.71100042047267,3.91437201299838,1.45898253960233,0.144569913455183,NA
"LPCHMCBP_00874",0,NA,NA,NA,NA,NA
"LPCHMCBP_00875",4.37400347661913,-5.75944679810569,3.91754447601334,-1.47016755862508,0.141516378643624,NA
"LPCHMCBP_00876",0,NA,NA,NA,NA,NA
"LPCHMCBP_00877",0,NA,NA,NA,NA,NA
"LPCHMCBP_00878",0,NA,NA,NA,NA,NA
"LPCHMCBP_00879",0,NA,NA,NA,NA,NA
"LPCHMCBP_00880",0,NA,NA,NA,NA,NA
"LPCHMCBP_00883",0,NA,NA,NA,NA,NA
"LPCHMCBP_00884",0,NA,NA,NA,NA,NA
"LPCHMCBP_00885",0,NA,NA,NA,NA,NA
"LPCHMCBP_00890",1.54183129409229,3.98146254893487,3.931947144181,1.01259310029819,0.311254556856741,NA
"LPCHMCBP_00894",0,NA,NA,NA,NA,NA
"LPCHMCBP_00895",19.5504331920213,-22.0061394200698,3.90917825286561,-5.62935174520073,NA,NA
"LPCHMCBP_00896",0,NA,NA,NA,NA,NA
"LPCHMCBP_00897",0,NA,NA,NA,NA,NA
"LPCHMCBP_00899",69.9040709409914,-1.56809917551894,3.7282241411666,-0.420602173084011,NA,NA
"LPCHMCBP_00900",0,NA,NA,NA,NA,NA
"LPCHMCBP_00901",0,NA,NA,NA,NA,NA
"LPCHMCBP_00902",61.1466553920149,-1.70398646758166,3.47038762264651,-0.491007533700861,NA,NA
"LPCHMCBP_00904",0,NA,NA,NA,NA,NA
"LPCHMCBP_00905",0,NA,NA,NA,NA,NA
"LPCHMCBP_00907",0,NA,NA,NA,NA,NA
"LPCHMCBP_00911",0,NA,NA,NA,NA,NA
"LPCHMCBP_00912",0,NA,NA,NA,NA,NA
"LPCHMCBP_00913",0,NA,NA,NA,NA,NA
"LPCHMCBP_00915",40.6017504060229,0.404418212107799,3.72955668659729,0.108436000868719,NA,NA
"LPCHMCBP_00917",0,NA,NA,NA,NA,NA
"LPCHMCBP_00922",53.7001387378948,22.3975289075299,3.90748574225626,5.73195409654832,NA,NA
"LPCHMCBP_00923",0.710823834815973,2.86512968132916,3.96115861274133,0.723305972175232,0.469491924481079,NA
"LPCHMCBP_00924",0,NA,NA,NA,NA,NA
"LPCHMCBP_00925",0,NA,NA,NA,NA,NA
"LPCHMCBP_00929",0,NA,NA,NA,NA,NA
"LPCHMCBP_00931",0,NA,NA,NA,NA,NA
"LPCHMCBP_00933",14.7851357641722,20.6040130733334,3.9093967828523,5.27038165164211,NA,NA
"LPCHMCBP_00940",0.142164766963195,0.685837706706539,4.0804728567969,0.168077997520344,0.866521918528232,NA
"LPCHMCBP_00941",0,NA,NA,NA,NA,NA
"LPCHMCBP_00946",0,NA,NA,NA,NA,NA
"LPCHMCBP_00947",0,NA,NA,NA,NA,NA
"LPCHMCBP_00948",0,NA,NA,NA,NA,NA
"LPCHMCBP_00952",0,NA,NA,NA,NA,NA
"LPCHMCBP_00957",0.173012683115233,-1.23771564493595,4.0804728567969,-0.303326523266603,0.761641035097225,NA
"LPCHMCBP_00960",0,NA,NA,NA,NA,NA
"LPCHMCBP_00964",23.8148871138823,-22.2630629068144,3.90874638841608,-5.69570411955939,NA,NA
"LPCHMCBP_00967",0,NA,NA,NA,NA,NA
"LPCHMCBP_00968",0,NA,NA,NA,NA,NA
"LPCHMCBP_00969",0,NA,NA,NA,NA,NA
"LPCHMCBP_00976",0,NA,NA,NA,NA,NA
"LPCHMCBP_00977",0.142164766963195,0.685837706706539,4.0804728567969,0.168077997520344,0.866521918528232,NA
"LPCHMCBP_00979",0,NA,NA,NA,NA,NA
"LPCHMCBP_00983",0,NA,NA,NA,NA,NA
"LPCHMCBP_00984",0,NA,NA,NA,NA,NA
"LPCHMCBP_00988",0,NA,NA,NA,NA,NA
"LPCHMCBP_00993",58.1619079479968,0.943533911887724,3.7285132639341,0.253059019801411,NA,NA
"LPCHMCBP_01000",0,NA,NA,NA,NA,NA
"LPCHMCBP_01002",0,NA,NA,NA,NA,NA
"LPCHMCBP_01004",0,NA,NA,NA,NA,NA
"LPCHMCBP_01007",0,NA,NA,NA,NA,NA
"LPCHMCBP_01009",13.3958740015588,-7.37440166361441,3.9102872922696,-1.8858976623516,NA,NA
"LPCHMCBP_01010",0,NA,NA,NA,NA,NA
"LPCHMCBP_01012",0,NA,NA,NA,NA,NA
"LPCHMCBP_01016",153.198236025375,1.55035429030407,3.01683250384103,0.51390134796352,NA,NA
"LPCHMCBP_01019",29.6638788375313,0.268224574799213,3.73115520207314,0.0718878096119343,NA,NA
"LPCHMCBP_01024",0,NA,NA,NA,NA,NA
"LPCHMCBP_01025",24.534954800529,-7.4286844345737,3.90869898385427,-1.90055168363169,NA,NA
"LPCHMCBP_01028",0.157017949526008,0.685837706706539,4.0804728567969,0.168077997520344,0.866521918528232,NA
"LPCHMCBP_01037",120.41084880073,-2.38598612054772,2.44709617488008,-0.975027522432642,NA,NA
"LPCHMCBP_01040",0,NA,NA,NA,NA,NA
"LPCHMCBP_01042",25.0163953018004,-22.301974954269,3.90865101258407,-5.70579846664919,NA,NA
"LPCHMCBP_01046",0,NA,NA,NA,NA,NA
"LPCHMCBP_01048",0,NA,NA,NA,NA,NA
"LPCHMCBP_01049",0,NA,NA,NA,NA,NA
"LPCHMCBP_01050",0,NA,NA,NA,NA,NA
"LPCHMCBP_01051",0,NA,NA,NA,NA,NA
"LPCHMCBP_01053",5.29770077290399,-4.15368852779247,3.87678017730889,-1.0714274056869,0.28397729567273,NA
"LPCHMCBP_01054",48.1227867510627,-1.67189744335049,3.6232039649095,-0.461441712788656,NA,NA
"LPCHMCBP_01057",0,NA,NA,NA,NA,NA
"LPCHMCBP_01064",0,NA,NA,NA,NA,NA
"LPCHMCBP_01065",4.91052704820136,-2.24795929556492,3.78456979324049,-0.593980139983133,0.552525396240399,NA
"LPCHMCBP_01066",0,NA,NA,NA,NA,NA
"LPCHMCBP_01072",0.472195399604436,0.648034966240336,4.03538434405941,0.160588164840934,0.872417776999338,NA
"LPCHMCBP_01073",0.173012683115233,-1.23771564493595,4.0804728567969,-0.303326523266603,0.761641035097225,NA
"LPCHMCBP_01074",0,NA,NA,NA,NA,NA
"LPCHMCBP_01082",145.007270374966,-0.708910551341709,2.25523958950353,-0.314339352076455,NA,NA
"LPCHMCBP_01083",0,NA,NA,NA,NA,NA
"LPCHMCBP_01085",36.3031186518094,21.8526523615258,3.90783370903908,5.59201183790886,NA,NA
"LPCHMCBP_01090",0,NA,NA,NA,NA,NA
"LPCHMCBP_01092",0,NA,NA,NA,NA,NA
"LPCHMCBP_01094",0,NA,NA,NA,NA,NA
"LPCHMCBP_01095",0,NA,NA,NA,NA,NA
"LPCHMCBP_01096",0,NA,NA,NA,NA,NA
"LPCHMCBP_01099",0,NA,NA,NA,NA,NA
"LPCHMCBP_01104",22.4312747359953,-2.09025569651973,3.73725203765249,-0.559302844833741,NA,NA
"LPCHMCBP_01110",0,NA,NA,NA,NA,NA
"LPCHMCBP_01112",48.3521011941761,-1.30452330010273,3.72933001514891,-0.349800981625018,NA,NA
"LPCHMCBP_01113",12.7948290266875,7.03269397855099,3.90980665768679,1.79873190525279,NA,NA
"LPCHMCBP_01114",0,NA,NA,NA,NA,NA
"LPCHMCBP_01118",42.0756088025025,0.133022753791344,3.72928096860562,0.0356698127363361,NA,NA
"LPCHMCBP_01119",0,NA,NA,NA,NA,NA
"LPCHMCBP_01120",0,NA,NA,NA,NA,NA
"LPCHMCBP_01121",0.172526864150348,-1.23771564493595,4.0804728567969,-0.303326523266603,0.761641035097225,NA
"LPCHMCBP_01127",0,NA,NA,NA,NA,NA
"LPCHMCBP_01128",0,NA,NA,NA,NA,NA
"LPCHMCBP_01131",0.157017949526008,0.685837706706539,4.0804728567969,0.168077997520344,0.866521918528232,NA
"LPCHMCBP_01135",0,NA,NA,NA,NA,NA
"LPCHMCBP_01136",22.3198684132216,21.1710045648684,3.90850666985309,5.41664793056735,NA,NA
"LPCHMCBP_01139",0,NA,NA,NA,NA,NA
"LPCHMCBP_01145",0,NA,NA,NA,NA,NA
"LPCHMCBP_01149",0,NA,NA,NA,NA,NA
"LPCHMCBP_01150",0,NA,NA,NA,NA,NA
"LPCHMCBP_01151",22.1463040424165,21.1589502210811,3.90852023264219,5.41354501490646,NA,NA
"LPCHMCBP_01152",0,NA,NA,NA,NA,NA
"LPCHMCBP_01153",0,NA,NA,NA,NA,NA
"LPCHMCBP_01154",63.4743770927036,-8.67841633881523,3.90751007191458,-2.22095814958783,NA,NA
"LPCHMCBP_01155",0,NA,NA,NA,NA,NA
"LPCHMCBP_01159",0,NA,NA,NA,NA,NA
"LPCHMCBP_01161",0,NA,NA,NA,NA,NA
"LPCHMCBP_01166",0,NA,NA,NA,NA,NA
"LPCHMCBP_01171",0,NA,NA,NA,NA,NA
"LPCHMCBP_01178",53.2290848893168,22.3843121023457,3.90749217323941,5.72856223632268,NA,NA
"LPCHMCBP_01179",6.66010370781638,0.320288863577615,3.75263497231987,0.0853503913756933,0.931982831127108,NA
"LPCHMCBP_01181",14.1870400154491,-21.5715028992671,3.91009021133559,-5.51688112891361,NA,NA
"LPCHMCBP_01184",0,NA,NA,NA,NA,NA
"LPCHMCBP_01187",56.7773415113417,1.83611353656189,3.72986175270813,0.49227388527973,NA,NA
"LPCHMCBP_01188",0,NA,NA,NA,NA,NA
"LPCHMCBP_01189",0,NA,NA,NA,NA,NA
"LPCHMCBP_01193",0,NA,NA,NA,NA,NA
"LPCHMCBP_01197",0,NA,NA,NA,NA,NA
"LPCHMCBP_01202",10.3780279883132,6.73070348189369,3.91051588252181,1.72118044884482,NA,NA
"LPCHMCBP_01203",0,NA,NA,NA,NA,NA
"LPCHMCBP_01207",36.748222064024,-22.8613401126856,3.90804894433583,-5.84980905774476,NA,NA
"LPCHMCBP_01209",0.172526864150348,-1.23771564493595,4.0804728567969,-0.303326523266603,0.761641035097225,NA
"LPCHMCBP_01212",0,NA,NA,NA,NA,NA
"LPCHMCBP_01215",31.3771406415584,-0.256500424430058,3.73071280509047,-0.0687537309438746,NA,NA
"LPCHMCBP_01219",0,NA,NA,NA,NA,NA
"LPCHMCBP_01223",0.314035899052016,1.6712635111207,4.03010440054566,0.414694842866706,0.678365308128112,NA
"LPCHMCBP_01224",0,NA,NA,NA,NA,NA
"LPCHMCBP_01231",0,NA,NA,NA,NA,NA
"LPCHMCBP_01232",0.142164766963195,0.685837706706539,4.0804728567969,0.168077997520344,0.866521918528232,NA
"LPCHMCBP_01235",0.157017949526008,0.685837706706539,4.0804728567969,0.168077997520344,0.866521918528232,NA
"LPCHMCBP_01236",0,NA,NA,NA,NA,NA
"LPCHMCBP_01237",6.86846836192178,6.13526699414206,3.91243384335885,1.56814587537534,0.116847092394732,NA
"LPCHMCBP_01239",0,NA,NA,NA,NA,NA
"LPCHMCBP_01240",0,NA,NA,NA,NA,NA
"LPCHMCBP_01242",5.4022611446014,5.78898305857975,3.9139718158504,1.47905588771389,0.139125378558125,NA
"LPCHMCBP_01245",0,NA,NA,NA,NA,NA
"LPCHMCBP_01246",0,NA,NA,NA,NA,NA
"LPCHMCBP_01248",24.3730485306139,-22.3040732735569,3.90870114862797,-5.70626211251429,NA,NA
"LPCHMCBP_01249",0.140166481281117,0.68583770670654,4.0804728567969,0.168077997520344,0.866521918528232,NA
"LPCHMCBP_01250",0,NA,NA,NA,NA,NA
"LPCHMCBP_01252",0,NA,NA,NA,NA,NA
"LPCHMCBP_01256",0,NA,NA,NA,NA,NA
"LPCHMCBP_01257",0,NA,NA,NA,NA,NA
"LPCHMCBP_01258",10.8353702053548,5.80791863045941,3.91041574893276,1.48524325886436,NA,NA
"LPCHMCBP_01261",0.142164766963195,0.685837706706539,4.0804728567969,0.168077997520344,0.866521918528232,NA
"LPCHMCBP_01266",11.3731813570556,6.86278952770356,3.91018736509317,1.75510503383258,NA,NA
"LPCHMCBP_01267",104.235431884749,-1.0390283196148,2.59914749871415,-0.399757351257988,NA,NA
"LPCHMCBP_01268",0,NA,NA,NA,NA,NA
"LPCHMCBP_01269",13.3634880945403,7.09542270034702,3.90967704420107,1.81483601334057,NA,NA
"LPCHMCBP_01270",0,NA,NA,NA,NA,NA
"LPCHMCBP_01273",0,NA,NA,NA,NA,NA
"LPCHMCBP_01275",3.22582735514778,5.04557900763045,3.91882633791317,1.28752299095685,0.197912061396865,NA
"LPCHMCBP_01278",0,NA,NA,NA,NA,NA
"LPCHMCBP_01281",0,NA,NA,NA,NA,NA
"LPCHMCBP_01286",0,NA,NA,NA,NA,NA
"LPCHMCBP_01288",26.9402680755067,0.954473728430743,3.73264987018004,0.255709418677597,NA,NA
"LPCHMCBP_01293",0,NA,NA,NA,NA,NA
"LPCHMCBP_01294",0,NA,NA,NA,NA,NA
"LPCHMCBP_01295",22.6646614880955,-22.2057993263364,3.90884672971046,-5.68090817108638,NA,NA
"LPCHMCBP_01296",0,NA,NA,NA,NA,NA
"LPCHMCBP_01297",0,NA,NA,NA,NA,NA
"LPCHMCBP_01298",0,NA,NA,NA,NA,NA
"LPCHMCBP_01300",0,NA,NA,NA,NA,NA
"LPCHMCBP_01303",2.52269030518312,-1.22899887105393,3.80633206841702,-0.322882725144116,0.746784059542423,NA
"LPCHMCBP_01309",0,NA,NA,NA,NA,NA
"LPCHMCBP_01311",0,NA,NA,NA,NA,NA
"LPCHMCBP_01312",18.3085553657187,0.386242281981937,3.73512418079242,0.103408150114033,NA,NA
"LPCHMCBP_01315",5.82875544549098,5.89858120949395,3.91344464726998,1.50726067215715,0.131743853985307,NA
"LPCHMCBP_01318",0,NA,NA,NA,NA,NA
"LPCHMCBP_01323",0.280332962562235,1.52865681006306,4.04270008987876,0.378127681024418,0.705335745780281,NA
"LPCHMCBP_01324",0,NA,NA,NA,NA,NA
"LPCHMCBP_01325",0,NA,NA,NA,NA,NA
"LPCHMCBP_01327",0,NA,NA,NA,NA,NA
"LPCHMCBP_01331",25.8484378527696,-8.32280760861229,3.90859050928985,-2.12936289663264,NA,NA
"LPCHMCBP_01332",2.5478231170049,-3.93427898840489,3.92635409683761,-1.00201838432597,0.316334713785373,NA
"LPCHMCBP_01333",0,NA,NA,NA,NA,NA
"LPCHMCBP_01334",0,NA,NA,NA,NA,NA
"LPCHMCBP_01335",0.173012683115233,-1.23771564493595,4.0804728567969,-0.303326523266603,0.761641035097225,NA
"LPCHMCBP_01336",0,NA,NA,NA,NA,NA
"LPCHMCBP_01337",11.0888518231292,6.82626833827031,3.91027521391053,1.74572580313179,NA,NA
"LPCHMCBP_01338",0,NA,NA,NA,NA,NA
"LPCHMCBP_01340",0,NA,NA,NA,NA,NA
"LPCHMCBP_01341",0,NA,NA,NA,NA,NA
"LPCHMCBP_01343",0,NA,NA,NA,NA,NA
"LPCHMCBP_01344",5.54442591156459,5.8264485237009,3.91378709202942,1.48869838514381,0.136566810447829,NA
"LPCHMCBP_01345",0,NA,NA,NA,NA,NA
"LPCHMCBP_01346",0,NA,NA,NA,NA,NA
"LPCHMCBP_01347",0.471053848578024,2.26016800819329,3.9891977755105,0.566572061698308,0.57100496088942,NA
"LPCHMCBP_01348",0,NA,NA,NA,NA,NA
"LPCHMCBP_01349",0,NA,NA,NA,NA,NA
"LPCHMCBP_01350",0.426494300889584,2.12963762281029,3.99691458417892,0.532820398824654,0.594157911722523,NA
"LPCHMCBP_01351",6.16732517636917,5.98015896989593,3.91307740963672,1.5282495958727,0.126450579193588,NA
"LPCHMCBP_01352",0,NA,NA,NA,NA,NA
"LPCHMCBP_01353",0,NA,NA,NA,NA,NA
"LPCHMCBP_01354",0,NA,NA,NA,NA,NA
"LPCHMCBP_01355",0,NA,NA,NA,NA,NA
"LPCHMCBP_01359",0,NA,NA,NA,NA,NA
"LPCHMCBP_01360",0,NA,NA,NA,NA,NA
"LPCHMCBP_01361",0,NA,NA,NA,NA,NA
"LPCHMCBP_01362",0,NA,NA,NA,NA,NA
"LPCHMCBP_01369",0,NA,NA,NA,NA,NA
"LPCHMCBP_01371",0,NA,NA,NA,NA,NA
"LPCHMCBP_01373",0,NA,NA,NA,NA,NA
"LPCHMCBP_01375",0,NA,NA,NA,NA,NA
"LPCHMCBP_01378",0,NA,NA,NA,NA,NA
"LPCHMCBP_01381",13.6478176284667,7.12579297647993,3.90961628609788,1.82263231351332,NA,NA
"LPCHMCBP_01382",0,NA,NA,NA,NA,NA
"LPCHMCBP_01383",0,NA,NA,NA,NA,NA
"LPCHMCBP_01385",0,NA,NA,NA,NA,NA
"LPCHMCBP_01386",0,NA,NA,NA,NA,NA
"LPCHMCBP_01387",0,NA,NA,NA,NA,NA
"LPCHMCBP_01388",0,NA,NA,NA,NA,NA
"LPCHMCBP_01389",25.1889221659507,-22.3485296122434,3.90863814232829,-5.71772796520141,NA,NA
"LPCHMCBP_01390",0,NA,NA,NA,NA,NA
"LPCHMCBP_01391",0,NA,NA,NA,NA,NA
"LPCHMCBP_01392",0,NA,NA,NA,NA,NA
"LPCHMCBP_01393",0,NA,NA,NA,NA,NA
"LPCHMCBP_01395",0,NA,NA,NA,NA,NA
"LPCHMCBP_01396",0,NA,NA,NA,NA,NA
"LPCHMCBP_01397",0,NA,NA,NA,NA,NA
"LPCHMCBP_01398",0,NA,NA,NA,NA,NA
"LPCHMCBP_01399",0,NA,NA,NA,NA,NA
"LPCHMCBP_01400",0,NA,NA,NA,NA,NA
"LPCHMCBP_01401",0,NA,NA,NA,NA,NA
"LPCHMCBP_01402",0,NA,NA,NA,NA,NA
"LPCHMCBP_01403",0,NA,NA,NA,NA,NA
"LPCHMCBP_01404",0,NA,NA,NA,NA,NA
"LPCHMCBP_01405",0,NA,NA,NA,NA,NA
"LPCHMCBP_01406",0,NA,NA,NA,NA,NA
"LPCHMCBP_01407",13.6296222678775,-7.39979072584333,3.91022586952254,-1.89242027769278,NA,NA
"LPCHMCBP_01409",0,NA,NA,NA,NA,NA
"LPCHMCBP_01413",0.852988601779168,3.12777417307161,3.952157279813,0.79140933713539,0.428705163078919,NA
"LPCHMCBP_01416",0,NA,NA,NA,NA,NA
"LPCHMCBP_01417",0,NA,NA,NA,NA,NA
"LPCHMCBP_01418",0,NA,NA,NA,NA,NA
"LPCHMCBP_01419",0,NA,NA,NA,NA,NA
"LPCHMCBP_01420",0,NA,NA,NA,NA,NA
"LPCHMCBP_01421",25.1172637529228,-22.3449829985298,3.90864378068679,-5.71681234011138,NA,NA
"LPCHMCBP_01423",0,NA,NA,NA,NA,NA
"LPCHMCBP_01428",0,NA,NA,NA,NA,NA
"LPCHMCBP_01429",0,NA,NA,NA,NA,NA
"LPCHMCBP_01430",0,NA,NA,NA,NA,NA
"LPCHMCBP_01431",0,NA,NA,NA,NA,NA
"LPCHMCBP_01432",0,NA,NA,NA,NA,NA
"LPCHMCBP_01434",0,NA,NA,NA,NA,NA
"LPCHMCBP_01435",0,NA,NA,NA,NA,NA
"LPCHMCBP_01436",0,NA,NA,NA,NA,NA
"LPCHMCBP_01437",0,NA,NA,NA,NA,NA
"LPCHMCBP_01438",0,NA,NA,NA,NA,NA
"LPCHMCBP_01439",0,NA,NA,NA,NA,NA
"LPCHMCBP_01441",0,NA,NA,NA,NA,NA
"LPCHMCBP_01442",0,NA,NA,NA,NA,NA
"LPCHMCBP_01446",0,NA,NA,NA,NA,NA
"LPCHMCBP_01447",0,NA,NA,NA,NA,NA
"LPCHMCBP_01448",0.995153368742362,3.34988378228288,3.94571206171009,0.848993471873117,0.395884924814845,NA
"LPCHMCBP_01449",0,NA,NA,NA,NA,NA
"LPCHMCBP_01455",0,NA,NA,NA,NA,NA
"LPCHMCBP_01459",0.157017949526008,0.685837706706539,4.0804728567969,0.168077997520344,0.866521918528232,NA
"LPCHMCBP_01460",0,NA,NA,NA,NA,NA
"LPCHMCBP_01461",0,NA,NA,NA,NA,NA
"LPCHMCBP_01464",0,NA,NA,NA,NA,NA
"LPCHMCBP_01466",52.4186987500331,-0.162252044540807,3.72839843309778,-0.0435178931254936,NA,NA
"LPCHMCBP_01470",29.4673214519039,7.39879122282074,3.90809059954703,1.89319849024951,NA,NA
"LPCHMCBP_01473",2.98546010622709,4.9336568297464,3.91979810596847,1.25865075097469,0.208156507296278,NA
"LPCHMCBP_01475",0,NA,NA,NA,NA,NA
"LPCHMCBP_01476",0,NA,NA,NA,NA,NA
"LPCHMCBP_01478",0,NA,NA,NA,NA,NA
"LPCHMCBP_01479",0,NA,NA,NA,NA,NA
"LPCHMCBP_01484",56.1453657261764,-1.76017260517379,3.72929468076237,-0.471985390227721,NA,NA
"LPCHMCBP_01485",3.72107611154411,-5.52571402350916,3.91943727184378,-1.40982330887254,0.158591862233556,NA
"LPCHMCBP_01487",0,NA,NA,NA,NA,NA
"LPCHMCBP_01490",110.300747831894,3.99495255870223,3.7329483686897,1.07018693111593,NA,NA
"LPCHMCBP_01493",0,NA,NA,NA,NA,NA
"LPCHMCBP_01494",0,NA,NA,NA,NA,NA
"LPCHMCBP_01495",32.6586971848345,-0.607905154928759,3.73062624235582,-0.162949895121329,NA,NA
"LPCHMCBP_01496",0,NA,NA,NA,NA,NA
"LPCHMCBP_01498",43.0988417260855,-0.336095651136114,3.72916144958879,-0.0901263342119914,NA,NA
"LPCHMCBP_01499",0,NA,NA,NA,NA,NA
"LPCHMCBP_01501",2.59519024672849,-5.00754498710792,3.92490081277399,-1.27583988130614,0.20201212640774,NA
"LPCHMCBP_01502",0,NA,NA,NA,NA,NA
"LPCHMCBP_01503",0,NA,NA,NA,NA,NA
"LPCHMCBP_01505",0,NA,NA,NA,NA,NA
"LPCHMCBP_01506",0,NA,NA,NA,NA,NA
"LPCHMCBP_01510",0,NA,NA,NA,NA,NA
"LPCHMCBP_01512",4.66735685596694,-1.8594435790958,3.77865260004156,-0.492091699320374,0.622654519985362,NA
"LPCHMCBP_01514",0,NA,NA,NA,NA,NA
"LPCHMCBP_01515",0,NA,NA,NA,NA,NA
"LPCHMCBP_01518",0,NA,NA,NA,NA,NA
"LPCHMCBP_01523",22.2559654753948,-22.18125475999,3.9088849360788,-5.67457347113449,NA,NA
"LPCHMCBP_01526",54.5920377283091,-0.625803063274336,3.72835665270082,-0.167849570620076,NA,NA
"LPCHMCBP_01528",0,NA,NA,NA,NA,NA
"LPCHMCBP_01529",0,NA,NA,NA,NA,NA
"LPCHMCBP_01530",6.43711455153995,-6.31728421024657,3.91409085648282,-1.61398507134381,0.106530664446988,NA
"LPCHMCBP_01531",0,NA,NA,NA,NA,NA
"LPCHMCBP_01534",0,NA,NA,NA,NA,NA
"LPCHMCBP_01535",16.165350677375,3.41986256377267,3.76335520149106,0.908727021679405,NA,NA
"LPCHMCBP_01536",26.8169658828611,-22.4304229485992,3.90852444144202,-5.73884679107282,NA,NA
"LPCHMCBP_01538",0,NA,NA,NA,NA,NA
"LPCHMCBP_01539",0,NA,NA,NA,NA,NA
"LPCHMCBP_01541",0,NA,NA,NA,NA,NA
"LPCHMCBP_01544",23.2040283276669,-0.377529367424175,3.73277792448405,-0.101138984172587,NA,NA
"LPCHMCBP_01545",0,NA,NA,NA,NA,NA
"LPCHMCBP_01551",0,NA,NA,NA,NA,NA
"LPCHMCBP_01552",32.4932536370143,-0.648925878966088,3.73068163470511,-0.173942979462353,NA,NA
"LPCHMCBP_01554",0,NA,NA,NA,NA,NA
"LPCHMCBP_01558",0,NA,NA,NA,NA,NA
"LPCHMCBP_01560",0,NA,NA,NA,NA,NA
"LPCHMCBP_01561",0,NA,NA,NA,NA,NA
"LPCHMCBP_01562",70.0679081911034,-2.41077980397796,3.72948366583099,-0.646411144273184,NA,NA
"LPCHMCBP_01563",4.45540703104702,-1.79657967784473,3.77991011429769,-0.475296931281272,0.634575346058814,NA
"LPCHMCBP_01564",0,NA,NA,NA,NA,NA
"LPCHMCBP_01565",0,NA,NA,NA,NA,NA
"LPCHMCBP_01566",0,NA,NA,NA,NA,NA
"LPCHMCBP_01570",42.9484473771081,-0.722402838057552,3.7293306805362,-0.193708442597449,NA,NA
"LPCHMCBP_01572",23.4636535244473,-22.2458287604329,3.9087758024203,-5.69125216817459,NA,NA
"LPCHMCBP_01575",0,NA,NA,NA,NA,NA
"LPCHMCBP_01579",0,NA,NA,NA,NA,NA
"LPCHMCBP_01582",0,NA,NA,NA,NA,NA
"LPCHMCBP_01584",0,NA,NA,NA,NA,NA
"LPCHMCBP_01586",0,NA,NA,NA,NA,NA
"LPCHMCBP_01587",0,NA,NA,NA,NA,NA
"LPCHMCBP_01592",0,NA,NA,NA,NA,NA
"LPCHMCBP_01593",17.4742809946385,-21.8520900451139,3.90946488836616,-5.5895348005661,NA,NA
"LPCHMCBP_01594",0,NA,NA,NA,NA,NA
"LPCHMCBP_01595",0,NA,NA,NA,NA,NA
"LPCHMCBP_01598",63.6299115472126,2.0382014692346,3.69156065122969,0.552124605769556,NA,NA
"LPCHMCBP_01600",0,NA,NA,NA,NA,NA
"LPCHMCBP_01601",30.9692702776267,-22.6256601375282,3.90828855590351,-5.78914781083704,NA,NA
"LPCHMCBP_01602",20.2424839244823,-22.0532544848214,3.90909576869758,-5.64152320375846,NA,NA
"LPCHMCBP_01605",0,NA,NA,NA,NA,NA
"LPCHMCBP_01606",0.372107611154411,-2.19581251134109,4.03236477884503,-0.544547091290194,0.586065052120453,NA
"LPCHMCBP_01608",11.3731813570556,6.86278952770356,3.91018736509317,1.75510503383258,NA,NA
"LPCHMCBP_01609",0,NA,NA,NA,NA,NA
"LPCHMCBP_01610",0,NA,NA,NA,NA,NA
"LPCHMCBP_01611",0,NA,NA,NA,NA,NA
"LPCHMCBP_01613",27.6123506978783,0.0862221597959479,3.73152584787807,0.0231064082927304,NA,NA
"LPCHMCBP_01614",11.9418404249083,6.93317011660614,3.91002421054777,1.77317830869258,NA,NA
"LPCHMCBP_01616",0.3282185725404,-0.275934965507092,4.0804728567969,-0.0676232817104671,0.946085521693988,NA
"LPCHMCBP_01617",0,NA,NA,NA,NA,NA
"LPCHMCBP_01618",0,NA,NA,NA,NA,NA
"LPCHMCBP_01619",0.172526864150348,-1.23771564493595,4.0804728567969,-0.303326523266603,0.761641035097225,NA
"LPCHMCBP_01620",0,NA,NA,NA,NA,NA
"LPCHMCBP_01621",0,NA,NA,NA,NA,NA
"LPCHMCBP_01623",17.4862663364729,20.8371288769861,3.90898951171205,5.33056658621218,NA,NA
"LPCHMCBP_01625",48.2025991836628,0.10969434346285,3.72872666510707,0.0294187140316171,NA,NA
"LPCHMCBP_01632",0,NA,NA,NA,NA,NA
"LPCHMCBP_01633",0,NA,NA,NA,NA,NA
"LPCHMCBP_01634",22.3502305104087,6.99725391221449,3.90851775249155,1.79025767703216,NA,NA
"LPCHMCBP_01635",19.9528521930328,6.69940555216736,3.90873074886258,1.71395933427158,NA,NA
"LPCHMCBP_01639",0,NA,NA,NA,NA,NA
"LPCHMCBP_01640",0,NA,NA,NA,NA,NA
"LPCHMCBP_01643",0,NA,NA,NA,NA,NA
"LPCHMCBP_01645",0,NA,NA,NA,NA,NA
"LPCHMCBP_01647",0,NA,NA,NA,NA,NA
"LPCHMCBP_01648",0,NA,NA,NA,NA,NA
"LPCHMCBP_01649",0,NA,NA,NA,NA,NA
"LPCHMCBP_01651",0,NA,NA,NA,NA,NA
"LPCHMCBP_01652",0,NA,NA,NA,NA,NA
"LPCHMCBP_01653",0.518066411415928,-2.68567865701364,3.99661152236826,-0.671988919108704,0.501590750656132,NA
"LPCHMCBP_01654",39.2738790671579,-22.663122457988,3.90796616772988,-5.79921152980527,NA,NA
"LPCHMCBP_01655",25.9519024672849,-22.3835309075428,3.9085831051322,-5.72676346017868,NA,NA
"LPCHMCBP_01656",63.2834249688971,0.480867082343482,3.72794050497889,0.128990009819431,NA,NA
"LPCHMCBP_01657",0,NA,NA,NA,NA,NA
"LPCHMCBP_01658",55.8983900312589,21.0260437161846,3.90745740469442,5.38100394669022,NA,NA
"LPCHMCBP_01660",0,NA,NA,NA,NA,NA
"LPCHMCBP_01663",25.0209989855223,21.3340904920224,3.90831806741252,5.45863722553842,NA,NA
"LPCHMCBP_01664",25.0209989855223,21.3340904920224,3.90831806741252,5.45863722553842,NA,NA
"LPCHMCBP_01672",0,NA,NA,NA,NA,NA
"LPCHMCBP_01673",0,NA,NA,NA,NA,NA
"LPCHMCBP_01682",0.518552230380813,-2.68690564878733,3.99653600672445,-0.672308630340481,0.50138723664668,NA
"LPCHMCBP_01683",40.9195577637331,-0.401820897483314,3.72940132656418,-0.107744075334875,NA,NA
"LPCHMCBP_01684",42.1653657340601,-0.0269700353873138,3.72924042294414,-0.00723204522330626,NA,NA
"LPCHMCBP_01685",3.98061347496945,5.34853711012486,3.91654360017221,1.36562685268962,0.172056113812383,NA
"LPCHMCBP_01687",0,NA,NA,NA,NA,NA
"LPCHMCBP_01688",0,NA,NA,NA,NA,NA
"LPCHMCBP_01692",0,NA,NA,NA,NA,NA
"LPCHMCBP_01694",0.299182716489203,1.60980796603748,4.03538501763668,0.398923017011215,0.689949928864751,NA
"LPCHMCBP_01695",0,NA,NA,NA,NA,NA
"LPCHMCBP_01697",0,NA,NA,NA,NA,NA
"LPCHMCBP_01699",0.282331248244312,1.53752510459081,4.04188118688842,0.380398392109702,0.703649707989423,NA
"LPCHMCBP_01700",0,NA,NA,NA,NA,NA
"LPCHMCBP_01701",0.157017949526008,0.685837706706539,4.0804728567969,0.168077997520344,0.866521918528232,NA
"LPCHMCBP_01705",0,NA,NA,NA,NA,NA
"LPCHMCBP_01707",0.140166481281117,0.68583770670654,4.0804728567969,0.168077997520344,0.866521918528232,NA
"LPCHMCBP_01709",1.38410146492186,-4.10124845565364,3.94068698903203,-1.04074453694711,0.297994127175112,NA
"LPCHMCBP_01712",0,NA,NA,NA,NA,NA
"LPCHMCBP_01718",0.744215222308823,-3.20003135472967,3.96988245009613,-0.806077105545575,0.420198391551163,NA
"LPCHMCBP_01719",0,NA,NA,NA,NA,NA
"LPCHMCBP_01720",0,NA,NA,NA,NA,NA
"LPCHMCBP_01721",0.558161416731617,-2.78352941127796,3.99078224478251,-0.697489675092423,0.485496398675662,NA
"LPCHMCBP_01722",0,NA,NA,NA,NA,NA
"LPCHMCBP_01723",0,NA,NA,NA,NA,NA
"LPCHMCBP_01724",0,NA,NA,NA,NA,NA
"LPCHMCBP_01726",0,NA,NA,NA,NA,NA
"LPCHMCBP_01730",4.40710777585903,5.4953322644516,3.91559809774006,1.40344645371631,0.160483748799857,NA
"LPCHMCBP_01731",0,NA,NA,NA,NA,NA
"LPCHMCBP_01732",0,NA,NA,NA,NA,NA
"LPCHMCBP_01733",0,NA,NA,NA,NA,NA
"LPCHMCBP_01734",0,NA,NA,NA,NA,NA
"LPCHMCBP_01735",0,NA,NA,NA,NA,NA
"LPCHMCBP_01736",0,NA,NA,NA,NA,NA
"LPCHMCBP_01737",0,NA,NA,NA,NA,NA
"LPCHMCBP_01739",0,NA,NA,NA,NA,NA
"LPCHMCBP_01740",0.372107611154411,-2.19581251134109,4.03236477884503,-0.544547091290194,0.586065052120453,NA
"LPCHMCBP_01741",0,NA,NA,NA,NA,NA
"LPCHMCBP_01742",0,NA,NA,NA,NA,NA
"LPCHMCBP_01744",0,NA,NA,NA,NA,NA
"LPCHMCBP_01746",0,NA,NA,NA,NA,NA
"LPCHMCBP_01748",0,NA,NA,NA,NA,NA
"LPCHMCBP_01751",0,NA,NA,NA,NA,NA
"LPCHMCBP_01752",0,NA,NA,NA,NA,NA
"LPCHMCBP_01754",0,NA,NA,NA,NA,NA
"LPCHMCBP_01755",0,NA,NA,NA,NA,NA
"LPCHMCBP_01757",5.18212157105394,-6.00491130774955,3.91585988223218,-1.53348472323952,0.125156467866868,NA
"LPCHMCBP_01758",0,NA,NA,NA,NA,NA
"LPCHMCBP_01759",2.94121561295896,-5.18803455909683,3.92277244923266,-1.32254282557523,0.185987458567647,NA
"LPCHMCBP_01760",0,NA,NA,NA,NA,NA
"LPCHMCBP_01761",0,NA,NA,NA,NA,NA
"LPCHMCBP_01762",0,NA,NA,NA,NA,NA
"LPCHMCBP_01764",22.7735460678459,-22.2122568621594,3.90883676521397,-5.68257468816136,NA,NA
"LPCHMCBP_01765",0,NA,NA,NA,NA,NA
"LPCHMCBP_01766",0,NA,NA,NA,NA,NA
"LPCHMCBP_01767",27.1641052679994,20.5369123681318,3.90819552126885,5.25483237887346,NA,NA
"LPCHMCBP_01768",28.4669325848073,-22.5111738709029,3.90842246394145,-5.75965727312945,NA,NA
"LPCHMCBP_01769",0,NA,NA,NA,NA,NA
"LPCHMCBP_01770",100.121251800973,0.80390359192172,3.22979665972414,0.248902230269314,NA,NA
"LPCHMCBP_01771",64.3440220367269,2.78901985742462,3.73176629047394,0.747372595262498,NA,NA
"LPCHMCBP_01772",0,NA,NA,NA,NA,NA
"LPCHMCBP_01775",0,NA,NA,NA,NA,NA
"LPCHMCBP_01776",0,NA,NA,NA,NA,NA
"LPCHMCBP_01777",19.7634738606376,21.0068984406726,3.90873255994681,5.37435041116204,NA,NA
"LPCHMCBP_01778",33.4866351163343,-1.78398544181211,3.73228705762125,-0.477987200413552,NA,NA
"LPCHMCBP_01779",0,NA,NA,NA,NA,NA
"LPCHMCBP_01780",0,NA,NA,NA,NA,NA
"LPCHMCBP_01781",0,NA,NA,NA,NA,NA
"LPCHMCBP_01782",6.64837784327056,-0.548085445758478,3.7525426095448,-0.146057087896722,0.883876321952888,NA
"LPCHMCBP_01783",0,NA,NA,NA,NA,NA
"LPCHMCBP_01786",0,NA,NA,NA,NA,NA
"LPCHMCBP_01789",0,NA,NA,NA,NA,NA
"LPCHMCBP_01792",0,NA,NA,NA,NA,NA
"LPCHMCBP_01797",0,NA,NA,NA,NA,NA
"LPCHMCBP_01798",0.568659067852779,2.54376875293973,3.97461339630079,0.640004070661876,0.522169952952039,NA
"LPCHMCBP_01800",0,NA,NA,NA,NA,NA
"LPCHMCBP_01801",0,NA,NA,NA,NA,NA
"LPCHMCBP_01802",0,NA,NA,NA,NA,NA
"LPCHMCBP_01807",0,NA,NA,NA,NA,NA
"LPCHMCBP_01808",0,NA,NA,NA,NA,NA
"LPCHMCBP_01809",0,NA,NA,NA,NA,NA
"LPCHMCBP_01810",0,NA,NA,NA,NA,NA
"LPCHMCBP_01811",2.0761521973828,-4.68579025733613,3.92941895083581,-1.19248935172449,0.233069423535805,NA
"LPCHMCBP_01812",2.07139443843112,1.5782780094414,3.84472848951273,0.410504412404276,0.681435967378895,NA
"LPCHMCBP_01814",0,NA,NA,NA,NA,NA
"LPCHMCBP_01815",0,NA,NA,NA,NA,NA
"LPCHMCBP_01817",6.4811409080089,1.0838141801522,3.75793164948765,0.288407102960471,0.773035131247499,NA
"LPCHMCBP_01818",23.6671197294829,0.44856118628789,3.73289146366201,0.120164540184044,NA,NA
"LPCHMCBP_01822",19.9360007247879,6.83098310745885,3.90873249804306,1.7476210282691,NA,NA
"LPCHMCBP_01825",18.5123570933299,-21.9287933723664,3.90931351361235,-5.60937190020949,NA,NA
"LPCHMCBP_01827",25.9637160202459,1.46571288460165,3.73426398290124,0.392503821720419,NA,NA
"LPCHMCBP_01829",0,NA,NA,NA,NA,NA
"LPCHMCBP_01830",0,NA,NA,NA,NA,NA
"LPCHMCBP_01831",0,NA,NA,NA,NA,NA
"LPCHMCBP_01834",0.173012683115233,-1.23771564493595,4.0804728567969,-0.303326523266603,0.761641035097225,NA
"LPCHMCBP_01837",1.13731813570556,3.54231297561303,3.94086951823126,0.898865836391073,0.368724127128875,NA
"LPCHMCBP_01839",0,NA,NA,NA,NA,NA
"LPCHMCBP_01840",0,NA,NA,NA,NA,NA
"LPCHMCBP_01847",0,NA,NA,NA,NA,NA
"LPCHMCBP_01850",0,NA,NA,NA,NA,NA
"LPCHMCBP_01851",0,NA,NA,NA,NA,NA
"LPCHMCBP_01855",95.8434709766749,-0.537521254194766,3.72687624402958,-0.14422836150137,NA,NA
"LPCHMCBP_01859",0,NA,NA,NA,NA,NA
"LPCHMCBP_01861",0,NA,NA,NA,NA,NA
"LPCHMCBP_01863",0,NA,NA,NA,NA,NA
"LPCHMCBP_01864",0,NA,NA,NA,NA,NA
"LPCHMCBP_01869",20.7286757719938,-7.18396409657761,3.9090564417689,-1.83777446132929,NA,NA
"LPCHMCBP_01871",3.41195440711667,5.12622370541168,3.91817128308945,1.30832047275118,0.190764634011382,NA
"LPCHMCBP_01872",0,NA,NA,NA,NA,NA
"LPCHMCBP_01876",0,NA,NA,NA,NA,NA
"LPCHMCBP_01877",0,NA,NA,NA,NA,NA
"LPCHMCBP_01878",0,NA,NA,NA,NA,NA
"LPCHMCBP_01879",0,NA,NA,NA,NA,NA
"LPCHMCBP_01880",0,NA,NA,NA,NA,NA
"LPCHMCBP_01881",0,NA,NA,NA,NA,NA
"LPCHMCBP_01882",0,NA,NA,NA,NA,NA
"LPCHMCBP_01883",0,NA,NA,NA,NA,NA
"LPCHMCBP_01884",69.9575228434057,1.44696500765166,2.88730870449721,0.501146623288982,NA,NA
"LPCHMCBP_01885",0,NA,NA,NA,NA,NA
"LPCHMCBP_01886",0,NA,NA,NA,NA,NA
"LPCHMCBP_01889",0,NA,NA,NA,NA,NA
"LPCHMCBP_01890",0,NA,NA,NA,NA,NA
"LPCHMCBP_01891",0,NA,NA,NA,NA,NA
"LPCHMCBP_01892",0,NA,NA,NA,NA,NA
"LPCHMCBP_01894",0,NA,NA,NA,NA,NA
"LPCHMCBP_01895",0,NA,NA,NA,NA,NA
"LPCHMCBP_01896",0,NA,NA,NA,NA,NA
"LPCHMCBP_01897",0,NA,NA,NA,NA,NA
"LPCHMCBP_01898",0,NA,NA,NA,NA,NA
"LPCHMCBP_01901",0,NA,NA,NA,NA,NA
"LPCHMCBP_01902",0,NA,NA,NA,NA,NA
"LPCHMCBP_01903",0,NA,NA,NA,NA,NA
"LPCHMCBP_01905",0,NA,NA,NA,NA,NA
"LPCHMCBP_01906",0,NA,NA,NA,NA,NA
"LPCHMCBP_01907",0,NA,NA,NA,NA,NA
"LPCHMCBP_01910",0,NA,NA,NA,NA,NA
"LPCHMCBP_01911",0,NA,NA,NA,NA,NA
"LPCHMCBP_01912",0,NA,NA,NA,NA,NA
"LPCHMCBP_01914",0,NA,NA,NA,NA,NA
"LPCHMCBP_01915",83.9304709154617,1.8946552992855,2.0178921182881,0.938927944717309,NA,NA
"LPCHMCBP_01917",0,NA,NA,NA,NA,NA
"LPCHMCBP_01919",0,NA,NA,NA,NA,NA
"LPCHMCBP_01920",0,NA,NA,NA,NA,NA
"LPCHMCBP_01921",0,NA,NA,NA,NA,NA
"LPCHMCBP_01923",0,NA,NA,NA,NA,NA
"LPCHMCBP_01924",0,NA,NA,NA,NA,NA
"LPCHMCBP_01926",0,NA,NA,NA,NA,NA
"LPCHMCBP_01929",0,NA,NA,NA,NA,NA
"LPCHMCBP_01930",138.229609184256,0.592865399330324,3.12211549237657,0.189892206351095,NA,NA
"LPCHMCBP_01933",0,NA,NA,NA,NA,NA
"LPCHMCBP_01934",0,NA,NA,NA,NA,NA
"LPCHMCBP_01935",0,NA,NA,NA,NA,NA
"LPCHMCBP_01940",0,NA,NA,NA,NA,NA
"LPCHMCBP_01941",13.7899823954299,20.5049513661579,3.90958700933255,5.24478706247251,NA,NA
"LPCHMCBP_01943",0,NA,NA,NA,NA,NA
"LPCHMCBP_01946",20.2800301291923,-3.7283166711997,3.75620246346323,-0.992576067841184,NA,NA
"LPCHMCBP_01947",0,NA,NA,NA,NA,NA
"LPCHMCBP_01949",0,NA,NA,NA,NA,NA
"LPCHMCBP_01950",0,NA,NA,NA,NA,NA
"LPCHMCBP_01951",0,NA,NA,NA,NA,NA
"LPCHMCBP_01952",0,NA,NA,NA,NA,NA
"LPCHMCBP_01953",0,NA,NA,NA,NA,NA
"LPCHMCBP_01955",0,NA,NA,NA,NA,NA
"LPCHMCBP_01956",0,NA,NA,NA,NA,NA
"LPCHMCBP_01958",0,NA,NA,NA,NA,NA
"LPCHMCBP_01962",0,NA,NA,NA,NA,NA
"LPCHMCBP_01963",0,NA,NA,NA,NA,NA
"LPCHMCBP_01965",0,NA,NA,NA,NA,NA
"LPCHMCBP_01969",0,NA,NA,NA,NA,NA
"LPCHMCBP_01970",0,NA,NA,NA,NA,NA
"LPCHMCBP_01972",0,NA,NA,NA,NA,NA
"LPCHMCBP_01974",0,NA,NA,NA,NA,NA
"LPCHMCBP_01975",0,NA,NA,NA,NA,NA
"LPCHMCBP_01977",0,NA,NA,NA,NA,NA
"LPCHMCBP_01979",38.9278537009274,-22.6733929115029,3.90797718274497,-5.80182325823536,NA,NA
"LPCHMCBP_01982",0,NA,NA,NA,NA,NA
"LPCHMCBP_01984",0,NA,NA,NA,NA,NA
"LPCHMCBP_01986",0.142164766963195,0.685837706706539,4.0804728567969,0.168077997520344,0.866521918528232,NA
"LPCHMCBP_01987",0,NA,NA,NA,NA,NA
"LPCHMCBP_01988",0,NA,NA,NA,NA,NA
"LPCHMCBP_01989",0,NA,NA,NA,NA,NA
"LPCHMCBP_01993",0,NA,NA,NA,NA,NA
"LPCHMCBP_01994",17.1601031258936,-2.23099099056917,3.74199288899336,-0.596203963169299,NA,NA
"LPCHMCBP_01996",0,NA,NA,NA,NA,NA
"LPCHMCBP_02000",0,NA,NA,NA,NA,NA
"LPCHMCBP_02001",0,NA,NA,NA,NA,NA
"LPCHMCBP_02003",0,NA,NA,NA,NA,NA
"LPCHMCBP_02004",0,NA,NA,NA,NA,NA
"LPCHMCBP_02005",0,NA,NA,NA,NA,NA
"LPCHMCBP_02006",0,NA,NA,NA,NA,NA
"LPCHMCBP_02008",0,NA,NA,NA,NA,NA
"LPCHMCBP_02009",5.11793161067501,5.71100042047267,3.91437201299838,1.45898253960233,0.144569913455183,NA
"LPCHMCBP_02010",0,NA,NA,NA,NA,NA
"LPCHMCBP_02011",0,NA,NA,NA,NA,NA
"LPCHMCBP_02013",0,NA,NA,NA,NA,NA
"LPCHMCBP_02020",2.03123118175168,-0.0635688054224151,3.81268967717142,-0.0166729555261303,0.986697522525893,NA
"LPCHMCBP_02021",0,NA,NA,NA,NA,NA
"LPCHMCBP_02022",0,NA,NA,NA,NA,NA
"LPCHMCBP_02023",0,NA,NA,NA,NA,NA
"LPCHMCBP_02024",0,NA,NA,NA,NA,NA
"LPCHMCBP_02026",0,NA,NA,NA,NA,NA
"LPCHMCBP_02027",0,NA,NA,NA,NA,NA
"LPCHMCBP_02028",0,NA,NA,NA,NA,NA
"LPCHMCBP_02029",76.781777318218,22.8947847787607,3.90726736073835,5.85953881958932,NA,NA
"LPCHMCBP_02030",0,NA,NA,NA,NA,NA
"LPCHMCBP_02032",0,NA,NA,NA,NA,NA
"LPCHMCBP_02033",5.77307740700892,0.38910859486434,3.75711639471559,0.103565754686659,0.917513965279693,NA
"LPCHMCBP_02034",0,NA,NA,NA,NA,NA
"LPCHMCBP_02035",0,NA,NA,NA,NA,NA
"LPCHMCBP_02036",0,NA,NA,NA,NA,NA
"LPCHMCBP_02038",0,NA,NA,NA,NA,NA
"LPCHMCBP_02039",0,NA,NA,NA,NA,NA
"LPCHMCBP_02041",0,NA,NA,NA,NA,NA
"LPCHMCBP_02047",0,NA,NA,NA,NA,NA
"LPCHMCBP_02053",0,NA,NA,NA,NA,NA
"LPCHMCBP_02062",0,NA,NA,NA,NA,NA
"LPCHMCBP_02063",0,NA,NA,NA,NA,NA
"LPCHMCBP_02064",0,NA,NA,NA,NA,NA
"LPCHMCBP_02065",0,NA,NA,NA,NA,NA
"LPCHMCBP_02066",0,NA,NA,NA,NA,NA
"LPCHMCBP_02067",12.4569131842968,-7.26999164411095,3.91055155292522,-1.85907065684194,NA,NA
"LPCHMCBP_02070",0,NA,NA,NA,NA,NA
"LPCHMCBP_02071",0,NA,NA,NA,NA,NA
"LPCHMCBP_02073",0,NA,NA,NA,NA,NA
"LPCHMCBP_02074",0,NA,NA,NA,NA,NA
"LPCHMCBP_02075",0,NA,NA,NA,NA,NA
"LPCHMCBP_02076",0,NA,NA,NA,NA,NA
"LPCHMCBP_02077",0,NA,NA,NA,NA,NA
"LPCHMCBP_02078",0,NA,NA,NA,NA,NA
"LPCHMCBP_02079",0.568659067852779,2.54376875293973,3.97461339630079,0.640004070661876,0.522169952952039,NA
"LPCHMCBP_02081",3.46839789777984,-4.39702734121741,3.92098862655389,-1.1214078284848,0.262114305381674,NA
"LPCHMCBP_02084",0,NA,NA,NA,NA,NA
"LPCHMCBP_02085",0,NA,NA,NA,NA,NA
"LPCHMCBP_02088",0,NA,NA,NA,NA,NA
"LPCHMCBP_02089",0,NA,NA,NA,NA,NA
"LPCHMCBP_02090",15.6381243659514,20.6814968527719,3.90925297664765,5.29039613867793,NA,NA
"LPCHMCBP_02091",0,NA,NA,NA,NA,NA
"LPCHMCBP_02092",0,NA,NA,NA,NA,NA
"LPCHMCBP_02093",0,NA,NA,NA,NA,NA
"LPCHMCBP_02094",0,NA,NA,NA,NA,NA
"LPCHMCBP_02095",1.48843044461765,-4.20234043122776,3.93840066293369,-1.06701699265342,0.285964162722507,NA
"LPCHMCBP_02098",24.3339738350718,-3.98023089642211,3.60304115763845,-1.10468649184981,NA,NA
"LPCHMCBP_02102",0,NA,NA,NA,NA,NA
"LPCHMCBP_02103",0,NA,NA,NA,NA,NA
"LPCHMCBP_02105",6.78553221888092,3.1372427500152,3.80231509824999,0.825087524034793,0.409321902196312,NA
"LPCHMCBP_02107",61.5972503835893,-0.786389221303327,3.63613116927876,-0.216270861719026,NA,NA
"LPCHMCBP_02108",0.172526864150348,-1.23771564493595,4.0804728567969,-0.303326523266603,0.761641035097225,NA
"LPCHMCBP_02109",0,NA,NA,NA,NA,NA
"LPCHMCBP_02110",0,NA,NA,NA,NA,NA
"LPCHMCBP_02111",0,NA,NA,NA,NA,NA
"LPCHMCBP_02112",0,NA,NA,NA,NA,NA
"LPCHMCBP_02113",0,NA,NA,NA,NA,NA
"LPCHMCBP_02114",0,NA,NA,NA,NA,NA
"LPCHMCBP_02115",0.142164766963195,0.685837706706539,4.0804728567969,0.168077997520344,0.866521918528232,NA
"LPCHMCBP_02116",3.46025366230466,-5.42240550781403,3.92037636738308,-1.38313391360269,0.166623808685792,NA
"LPCHMCBP_02117",0,NA,NA,NA,NA,NA
"LPCHMCBP_02118",0,NA,NA,NA,NA,NA
"LPCHMCBP_02119",0,NA,NA,NA,NA,NA
"LPCHMCBP_02120",0,NA,NA,NA,NA,NA
"LPCHMCBP_02121",1.26349661721213,3.69453180503436,3.93746748005304,0.938301541219229,0.348089467939385,NA
"LPCHMCBP_02122",0,NA,NA,NA,NA,NA
"LPCHMCBP_02123",2.12398538055005,4.44075569588973,3.92509581824169,1.13137510560928,0.257897244840451,NA
"LPCHMCBP_02125",0,NA,NA,NA,NA,NA
"LPCHMCBP_02126",0,NA,NA,NA,NA,NA
"LPCHMCBP_02130",1.38410146492186,-4.10124845565364,3.94068698903203,-1.04074453694711,0.297994127175112,NA
"LPCHMCBP_02131",0,NA,NA,NA,NA,NA
"LPCHMCBP_02132",0,NA,NA,NA,NA,NA
"LPCHMCBP_02136",0,NA,NA,NA,NA,NA
"LPCHMCBP_02139",0,NA,NA,NA,NA,NA
"LPCHMCBP_02140",1.39973473056842,0.759321835888785,3.86397634084976,0.196513065533366,0.844208607223899,NA
"LPCHMCBP_02142",12.2261699588347,6.96711332081568,3.90994832182821,1.78189396568751,NA,NA
"LPCHMCBP_02147",0,NA,NA,NA,NA,NA
"LPCHMCBP_02148",0,NA,NA,NA,NA,NA
"LPCHMCBP_02149",0,NA,NA,NA,NA,NA
"LPCHMCBP_02150",0,NA,NA,NA,NA,NA
"LPCHMCBP_02151",0.47170958063955,0.648034966240336,4.03538434405941,0.160588164840934,0.872417776999338,NA
"LPCHMCBP_02152",0.142164766963195,0.685837706706539,4.0804728567969,0.168077997520344,0.866521918528232,NA
"LPCHMCBP_02155",0,NA,NA,NA,NA,NA
"LPCHMCBP_02156",0,NA,NA,NA,NA,NA
"LPCHMCBP_02160",51.6768426193423,0.0260381579443532,3.72845867260479,0.00698362520031965,NA,NA
"LPCHMCBP_02162",0,NA,NA,NA,NA,NA
"LPCHMCBP_02163",0,NA,NA,NA,NA,NA
"LPCHMCBP_02164",0,NA,NA,NA,NA,NA
"LPCHMCBP_02165",0,NA,NA,NA,NA,NA
"LPCHMCBP_02166",0,NA,NA,NA,NA,NA
"LPCHMCBP_02167",14.5330653816796,-21.6044457651069,3.91001107389289,-5.52541805043971,NA,NA
"LPCHMCBP_02169",0,NA,NA,NA,NA,NA
"LPCHMCBP_02170",22.6867345970927,-0.967159496357428,3.73357410722158,-0.259043872863464,NA,NA
"LPCHMCBP_02171",0,NA,NA,NA,NA,NA
"LPCHMCBP_02172",0,NA,NA,NA,NA,NA
"LPCHMCBP_02173",0.708825549133896,2.86130173296991,3.96130212926401,0.722313431190243,0.470101797031583,NA
"LPCHMCBP_02174",0,NA,NA,NA,NA,NA
"LPCHMCBP_02177",0,NA,NA,NA,NA,NA
"LPCHMCBP_02178",41.0383887191162,0.38885361948385,3.72949882696202,0.104264309368506,NA,NA
"LPCHMCBP_02182",0,NA,NA,NA,NA,NA
"LPCHMCBP_02183",0,NA,NA,NA,NA,NA
"LPCHMCBP_02184",0,NA,NA,NA,NA,NA
"LPCHMCBP_02185",0,NA,NA,NA,NA,NA
"LPCHMCBP_02186",0,NA,NA,NA,NA,NA
"LPCHMCBP_02188",0,NA,NA,NA,NA,NA
"LPCHMCBP_02193",0,NA,NA,NA,NA,NA
"LPCHMCBP_02201",10.5201927552764,6.75032959616193,3.91046514856457,1.726221648757,NA,NA
"LPCHMCBP_02203",0,NA,NA,NA,NA,NA
"LPCHMCBP_02210",0,NA,NA,NA,NA,NA
"LPCHMCBP_02211",0.142164766963195,0.685837706706539,4.0804728567969,0.168077997520344,0.866521918528232,NA
"LPCHMCBP_02214",0,NA,NA,NA,NA,NA
"LPCHMCBP_02215",86.4328978696926,2.69911785814977,3.72979339068001,0.723664175311777,NA,NA
"LPCHMCBP_02216",0,NA,NA,NA,NA,NA
"LPCHMCBP_02217",0,NA,NA,NA,NA,NA
"LPCHMCBP_02223",13.6520072325142,-6.42367325322192,3.91026040177545,-1.64277377800856,NA,NA
"LPCHMCBP_02225",31.2696098495205,0.668170219478503,3.73118266675705,0.179077327259145,NA,NA
"LPCHMCBP_02226",0,NA,NA,NA,NA,NA
"LPCHMCBP_02227",0,NA,NA,NA,NA,NA
"LPCHMCBP_02228",0,NA,NA,NA,NA,NA
"LPCHMCBP_02229",0,NA,NA,NA,NA,NA
"LPCHMCBP_02230",0,NA,NA,NA,NA,NA
"LPCHMCBP_02231",0.186053805577206,-1.23771564493595,4.0804728567969,-0.303326523266603,0.761641035097225,NA
"LPCHMCBP_02232",0,NA,NA,NA,NA,NA
"LPCHMCBP_02233",0,NA,NA,NA,NA,NA
"LPCHMCBP_02234",0,NA,NA,NA,NA,NA
"LPCHMCBP_02235",0,NA,NA,NA,NA,NA
"LPCHMCBP_02236",0,NA,NA,NA,NA,NA
"LPCHMCBP_02237",13.9321471623931,20.5210669474706,3.90955820518909,5.24894780188547,NA,NA
"LPCHMCBP_02245",0,NA,NA,NA,NA,NA
"LPCHMCBP_02246",0.173012683115233,-1.23771564493595,4.0804728567969,-0.303326523266603,0.761641035097225,NA
"LPCHMCBP_02247",52.1299592426347,22.3557196006592,3.90750762294422,5.7212222618301,NA,NA
"LPCHMCBP_02249",0,NA,NA,NA,NA,NA
"LPCHMCBP_02250",0,NA,NA,NA,NA,NA
"LPCHMCBP_02253",0,NA,NA,NA,NA,NA
"LPCHMCBP_02255",103.41869636365,-2.31134663901888,2.89576650664026,-0.798181287655186,NA,NA
"LPCHMCBP_02259",0,NA,NA,NA,NA,NA
"LPCHMCBP_02261",0,NA,NA,NA,NA,NA
"LPCHMCBP_02265",39.3807365261608,0.645860728166508,3.72988109623401,0.17315853012543,NA,NA
"LPCHMCBP_02266",0,NA,NA,NA,NA,NA
"LPCHMCBP_02267",41.0645724112351,0.292204890644267,3.72944654563984,0.0783507383919711,NA,NA
"LPCHMCBP_02268",16.2593118286096,20.4450709378494,3.90915785020751,5.23004486420627,NA,NA
"LPCHMCBP_02277",3.63326634541989,-5.49276919766753,3.91972950054409,-1.40131332963285,0.161120396881196,NA
"LPCHMCBP_02278",0,NA,NA,NA,NA,NA
"LPCHMCBP_02279",0,NA,NA,NA,NA,NA
"LPCHMCBP_02283",0,NA,NA,NA,NA,NA
"LPCHMCBP_02285",0,NA,NA,NA,NA,NA
"LPCHMCBP_02286",0,NA,NA,NA,NA,NA
"LPCHMCBP_02287",0,NA,NA,NA,NA,NA
"LPCHMCBP_02288",45.5352053625423,22.1674896434812,3.90761600001971,5.67289356051602,NA,NA
"LPCHMCBP_02290",0,NA,NA,NA,NA,NA
"LPCHMCBP_02295",15.9171668466014,-21.7244208189669,3.90972891270833,-5.55650309880898,NA,NA
"LPCHMCBP_02297",0,NA,NA,NA,NA,NA
"LPCHMCBP_02299",37.3224384095152,-1.24193615593834,3.73053009125772,-0.332911443027558,NA,NA
"LPCHMCBP_02300",3.83844870800626,5.29608736251442,3.91690538169814,1.35211010898056,0.176340093919643,NA
"LPCHMCBP_02301",0,NA,NA,NA,NA,NA
"LPCHMCBP_02302",2.00746849396334,-4.63525506012099,3.93022412409511,-1.17938695447507,0.238244127397697,NA
"LPCHMCBP_02303",0,NA,NA,NA,NA,NA
"LPCHMCBP_02304",0,NA,NA,NA,NA,NA
"LPCHMCBP_02307",50.5718785428307,0.180925142882619,3.72856719885878,0.048524039727109,NA,NA
"LPCHMCBP_02308",0.142164766963195,0.685837706706539,4.0804728567969,0.168077997520344,0.866521918528232,NA
"LPCHMCBP_02310",0,NA,NA,NA,NA,NA
"LPCHMCBP_02311",0,NA,NA,NA,NA,NA
"LPCHMCBP_02314",0,NA,NA,NA,NA,NA
"LPCHMCBP_02317",0,NA,NA,NA,NA,NA
"LPCHMCBP_02318",1.10328171100126,-3.77029720005189,3.94938593872069,-0.95465402939911,0.339752684564406,NA
"LPCHMCBP_02319",0,NA,NA,NA,NA,NA
"LPCHMCBP_02320",0,NA,NA,NA,NA,NA
"LPCHMCBP_02322",31.4678921153355,-1.83019076633958,3.73288986047771,-0.490287909567567,NA,NA
"LPCHMCBP_02323",0,NA,NA,NA,NA,NA
"LPCHMCBP_02324",0,NA,NA,NA,NA,NA
"LPCHMCBP_02325",0,NA,NA,NA,NA,NA
"LPCHMCBP_02334",0,NA,NA,NA,NA,NA
"LPCHMCBP_02336",0,NA,NA,NA,NA,NA
"LPCHMCBP_02338",12.6526642597243,7.01657621711523,3.90984088043573,1.79459380360596,NA,NA
"LPCHMCBP_02339",0,NA,NA,NA,NA,NA
"LPCHMCBP_02340",0,NA,NA,NA,NA,NA
"LPCHMCBP_02341",101.945000919741,-2.06749711964372,2.20900093903269,-0.935942164220656,NA,NA
"LPCHMCBP_02347",0,NA,NA,NA,NA,NA
"LPCHMCBP_02349",44.4220775406831,-0.941001949119819,3.72933958337922,-0.252324018256112,NA,NA
"LPCHMCBP_02354",209.039165839878,-1.38585231953638,1.95237209745268,-0.709830017210627,NA,NA
"LPCHMCBP_02359",0,NA,NA,NA,NA,NA
"LPCHMCBP_02361",0,NA,NA,NA,NA,NA
"LPCHMCBP_02363",3.28724097918943,-5.3484332340717,3.92109117381055,-1.36401654462782,0.17256235863347,NA
"LPCHMCBP_02366",14.7408912709041,2.00380499489854,3.74519289602525,0.535033855539236,NA,NA
"LPCHMCBP_02372",18.1970901712889,20.8925900255016,3.9089024238676,5.34487376761628,NA,NA
"LPCHMCBP_02374",0.172526864150348,-1.23771564493595,4.0804728567969,-0.303326523266603,0.761641035097225,NA
"LPCHMCBP_02381",0,NA,NA,NA,NA,NA
"LPCHMCBP_02382",0,NA,NA,NA,NA,NA
"LPCHMCBP_02383",3.86929662415829,4.27988458907835,3.91729489601121,1.09256124511748,0.274586486304363,NA
"LPCHMCBP_02387",32.6624464080311,0.963297373578774,3.73131751241163,0.258165479183832,NA,NA
"LPCHMCBP_02389",0.675570179906822,-1.72512430222561,3.99653555516947,-0.431654936734939,0.665992223984169,NA
"LPCHMCBP_02401",0,NA,NA,NA,NA,NA
"LPCHMCBP_02405",0,NA,NA,NA,NA,NA
"LPCHMCBP_02406",0.186053805577206,-1.23771564493595,4.0804728567969,-0.303326523266603,0.761641035097225,NA
"LPCHMCBP_02411",0,NA,NA,NA,NA,NA
"LPCHMCBP_02412",0,NA,NA,NA,NA,NA
"LPCHMCBP_02413",134.868173116479,1.97257049087178,1.97010669801074,1.00125058854098,NA,NA
"LPCHMCBP_02415",0.346025366230466,-2.10453605988984,4.04043105732064,-0.520869191933555,0.602457898295368,NA
"LPCHMCBP_02417",0,NA,NA,NA,NA,NA
"LPCHMCBP_02418",0,NA,NA,NA,NA,NA
"LPCHMCBP_02420",0,NA,NA,NA,NA,NA
"LPCHMCBP_02423",211.482755129949,-0.910289859430832,2.93059380294372,-0.31061618246666,NA,NA
"LPCHMCBP_02425",0,NA,NA,NA,NA,NA
"LPCHMCBP_02427",0,NA,NA,NA,NA,NA
"LPCHMCBP_02428",0,NA,NA,NA,NA,NA
"LPCHMCBP_02431",0.172526864150348,-1.23771564493595,4.0804728567969,-0.303326523266603,0.761641035097225,NA
"LPCHMCBP_02433",0,NA,NA,NA,NA,NA
"LPCHMCBP_02434",0,NA,NA,NA,NA,NA
"LPCHMCBP_02435",0,NA,NA,NA,NA,NA
"LPCHMCBP_02436",64.7393101866009,-1.96805451337139,2.69147577185106,-0.731217621928605,NA,NA
"LPCHMCBP_02437",0,NA,NA,NA,NA,NA
"LPCHMCBP_02439",205.09627589746,-1.91711865039697,2.2896998167755,-0.83727947058876,NA,NA
"LPCHMCBP_02440",6.45778858232874,-1.01980622560482,3.75544791807989,-0.271553819371361,0.785965112212855,NA
"LPCHMCBP_02444",0.157017949526008,0.685837706706539,4.0804728567969,0.168077997520344,0.866521918528232,NA
"LPCHMCBP_02446",0,NA,NA,NA,NA,NA
"LPCHMCBP_02447",0,NA,NA,NA,NA,NA
"LPCHMCBP_02450",0,NA,NA,NA,NA,NA
"LPCHMCBP_02452",0,NA,NA,NA,NA,NA
"LPCHMCBP_02453",0,NA,NA,NA,NA,NA
"LPCHMCBP_02454",0,NA,NA,NA,NA,NA
"LPCHMCBP_02456",0.186053805577206,-1.23771564493595,4.0804728567969,-0.303326523266603,0.761641035097225,NA
"LPCHMCBP_02457",0.142164766963195,0.685837706706539,4.0804728567969,0.168077997520344,0.866521918528232,NA
"LPCHMCBP_02459",0,NA,NA,NA,NA,NA
"LPCHMCBP_02462",4.97576684371181,5.67036921196683,3.91458924088021,1.44852214703677,0.147471076694888,NA
"LPCHMCBP_02463",0,NA,NA,NA,NA,NA
"LPCHMCBP_02465",0,NA,NA,NA,NA,NA
"LPCHMCBP_02466",2.41680103837431,4.62894786548269,3.92285803372442,1.17999372541348,0.238002710487335,NA
"LPCHMCBP_02467",0,NA,NA,NA,NA,NA
"LPCHMCBP_02470",0,NA,NA,NA,NA,NA
"LPCHMCBP_02472",10.5124860960838,6.74935439464785,3.91046765323689,1.72597116077947,NA,NA
"LPCHMCBP_02473",0,NA,NA,NA,NA,NA
"LPCHMCBP_02474",3.69628394104306,5.24165851896468,3.91729494523362,1.33808114840637,0.180869985312,NA
"LPCHMCBP_02475",0,NA,NA,NA,NA,NA
"LPCHMCBP_02476",0,NA,NA,NA,NA,NA
"LPCHMCBP_02479",0,NA,NA,NA,NA,NA
"LPCHMCBP_02480",0,NA,NA,NA,NA,NA
"LPCHMCBP_02481",0.157017949526008,0.685837706706539,4.0804728567969,0.168077997520344,0.866521918528232,NA
"LPCHMCBP_02482",0,NA,NA,NA,NA,NA
"LPCHMCBP_02483",0,NA,NA,NA,NA,NA
"LPCHMCBP_02484",0,NA,NA,NA,NA,NA
"LPCHMCBP_02486",0,NA,NA,NA,NA,NA
"LPCHMCBP_02488",0,NA,NA,NA,NA,NA
"LPCHMCBP_02489",0,NA,NA,NA,NA,NA
"LPCHMCBP_02490",0,NA,NA,NA,NA,NA
"LPCHMCBP_02491",0,NA,NA,NA,NA,NA
"LPCHMCBP_02492",0.865063415576165,-3.42389942869443,3.96087276560722,-0.864430551373575,0.387351415841338,NA
"LPCHMCBP_02494",0,NA,NA,NA,NA,NA
"LPCHMCBP_02495",0,NA,NA,NA,NA,NA
"LPCHMCBP_02496",0,NA,NA,NA,NA,NA
"LPCHMCBP_02497",0,NA,NA,NA,NA,NA
"LPCHMCBP_02498",5.2600963776382,5.7505186081447,3.91416651278849,1.46915533341681,0.141790662262606,NA
"LPCHMCBP_02499",0,NA,NA,NA,NA,NA
"LPCHMCBP_02500",0,NA,NA,NA,NA,NA
"LPCHMCBP_02501",0,NA,NA,NA,NA,NA
"LPCHMCBP_02502",0,NA,NA,NA,NA,NA
"LPCHMCBP_02503",0,NA,NA,NA,NA,NA
"LPCHMCBP_02504",21.2958928214278,-2.47289104139081,3.72130173792717,-0.664523120011294,NA,NA
"LPCHMCBP_02506",0,NA,NA,NA,NA,NA
"LPCHMCBP_02507",0,NA,NA,NA,NA,NA
"LPCHMCBP_02511",0,NA,NA,NA,NA,NA
"LPCHMCBP_02513",0,NA,NA,NA,NA,NA
"LPCHMCBP_02515",0,NA,NA,NA,NA,NA
"LPCHMCBP_02518",0,NA,NA,NA,NA,NA
"LPCHMCBP_02520",27.509016615322,-22.4529750485376,3.9084801684046,-5.74468184079407,NA,NA
"LPCHMCBP_02522",57.6673311678852,-0.0258273494559602,3.7280898730908,-0.00692777007399443,NA,NA
"LPCHMCBP_02523",0,NA,NA,NA,NA,NA
"LPCHMCBP_02525",0,NA,NA,NA,NA,NA
"LPCHMCBP_02526",0,NA,NA,NA,NA,NA
"LPCHMCBP_02527",0.172526864150348,-1.23771564493595,4.0804728567969,-0.303326523266603,0.761641035097225,NA
"LPCHMCBP_02528",37.6455922409525,4.2302925932744,3.75199713019454,1.12747756634213,NA,NA
"LPCHMCBP_02529",0,NA,NA,NA,NA,NA
"LPCHMCBP_02531",0,NA,NA,NA,NA,NA
"LPCHMCBP_02532",0,NA,NA,NA,NA,NA
"LPCHMCBP_02534",0,NA,NA,NA,NA,NA
"LPCHMCBP_02535",0,NA,NA,NA,NA,NA
"LPCHMCBP_02536",0,NA,NA,NA,NA,NA
"LPCHMCBP_02539",0,NA,NA,NA,NA,NA
"LPCHMCBP_02542",0,NA,NA,NA,NA,NA
"LPCHMCBP_02544",39.9221190111354,-5.37538952982908,3.67017311051513,-1.46461471106866,NA,NA
"LPCHMCBP_02546",0,NA,NA,NA,NA,NA
"LPCHMCBP_02547",0,NA,NA,NA,NA,NA
"LPCHMCBP_02548",30.0196743621605,-22.5836832935388,3.90833673949237,-5.77833610531524,NA,NA
"LPCHMCBP_02549",0,NA,NA,NA,NA,NA
"LPCHMCBP_02550",0,NA,NA,NA,NA,NA
"LPCHMCBP_02551",0,NA,NA,NA,NA,NA
"LPCHMCBP_02552",0,NA,NA,NA,NA,NA
"LPCHMCBP_02554",0,NA,NA,NA,NA,NA
"LPCHMCBP_02563",0.142164766963195,0.685837706706539,4.0804728567969,0.168077997520344,0.866521918528232,NA
"LPCHMCBP_02566",0,NA,NA,NA,NA,NA
"LPCHMCBP_02567",0,NA,NA,NA,NA,NA
"LPCHMCBP_02568",0.173012683115233,-1.23771564493595,4.0804728567969,-0.303326523266603,0.761641035097225,NA
"LPCHMCBP_02570",24.5123416507762,-8.2464675389686,3.90868970037452,-2.10977800007467,NA,NA
"LPCHMCBP_02573",0,NA,NA,NA,NA,NA
"LPCHMCBP_02575",0,NA,NA,NA,NA,NA
"LPCHMCBP_02576",0,NA,NA,NA,NA,NA
"LPCHMCBP_02578",0,NA,NA,NA,NA,NA
"LPCHMCBP_02579",0,NA,NA,NA,NA,NA
"LPCHMCBP_02580",0.420499443843352,2.11112248289763,3.99806551974213,0.528035989523702,0.597474356956173,NA
"LPCHMCBP_02584",104.812118725097,-1.50561044133059,2.52856964464087,-0.595439577676506,NA,NA
"LPCHMCBP_02585",0,NA,NA,NA,NA,NA
"LPCHMCBP_02586",0,NA,NA,NA,NA,NA
"LPCHMCBP_02592",0,NA,NA,NA,NA,NA
"LPCHMCBP_02594",15.1823640452306,-21.6413778533492,3.90987229105596,-5.53506003325352,NA,NA
"LPCHMCBP_02595",14.7060780647948,-21.612788477856,3.90997282141439,-5.52760580827716,NA,NA
"LPCHMCBP_02605",0,NA,NA,NA,NA,NA
"LPCHMCBP_02611",0,NA,NA,NA,NA,NA
"LPCHMCBP_02616",0,NA,NA,NA,NA,NA
"LPCHMCBP_02617",0,NA,NA,NA,NA,NA
"LPCHMCBP_02619",0,NA,NA,NA,NA,NA
"LPCHMCBP_02620",10.792819058646,6.78731503886739,3.91037139430028,1.73572133039857,NA,NA
"LPCHMCBP_02621",0,NA,NA,NA,NA,NA
"LPCHMCBP_02623",22.7463627141111,21.2027422814508,3.90847391553442,5.42481355630378,NA,NA
"LPCHMCBP_02624",6.0500673837942,-0.587878734703693,3.75537263563707,-0.156543382439587,0.875604726484785,NA
"LPCHMCBP_02628",2.87414325541593,3.82755845008168,3.92116732807707,0.97612729318509,0.329001387630549,NA
"LPCHMCBP_02629",0.3282185725404,-0.275934965507092,4.0804728567969,-0.0676232817104671,0.946085521693988,NA
"LPCHMCBP_02631",14.5008062302459,20.5734424207855,3.90944848261268,5.26249227027448,NA,NA
"LPCHMCBP_02632",0,NA,NA,NA,NA,NA
"LPCHMCBP_02634",0,NA,NA,NA,NA,NA
"LPCHMCBP_02635",0,NA,NA,NA,NA,NA
"LPCHMCBP_02636",0,NA,NA,NA,NA,NA
"LPCHMCBP_02637",0,NA,NA,NA,NA,NA
"LPCHMCBP_02638",0,NA,NA,NA,NA,NA
"LPCHMCBP_02639",0.284329533926389,1.54635322512586,4.04107081207453,0.382659274493638,0.701972414438981,NA
"LPCHMCBP_02641",1.81261348284593,1.22257729712221,3.84623164312867,0.317863667755519,0.750588353272612,NA
"LPCHMCBP_02644",5.2600963776382,5.7505186081447,3.91416651278849,1.46915533341681,0.141790662262606,NA
"LPCHMCBP_02645",0,NA,NA,NA,NA,NA
"LPCHMCBP_02647",0,NA,NA,NA,NA,NA
"LPCHMCBP_02648",0,NA,NA,NA,NA,NA
"LPCHMCBP_02651",27.2400355306715,-4.8075275653352,3.7701277177985,-1.27516305154311,NA,NA
"LPCHMCBP_02652",5.97092021245417,5.93333864456539,3.91328564212836,1.51620382133372,0.129467822108439,NA
"LPCHMCBP_02654",0,NA,NA,NA,NA,NA
"LPCHMCBP_02655",1.22443894540036,3.64487015884408,3.93853852241466,0.925437224518871,0.354738523327304,NA
"LPCHMCBP_02656",34.3580109599297,1.34827549532046,3.73171876162417,0.361301475659341,NA,NA
"LPCHMCBP_02659",0,NA,NA,NA,NA,NA
"LPCHMCBP_02660",0,NA,NA,NA,NA,NA
"LPCHMCBP_02661",0,NA,NA,NA,NA,NA
"LPCHMCBP_02663",25.6189182235164,-8.31015586233215,3.90860658757873,-2.12611724309661,NA,NA
"LPCHMCBP_02664",0.173012683115233,-1.23771564493595,4.0804728567969,-0.303326523266603,0.761641035097225,NA
"LPCHMCBP_02666",0.142164766963195,0.685837706706539,4.0804728567969,0.168077997520344,0.866521918528232,NA
"LPCHMCBP_02668",0,NA,NA,NA,NA,NA
"LPCHMCBP_02669",15.1379799783607,20.6365501387029,3.9093352309111,5.27878754820764,NA,NA
"LPCHMCBP_02670",0,NA,NA,NA,NA,NA
"LPCHMCBP_02673",55.1531164445238,-0.936922868959422,3.72848443614852,-0.251287858379061,NA,NA
"LPCHMCBP_02677",0,NA,NA,NA,NA,NA
"LPCHMCBP_02678",0,NA,NA,NA,NA,NA
"LPCHMCBP_02679",0,NA,NA,NA,NA,NA
"LPCHMCBP_02680",0,NA,NA,NA,NA,NA
"LPCHMCBP_02681",0,NA,NA,NA,NA,NA
"LPCHMCBP_02683",0,NA,NA,NA,NA,NA
"LPCHMCBP_02685",13.9908893835699,6.18051535800094,3.90958380247823,1.58086273891436,NA,NA
"LPCHMCBP_02687",0,NA,NA,NA,NA,NA
"LPCHMCBP_02688",0,NA,NA,NA,NA,NA
"LPCHMCBP_02689",0,NA,NA,NA,NA,NA
"LPCHMCBP_02691",0.346025366230466,-2.10453605988984,4.04043105732064,-0.520869191933555,0.602457898295368,NA
"LPCHMCBP_02693",0,NA,NA,NA,NA,NA
"LPCHMCBP_02696",42.6072136391235,-0.0373599568487828,3.72919534400277,-0.0100182354107206,NA,NA
"LPCHMCBP_02697",0,NA,NA,NA,NA,NA
"LPCHMCBP_02700",0,NA,NA,NA,NA,NA
"LPCHMCBP_02701",5.8267571598089,5.89809018006625,3.91344692109363,1.50713432403422,0.131776230311306,NA
"LPCHMCBP_02702",0,NA,NA,NA,NA,NA
"LPCHMCBP_02703",0,NA,NA,NA,NA,NA
"LPCHMCBP_02705",11.6338179463327,6.8955482223476,3.91011043487908,1.76351751112647,NA,NA
"LPCHMCBP_02706",0,NA,NA,NA,NA,NA
"LPCHMCBP_02711",0,NA,NA,NA,NA,NA
"LPCHMCBP_02712",0,NA,NA,NA,NA,NA
"LPCHMCBP_02713",0,NA,NA,NA,NA,NA
"LPCHMCBP_02715",0,NA,NA,NA,NA,NA
"LPCHMCBP_02717",0,NA,NA,NA,NA,NA
"LPCHMCBP_02718",0,NA,NA,NA,NA,NA
"LPCHMCBP_02719",0,NA,NA,NA,NA,NA
"LPCHMCBP_02722",0,NA,NA,NA,NA,NA
"LPCHMCBP_02723",34.8936098156961,-0.735277478067624,3.73034899865919,-0.197106886870882,NA,NA
"LPCHMCBP_02725",0,NA,NA,NA,NA,NA
"LPCHMCBP_02726",0,NA,NA,NA,NA,NA
"LPCHMCBP_02727",2.34960629976075,-1.56433524628531,3.82082489819543,-0.409423432888575,0.682228946003346,NA
"LPCHMCBP_02736",0,NA,NA,NA,NA,NA
"LPCHMCBP_02737",0,NA,NA,NA,NA,NA
"LPCHMCBP_02738",3.55411917407987,5.18509528326146,3.91771561924187,1.32349965826893,0.185669269860608,NA
"LPCHMCBP_02739",0,NA,NA,NA,NA,NA
"LPCHMCBP_02742",0,NA,NA,NA,NA,NA
"LPCHMCBP_02743",0,NA,NA,NA,NA,NA
"LPCHMCBP_02744",60.2042694902186,-0.519776670587336,3.72800624878774,-0.139424838881736,NA,NA
"LPCHMCBP_02746",18.5123570933299,-21.9287933723664,3.90931351361235,-5.60937190020949,NA,NA
"LPCHMCBP_02749",0,NA,NA,NA,NA,NA
"LPCHMCBP_02751",0,NA,NA,NA,NA,NA
"LPCHMCBP_02752",0,NA,NA,NA,NA,NA
"LPCHMCBP_02753",0,NA,NA,NA,NA,NA
"LPCHMCBP_02754",0,NA,NA,NA,NA,NA
"LPCHMCBP_02755",0.173012683115233,-1.23771564493595,4.0804728567969,-0.303326523266603,0.761641035097225,NA
"LPCHMCBP_02756",16.9552429452928,-21.80480593978,3.90954736876473,-5.57732235552105,NA,NA
"LPCHMCBP_02758",0,NA,NA,NA,NA,NA
"LPCHMCBP_02759",0,NA,NA,NA,NA,NA
"LPCHMCBP_02760",0,NA,NA,NA,NA,NA
"LPCHMCBP_02761",0,NA,NA,NA,NA,NA
"LPCHMCBP_02762",0,NA,NA,NA,NA,NA
"LPCHMCBP_02778",0,NA,NA,NA,NA,NA
"LPCHMCBP_02779",0,NA,NA,NA,NA,NA
"LPCHMCBP_02780",0,NA,NA,NA,NA,NA
"LPCHMCBP_02781",0,NA,NA,NA,NA,NA
"LPCHMCBP_02782",0,NA,NA,NA,NA,NA
"LPCHMCBP_02783",0,NA,NA,NA,NA,NA
"LPCHMCBP_02784",0,NA,NA,NA,NA,NA
"LPCHMCBP_02785",0,NA,NA,NA,NA,NA
"LPCHMCBP_02787",0,NA,NA,NA,NA,NA
"LPCHMCBP_02788",0,NA,NA,NA,NA,NA
"LPCHMCBP_02789",0,NA,NA,NA,NA,NA
"LPCHMCBP_02791",0,NA,NA,NA,NA,NA
"LPCHMCBP_02793",0.983163654649899,3.33313673587554,3.94616455087404,0.84465224217203,0.398305031439243,NA
"LPCHMCBP_02797",0,NA,NA,NA,NA,NA
"LPCHMCBP_02800",0,NA,NA,NA,NA,NA
"LPCHMCBP_02802",0.186053805577206,-1.23771564493595,4.0804728567969,-0.303326523266603,0.761641035097225,NA
"LPCHMCBP_02803",0,NA,NA,NA,NA,NA
"LPCHMCBP_02804",0,NA,NA,NA,NA,NA
"LPCHMCBP_02805",0,NA,NA,NA,NA,NA
"LPCHMCBP_02806",0,NA,NA,NA,NA,NA
"LPCHMCBP_02807",0,NA,NA,NA,NA,NA
"LPCHMCBP_02808",0,NA,NA,NA,NA,NA
"LPCHMCBP_02809",0.471053848578024,2.26016800819329,3.9891977755105,0.566572061698308,0.57100496088942,NA
"LPCHMCBP_02810",0,NA,NA,NA,NA,NA
"LPCHMCBP_02814",116.94884859408,1.91485893179539,2.74604693895421,0.697314712517126,NA,NA
"LPCHMCBP_02817",0,NA,NA,NA,NA,NA
"LPCHMCBP_02818",0,NA,NA,NA,NA,NA
"LPCHMCBP_02819",4.48184473062508,3.52438211643586,3.87014355069552,0.910659274073304,0.362474928703784,NA
"LPCHMCBP_02820",0,NA,NA,NA,NA,NA
"LPCHMCBP_02822",0,NA,NA,NA,NA,NA
"LPCHMCBP_02823",0.842490950658006,-0.961236733357209,3.95048270164759,-0.243321337151107,0.807756476352284,NA
"LPCHMCBP_02825",0,NA,NA,NA,NA,NA
"LPCHMCBP_02827",0,NA,NA,NA,NA,NA
"LPCHMCBP_02828",0,NA,NA,NA,NA,NA
"LPCHMCBP_02829",0,NA,NA,NA,NA,NA
"LPCHMCBP_02830",0,NA,NA,NA,NA,NA
"LPCHMCBP_02831",0,NA,NA,NA,NA,NA
"LPCHMCBP_02835",0,NA,NA,NA,NA,NA
"LPCHMCBP_02837",0,NA,NA,NA,NA,NA
"LPCHMCBP_02838",0,NA,NA,NA,NA,NA
"LPCHMCBP_02840",11.3534849837705,6.86036505735895,3.91019312836217,1.75448240845139,NA,NA
"LPCHMCBP_02843",0,NA,NA,NA,NA,NA
"LPCHMCBP_02847",0,NA,NA,NA,NA,NA
"LPCHMCBP_02848",0.142164766963195,0.685837706706539,4.0804728567969,0.168077997520344,0.866521918528232,NA
"LPCHMCBP_02849",0,NA,NA,NA,NA,NA
"LPCHMCBP_02851",0,NA,NA,NA,NA,NA
"LPCHMCBP_02852",0,NA,NA,NA,NA,NA
"LPCHMCBP_02854",0,NA,NA,NA,NA,NA
"LPCHMCBP_02858",0,NA,NA,NA,NA,NA
"LPCHMCBP_02861",0,NA,NA,NA,NA,NA
"LPCHMCBP_02862",0,NA,NA,NA,NA,NA
"LPCHMCBP_02864",56.2095419955777,-0.575985993995346,3.72824070055084,-0.154492705878739,NA,NA
"LPCHMCBP_02865",0,NA,NA,NA,NA,NA
"LPCHMCBP_02867",0,NA,NA,NA,NA,NA
"LPCHMCBP_02868",32.9326042360263,-5.75879855727984,3.26785665418368,-1.76225555974346,NA,NA
"LPCHMCBP_02869",0,NA,NA,NA,NA,NA
"LPCHMCBP_02871",0,NA,NA,NA,NA,NA
"LPCHMCBP_02872",0,NA,NA,NA,NA,NA
"LPCHMCBP_02874",0,NA,NA,NA,NA,NA
"LPCHMCBP_02878",0,NA,NA,NA,NA,NA
"LPCHMCBP_02879",0,NA,NA,NA,NA,NA
"LPCHMCBP_02880",0,NA,NA,NA,NA,NA
"LPCHMCBP_02881",0,NA,NA,NA,NA,NA
"LPCHMCBP_02886",24.5219140804396,-1.77459181947077,3.7349307438384,-0.47513379529148,NA,NA
"LPCHMCBP_02887",0,NA,NA,NA,NA,NA
"LPCHMCBP_02888",0,NA,NA,NA,NA,NA
"LPCHMCBP_02889",0,NA,NA,NA,NA,NA
"LPCHMCBP_02890",0,NA,NA,NA,NA,NA
"LPCHMCBP_02891",2.97686088923529,-5.20354317923246,3.92260163916567,-1.32655407250053,0.184656236985989,NA
"LPCHMCBP_02892",0,NA,NA,NA,NA,NA
"LPCHMCBP_02893",0,NA,NA,NA,NA,NA
"LPCHMCBP_02894",0,NA,NA,NA,NA,NA
"LPCHMCBP_02896",0,NA,NA,NA,NA,NA
"LPCHMCBP_02897",0,NA,NA,NA,NA,NA
"LPCHMCBP_02900",0,NA,NA,NA,NA,NA
"LPCHMCBP_02902",0,NA,NA,NA,NA,NA
"LPCHMCBP_02906",0,NA,NA,NA,NA,NA
"LPCHMCBP_02913",0,NA,NA,NA,NA,NA
"LPCHMCBP_02919",0,NA,NA,NA,NA,NA
"LPCHMCBP_02920",0.186053805577206,-1.23771564493595,4.0804728567969,-0.303326523266603,0.761641035097225,NA
"LPCHMCBP_02921",0,NA,NA,NA,NA,NA
"LPCHMCBP_02922",0,NA,NA,NA,NA,NA
"LPCHMCBP_02923",0,NA,NA,NA,NA,NA
"LPCHMCBP_02924",0,NA,NA,NA,NA,NA
"LPCHMCBP_02925",0,NA,NA,NA,NA,NA
"LPCHMCBP_02926",0,NA,NA,NA,NA,NA
"LPCHMCBP_02927",0,NA,NA,NA,NA,NA
"LPCHMCBP_02931",0,NA,NA,NA,NA,NA
"LPCHMCBP_02932",0,NA,NA,NA,NA,NA
"LPCHMCBP_02933",1.03516118490209,-3.68275746057792,3.9520367692379,-0.931863157054607,0.351407250090967,NA
"LPCHMCBP_02934",0,NA,NA,NA,NA,NA
"LPCHMCBP_02935",0,NA,NA,NA,NA,NA
"LPCHMCBP_02936",0.186053805577206,-1.23771564493595,4.0804728567969,-0.303326523266603,0.761641035097225,NA
"LPCHMCBP_02937",0,NA,NA,NA,NA,NA
"LPCHMCBP_02940",0,NA,NA,NA,NA,NA
"LPCHMCBP_02941",0,NA,NA,NA,NA,NA
"LPCHMCBP_02943",0,NA,NA,NA,NA,NA
"LPCHMCBP_02951",0,NA,NA,NA,NA,NA
"LPCHMCBP_02952",0,NA,NA,NA,NA,NA
"LPCHMCBP_02953",0,NA,NA,NA,NA,NA
"LPCHMCBP_02954",0,NA,NA,NA,NA,NA
"LPCHMCBP_02955",0,NA,NA,NA,NA,NA
"LPCHMCBP_02956",0.942107697156049,3.26442964607833,3.94807633813383,0.826840558919222,0.408327438003603,NA
"LPCHMCBP_02958",0,NA,NA,NA,NA,NA
"LPCHMCBP_02961",0,NA,NA,NA,NA,NA
"LPCHMCBP_02965",0,NA,NA,NA,NA,NA
"LPCHMCBP_02967",0,NA,NA,NA,NA,NA
"LPCHMCBP_02972",0,NA,NA,NA,NA,NA
"LPCHMCBP_02973",0,NA,NA,NA,NA,NA
"LPCHMCBP_02975",0,NA,NA,NA,NA,NA
"LPCHMCBP_02977",0,NA,NA,NA,NA,NA
"LPCHMCBP_02982",12.7948290266875,7.03269397855099,3.90980665768679,1.79873190525279,NA,NA
"LPCHMCBP_02983",0,NA,NA,NA,NA,NA
"LPCHMCBP_02984",0,NA,NA,NA,NA,NA
"LPCHMCBP_02985",0,NA,NA,NA,NA,NA
"LPCHMCBP_02986",0,NA,NA,NA,NA,NA
"LPCHMCBP_02989",0,NA,NA,NA,NA,NA
"LPCHMCBP_02990",5.82875544549098,5.89858120949395,3.91344464726998,1.50726067215715,0.131743853985307,NA
"LPCHMCBP_02991",0,NA,NA,NA,NA,NA
"LPCHMCBP_02993",0,NA,NA,NA,NA,NA
"LPCHMCBP_02999",0,NA,NA,NA,NA,NA
"LPCHMCBP_03001",0,NA,NA,NA,NA,NA
"LPCHMCBP_03004",0,NA,NA,NA,NA,NA
"LPCHMCBP_03005",0,NA,NA,NA,NA,NA
"LPCHMCBP_03006",0,NA,NA,NA,NA,NA
"LPCHMCBP_03007",0,NA,NA,NA,NA,NA
"LPCHMCBP_03008",0,NA,NA,NA,NA,NA
"LPCHMCBP_03010",0,NA,NA,NA,NA,NA
"LPCHMCBP_03015",6.92050732460932,-6.42212824689526,3.91357777996813,-1.6409864855037,0.10080022058401,NA
"LPCHMCBP_03016",0,NA,NA,NA,NA,NA
"LPCHMCBP_03017",0,NA,NA,NA,NA,NA
"LPCHMCBP_03019",0,NA,NA,NA,NA,NA
"LPCHMCBP_03020",0,NA,NA,NA,NA,NA
"LPCHMCBP_03021",0,NA,NA,NA,NA,NA
"LPCHMCBP_03022",0,NA,NA,NA,NA,NA
"LPCHMCBP_03023",81.3393490843088,0.751579221542516,3.38429159154744,0.222078742688618,NA,NA
"LPCHMCBP_03025",95.399019003755,-0.0931009578599594,3.28630132064783,-0.0283300126117487,NA,NA
"LPCHMCBP_03029",25.9190562654508,-7.5082935861313,3.90859515172195,-1.92096988679513,NA,NA
"LPCHMCBP_03030",0,NA,NA,NA,NA,NA
"LPCHMCBP_03031",0,NA,NA,NA,NA,NA
"LPCHMCBP_03032",0,NA,NA,NA,NA,NA
"LPCHMCBP_03033",0,NA,NA,NA,NA,NA
"LPCHMCBP_03034",0,NA,NA,NA,NA,NA
"LPCHMCBP_03035",0,NA,NA,NA,NA,NA
"LPCHMCBP_03036",0,NA,NA,NA,NA,NA
"LPCHMCBP_03038",0,NA,NA,NA,NA,NA
"LPCHMCBP_03041",0,NA,NA,NA,NA,NA
"LPCHMCBP_03043",0,NA,NA,NA,NA,NA
"LPCHMCBP_03046",0,NA,NA,NA,NA,NA
"LPCHMCBP_03048",0,NA,NA,NA,NA,NA
"LPCHMCBP_03049",0,NA,NA,NA,NA,NA
"LPCHMCBP_03050",0,NA,NA,NA,NA,NA
"LPCHMCBP_03051",0,NA,NA,NA,NA,NA
"LPCHMCBP_03052",0,NA,NA,NA,NA,NA
"LPCHMCBP_03053",0,NA,NA,NA,NA,NA
"LPCHMCBP_03054",0,NA,NA,NA,NA,NA
"LPCHMCBP_03055",0,NA,NA,NA,NA,NA
"LPCHMCBP_03056",0,NA,NA,NA,NA,NA
"LPCHMCBP_03057",0,NA,NA,NA,NA,NA
"LPCHMCBP_03058",0,NA,NA,NA,NA,NA
"LPCHMCBP_03059",0,NA,NA,NA,NA,NA
"LPCHMCBP_03060",0,NA,NA,NA,NA,NA
"LPCHMCBP_03061",0,NA,NA,NA,NA,NA
"LPCHMCBP_03062",0,NA,NA,NA,NA,NA
"LPCHMCBP_03063",0,NA,NA,NA,NA,NA
"LPCHMCBP_03064",0,NA,NA,NA,NA,NA
"LPCHMCBP_03065",0,NA,NA,NA,NA,NA
"LPCHMCBP_03066",0,NA,NA,NA,NA,NA
"LPCHMCBP_03067",0,NA,NA,NA,NA,NA
"LPCHMCBP_03068",0,NA,NA,NA,NA,NA
"LPCHMCBP_03069",0,NA,NA,NA,NA,NA
"LPCHMCBP_03070",0,NA,NA,NA,NA,NA
"LPCHMCBP_03071",0,NA,NA,NA,NA,NA
"LPCHMCBP_03078",0,NA,NA,NA,NA,NA
"LPCHMCBP_03079",0,NA,NA,NA,NA,NA
"LPCHMCBP_03085",59.0561424873301,-0.578172029078842,3.72808326722228,-0.155085599659802,NA,NA
"LPCHMCBP_03089",0,NA,NA,NA,NA,NA
"LPCHMCBP_03092",0,NA,NA,NA,NA,NA
"LPCHMCBP_03095",0,NA,NA,NA,NA,NA
"LPCHMCBP_03097",0,NA,NA,NA,NA,NA
"LPCHMCBP_03099",0,NA,NA,NA,NA,NA
"LPCHMCBP_03100",0,NA,NA,NA,NA,NA
"LPCHMCBP_03102",0,NA,NA,NA,NA,NA
"LPCHMCBP_03103",0,NA,NA,NA,NA,NA
"LPCHMCBP_03104",0,NA,NA,NA,NA,NA
"LPCHMCBP_03105",0,NA,NA,NA,NA,NA
"LPCHMCBP_03106",0,NA,NA,NA,NA,NA
"LPCHMCBP_03107",0,NA,NA,NA,NA,NA
"LPCHMCBP_03108",0,NA,NA,NA,NA,NA
"LPCHMCBP_03109",0,NA,NA,NA,NA,NA
"LPCHMCBP_03110",0,NA,NA,NA,NA,NA
"LPCHMCBP_03111",0,NA,NA,NA,NA,NA
"LPCHMCBP_03112",0,NA,NA,NA,NA,NA
"LPCHMCBP_03113",0,NA,NA,NA,NA,NA
"LPCHMCBP_03114",0,NA,NA,NA,NA,NA
"LPCHMCBP_03115",0,NA,NA,NA,NA,NA
"LPCHMCBP_03116",0,NA,NA,NA,NA,NA
"LPCHMCBP_03117",0,NA,NA,NA,NA,NA
"LPCHMCBP_03120",0,NA,NA,NA,NA,NA
"LPCHMCBP_03121",0,NA,NA,NA,NA,NA
"LPCHMCBP_03122",37.7167649191208,-22.8971800099844,3.90801599404013,-5.85902924780847,NA,NA
"LPCHMCBP_03127",0,NA,NA,NA,NA,NA
"LPCHMCBP_03128",0,NA,NA,NA,NA,NA
"LPCHMCBP_03130",0,NA,NA,NA,NA,NA
"LPCHMCBP_03131",0,NA,NA,NA,NA,NA
"LPCHMCBP_03132",0,NA,NA,NA,NA,NA
"LPCHMCBP_03133",0,NA,NA,NA,NA,NA
"LPCHMCBP_03134",0,NA,NA,NA,NA,NA
"LPCHMCBP_03135",0,NA,NA,NA,NA,NA
"LPCHMCBP_03136",0,NA,NA,NA,NA,NA
"LPCHMCBP_03137",0,NA,NA,NA,NA,NA
"LPCHMCBP_03138",0,NA,NA,NA,NA,NA
"LPCHMCBP_03139",0,NA,NA,NA,NA,NA
"LPCHMCBP_03140",0,NA,NA,NA,NA,NA
"LPCHMCBP_03141",0,NA,NA,NA,NA,NA
"LPCHMCBP_03142",0,NA,NA,NA,NA,NA
"LPCHMCBP_03144",5.20950655616176,-6.01141833795445,3.91581899978748,-1.53516246238161,0.124743926378014,NA
"LPCHMCBP_03147",0,NA,NA,NA,NA,NA
"LPCHMCBP_03148",0,NA,NA,NA,NA,NA
"LPCHMCBP_03149",0,NA,NA,NA,NA,NA
"LPCHMCBP_03150",0,NA,NA,NA,NA,NA
"LPCHMCBP_03151",0,NA,NA,NA,NA,NA
"LPCHMCBP_03152",0,NA,NA,NA,NA,NA
"LPCHMCBP_03153",0,NA,NA,NA,NA,NA
"LPCHMCBP_03154",0,NA,NA,NA,NA,NA
"LPCHMCBP_03155",0,NA,NA,NA,NA,NA
"LPCHMCBP_03156",0,NA,NA,NA,NA,NA
"LPCHMCBP_03157",0,NA,NA,NA,NA,NA
"LPCHMCBP_03158",0,NA,NA,NA,NA,NA
"LPCHMCBP_03162",0,NA,NA,NA,NA,NA
"LPCHMCBP_03163",0,NA,NA,NA,NA,NA
"LPCHMCBP_03168",21.1397170195295,-2.1718411446557,3.73844933225728,-0.580947058962637,NA,NA
"LPCHMCBP_03171",0,NA,NA,NA,NA,NA
"LPCHMCBP_03173",0,NA,NA,NA,NA,NA
"LPCHMCBP_03177",0,NA,NA,NA,NA,NA
"LPCHMCBP_03185",21.880549649907,-7.24673400488684,3.90893524211246,-1.85388950085819,NA,NA
"LPCHMCBP_03186",0,NA,NA,NA,NA,NA
"LPCHMCBP_03191",103.341245879043,2.69275710458669,3.7289890824904,0.722114504767692,NA,NA
"LPCHMCBP_03192",0,NA,NA,NA,NA,NA
"LPCHMCBP_03193",0,NA,NA,NA,NA,NA
"LPCHMCBP_03194",0,NA,NA,NA,NA,NA
"LPCHMCBP_03195",0,NA,NA,NA,NA,NA
"LPCHMCBP_03196",0,NA,NA,NA,NA,NA
"LPCHMCBP_03197",0,NA,NA,NA,NA,NA
"LPCHMCBP_03198",0,NA,NA,NA,NA,NA
"LPCHMCBP_03199",0,NA,NA,NA,NA,NA
"LPCHMCBP_03200",0,NA,NA,NA,NA,NA
"LPCHMCBP_03204",0,NA,NA,NA,NA,NA
"LPCHMCBP_03205",0,NA,NA,NA,NA,NA
"LPCHMCBP_03206",0,NA,NA,NA,NA,NA
"LPCHMCBP_03207",0,NA,NA,NA,NA,NA
"LPCHMCBP_03208",0,NA,NA,NA,NA,NA
"LPCHMCBP_03209",0,NA,NA,NA,NA,NA
"LPCHMCBP_03210",0,NA,NA,NA,NA,NA
"LPCHMCBP_03211",0,NA,NA,NA,NA,NA
"LPCHMCBP_03212",0,NA,NA,NA,NA,NA
